"資料期別","縣市","鄉鎮市區","設有戶籍住宅之平均人口數"
"098Q1","全國","",4.25
"098Q1","新北市","",3.40
"098Q1","新北市","板橋區",3.48
"098Q1","新北市","三重區",3.45
"098Q1","新北市","中和區",3.18
"098Q1","新北市","永和區",3.27
"098Q1","新北市","新莊區",3.54
"098Q1","新北市","新店區",3.06
"098Q1","新北市","樹林區",3.68
"098Q1","新北市","鶯歌區",3.93
"098Q1","新北市","三峽區",3.69
"098Q1","新北市","淡水區",3.02
"098Q1","新北市","汐止區",2.81
"098Q1","新北市","瑞芳區",3.51
"098Q1","新北市","土城區",3.53
"098Q1","新北市","蘆洲區",3.62
"098Q1","新北市","五股區",3.62
"098Q1","新北市","泰山區",3.44
"098Q1","新北市","林口區",3.63
"098Q1","新北市","深坑區",3.20
"098Q1","新北市","石碇區",3.56
"098Q1","新北市","坪林區",3.92
"098Q1","新北市","三芝區",3.48
"098Q1","新北市","石門區",5.36
"098Q1","新北市","八里區",3.61
"098Q1","新北市","平溪區",3.36
"098Q1","新北市","雙溪區",4.08
"098Q1","新北市","貢寮區",5.11
"098Q1","新北市","金山區",4.45
"098Q1","新北市","萬里區",4.23
"098Q1","新北市","烏來區",5.17
"098Q1","台北市","",3.59
"098Q1","台北市","松山區",3.65
"098Q1","台北市","信義區",3.46
"098Q1","台北市","大安區",3.61
"098Q1","台北市","中山區",3.13
"098Q1","台北市","中正區",3.71
"098Q1","台北市","大同區",3.66
"098Q1","台北市","萬華區",3.45
"098Q1","台北市","文山區",3.54
"098Q1","台北市","南港區",3.70
"098Q1","台北市","內湖區",3.64
"098Q1","台北市","士林區",3.79
"098Q1","台北市","北投區",3.80
"098Q1","桃園市","",3.71
"098Q1","桃園市","桃園區",3.42
"098Q1","桃園市","中壢區",3.58
"098Q1","桃園市","平鎮區",3.79
"098Q1","桃園市","八德區",3.80
"098Q1","桃園市","楊梅區",3.80
"098Q1","桃園市","大溪區",4.00
"098Q1","桃園市","蘆竹區",3.57
"098Q1","桃園市","大園區",4.51
"098Q1","桃園市","龜山區",3.36
"098Q1","桃園市","龍潭區",3.82
"098Q1","桃園市","新屋區",5.51
"098Q1","桃園市","觀音區",4.85
"098Q1","桃園市","復興區",4.28
"098Q1","台中市","",3.52
"098Q1","台中市","中區",5.26
"098Q1","台中市","東區",3.66
"098Q1","台中市","南區",3.26
"098Q1","台中市","西區",3.46
"098Q1","台中市","北區",3.35
"098Q1","台中市","西屯區",3.51
"098Q1","台中市","南屯區",3.56
"098Q1","台中市","北屯區",3.63
"098Q1","台南市","",3.60
"098Q1","台南市","東區",3.51
"098Q1","台南市","南區",3.68
"098Q1","台南市","北區",3.38
"098Q1","台南市","安南區",4.12
"098Q1","台南市","安平區",3.28
"098Q1","台南市","中西區",3.37
"098Q1","高雄市","",3.40
"098Q1","高雄市","鹽埕區",3.29
"098Q1","高雄市","鼓山區",3.17
"098Q1","高雄市","左營區",3.21
"098Q1","高雄市","楠梓區",3.44
"098Q1","高雄市","三民區",3.43
"098Q1","高雄市","新興區",3.11
"098Q1","高雄市","前金區",2.91
"098Q1","高雄市","苓雅區",3.34
"098Q1","高雄市","前鎮區",3.45
"098Q1","高雄市","旗津區",4.45
"098Q1","高雄市","小港區",3.97
"098Q1","宜蘭縣","",3.88
"098Q1","宜蘭縣","宜蘭市",3.61
"098Q1","宜蘭縣","羅東鎮",3.79
"098Q1","宜蘭縣","蘇澳鎮",4.06
"098Q1","宜蘭縣","頭城鎮",4.28
"098Q1","宜蘭縣","礁溪鄉",3.98
"098Q1","宜蘭縣","壯圍鄉",4.41
"098Q1","宜蘭縣","員山鄉",3.99
"098Q1","宜蘭縣","冬山鄉",3.68
"098Q1","宜蘭縣","五結鄉",3.72
"098Q1","宜蘭縣","三星鄉",3.97
"098Q1","宜蘭縣","大同鄉",4.69
"098Q1","宜蘭縣","南澳鄉",5.69
"098Q1","新竹縣","",4.14
"098Q1","新竹縣","竹北市",3.68
"098Q1","新竹縣","關西鎮",5.31
"098Q1","新竹縣","新埔鎮",4.73
"098Q1","新竹縣","竹東鎮",3.99
"098Q1","新竹縣","湖口鄉",4.17
"098Q1","新竹縣","橫山鄉",4.57
"098Q1","新竹縣","新豐鄉",4.37
"098Q1","新竹縣","芎林鄉",4.53
"098Q1","新竹縣","寶山鄉",3.73
"098Q1","新竹縣","北埔鄉",5.00
"098Q1","新竹縣","峨眉鄉",5.28
"098Q1","新竹縣","尖石鄉",4.15
"098Q1","新竹縣","五峰鄉",4.21
"098Q1","苗栗縣","",4.40
"098Q1","苗栗縣","苗栗市",3.75
"098Q1","苗栗縣","苑裡鎮",5.02
"098Q1","苗栗縣","通霄鎮",5.31
"098Q1","苗栗縣","竹南鎮",4.06
"098Q1","苗栗縣","頭份鎮",4.01
"098Q1","苗栗縣","後龍鎮",5.07
"098Q1","苗栗縣","卓蘭鎮",5.04
"098Q1","苗栗縣","大湖鄉",4.85
"098Q1","苗栗縣","公館鄉",4.37
"098Q1","苗栗縣","銅鑼鄉",4.72
"098Q1","苗栗縣","南庄鄉",4.68
"098Q1","苗栗縣","頭屋鄉",4.74
"098Q1","苗栗縣","三義鄉",4.69
"098Q1","苗栗縣","西湖鄉",5.88
"098Q1","苗栗縣","造橋鄉",4.71
"098Q1","苗栗縣","三灣鄉",4.71
"098Q1","苗栗縣","獅潭鄉",4.52
"098Q1","苗栗縣","泰安鄉",6.23
"098Q1","彰化縣","",4.98
"098Q1","彰化縣","彰化市",4.08
"098Q1","彰化縣","鹿港鎮",5.15
"098Q1","彰化縣","和美鎮",4.64
"098Q1","彰化縣","北斗鎮",4.33
"098Q1","彰化縣","員林鎮",4.61
"098Q1","彰化縣","溪湖鎮",5.43
"098Q1","彰化縣","田中鎮",4.76
"098Q1","彰化縣","二林鎮",6.21
"098Q1","彰化縣","線西鄉",5.93
"098Q1","彰化縣","伸港鄉",5.51
"098Q1","彰化縣","福興鄉",6.10
"098Q1","彰化縣","秀水鄉",5.22
"098Q1","彰化縣","花壇鄉",4.57
"098Q1","彰化縣","芬園鄉",5.38
"098Q1","彰化縣","大村鄉",6.33
"098Q1","彰化縣","埔鹽鄉",7.47
"098Q1","彰化縣","埔心鄉",4.53
"098Q1","彰化縣","永靖鄉",5.92
"098Q1","彰化縣","社頭鄉",5.82
"098Q1","彰化縣","二水鄉",4.64
"098Q1","彰化縣","田尾鄉",4.63
"098Q1","彰化縣","埤頭鄉",5.10
"098Q1","彰化縣","芳苑鄉",5.93
"098Q1","彰化縣","大城鄉",7.27
"098Q1","彰化縣","竹塘鄉",5.15
"098Q1","彰化縣","溪州鄉",5.86
"098Q1","南投縣","",4.35
"098Q1","南投縣","南投市",3.93
"098Q1","南投縣","埔里鎮",4.15
"098Q1","南投縣","草屯鎮",4.39
"098Q1","南投縣","竹山鎮",4.14
"098Q1","南投縣","集集鎮",4.35
"098Q1","南投縣","名間鄉",5.32
"098Q1","南投縣","鹿谷鄉",4.91
"098Q1","南投縣","中寮鄉",5.01
"098Q1","南投縣","魚池鄉",5.37
"098Q1","南投縣","國姓鄉",4.36
"098Q1","南投縣","水里鄉",4.25
"098Q1","南投縣","信義鄉",5.42
"098Q1","南投縣","仁愛鄉",4.27
"098Q1","雲林縣","",4.74
"098Q1","雲林縣","斗六市",3.89
"098Q1","雲林縣","斗南鎮",4.17
"098Q1","雲林縣","虎尾鎮",4.05
"098Q1","雲林縣","西螺鎮",4.92
"098Q1","雲林縣","土庫鎮",5.21
"098Q1","雲林縣","北港鎮",4.12
"098Q1","雲林縣","古坑鄉",5.02
"098Q1","雲林縣","大埤鄉",5.09
"098Q1","雲林縣","莿桐鄉",5.07
"098Q1","雲林縣","林內鄉",4.88
"098Q1","雲林縣","二崙鄉",5.59
"098Q1","雲林縣","崙背鄉",5.32
"098Q1","雲林縣","麥寮鄉",5.15
"098Q1","雲林縣","東勢鄉",5.55
"098Q1","雲林縣","褒忠鄉",5.31
"098Q1","雲林縣","台西鄉",5.80
"098Q1","雲林縣","元長鄉",5.41
"098Q1","雲林縣","四湖鄉",5.31
"098Q1","雲林縣","口湖鄉",5.96
"098Q1","雲林縣","水林鄉",5.75
"098Q1","嘉義縣","",4.81
"098Q1","嘉義縣","太保市",4.42
"098Q1","嘉義縣","朴子市",4.55
"098Q1","嘉義縣","布袋鎮",4.97
"098Q1","嘉義縣","大林鎮",4.38
"098Q1","嘉義縣","民雄鄉",4.30
"098Q1","嘉義縣","溪口鄉",5.85
"098Q1","嘉義縣","新港鄉",5.52
"098Q1","嘉義縣","六腳鄉",5.70
"098Q1","嘉義縣","東石鄉",5.85
"098Q1","嘉義縣","義竹鄉",5.37
"098Q1","嘉義縣","鹿草鄉",5.39
"098Q1","嘉義縣","水上鄉",4.12
"098Q1","嘉義縣","中埔鄉",4.71
"098Q1","嘉義縣","竹崎鄉",5.28
"098Q1","嘉義縣","梅山鄉",5.05
"098Q1","嘉義縣","番路鄉",4.55
"098Q1","嘉義縣","大埔鄉",5.55
"098Q1","嘉義縣","阿里山鄉",5.18
"098Q1","屏東縣","",4.38
"098Q1","屏東縣","屏東市",3.67
"098Q1","屏東縣","潮州鎮",3.83
"098Q1","屏東縣","東港鎮",4.62
"098Q1","屏東縣","恆春鎮",4.14
"098Q1","屏東縣","萬丹鄉",4.72
"098Q1","屏東縣","長治鄉",4.33
"098Q1","屏東縣","麟洛鄉",4.03
"098Q1","屏東縣","九如鄉",4.57
"098Q1","屏東縣","里港鄉",4.70
"098Q1","屏東縣","鹽埔鄉",5.37
"098Q1","屏東縣","高樹鄉",5.51
"098Q1","屏東縣","萬巒鄉",5.43
"098Q1","屏東縣","內埔鄉",4.60
"098Q1","屏東縣","竹田鄉",4.40
"098Q1","屏東縣","新埤鄉",4.99
"098Q1","屏東縣","枋寮鄉",4.30
"098Q1","屏東縣","新園鄉",5.04
"098Q1","屏東縣","崁頂鄉",6.23
"098Q1","屏東縣","林邊鄉",4.75
"098Q1","屏東縣","南州鄉",4.67
"098Q1","屏東縣","佳冬鄉",5.26
"098Q1","屏東縣","琉球鄉",5.56
"098Q1","屏東縣","車城鄉",4.29
"098Q1","屏東縣","滿州鄉",4.21
"098Q1","屏東縣","枋山鄉",4.46
"098Q1","屏東縣","三地門鄉",5.37
"098Q1","屏東縣","霧台鄉",3.84
"098Q1","屏東縣","瑪家鄉",5.52
"098Q1","屏東縣","泰武鄉",6.56
"098Q1","屏東縣","來義鄉",4.94
"098Q1","屏東縣","春日鄉",5.08
"098Q1","屏東縣","獅子鄉",4.64
"098Q1","屏東縣","牡丹鄉",4.46
"098Q1","台東縣","",3.83
"098Q1","台東縣","台東市",3.75
"098Q1","台東縣","成功鎮",3.82
"098Q1","台東縣","關山鎮",4.05
"098Q1","台東縣","卑南鄉",3.90
"098Q1","台東縣","大武鄉",3.83
"098Q1","台東縣","太麻里鄉",3.72
"098Q1","台東縣","東河鄉",3.42
"098Q1","台東縣","長濱鄉",3.33
"098Q1","台東縣","鹿野鄉",3.80
"098Q1","台東縣","池上鄉",3.91
"098Q1","台東縣","綠島鄉",5.68
"098Q1","台東縣","延平鄉",4.78
"098Q1","台東縣","海端鄉",5.26
"098Q1","台東縣","達仁鄉",3.67
"098Q1","台東縣","金峰鄉",5.16
"098Q1","台東縣","蘭嶼鄉",4.34
"098Q1","花蓮縣","",3.70
"098Q1","花蓮縣","花蓮市",3.68
"098Q1","花蓮縣","鳳林鎮",3.45
"098Q1","花蓮縣","玉里鎮",4.00
"098Q1","花蓮縣","新城鄉",3.46
"098Q1","花蓮縣","吉安鄉",3.40
"098Q1","花蓮縣","壽豐鄉",3.67
"098Q1","花蓮縣","光復鄉",3.65
"098Q1","花蓮縣","豐濱鄉",3.63
"098Q1","花蓮縣","瑞穗鄉",3.68
"098Q1","花蓮縣","富里鄉",3.82
"098Q1","花蓮縣","秀林鄉",5.18
"098Q1","花蓮縣","萬榮鄉",5.41
"098Q1","花蓮縣","卓溪鄉",4.85
"098Q1","澎湖縣","",4.04
"098Q1","澎湖縣","馬公市",3.82
"098Q1","澎湖縣","湖西鄉",4.14
"098Q1","澎湖縣","白沙鄉",4.66
"098Q1","澎湖縣","西嶼鄉",4.09
"098Q1","澎湖縣","望安鄉",5.47
"098Q1","澎湖縣","七美鄉",4.73
"098Q1","基隆市","",3.21
"098Q1","基隆市","中正區",3.09
"098Q1","基隆市","七堵區",3.34
"098Q1","基隆市","暖暖區",3.15
"098Q1","基隆市","仁愛區",3.52
"098Q1","基隆市","中山區",3.25
"098Q1","基隆市","安樂區",3.15
"098Q1","基隆市","信義區",3.04
"098Q1","新竹市","",3.69
"098Q1","新竹市","新竹市",3.69
"098Q1","嘉義市","",4.03
"098Q1","嘉義市","嘉義市",4.03
"098Q1","金門縣","",5.95
"098Q1","金門縣","金城鎮",6.01
"098Q1","金門縣","金湖鎮",5.79
"098Q1","金門縣","金沙鎮",5.44
"098Q1","金門縣","金寧鄉",6.21
"098Q1","金門縣","烈嶼鄉",6.53
"098Q1","金門縣","烏坵鄉",8.68
"098Q1","連江縣","",8.66
"098Q1","連江縣","南竿鄉",9.79
"098Q1","連江縣","北竿鄉",7.65
"098Q1","連江縣","莒光鄉",8.93
"098Q1","連江縣","東引鄉",5.91
"098Q1","台中縣(99年以前)","",4.33
"098Q1","台中縣(99年以前)","豐原市",4.38
"098Q1","台中縣(99年以前)","東勢鎮",4.60
"098Q1","台中縣(99年以前)","大甲鎮",4.91
"098Q1","台中縣(99年以前)","清水鎮",4.88
"098Q1","台中縣(99年以前)","沙鹿鎮",4.32
"098Q1","台中縣(99年以前)","梧棲鎮",4.43
"098Q1","台中縣(99年以前)","神岡鄉",4.72
"098Q1","台中縣(99年以前)","后里鄉",5.03
"098Q1","台中縣(99年以前)","大雅鄉",4.19
"098Q1","台中縣(99年以前)","潭子鄉",3.80
"098Q1","台中縣(99年以前)","新社鄉",4.48
"098Q1","台中縣(99年以前)","石岡鄉",4.73
"098Q1","台中縣(99年以前)","外埔鄉",4.84
"098Q1","台中縣(99年以前)","大安鄉",5.39
"098Q1","台中縣(99年以前)","烏日鄉",4.28
"098Q1","台中縣(99年以前)","大肚鄉",4.43
"098Q1","台中縣(99年以前)","龍井鄉",4.76
"098Q1","台中縣(99年以前)","霧峰鄉",4.39
"098Q1","台中縣(99年以前)","太平市",3.89
"098Q1","台中縣(99年以前)","大里市",3.94
"098Q1","台中縣(99年以前)","和平鄉",3.59
"098Q1","台南縣(99年以前)","",4.00
"098Q1","台南縣(99年以前)","新營市",3.59
"098Q1","台南縣(99年以前)","鹽水鎮",4.07
"098Q1","台南縣(99年以前)","白河鎮",4.62
"098Q1","台南縣(99年以前)","柳營鄉",4.27
"098Q1","台南縣(99年以前)","後壁鄉",4.28
"098Q1","台南縣(99年以前)","東山鄉",4.76
"098Q1","台南縣(99年以前)","麻豆鎮",4.12
"098Q1","台南縣(99年以前)","下營鄉",4.39
"098Q1","台南縣(99年以前)","六甲鄉",4.31
"098Q1","台南縣(99年以前)","官田鄉",4.14
"098Q1","台南縣(99年以前)","大內鄉",4.54
"098Q1","台南縣(99年以前)","佳里鎮",3.98
"098Q1","台南縣(99年以前)","西港鄉",4.48
"098Q1","台南縣(99年以前)","七股鄉",5.16
"098Q1","台南縣(99年以前)","將軍鄉",4.70
"098Q1","台南縣(99年以前)","北門鄉",5.01
"098Q1","台南縣(99年以前)","學甲鎮",4.18
"098Q1","台南縣(99年以前)","新化鎮",4.15
"098Q1","台南縣(99年以前)","善化鎮",3.89
"098Q1","台南縣(99年以前)","新市鄉",4.08
"098Q1","台南縣(99年以前)","安定鄉",4.37
"098Q1","台南縣(99年以前)","山上鄉",4.71
"098Q1","台南縣(99年以前)","玉井鄉",4.20
"098Q1","台南縣(99年以前)","楠西鄉",4.35
"098Q1","台南縣(99年以前)","南化鄉",4.66
"098Q1","台南縣(99年以前)","左鎮鄉",4.29
"098Q1","台南縣(99年以前)","仁德鄉",3.57
"098Q1","台南縣(99年以前)","歸仁鄉",4.05
"098Q1","台南縣(99年以前)","關廟鄉",4.51
"098Q1","台南縣(99年以前)","龍崎鄉",4.91
"098Q1","台南縣(99年以前)","永康市",3.48
"098Q1","高雄縣(99年以前)","",3.82
"098Q1","高雄縣(99年以前)","鳳山市",3.34
"098Q1","高雄縣(99年以前)","鳥松鄉",3.31
"098Q1","高雄縣(99年以前)","仁武鄉",3.37
"098Q1","高雄縣(99年以前)","大社鄉",3.55
"098Q1","高雄縣(99年以前)","大樹鄉",4.54
"098Q1","高雄縣(99年以前)","大寮鄉",3.63
"098Q1","高雄縣(99年以前)","林園鄉",4.25
"098Q1","高雄縣(99年以前)","岡山鎮",3.65
"098Q1","高雄縣(99年以前)","茄萣鄉",4.72
"098Q1","高雄縣(99年以前)","永安鄉",4.49
"098Q1","高雄縣(99年以前)","橋頭鄉",3.75
"098Q1","高雄縣(99年以前)","梓官鄉",4.10
"098Q1","高雄縣(99年以前)","田寮鄉",4.54
"098Q1","高雄縣(99年以前)","阿蓮鄉",4.47
"098Q1","高雄縣(99年以前)","路竹鄉",4.41
"098Q1","高雄縣(99年以前)","燕巢鄉",4.56
"098Q1","高雄縣(99年以前)","彌陀鄉",5.08
"098Q1","高雄縣(99年以前)","湖內鄉",3.79
"098Q1","高雄縣(99年以前)","旗山鎮",4.11
"098Q1","高雄縣(99年以前)","六龜鄉",4.11
"098Q1","高雄縣(99年以前)","內門鄉",5.94
"098Q1","高雄縣(99年以前)","美濃鎮",5.37
"098Q1","高雄縣(99年以前)","杉林鄉",4.90
"098Q1","高雄縣(99年以前)","甲仙鄉",4.28
"098Q1","高雄縣(99年以前)","茂林鄉",4.86
"098Q1","高雄縣(99年以前)","桃源鄉",5.40
"098Q1","高雄縣(99年以前)","那瑪夏鄉",5.21
"098Q2","全國","",4.24
"098Q2","新北市","",3.38
"098Q2","新北市","板橋區",3.47
"098Q2","新北市","三重區",3.42
"098Q2","新北市","中和區",3.16
"098Q2","新北市","永和區",3.27
"098Q2","新北市","新莊區",3.53
"098Q2","新北市","新店區",3.05
"098Q2","新北市","樹林區",3.64
"098Q2","新北市","鶯歌區",3.90
"098Q2","新北市","三峽區",3.67
"098Q2","新北市","淡水區",2.99
"098Q2","新北市","汐止區",2.81
"098Q2","新北市","瑞芳區",3.50
"098Q2","新北市","土城區",3.52
"098Q2","新北市","蘆洲區",3.61
"098Q2","新北市","五股區",3.56
"098Q2","新北市","泰山區",3.43
"098Q2","新北市","林口區",3.56
"098Q2","新北市","深坑區",3.21
"098Q2","新北市","石碇區",3.57
"098Q2","新北市","坪林區",3.93
"098Q2","新北市","三芝區",3.46
"098Q2","新北市","石門區",5.40
"098Q2","新北市","八里區",3.60
"098Q2","新北市","平溪區",3.35
"098Q2","新北市","雙溪區",4.07
"098Q2","新北市","貢寮區",5.09
"098Q2","新北市","金山區",4.44
"098Q2","新北市","萬里區",4.24
"098Q2","新北市","烏來區",5.12
"098Q2","台北市","",3.57
"098Q2","台北市","松山區",3.65
"098Q2","台北市","信義區",3.44
"098Q2","台北市","大安區",3.61
"098Q2","台北市","中山區",3.11
"098Q2","台北市","中正區",3.70
"098Q2","台北市","大同區",3.64
"098Q2","台北市","萬華區",3.43
"098Q2","台北市","文山區",3.53
"098Q2","台北市","南港區",3.67
"098Q2","台北市","內湖區",3.62
"098Q2","台北市","士林區",3.77
"098Q2","台北市","北投區",3.78
"098Q2","桃園市","",3.69
"098Q2","桃園市","桃園區",3.42
"098Q2","桃園市","中壢區",3.56
"098Q2","桃園市","平鎮區",3.74
"098Q2","桃園市","八德區",3.77
"098Q2","桃園市","楊梅區",3.79
"098Q2","桃園市","大溪區",3.97
"098Q2","桃園市","蘆竹區",3.56
"098Q2","桃園市","大園區",4.48
"098Q2","桃園市","龜山區",3.35
"098Q2","桃園市","龍潭區",3.80
"098Q2","桃園市","新屋區",5.43
"098Q2","桃園市","觀音區",4.81
"098Q2","桃園市","復興區",4.26
"098Q2","台中市","",3.51
"098Q2","台中市","中區",4.58
"098Q2","台中市","東區",3.64
"098Q2","台中市","南區",3.34
"098Q2","台中市","西區",3.45
"098Q2","台中市","北區",3.34
"098Q2","台中市","西屯區",3.49
"098Q2","台中市","南屯區",3.55
"098Q2","台中市","北屯區",3.62
"098Q2","台南市","",3.59
"098Q2","台南市","東區",3.50
"098Q2","台南市","南區",3.65
"098Q2","台南市","北區",3.37
"098Q2","台南市","安南區",4.10
"098Q2","台南市","安平區",3.27
"098Q2","台南市","中西區",3.35
"098Q2","高雄市","",3.39
"098Q2","高雄市","鹽埕區",3.53
"098Q2","高雄市","鼓山區",3.11
"098Q2","高雄市","左營區",3.19
"098Q2","高雄市","楠梓區",3.42
"098Q2","高雄市","三民區",3.42
"098Q2","高雄市","新興區",3.09
"098Q2","高雄市","前金區",2.90
"098Q2","高雄市","苓雅區",3.33
"098Q2","高雄市","前鎮區",3.43
"098Q2","高雄市","旗津區",4.43
"098Q2","高雄市","小港區",3.95
"098Q2","宜蘭縣","",3.86
"098Q2","宜蘭縣","宜蘭市",3.59
"098Q2","宜蘭縣","羅東鎮",3.75
"098Q2","宜蘭縣","蘇澳鎮",4.02
"098Q2","宜蘭縣","頭城鎮",4.23
"098Q2","宜蘭縣","礁溪鄉",3.94
"098Q2","宜蘭縣","壯圍鄉",4.38
"098Q2","宜蘭縣","員山鄉",3.98
"098Q2","宜蘭縣","冬山鄉",3.68
"098Q2","宜蘭縣","五結鄉",3.70
"098Q2","宜蘭縣","三星鄉",4.10
"098Q2","宜蘭縣","大同鄉",4.75
"098Q2","宜蘭縣","南澳鄉",5.70
"098Q2","新竹縣","",4.11
"098Q2","新竹縣","竹北市",3.65
"098Q2","新竹縣","關西鎮",5.28
"098Q2","新竹縣","新埔鎮",4.59
"098Q2","新竹縣","竹東鎮",3.97
"098Q2","新竹縣","湖口鄉",4.15
"098Q2","新竹縣","橫山鄉",4.59
"098Q2","新竹縣","新豐鄉",4.34
"098Q2","新竹縣","芎林鄉",4.51
"098Q2","新竹縣","寶山鄉",3.89
"098Q2","新竹縣","北埔鄉",5.00
"098Q2","新竹縣","峨眉鄉",5.28
"098Q2","新竹縣","尖石鄉",4.16
"098Q2","新竹縣","五峰鄉",4.29
"098Q2","苗栗縣","",4.37
"098Q2","苗栗縣","苗栗市",3.73
"098Q2","苗栗縣","苑裡鎮",4.98
"098Q2","苗栗縣","通霄鎮",5.27
"098Q2","苗栗縣","竹南鎮",4.04
"098Q2","苗栗縣","頭份鎮",3.99
"098Q2","苗栗縣","後龍鎮",5.03
"098Q2","苗栗縣","卓蘭鎮",5.03
"098Q2","苗栗縣","大湖鄉",4.85
"098Q2","苗栗縣","公館鄉",4.36
"098Q2","苗栗縣","銅鑼鄉",4.72
"098Q2","苗栗縣","南庄鄉",4.66
"098Q2","苗栗縣","頭屋鄉",4.72
"098Q2","苗栗縣","三義鄉",4.63
"098Q2","苗栗縣","西湖鄉",5.86
"098Q2","苗栗縣","造橋鄉",4.71
"098Q2","苗栗縣","三灣鄉",4.66
"098Q2","苗栗縣","獅潭鄉",4.48
"098Q2","苗栗縣","泰安鄉",6.31
"098Q2","彰化縣","",4.95
"098Q2","彰化縣","彰化市",4.07
"098Q2","彰化縣","鹿港鎮",5.11
"098Q2","彰化縣","和美鎮",4.62
"098Q2","彰化縣","北斗鎮",4.31
"098Q2","彰化縣","員林鎮",4.58
"098Q2","彰化縣","溪湖鎮",5.39
"098Q2","彰化縣","田中鎮",4.75
"098Q2","彰化縣","二林鎮",6.17
"098Q2","彰化縣","線西鄉",5.88
"098Q2","彰化縣","伸港鄉",5.48
"098Q2","彰化縣","福興鄉",6.07
"098Q2","彰化縣","秀水鄉",5.19
"098Q2","彰化縣","花壇鄉",4.54
"098Q2","彰化縣","芬園鄉",5.37
"098Q2","彰化縣","大村鄉",6.29
"098Q2","彰化縣","埔鹽鄉",7.38
"098Q2","彰化縣","埔心鄉",4.49
"098Q2","彰化縣","永靖鄉",5.85
"098Q2","彰化縣","社頭鄉",5.73
"098Q2","彰化縣","二水鄉",4.60
"098Q2","彰化縣","田尾鄉",4.62
"098Q2","彰化縣","埤頭鄉",5.09
"098Q2","彰化縣","芳苑鄉",5.89
"098Q2","彰化縣","大城鄉",7.28
"098Q2","彰化縣","竹塘鄉",5.15
"098Q2","彰化縣","溪州鄉",5.82
"098Q2","南投縣","",4.33
"098Q2","南投縣","南投市",3.91
"098Q2","南投縣","埔里鎮",4.13
"098Q2","南投縣","草屯鎮",4.36
"098Q2","南投縣","竹山鎮",4.11
"098Q2","南投縣","集集鎮",4.33
"098Q2","南投縣","名間鄉",5.29
"098Q2","南投縣","鹿谷鄉",4.86
"098Q2","南投縣","中寮鄉",4.96
"098Q2","南投縣","魚池鄉",5.32
"098Q2","南投縣","國姓鄉",4.33
"098Q2","南投縣","水里鄉",4.23
"098Q2","南投縣","信義鄉",5.41
"098Q2","南投縣","仁愛鄉",4.28
"098Q2","雲林縣","",4.71
"098Q2","雲林縣","斗六市",3.87
"098Q2","雲林縣","斗南鎮",4.15
"098Q2","雲林縣","虎尾鎮",4.02
"098Q2","雲林縣","西螺鎮",4.89
"098Q2","雲林縣","土庫鎮",5.16
"098Q2","雲林縣","北港鎮",4.11
"098Q2","雲林縣","古坑鄉",4.96
"098Q2","雲林縣","大埤鄉",5.02
"098Q2","雲林縣","莿桐鄉",5.03
"098Q2","雲林縣","林內鄉",4.88
"098Q2","雲林縣","二崙鄉",5.54
"098Q2","雲林縣","崙背鄉",5.28
"098Q2","雲林縣","麥寮鄉",5.16
"098Q2","雲林縣","東勢鄉",5.51
"098Q2","雲林縣","褒忠鄉",5.30
"098Q2","雲林縣","台西鄉",5.75
"098Q2","雲林縣","元長鄉",5.38
"098Q2","雲林縣","四湖鄉",5.28
"098Q2","雲林縣","口湖鄉",5.92
"098Q2","雲林縣","水林鄉",5.71
"098Q2","嘉義縣","",4.78
"098Q2","嘉義縣","太保市",4.39
"098Q2","嘉義縣","朴子市",4.53
"098Q2","嘉義縣","布袋鎮",4.96
"098Q2","嘉義縣","大林鎮",4.36
"098Q2","嘉義縣","民雄鄉",4.28
"098Q2","嘉義縣","溪口鄉",5.81
"098Q2","嘉義縣","新港鄉",5.52
"098Q2","嘉義縣","六腳鄉",5.68
"098Q2","嘉義縣","東石鄉",5.79
"098Q2","嘉義縣","義竹鄉",5.40
"098Q2","嘉義縣","鹿草鄉",5.37
"098Q2","嘉義縣","水上鄉",4.11
"098Q2","嘉義縣","中埔鄉",4.66
"098Q2","嘉義縣","竹崎鄉",5.25
"098Q2","嘉義縣","梅山鄉",5.02
"098Q2","嘉義縣","番路鄉",4.55
"098Q2","嘉義縣","大埔鄉",5.67
"098Q2","嘉義縣","阿里山鄉",5.18
"098Q2","屏東縣","",4.36
"098Q2","屏東縣","屏東市",3.65
"098Q2","屏東縣","潮州鎮",3.80
"098Q2","屏東縣","東港鎮",4.62
"098Q2","屏東縣","恆春鎮",4.11
"098Q2","屏東縣","萬丹鄉",4.68
"098Q2","屏東縣","長治鄉",4.30
"098Q2","屏東縣","麟洛鄉",4.00
"098Q2","屏東縣","九如鄉",4.56
"098Q2","屏東縣","里港鄉",4.67
"098Q2","屏東縣","鹽埔鄉",5.33
"098Q2","屏東縣","高樹鄉",5.46
"098Q2","屏東縣","萬巒鄉",5.40
"098Q2","屏東縣","內埔鄉",4.56
"098Q2","屏東縣","竹田鄉",4.39
"098Q2","屏東縣","新埤鄉",4.99
"098Q2","屏東縣","枋寮鄉",4.30
"098Q2","屏東縣","新園鄉",5.00
"098Q2","屏東縣","崁頂鄉",6.25
"098Q2","屏東縣","林邊鄉",4.72
"098Q2","屏東縣","南州鄉",4.61
"098Q2","屏東縣","佳冬鄉",5.22
"098Q2","屏東縣","琉球鄉",5.52
"098Q2","屏東縣","車城鄉",4.29
"098Q2","屏東縣","滿州鄉",4.23
"098Q2","屏東縣","枋山鄉",4.48
"098Q2","屏東縣","三地門鄉",5.38
"098Q2","屏東縣","霧台鄉",3.92
"098Q2","屏東縣","瑪家鄉",5.48
"098Q2","屏東縣","泰武鄉",6.52
"098Q2","屏東縣","來義鄉",4.95
"098Q2","屏東縣","春日鄉",5.00
"098Q2","屏東縣","獅子鄉",4.65
"098Q2","屏東縣","牡丹鄉",4.49
"098Q2","台東縣","",3.82
"098Q2","台東縣","台東市",3.74
"098Q2","台東縣","成功鎮",3.79
"098Q2","台東縣","關山鎮",4.05
"098Q2","台東縣","卑南鄉",3.90
"098Q2","台東縣","大武鄉",3.91
"098Q2","台東縣","太麻里鄉",3.70
"098Q2","台東縣","東河鄉",3.42
"098Q2","台東縣","長濱鄉",3.30
"098Q2","台東縣","鹿野鄉",3.77
"098Q2","台東縣","池上鄉",3.89
"098Q2","台東縣","綠島鄉",5.73
"098Q2","台東縣","延平鄉",4.83
"098Q2","台東縣","海端鄉",5.19
"098Q2","台東縣","達仁鄉",3.78
"098Q2","台東縣","金峰鄉",5.16
"098Q2","台東縣","蘭嶼鄉",4.38
"098Q2","花蓮縣","",3.69
"098Q2","花蓮縣","花蓮市",3.67
"098Q2","花蓮縣","鳳林鎮",3.42
"098Q2","花蓮縣","玉里鎮",3.97
"098Q2","花蓮縣","新城鄉",3.44
"098Q2","花蓮縣","吉安鄉",3.40
"098Q2","花蓮縣","壽豐鄉",3.65
"098Q2","花蓮縣","光復鄉",3.63
"098Q2","花蓮縣","豐濱鄉",3.61
"098Q2","花蓮縣","瑞穗鄉",3.63
"098Q2","花蓮縣","富里鄉",3.81
"098Q2","花蓮縣","秀林鄉",5.18
"098Q2","花蓮縣","萬榮鄉",5.37
"098Q2","花蓮縣","卓溪鄉",4.86
"098Q2","澎湖縣","",4.09
"098Q2","澎湖縣","馬公市",3.84
"098Q2","澎湖縣","湖西鄉",4.19
"098Q2","澎湖縣","白沙鄉",4.66
"098Q2","澎湖縣","西嶼鄉",4.22
"098Q2","澎湖縣","望安鄉",5.53
"098Q2","澎湖縣","七美鄉",5.00
"098Q2","基隆市","",3.20
"098Q2","基隆市","中正區",3.13
"098Q2","基隆市","七堵區",3.25
"098Q2","基隆市","暖暖區",3.14
"098Q2","基隆市","仁愛區",3.54
"098Q2","基隆市","中山區",3.23
"098Q2","基隆市","安樂區",3.14
"098Q2","基隆市","信義區",3.03
"098Q2","新竹市","",3.67
"098Q2","新竹市","新竹市",3.67
"098Q2","嘉義市","",4.02
"098Q2","嘉義市","嘉義市",4.02
"098Q2","金門縣","",6.24
"098Q2","金門縣","金城鎮",6.29
"098Q2","金門縣","金湖鎮",6.00
"098Q2","金門縣","金沙鎮",5.69
"098Q2","金門縣","金寧鄉",6.57
"098Q2","金門縣","烈嶼鄉",7.01
"098Q2","金門縣","烏坵鄉",9.09
"098Q2","連江縣","",8.59
"098Q2","連江縣","南竿鄉",9.64
"098Q2","連江縣","北竿鄉",7.57
"098Q2","連江縣","莒光鄉",8.78
"098Q2","連江縣","東引鄉",6.07
"098Q2","台中縣(99年以前)","",4.30
"098Q2","台中縣(99年以前)","豐原市",4.36
"098Q2","台中縣(99年以前)","東勢鎮",4.57
"098Q2","台中縣(99年以前)","大甲鎮",4.88
"098Q2","台中縣(99年以前)","清水鎮",4.86
"098Q2","台中縣(99年以前)","沙鹿鎮",4.29
"098Q2","台中縣(99年以前)","梧棲鎮",4.42
"098Q2","台中縣(99年以前)","神岡鄉",4.70
"098Q2","台中縣(99年以前)","后里鄉",4.99
"098Q2","台中縣(99年以前)","大雅鄉",4.17
"098Q2","台中縣(99年以前)","潭子鄉",3.79
"098Q2","台中縣(99年以前)","新社鄉",4.47
"098Q2","台中縣(99年以前)","石岡鄉",4.68
"098Q2","台中縣(99年以前)","外埔鄉",4.78
"098Q2","台中縣(99年以前)","大安鄉",5.34
"098Q2","台中縣(99年以前)","烏日鄉",4.24
"098Q2","台中縣(99年以前)","大肚鄉",4.43
"098Q2","台中縣(99年以前)","龍井鄉",4.73
"098Q2","台中縣(99年以前)","霧峰鄉",4.36
"098Q2","台中縣(99年以前)","太平市",3.87
"098Q2","台中縣(99年以前)","大里市",3.93
"098Q2","台中縣(99年以前)","和平鄉",3.57
"098Q2","台南縣(99年以前)","",3.98
"098Q2","台南縣(99年以前)","新營市",3.57
"098Q2","台南縣(99年以前)","鹽水鎮",4.05
"098Q2","台南縣(99年以前)","白河鎮",4.62
"098Q2","台南縣(99年以前)","柳營鄉",4.25
"098Q2","台南縣(99年以前)","後壁鄉",4.24
"098Q2","台南縣(99年以前)","東山鄉",4.73
"098Q2","台南縣(99年以前)","麻豆鎮",4.10
"098Q2","台南縣(99年以前)","下營鄉",4.36
"098Q2","台南縣(99年以前)","六甲鄉",4.29
"098Q2","台南縣(99年以前)","官田鄉",4.12
"098Q2","台南縣(99年以前)","大內鄉",4.52
"098Q2","台南縣(99年以前)","佳里鎮",3.97
"098Q2","台南縣(99年以前)","西港鄉",4.45
"098Q2","台南縣(99年以前)","七股鄉",5.15
"098Q2","台南縣(99年以前)","將軍鄉",4.68
"098Q2","台南縣(99年以前)","北門鄉",5.00
"098Q2","台南縣(99年以前)","學甲鎮",4.15
"098Q2","台南縣(99年以前)","新化鎮",4.13
"098Q2","台南縣(99年以前)","善化鎮",3.88
"098Q2","台南縣(99年以前)","新市鄉",4.03
"098Q2","台南縣(99年以前)","安定鄉",4.34
"098Q2","台南縣(99年以前)","山上鄉",4.70
"098Q2","台南縣(99年以前)","玉井鄉",4.18
"098Q2","台南縣(99年以前)","楠西鄉",4.34
"098Q2","台南縣(99年以前)","南化鄉",4.66
"098Q2","台南縣(99年以前)","左鎮鄉",4.34
"098Q2","台南縣(99年以前)","仁德鄉",3.54
"098Q2","台南縣(99年以前)","歸仁鄉",4.03
"098Q2","台南縣(99年以前)","關廟鄉",4.47
"098Q2","台南縣(99年以前)","龍崎鄉",4.91
"098Q2","台南縣(99年以前)","永康市",3.46
"098Q2","高雄縣(99年以前)","",3.80
"098Q2","高雄縣(99年以前)","鳳山市",3.33
"098Q2","高雄縣(99年以前)","鳥松鄉",3.30
"098Q2","高雄縣(99年以前)","仁武鄉",3.35
"098Q2","高雄縣(99年以前)","大社鄉",3.54
"098Q2","高雄縣(99年以前)","大樹鄉",4.51
"098Q2","高雄縣(99年以前)","大寮鄉",3.60
"098Q2","高雄縣(99年以前)","林園鄉",4.23
"098Q2","高雄縣(99年以前)","岡山鎮",3.65
"098Q2","高雄縣(99年以前)","茄萣鄉",4.70
"098Q2","高雄縣(99年以前)","永安鄉",4.48
"098Q2","高雄縣(99年以前)","橋頭鄉",3.74
"098Q2","高雄縣(99年以前)","梓官鄉",4.07
"098Q2","高雄縣(99年以前)","田寮鄉",4.52
"098Q2","高雄縣(99年以前)","阿蓮鄉",4.46
"098Q2","高雄縣(99年以前)","路竹鄉",4.38
"098Q2","高雄縣(99年以前)","燕巢鄉",4.54
"098Q2","高雄縣(99年以前)","彌陀鄉",5.06
"098Q2","高雄縣(99年以前)","湖內鄉",3.77
"098Q2","高雄縣(99年以前)","旗山鎮",4.09
"098Q2","高雄縣(99年以前)","六龜鄉",4.06
"098Q2","高雄縣(99年以前)","內門鄉",5.89
"098Q2","高雄縣(99年以前)","美濃鎮",5.34
"098Q2","高雄縣(99年以前)","杉林鄉",4.89
"098Q2","高雄縣(99年以前)","甲仙鄉",4.23
"098Q2","高雄縣(99年以前)","茂林鄉",4.95
"098Q2","高雄縣(99年以前)","桃源鄉",5.36
"098Q2","高雄縣(99年以前)","那瑪夏鄉",5.25
"098Q3","全國","",4.23
"098Q3","新北市","",3.36
"098Q3","新北市","板橋區",3.45
"098Q3","新北市","三重區",3.39
"098Q3","新北市","中和區",3.14
"098Q3","新北市","永和區",3.25
"098Q3","新北市","新莊區",3.51
"098Q3","新北市","新店區",3.03
"098Q3","新北市","樹林區",3.60
"098Q3","新北市","鶯歌區",3.89
"098Q3","新北市","三峽區",3.63
"098Q3","新北市","淡水區",2.95
"098Q3","新北市","汐止區",2.81
"098Q3","新北市","瑞芳區",3.50
"098Q3","新北市","土城區",3.50
"098Q3","新北市","蘆洲區",3.60
"098Q3","新北市","五股區",3.55
"098Q3","新北市","泰山區",3.41
"098Q3","新北市","林口區",3.48
"098Q3","新北市","深坑區",3.19
"098Q3","新北市","石碇區",3.57
"098Q3","新北市","坪林區",3.93
"098Q3","新北市","三芝區",3.45
"098Q3","新北市","石門區",5.42
"098Q3","新北市","八里區",3.60
"098Q3","新北市","平溪區",3.34
"098Q3","新北市","雙溪區",4.06
"098Q3","新北市","貢寮區",5.10
"098Q3","新北市","金山區",4.44
"098Q3","新北市","萬里區",4.26
"098Q3","新北市","烏來區",5.19
"098Q3","台北市","",3.53
"098Q3","台北市","松山區",3.61
"098Q3","台北市","信義區",3.41
"098Q3","台北市","大安區",3.57
"098Q3","台北市","中山區",3.08
"098Q3","台北市","中正區",3.65
"098Q3","台北市","大同區",3.60
"098Q3","台北市","萬華區",3.41
"098Q3","台北市","文山區",3.49
"098Q3","台北市","南港區",3.62
"098Q3","台北市","內湖區",3.58
"098Q3","台北市","士林區",3.73
"098Q3","台北市","北投區",3.74
"098Q3","桃園市","",3.67
"098Q3","桃園市","桃園區",3.40
"098Q3","桃園市","中壢區",3.54
"098Q3","桃園市","平鎮區",3.72
"098Q3","桃園市","八德區",3.73
"098Q3","桃園市","楊梅區",3.77
"098Q3","桃園市","大溪區",3.95
"098Q3","桃園市","蘆竹區",3.54
"098Q3","桃園市","大園區",4.43
"098Q3","桃園市","龜山區",3.34
"098Q3","桃園市","龍潭區",3.78
"098Q3","桃園市","新屋區",5.41
"098Q3","桃園市","觀音區",4.79
"098Q3","桃園市","復興區",4.26
"098Q3","台中市","",3.49
"098Q3","台中市","中區",4.55
"098Q3","台中市","東區",3.62
"098Q3","台中市","南區",3.23
"098Q3","台中市","西區",3.53
"098Q3","台中市","北區",3.32
"098Q3","台中市","西屯區",3.47
"098Q3","台中市","南屯區",3.53
"098Q3","台中市","北屯區",3.60
"098Q3","台南市","",3.56
"098Q3","台南市","東區",3.48
"098Q3","台南市","南區",3.63
"098Q3","台南市","北區",3.34
"098Q3","台南市","安南區",4.08
"098Q3","台南市","安平區",3.26
"098Q3","台南市","中西區",3.33
"098Q3","高雄市","",3.37
"098Q3","高雄市","鹽埕區",3.25
"098Q3","高雄市","鼓山區",3.14
"098Q3","高雄市","左營區",3.17
"098Q3","高雄市","楠梓區",3.41
"098Q3","高雄市","三民區",3.40
"098Q3","高雄市","新興區",3.07
"098Q3","高雄市","前金區",2.88
"098Q3","高雄市","苓雅區",3.30
"098Q3","高雄市","前鎮區",3.41
"098Q3","高雄市","旗津區",4.44
"098Q3","高雄市","小港區",3.92
"098Q3","宜蘭縣","",3.84
"098Q3","宜蘭縣","宜蘭市",3.56
"098Q3","宜蘭縣","羅東鎮",3.73
"098Q3","宜蘭縣","蘇澳鎮",4.02
"098Q3","宜蘭縣","頭城鎮",4.22
"098Q3","宜蘭縣","礁溪鄉",3.92
"098Q3","宜蘭縣","壯圍鄉",4.36
"098Q3","宜蘭縣","員山鄉",3.96
"098Q3","宜蘭縣","冬山鄉",3.67
"098Q3","宜蘭縣","五結鄉",3.69
"098Q3","宜蘭縣","三星鄉",4.01
"098Q3","宜蘭縣","大同鄉",4.76
"098Q3","宜蘭縣","南澳鄉",5.72
"098Q3","新竹縣","",4.09
"098Q3","新竹縣","竹北市",3.62
"098Q3","新竹縣","關西鎮",5.26
"098Q3","新竹縣","新埔鎮",4.58
"098Q3","新竹縣","竹東鎮",3.94
"098Q3","新竹縣","湖口鄉",4.14
"098Q3","新竹縣","橫山鄉",4.60
"098Q3","新竹縣","新豐鄉",4.32
"098Q3","新竹縣","芎林鄉",4.50
"098Q3","新竹縣","寶山鄉",3.88
"098Q3","新竹縣","北埔鄉",4.98
"098Q3","新竹縣","峨眉鄉",5.29
"098Q3","新竹縣","尖石鄉",4.19
"098Q3","新竹縣","五峰鄉",4.33
"098Q3","苗栗縣","",4.35
"098Q3","苗栗縣","苗栗市",3.70
"098Q3","苗栗縣","苑裡鎮",4.97
"098Q3","苗栗縣","通霄鎮",5.25
"098Q3","苗栗縣","竹南鎮",4.01
"098Q3","苗栗縣","頭份鎮",3.97
"098Q3","苗栗縣","後龍鎮",5.02
"098Q3","苗栗縣","卓蘭鎮",5.04
"098Q3","苗栗縣","大湖鄉",4.85
"098Q3","苗栗縣","公館鄉",4.34
"098Q3","苗栗縣","銅鑼鄉",4.71
"098Q3","苗栗縣","南庄鄉",4.66
"098Q3","苗栗縣","頭屋鄉",4.72
"098Q3","苗栗縣","三義鄉",4.63
"098Q3","苗栗縣","西湖鄉",5.87
"098Q3","苗栗縣","造橋鄉",4.70
"098Q3","苗栗縣","三灣鄉",4.64
"098Q3","苗栗縣","獅潭鄉",4.50
"098Q3","苗栗縣","泰安鄉",6.35
"098Q3","彰化縣","",4.93
"098Q3","彰化縣","彰化市",4.05
"098Q3","彰化縣","鹿港鎮",5.08
"098Q3","彰化縣","和美鎮",4.60
"098Q3","彰化縣","北斗鎮",4.29
"098Q3","彰化縣","員林鎮",4.55
"098Q3","彰化縣","溪湖鎮",5.36
"098Q3","彰化縣","田中鎮",4.72
"098Q3","彰化縣","二林鎮",6.14
"098Q3","彰化縣","線西鄉",5.86
"098Q3","彰化縣","伸港鄉",5.47
"098Q3","彰化縣","福興鄉",6.04
"098Q3","彰化縣","秀水鄉",5.17
"098Q3","彰化縣","花壇鄉",4.53
"098Q3","彰化縣","芬園鄉",5.36
"098Q3","彰化縣","大村鄉",6.26
"098Q3","彰化縣","埔鹽鄉",7.35
"098Q3","彰化縣","埔心鄉",4.48
"098Q3","彰化縣","永靖鄉",5.83
"098Q3","彰化縣","社頭鄉",5.70
"098Q3","彰化縣","二水鄉",4.58
"098Q3","彰化縣","田尾鄉",4.62
"098Q3","彰化縣","埤頭鄉",5.08
"098Q3","彰化縣","芳苑鄉",5.88
"098Q3","彰化縣","大城鄉",7.27
"098Q3","彰化縣","竹塘鄉",5.14
"098Q3","彰化縣","溪州鄉",5.81
"098Q3","南投縣","",4.31
"098Q3","南投縣","南投市",3.89
"098Q3","南投縣","埔里鎮",4.11
"098Q3","南投縣","草屯鎮",4.35
"098Q3","南投縣","竹山鎮",4.09
"098Q3","南投縣","集集鎮",4.33
"098Q3","南投縣","名間鄉",5.27
"098Q3","南投縣","鹿谷鄉",4.85
"098Q3","南投縣","中寮鄉",4.94
"098Q3","南投縣","魚池鄉",5.30
"098Q3","南投縣","國姓鄉",4.32
"098Q3","南投縣","水里鄉",4.22
"098Q3","南投縣","信義鄉",5.42
"098Q3","南投縣","仁愛鄉",4.28
"098Q3","雲林縣","",4.69
"098Q3","雲林縣","斗六市",3.85
"098Q3","雲林縣","斗南鎮",4.13
"098Q3","雲林縣","虎尾鎮",4.01
"098Q3","雲林縣","西螺鎮",4.87
"098Q3","雲林縣","土庫鎮",5.14
"098Q3","雲林縣","北港鎮",4.08
"098Q3","雲林縣","古坑鄉",4.93
"098Q3","雲林縣","大埤鄉",5.00
"098Q3","雲林縣","莿桐鄉",5.02
"098Q3","雲林縣","林內鄉",4.85
"098Q3","雲林縣","二崙鄉",5.53
"098Q3","雲林縣","崙背鄉",5.27
"098Q3","雲林縣","麥寮鄉",5.15
"098Q3","雲林縣","東勢鄉",5.48
"098Q3","雲林縣","褒忠鄉",5.28
"098Q3","雲林縣","台西鄉",5.72
"098Q3","雲林縣","元長鄉",5.37
"098Q3","雲林縣","四湖鄉",5.27
"098Q3","雲林縣","口湖鄉",5.90
"098Q3","雲林縣","水林鄉",5.70
"098Q3","嘉義縣","",4.77
"098Q3","嘉義縣","太保市",4.35
"098Q3","嘉義縣","朴子市",4.51
"098Q3","嘉義縣","布袋鎮",4.93
"098Q3","嘉義縣","大林鎮",4.36
"098Q3","嘉義縣","民雄鄉",4.26
"098Q3","嘉義縣","溪口鄉",5.81
"098Q3","嘉義縣","新港鄉",5.49
"098Q3","嘉義縣","六腳鄉",5.66
"098Q3","嘉義縣","東石鄉",5.80
"098Q3","嘉義縣","義竹鄉",5.36
"098Q3","嘉義縣","鹿草鄉",5.36
"098Q3","嘉義縣","水上鄉",4.09
"098Q3","嘉義縣","中埔鄉",4.65
"098Q3","嘉義縣","竹崎鄉",5.23
"098Q3","嘉義縣","梅山鄉",5.01
"098Q3","嘉義縣","番路鄉",4.55
"098Q3","嘉義縣","大埔鄉",5.69
"098Q3","嘉義縣","阿里山鄉",5.18
"098Q3","屏東縣","",4.33
"098Q3","屏東縣","屏東市",3.64
"098Q3","屏東縣","潮州鎮",3.77
"098Q3","屏東縣","東港鎮",4.53
"098Q3","屏東縣","恆春鎮",4.10
"098Q3","屏東縣","萬丹鄉",4.65
"098Q3","屏東縣","長治鄉",4.29
"098Q3","屏東縣","麟洛鄉",3.98
"098Q3","屏東縣","九如鄉",4.55
"098Q3","屏東縣","里港鄉",4.67
"098Q3","屏東縣","鹽埔鄉",5.31
"098Q3","屏東縣","高樹鄉",5.44
"098Q3","屏東縣","萬巒鄉",5.34
"098Q3","屏東縣","內埔鄉",4.54
"098Q3","屏東縣","竹田鄉",4.37
"098Q3","屏東縣","新埤鄉",4.95
"098Q3","屏東縣","枋寮鄉",4.28
"098Q3","屏東縣","新園鄉",4.94
"098Q3","屏東縣","崁頂鄉",6.25
"098Q3","屏東縣","林邊鄉",4.56
"098Q3","屏東縣","南州鄉",4.57
"098Q3","屏東縣","佳冬鄉",5.16
"098Q3","屏東縣","琉球鄉",5.52
"098Q3","屏東縣","車城鄉",4.27
"098Q3","屏東縣","滿州鄉",4.22
"098Q3","屏東縣","枋山鄉",4.48
"098Q3","屏東縣","三地門鄉",5.42
"098Q3","屏東縣","霧台鄉",4.07
"098Q3","屏東縣","瑪家鄉",5.51
"098Q3","屏東縣","泰武鄉",6.63
"098Q3","屏東縣","來義鄉",4.98
"098Q3","屏東縣","春日鄉",4.97
"098Q3","屏東縣","獅子鄉",4.65
"098Q3","屏東縣","牡丹鄉",4.45
"098Q3","台東縣","",3.81
"098Q3","台東縣","台東市",3.72
"098Q3","台東縣","成功鎮",3.78
"098Q3","台東縣","關山鎮",4.04
"098Q3","台東縣","卑南鄉",3.88
"098Q3","台東縣","大武鄉",3.91
"098Q3","台東縣","太麻里鄉",3.69
"098Q3","台東縣","東河鄉",3.42
"098Q3","台東縣","長濱鄉",3.28
"098Q3","台東縣","鹿野鄉",3.75
"098Q3","台東縣","池上鄉",3.88
"098Q3","台東縣","綠島鄉",5.79
"098Q3","台東縣","延平鄉",4.84
"098Q3","台東縣","海端鄉",5.22
"098Q3","台東縣","達仁鄉",3.89
"098Q3","台東縣","金峰鄉",5.17
"098Q3","台東縣","蘭嶼鄉",4.43
"098Q3","花蓮縣","",3.68
"098Q3","花蓮縣","花蓮市",3.65
"098Q3","花蓮縣","鳳林鎮",3.42
"098Q3","花蓮縣","玉里鎮",3.96
"098Q3","花蓮縣","新城鄉",3.43
"098Q3","花蓮縣","吉安鄉",3.39
"098Q3","花蓮縣","壽豐鄉",3.64
"098Q3","花蓮縣","光復鄉",3.62
"098Q3","花蓮縣","豐濱鄉",3.59
"098Q3","花蓮縣","瑞穗鄉",3.63
"098Q3","花蓮縣","富里鄉",3.81
"098Q3","花蓮縣","秀林鄉",5.20
"098Q3","花蓮縣","萬榮鄉",5.34
"098Q3","花蓮縣","卓溪鄉",4.84
"098Q3","澎湖縣","",4.09
"098Q3","澎湖縣","馬公市",3.84
"098Q3","澎湖縣","湖西鄉",4.20
"098Q3","澎湖縣","白沙鄉",4.69
"098Q3","澎湖縣","西嶼鄉",4.18
"098Q3","澎湖縣","望安鄉",5.60
"098Q3","澎湖縣","七美鄉",5.02
"098Q3","基隆市","",3.18
"098Q3","基隆市","中正區",3.10
"098Q3","基隆市","七堵區",3.23
"098Q3","基隆市","暖暖區",3.13
"098Q3","基隆市","仁愛區",3.51
"098Q3","基隆市","中山區",3.21
"098Q3","基隆市","安樂區",3.12
"098Q3","基隆市","信義區",3.03
"098Q3","新竹市","",3.64
"098Q3","新竹市","新竹市",3.64
"098Q3","嘉義市","",4.00
"098Q3","嘉義市","嘉義市",4.00
"098Q3","金門縣","",6.35
"098Q3","金門縣","金城鎮",6.37
"098Q3","金門縣","金湖鎮",6.09
"098Q3","金門縣","金沙鎮",5.81
"098Q3","金門縣","金寧鄉",6.77
"098Q3","金門縣","烈嶼鄉",7.18
"098Q3","金門縣","烏坵鄉",9.13
"098Q3","連江縣","",8.63
"098Q3","連江縣","南竿鄉",9.67
"098Q3","連江縣","北竿鄉",7.63
"098Q3","連江縣","莒光鄉",8.74
"098Q3","連江縣","東引鄉",6.12
"098Q3","台中縣(99年以前)","",4.29
"098Q3","台中縣(99年以前)","豐原市",4.34
"098Q3","台中縣(99年以前)","東勢鎮",4.54
"098Q3","台中縣(99年以前)","大甲鎮",4.85
"098Q3","台中縣(99年以前)","清水鎮",4.83
"098Q3","台中縣(99年以前)","沙鹿鎮",4.27
"098Q3","台中縣(99年以前)","梧棲鎮",4.41
"098Q3","台中縣(99年以前)","神岡鄉",4.68
"098Q3","台中縣(99年以前)","后里鄉",4.97
"098Q3","台中縣(99年以前)","大雅鄉",4.17
"098Q3","台中縣(99年以前)","潭子鄉",3.78
"098Q3","台中縣(99年以前)","新社鄉",4.47
"098Q3","台中縣(99年以前)","石岡鄉",4.66
"098Q3","台中縣(99年以前)","外埔鄉",4.75
"098Q3","台中縣(99年以前)","大安鄉",5.32
"098Q3","台中縣(99年以前)","烏日鄉",4.21
"098Q3","台中縣(99年以前)","大肚鄉",4.41
"098Q3","台中縣(99年以前)","龍井鄉",4.73
"098Q3","台中縣(99年以前)","霧峰鄉",4.35
"098Q3","台中縣(99年以前)","太平市",3.86
"098Q3","台中縣(99年以前)","大里市",3.92
"098Q3","台中縣(99年以前)","和平鄉",3.58
"098Q3","台南縣(99年以前)","",3.96
"098Q3","台南縣(99年以前)","新營市",3.54
"098Q3","台南縣(99年以前)","鹽水鎮",4.02
"098Q3","台南縣(99年以前)","白河鎮",4.62
"098Q3","台南縣(99年以前)","柳營鄉",4.23
"098Q3","台南縣(99年以前)","後壁鄉",4.23
"098Q3","台南縣(99年以前)","東山鄉",4.72
"098Q3","台南縣(99年以前)","麻豆鎮",4.05
"098Q3","台南縣(99年以前)","下營鄉",4.33
"098Q3","台南縣(99年以前)","六甲鄉",4.26
"098Q3","台南縣(99年以前)","官田鄉",4.10
"098Q3","台南縣(99年以前)","大內鄉",4.50
"098Q3","台南縣(99年以前)","佳里鎮",3.95
"098Q3","台南縣(99年以前)","西港鄉",4.43
"098Q3","台南縣(99年以前)","七股鄉",5.11
"098Q3","台南縣(99年以前)","將軍鄉",4.67
"098Q3","台南縣(99年以前)","北門鄉",4.96
"098Q3","台南縣(99年以前)","學甲鎮",4.11
"098Q3","台南縣(99年以前)","新化鎮",4.10
"098Q3","台南縣(99年以前)","善化鎮",3.85
"098Q3","台南縣(99年以前)","新市鄉",4.01
"098Q3","台南縣(99年以前)","安定鄉",4.30
"098Q3","台南縣(99年以前)","山上鄉",4.67
"098Q3","台南縣(99年以前)","玉井鄉",4.17
"098Q3","台南縣(99年以前)","楠西鄉",4.33
"098Q3","台南縣(99年以前)","南化鄉",4.69
"098Q3","台南縣(99年以前)","左鎮鄉",4.33
"098Q3","台南縣(99年以前)","仁德鄉",3.52
"098Q3","台南縣(99年以前)","歸仁鄉",4.01
"098Q3","台南縣(99年以前)","關廟鄉",4.45
"098Q3","台南縣(99年以前)","龍崎鄉",4.89
"098Q3","台南縣(99年以前)","永康市",3.45
"098Q3","高雄縣(99年以前)","",3.78
"098Q3","高雄縣(99年以前)","鳳山市",3.31
"098Q3","高雄縣(99年以前)","鳥松鄉",3.29
"098Q3","高雄縣(99年以前)","仁武鄉",3.32
"098Q3","高雄縣(99年以前)","大社鄉",3.53
"098Q3","高雄縣(99年以前)","大樹鄉",4.50
"098Q3","高雄縣(99年以前)","大寮鄉",3.59
"098Q3","高雄縣(99年以前)","林園鄉",4.21
"098Q3","高雄縣(99年以前)","岡山鎮",3.63
"098Q3","高雄縣(99年以前)","茄萣鄉",4.69
"098Q3","高雄縣(99年以前)","永安鄉",4.48
"098Q3","高雄縣(99年以前)","橋頭鄉",3.72
"098Q3","高雄縣(99年以前)","梓官鄉",4.06
"098Q3","高雄縣(99年以前)","田寮鄉",4.49
"098Q3","高雄縣(99年以前)","阿蓮鄉",4.44
"098Q3","高雄縣(99年以前)","路竹鄉",4.36
"098Q3","高雄縣(99年以前)","燕巢鄉",4.52
"098Q3","高雄縣(99年以前)","彌陀鄉",5.05
"098Q3","高雄縣(99年以前)","湖內鄉",3.75
"098Q3","高雄縣(99年以前)","旗山鎮",4.06
"098Q3","高雄縣(99年以前)","六龜鄉",4.02
"098Q3","高雄縣(99年以前)","內門鄉",5.87
"098Q3","高雄縣(99年以前)","美濃鎮",5.31
"098Q3","高雄縣(99年以前)","杉林鄉",4.87
"098Q3","高雄縣(99年以前)","甲仙鄉",4.07
"098Q3","高雄縣(99年以前)","茂林鄉",4.99
"098Q3","高雄縣(99年以前)","桃源鄉",5.39
"098Q3","高雄縣(99年以前)","那瑪夏鄉",5.21
"098Q4","全國","",4.23
"098Q4","新北市","",3.36
"098Q4","新北市","板橋區",3.45
"098Q4","新北市","三重區",3.39
"098Q4","新北市","中和區",3.14
"098Q4","新北市","永和區",3.26
"098Q4","新北市","新莊區",3.51
"098Q4","新北市","新店區",3.03
"098Q4","新北市","樹林區",3.60
"098Q4","新北市","鶯歌區",3.88
"098Q4","新北市","三峽區",3.62
"098Q4","新北市","淡水區",2.94
"098Q4","新北市","汐止區",2.81
"098Q4","新北市","瑞芳區",3.49
"098Q4","新北市","土城區",3.50
"098Q4","新北市","蘆洲區",3.60
"098Q4","新北市","五股區",3.55
"098Q4","新北市","泰山區",3.41
"098Q4","新北市","林口區",3.46
"098Q4","新北市","深坑區",3.19
"098Q4","新北市","石碇區",3.57
"098Q4","新北市","坪林區",3.93
"098Q4","新北市","三芝區",3.43
"098Q4","新北市","石門區",5.45
"098Q4","新北市","八里區",3.59
"098Q4","新北市","平溪區",3.33
"098Q4","新北市","雙溪區",4.06
"098Q4","新北市","貢寮區",5.08
"098Q4","新北市","金山區",4.44
"098Q4","新北市","萬里區",4.28
"098Q4","新北市","烏來區",5.21
"098Q4","台北市","",3.52
"098Q4","台北市","松山區",3.61
"098Q4","台北市","信義區",3.41
"098Q4","台北市","大安區",3.57
"098Q4","台北市","中山區",3.08
"098Q4","台北市","中正區",3.65
"098Q4","台北市","大同區",3.59
"098Q4","台北市","萬華區",3.32
"098Q4","台北市","文山區",3.41
"098Q4","台北市","南港區",3.61
"098Q4","台北市","內湖區",3.58
"098Q4","台北市","士林區",3.73
"098Q4","台北市","北投區",3.74
"098Q4","桃園市","",3.67
"098Q4","桃園市","桃園區",3.39
"098Q4","桃園市","中壢區",3.53
"098Q4","桃園市","平鎮區",3.71
"098Q4","桃園市","八德區",3.73
"098Q4","桃園市","楊梅區",3.76
"098Q4","桃園市","大溪區",3.95
"098Q4","桃園市","蘆竹區",3.54
"098Q4","桃園市","大園區",4.41
"098Q4","桃園市","龜山區",3.33
"098Q4","桃園市","龍潭區",3.78
"098Q4","桃園市","新屋區",5.40
"098Q4","桃園市","觀音區",4.79
"098Q4","桃園市","復興區",4.28
"098Q4","台中市","",3.48
"098Q4","台中市","中區",4.54
"098Q4","台中市","東區",3.79
"098Q4","台中市","南區",3.22
"098Q4","台中市","西區",3.41
"098Q4","台中市","北區",3.31
"098Q4","台中市","西屯區",3.46
"098Q4","台中市","南屯區",3.52
"098Q4","台中市","北屯區",3.59
"098Q4","台南市","",3.56
"098Q4","台南市","東區",3.48
"098Q4","台南市","南區",3.63
"098Q4","台南市","北區",3.34
"098Q4","台南市","安南區",4.08
"098Q4","台南市","安平區",3.26
"098Q4","台南市","中西區",3.33
"098Q4","高雄市","",3.36
"098Q4","高雄市","鹽埕區",3.24
"098Q4","高雄市","鼓山區",3.14
"098Q4","高雄市","左營區",3.17
"098Q4","高雄市","楠梓區",3.41
"098Q4","高雄市","三民區",3.39
"098Q4","高雄市","新興區",3.06
"098Q4","高雄市","前金區",2.87
"098Q4","高雄市","苓雅區",3.30
"098Q4","高雄市","前鎮區",3.40
"098Q4","高雄市","旗津區",4.44
"098Q4","高雄市","小港區",3.92
"098Q4","宜蘭縣","",3.83
"098Q4","宜蘭縣","宜蘭市",3.56
"098Q4","宜蘭縣","羅東鎮",3.72
"098Q4","宜蘭縣","蘇澳鎮",4.02
"098Q4","宜蘭縣","頭城鎮",4.21
"098Q4","宜蘭縣","礁溪鄉",3.93
"098Q4","宜蘭縣","壯圍鄉",4.35
"098Q4","宜蘭縣","員山鄉",3.96
"098Q4","宜蘭縣","冬山鄉",3.67
"098Q4","宜蘭縣","五結鄉",3.68
"098Q4","宜蘭縣","三星鄉",3.99
"098Q4","宜蘭縣","大同鄉",4.78
"098Q4","宜蘭縣","南澳鄉",5.85
"098Q4","新竹縣","",4.08
"098Q4","新竹縣","竹北市",3.62
"098Q4","新竹縣","關西鎮",5.26
"098Q4","新竹縣","新埔鎮",4.56
"098Q4","新竹縣","竹東鎮",3.93
"098Q4","新竹縣","湖口鄉",4.14
"098Q4","新竹縣","橫山鄉",4.60
"098Q4","新竹縣","新豐鄉",4.32
"098Q4","新竹縣","芎林鄉",4.49
"098Q4","新竹縣","寶山鄉",3.89
"098Q4","新竹縣","北埔鄉",4.99
"098Q4","新竹縣","峨眉鄉",5.30
"098Q4","新竹縣","尖石鄉",4.21
"098Q4","新竹縣","五峰鄉",4.35
"098Q4","苗栗縣","",4.35
"098Q4","苗栗縣","苗栗市",3.70
"098Q4","苗栗縣","苑裡鎮",4.96
"098Q4","苗栗縣","通霄鎮",5.24
"098Q4","苗栗縣","竹南鎮",4.00
"098Q4","苗栗縣","頭份鎮",3.96
"098Q4","苗栗縣","後龍鎮",5.01
"098Q4","苗栗縣","卓蘭鎮",5.05
"098Q4","苗栗縣","大湖鄉",4.85
"098Q4","苗栗縣","公館鄉",4.33
"098Q4","苗栗縣","銅鑼鄉",4.70
"098Q4","苗栗縣","南庄鄉",4.66
"098Q4","苗栗縣","頭屋鄉",4.73
"098Q4","苗栗縣","三義鄉",4.63
"098Q4","苗栗縣","西湖鄉",5.87
"098Q4","苗栗縣","造橋鄉",4.69
"098Q4","苗栗縣","三灣鄉",4.64
"098Q4","苗栗縣","獅潭鄉",4.49
"098Q4","苗栗縣","泰安鄉",6.42
"098Q4","彰化縣","",4.92
"098Q4","彰化縣","彰化市",4.04
"098Q4","彰化縣","鹿港鎮",5.06
"098Q4","彰化縣","和美鎮",4.59
"098Q4","彰化縣","北斗鎮",4.28
"098Q4","彰化縣","員林鎮",4.53
"098Q4","彰化縣","溪湖鎮",5.34
"098Q4","彰化縣","田中鎮",4.72
"098Q4","彰化縣","二林鎮",6.12
"098Q4","彰化縣","線西鄉",5.84
"098Q4","彰化縣","伸港鄉",5.46
"098Q4","彰化縣","福興鄉",6.02
"098Q4","彰化縣","秀水鄉",5.14
"098Q4","彰化縣","花壇鄉",4.51
"098Q4","彰化縣","芬園鄉",5.33
"098Q4","彰化縣","大村鄉",6.25
"098Q4","彰化縣","埔鹽鄉",7.33
"098Q4","彰化縣","埔心鄉",4.47
"098Q4","彰化縣","永靖鄉",5.83
"098Q4","彰化縣","社頭鄉",5.69
"098Q4","彰化縣","二水鄉",4.58
"098Q4","彰化縣","田尾鄉",4.61
"098Q4","彰化縣","埤頭鄉",5.06
"098Q4","彰化縣","芳苑鄉",5.90
"098Q4","彰化縣","大城鄉",7.27
"098Q4","彰化縣","竹塘鄉",5.15
"098Q4","彰化縣","溪州鄉",5.80
"098Q4","南投縣","",4.31
"098Q4","南投縣","南投市",3.88
"098Q4","南投縣","埔里鎮",4.10
"098Q4","南投縣","草屯鎮",4.34
"098Q4","南投縣","竹山鎮",4.07
"098Q4","南投縣","集集鎮",4.38
"098Q4","南投縣","名間鄉",5.25
"098Q4","南投縣","鹿谷鄉",4.85
"098Q4","南投縣","中寮鄉",4.92
"098Q4","南投縣","魚池鄉",5.30
"098Q4","南投縣","國姓鄉",4.30
"098Q4","南投縣","水里鄉",4.20
"098Q4","南投縣","信義鄉",5.43
"098Q4","南投縣","仁愛鄉",4.31
"098Q4","雲林縣","",4.68
"098Q4","雲林縣","斗六市",3.84
"098Q4","雲林縣","斗南鎮",4.12
"098Q4","雲林縣","虎尾鎮",4.00
"098Q4","雲林縣","西螺鎮",4.86
"098Q4","雲林縣","土庫鎮",5.13
"098Q4","雲林縣","北港鎮",4.06
"098Q4","雲林縣","古坑鄉",4.92
"098Q4","雲林縣","大埤鄉",4.99
"098Q4","雲林縣","莿桐鄉",5.03
"098Q4","雲林縣","林內鄉",4.79
"098Q4","雲林縣","二崙鄉",5.52
"098Q4","雲林縣","崙背鄉",5.25
"098Q4","雲林縣","麥寮鄉",5.14
"098Q4","雲林縣","東勢鄉",5.47
"098Q4","雲林縣","褒忠鄉",5.29
"098Q4","雲林縣","台西鄉",5.69
"098Q4","雲林縣","元長鄉",5.36
"098Q4","雲林縣","四湖鄉",5.26
"098Q4","雲林縣","口湖鄉",5.92
"098Q4","雲林縣","水林鄉",5.69
"098Q4","嘉義縣","",4.76
"098Q4","嘉義縣","太保市",4.35
"098Q4","嘉義縣","朴子市",4.50
"098Q4","嘉義縣","布袋鎮",4.94
"098Q4","嘉義縣","大林鎮",4.36
"098Q4","嘉義縣","民雄鄉",4.25
"098Q4","嘉義縣","溪口鄉",5.80
"098Q4","嘉義縣","新港鄉",5.46
"098Q4","嘉義縣","六腳鄉",5.66
"098Q4","嘉義縣","東石鄉",5.78
"098Q4","嘉義縣","義竹鄉",5.33
"098Q4","嘉義縣","鹿草鄉",5.38
"098Q4","嘉義縣","水上鄉",4.09
"098Q4","嘉義縣","中埔鄉",4.64
"098Q4","嘉義縣","竹崎鄉",5.23
"098Q4","嘉義縣","梅山鄉",5.00
"098Q4","嘉義縣","番路鄉",4.56
"098Q4","嘉義縣","大埔鄉",5.72
"098Q4","嘉義縣","阿里山鄉",5.22
"098Q4","屏東縣","",4.32
"098Q4","屏東縣","屏東市",3.63
"098Q4","屏東縣","潮州鎮",3.76
"098Q4","屏東縣","東港鎮",4.50
"098Q4","屏東縣","恆春鎮",4.09
"098Q4","屏東縣","萬丹鄉",4.64
"098Q4","屏東縣","長治鄉",4.30
"098Q4","屏東縣","麟洛鄉",3.99
"098Q4","屏東縣","九如鄉",4.55
"098Q4","屏東縣","里港鄉",4.67
"098Q4","屏東縣","鹽埔鄉",5.32
"098Q4","屏東縣","高樹鄉",5.43
"098Q4","屏東縣","萬巒鄉",5.32
"098Q4","屏東縣","內埔鄉",4.54
"098Q4","屏東縣","竹田鄉",4.37
"098Q4","屏東縣","新埤鄉",4.94
"098Q4","屏東縣","枋寮鄉",4.27
"098Q4","屏東縣","新園鄉",4.90
"098Q4","屏東縣","崁頂鄉",6.26
"098Q4","屏東縣","林邊鄉",4.56
"098Q4","屏東縣","南州鄉",4.55
"098Q4","屏東縣","佳冬鄉",5.10
"098Q4","屏東縣","琉球鄉",5.55
"098Q4","屏東縣","車城鄉",4.31
"098Q4","屏東縣","滿州鄉",4.26
"098Q4","屏東縣","枋山鄉",4.48
"098Q4","屏東縣","三地門鄉",5.41
"098Q4","屏東縣","霧台鄉",4.09
"098Q4","屏東縣","瑪家鄉",5.55
"098Q4","屏東縣","泰武鄉",6.70
"098Q4","屏東縣","來義鄉",5.01
"098Q4","屏東縣","春日鄉",4.96
"098Q4","屏東縣","獅子鄉",4.67
"098Q4","屏東縣","牡丹鄉",4.48
"098Q4","台東縣","",3.82
"098Q4","台東縣","台東市",3.72
"098Q4","台東縣","成功鎮",3.77
"098Q4","台東縣","關山鎮",4.03
"098Q4","台東縣","卑南鄉",3.88
"098Q4","台東縣","大武鄉",3.90
"098Q4","台東縣","太麻里鄉",3.68
"098Q4","台東縣","東河鄉",3.41
"098Q4","台東縣","長濱鄉",3.28
"098Q4","台東縣","鹿野鄉",3.75
"098Q4","台東縣","池上鄉",3.88
"098Q4","台東縣","綠島鄉",5.82
"098Q4","台東縣","延平鄉",4.84
"098Q4","台東縣","海端鄉",5.22
"098Q4","台東縣","達仁鄉",3.91
"098Q4","台東縣","金峰鄉",5.24
"098Q4","台東縣","蘭嶼鄉",4.46
"098Q4","花蓮縣","",3.67
"098Q4","花蓮縣","花蓮市",3.65
"098Q4","花蓮縣","鳳林鎮",3.41
"098Q4","花蓮縣","玉里鎮",3.95
"098Q4","花蓮縣","新城鄉",3.43
"098Q4","花蓮縣","吉安鄉",3.38
"098Q4","花蓮縣","壽豐鄉",3.63
"098Q4","花蓮縣","光復鄉",3.63
"098Q4","花蓮縣","豐濱鄉",3.59
"098Q4","花蓮縣","瑞穗鄉",3.63
"098Q4","花蓮縣","富里鄉",3.81
"098Q4","花蓮縣","秀林鄉",5.20
"098Q4","花蓮縣","萬榮鄉",5.36
"098Q4","花蓮縣","卓溪鄉",4.84
"098Q4","澎湖縣","",4.11
"098Q4","澎湖縣","馬公市",3.86
"098Q4","澎湖縣","湖西鄉",4.23
"098Q4","澎湖縣","白沙鄉",4.73
"098Q4","澎湖縣","西嶼鄉",4.20
"098Q4","澎湖縣","望安鄉",5.66
"098Q4","澎湖縣","七美鄉",5.04
"098Q4","基隆市","",3.18
"098Q4","基隆市","中正區",3.10
"098Q4","基隆市","七堵區",3.22
"098Q4","基隆市","暖暖區",3.13
"098Q4","基隆市","仁愛區",3.51
"098Q4","基隆市","中山區",3.21
"098Q4","基隆市","安樂區",3.12
"098Q4","基隆市","信義區",3.03
"098Q4","新竹市","",3.64
"098Q4","新竹市","新竹市",3.64
"098Q4","嘉義市","",3.99
"098Q4","嘉義市","嘉義市",3.99
"098Q4","金門縣","",6.45
"098Q4","金門縣","金城鎮",6.43
"098Q4","金門縣","金湖鎮",6.17
"098Q4","金門縣","金沙鎮",5.89
"098Q4","金門縣","金寧鄉",6.92
"098Q4","金門縣","烈嶼鄉",7.34
"098Q4","金門縣","烏坵鄉",9.55
"098Q4","連江縣","",8.65
"098Q4","連江縣","南竿鄉",9.65
"098Q4","連江縣","北竿鄉",7.64
"098Q4","連江縣","莒光鄉",8.79
"098Q4","連江縣","東引鄉",6.28
"098Q4","台中縣(99年以前)","",4.28
"098Q4","台中縣(99年以前)","豐原市",4.33
"098Q4","台中縣(99年以前)","東勢鎮",4.53
"098Q4","台中縣(99年以前)","大甲鎮",4.84
"098Q4","台中縣(99年以前)","清水鎮",4.81
"098Q4","台中縣(99年以前)","沙鹿鎮",4.25
"098Q4","台中縣(99年以前)","梧棲鎮",4.40
"098Q4","台中縣(99年以前)","神岡鄉",4.66
"098Q4","台中縣(99年以前)","后里鄉",4.95
"098Q4","台中縣(99年以前)","大雅鄉",4.15
"098Q4","台中縣(99年以前)","潭子鄉",3.76
"098Q4","台中縣(99年以前)","新社鄉",4.45
"098Q4","台中縣(99年以前)","石岡鄉",4.64
"098Q4","台中縣(99年以前)","外埔鄉",4.74
"098Q4","台中縣(99年以前)","大安鄉",5.31
"098Q4","台中縣(99年以前)","烏日鄉",4.20
"098Q4","台中縣(99年以前)","大肚鄉",4.39
"098Q4","台中縣(99年以前)","龍井鄉",4.73
"098Q4","台中縣(99年以前)","霧峰鄉",4.34
"098Q4","台中縣(99年以前)","太平市",3.85
"098Q4","台中縣(99年以前)","大里市",3.92
"098Q4","台中縣(99年以前)","和平鄉",3.57
"098Q4","台南縣(99年以前)","",3.95
"098Q4","台南縣(99年以前)","新營市",3.53
"098Q4","台南縣(99年以前)","鹽水鎮",4.00
"098Q4","台南縣(99年以前)","白河鎮",4.60
"098Q4","台南縣(99年以前)","柳營鄉",4.22
"098Q4","台南縣(99年以前)","後壁鄉",4.22
"098Q4","台南縣(99年以前)","東山鄉",4.73
"098Q4","台南縣(99年以前)","麻豆鎮",4.03
"098Q4","台南縣(99年以前)","下營鄉",4.32
"098Q4","台南縣(99年以前)","六甲鄉",4.25
"098Q4","台南縣(99年以前)","官田鄉",4.10
"098Q4","台南縣(99年以前)","大內鄉",4.48
"098Q4","台南縣(99年以前)","佳里鎮",3.94
"098Q4","台南縣(99年以前)","西港鄉",4.41
"098Q4","台南縣(99年以前)","七股鄉",5.10
"098Q4","台南縣(99年以前)","將軍鄉",4.66
"098Q4","台南縣(99年以前)","北門鄉",4.95
"098Q4","台南縣(99年以前)","學甲鎮",4.10
"098Q4","台南縣(99年以前)","新化鎮",4.09
"098Q4","台南縣(99年以前)","善化鎮",3.84
"098Q4","台南縣(99年以前)","新市鄉",4.00
"098Q4","台南縣(99年以前)","安定鄉",4.28
"098Q4","台南縣(99年以前)","山上鄉",4.68
"098Q4","台南縣(99年以前)","玉井鄉",4.16
"098Q4","台南縣(99年以前)","楠西鄉",4.33
"098Q4","台南縣(99年以前)","南化鄉",4.69
"098Q4","台南縣(99年以前)","左鎮鄉",4.30
"098Q4","台南縣(99年以前)","仁德鄉",3.52
"098Q4","台南縣(99年以前)","歸仁鄉",4.00
"098Q4","台南縣(99年以前)","關廟鄉",4.41
"098Q4","台南縣(99年以前)","龍崎鄉",4.87
"098Q4","台南縣(99年以前)","永康市",3.44
"098Q4","高雄縣(99年以前)","",3.78
"098Q4","高雄縣(99年以前)","鳳山市",3.31
"098Q4","高雄縣(99年以前)","鳥松鄉",3.28
"098Q4","高雄縣(99年以前)","仁武鄉",3.32
"098Q4","高雄縣(99年以前)","大社鄉",3.52
"098Q4","高雄縣(99年以前)","大樹鄉",4.49
"098Q4","高雄縣(99年以前)","大寮鄉",3.59
"098Q4","高雄縣(99年以前)","林園鄉",4.20
"098Q4","高雄縣(99年以前)","岡山鎮",3.63
"098Q4","高雄縣(99年以前)","茄萣鄉",4.67
"098Q4","高雄縣(99年以前)","永安鄉",4.50
"098Q4","高雄縣(99年以前)","橋頭鄉",3.71
"098Q4","高雄縣(99年以前)","梓官鄉",4.05
"098Q4","高雄縣(99年以前)","田寮鄉",4.49
"098Q4","高雄縣(99年以前)","阿蓮鄉",4.43
"098Q4","高雄縣(99年以前)","路竹鄉",4.35
"098Q4","高雄縣(99年以前)","燕巢鄉",4.50
"098Q4","高雄縣(99年以前)","彌陀鄉",5.05
"098Q4","高雄縣(99年以前)","湖內鄉",3.74
"098Q4","高雄縣(99年以前)","旗山鎮",4.04
"098Q4","高雄縣(99年以前)","六龜鄉",4.00
"098Q4","高雄縣(99年以前)","內門鄉",5.84
"098Q4","高雄縣(99年以前)","美濃鎮",5.29
"098Q4","高雄縣(99年以前)","杉林鄉",4.85
"098Q4","高雄縣(99年以前)","甲仙鄉",4.07
"098Q4","高雄縣(99年以前)","茂林鄉",4.98
"098Q4","高雄縣(99年以前)","桃源鄉",5.33
"098Q4","高雄縣(99年以前)","那瑪夏鄉",5.23
"099Q1","全國","",4.22
"099Q1","新北市","",3.35
"099Q1","新北市","板橋區",3.44
"099Q1","新北市","三重區",3.38
"099Q1","新北市","中和區",3.13
"099Q1","新北市","永和區",3.26
"099Q1","新北市","新莊區",3.51
"099Q1","新北市","新店區",3.03
"099Q1","新北市","樹林區",3.58
"099Q1","新北市","鶯歌區",3.87
"099Q1","新北市","三峽區",3.61
"099Q1","新北市","淡水區",2.92
"099Q1","新北市","汐止區",2.81
"099Q1","新北市","瑞芳區",3.48
"099Q1","新北市","土城區",3.49
"099Q1","新北市","蘆洲區",3.59
"099Q1","新北市","五股區",3.54
"099Q1","新北市","泰山區",3.41
"099Q1","新北市","林口區",3.45
"099Q1","新北市","深坑區",3.18
"099Q1","新北市","石碇區",3.57
"099Q1","新北市","坪林區",3.91
"099Q1","新北市","三芝區",3.43
"099Q1","新北市","石門區",5.45
"099Q1","新北市","八里區",3.58
"099Q1","新北市","平溪區",3.29
"099Q1","新北市","雙溪區",4.04
"099Q1","新北市","貢寮區",5.06
"099Q1","新北市","金山區",4.44
"099Q1","新北市","萬里區",4.28
"099Q1","新北市","烏來區",5.19
"099Q1","台北市","",3.51
"099Q1","台北市","松山區",3.61
"099Q1","台北市","信義區",3.41
"099Q1","台北市","大安區",3.57
"099Q1","台北市","中山區",3.07
"099Q1","台北市","中正區",3.66
"099Q1","台北市","大同區",3.59
"099Q1","台北市","萬華區",3.32
"099Q1","台北市","文山區",3.42
"099Q1","台北市","南港區",3.60
"099Q1","台北市","內湖區",3.58
"099Q1","台北市","士林區",3.72
"099Q1","台北市","北投區",3.73
"099Q1","桃園市","",3.66
"099Q1","桃園市","桃園區",3.39
"099Q1","桃園市","中壢區",3.52
"099Q1","桃園市","平鎮區",3.70
"099Q1","桃園市","八德區",3.71
"099Q1","桃園市","楊梅區",3.75
"099Q1","桃園市","大溪區",3.94
"099Q1","桃園市","蘆竹區",3.53
"099Q1","桃園市","大園區",4.39
"099Q1","桃園市","龜山區",3.32
"099Q1","桃園市","龍潭區",3.77
"099Q1","桃園市","新屋區",5.38
"099Q1","桃園市","觀音區",4.75
"099Q1","桃園市","復興區",4.30
"099Q1","台中市","",3.48
"099Q1","台中市","中區",4.51
"099Q1","台中市","東區",3.60
"099Q1","台中市","南區",3.21
"099Q1","台中市","西區",3.52
"099Q1","台中市","北區",3.30
"099Q1","台中市","西屯區",3.45
"099Q1","台中市","南屯區",3.51
"099Q1","台中市","北屯區",3.59
"099Q1","台南市","",3.55
"099Q1","台南市","東區",3.46
"099Q1","台南市","南區",3.62
"099Q1","台南市","北區",3.35
"099Q1","台南市","安南區",4.07
"099Q1","台南市","安平區",3.25
"099Q1","台南市","中西區",3.33
"099Q1","高雄市","",3.36
"099Q1","高雄市","鹽埕區",3.54
"099Q1","高雄市","鼓山區",3.07
"099Q1","高雄市","左營區",3.16
"099Q1","高雄市","楠梓區",3.40
"099Q1","高雄市","三民區",3.39
"099Q1","高雄市","新興區",3.06
"099Q1","高雄市","前金區",2.85
"099Q1","高雄市","苓雅區",3.30
"099Q1","高雄市","前鎮區",3.39
"099Q1","高雄市","旗津區",4.44
"099Q1","高雄市","小港區",3.91
"099Q1","宜蘭縣","",3.83
"099Q1","宜蘭縣","宜蘭市",3.56
"099Q1","宜蘭縣","羅東鎮",3.71
"099Q1","宜蘭縣","蘇澳鎮",4.02
"099Q1","宜蘭縣","頭城鎮",4.21
"099Q1","宜蘭縣","礁溪鄉",3.92
"099Q1","宜蘭縣","壯圍鄉",4.35
"099Q1","宜蘭縣","員山鄉",3.95
"099Q1","宜蘭縣","冬山鄉",3.65
"099Q1","宜蘭縣","五結鄉",3.68
"099Q1","宜蘭縣","三星鄉",3.98
"099Q1","宜蘭縣","大同鄉",4.81
"099Q1","宜蘭縣","南澳鄉",5.88
"099Q1","新竹縣","",4.07
"099Q1","新竹縣","竹北市",3.61
"099Q1","新竹縣","關西鎮",5.24
"099Q1","新竹縣","新埔鎮",4.54
"099Q1","新竹縣","竹東鎮",3.91
"099Q1","新竹縣","湖口鄉",4.13
"099Q1","新竹縣","橫山鄉",4.59
"099Q1","新竹縣","新豐鄉",4.30
"099Q1","新竹縣","芎林鄉",4.46
"099Q1","新竹縣","寶山鄉",3.87
"099Q1","新竹縣","北埔鄉",4.98
"099Q1","新竹縣","峨眉鄉",5.27
"099Q1","新竹縣","尖石鄉",4.21
"099Q1","新竹縣","五峰鄉",4.40
"099Q1","苗栗縣","",4.33
"099Q1","苗栗縣","苗栗市",3.69
"099Q1","苗栗縣","苑裡鎮",4.93
"099Q1","苗栗縣","通霄鎮",5.22
"099Q1","苗栗縣","竹南鎮",3.98
"099Q1","苗栗縣","頭份鎮",3.94
"099Q1","苗栗縣","後龍鎮",4.99
"099Q1","苗栗縣","卓蘭鎮",5.03
"099Q1","苗栗縣","大湖鄉",4.82
"099Q1","苗栗縣","公館鄉",4.32
"099Q1","苗栗縣","銅鑼鄉",4.68
"099Q1","苗栗縣","南庄鄉",4.66
"099Q1","苗栗縣","頭屋鄉",4.70
"099Q1","苗栗縣","三義鄉",4.58
"099Q1","苗栗縣","西湖鄉",5.86
"099Q1","苗栗縣","造橋鄉",4.68
"099Q1","苗栗縣","三灣鄉",4.61
"099Q1","苗栗縣","獅潭鄉",4.46
"099Q1","苗栗縣","泰安鄉",6.56
"099Q1","彰化縣","",4.91
"099Q1","彰化縣","彰化市",4.03
"099Q1","彰化縣","鹿港鎮",5.05
"099Q1","彰化縣","和美鎮",4.58
"099Q1","彰化縣","北斗鎮",4.27
"099Q1","彰化縣","員林鎮",4.51
"099Q1","彰化縣","溪湖鎮",5.34
"099Q1","彰化縣","田中鎮",4.70
"099Q1","彰化縣","二林鎮",6.11
"099Q1","彰化縣","線西鄉",5.83
"099Q1","彰化縣","伸港鄉",5.45
"099Q1","彰化縣","福興鄉",6.00
"099Q1","彰化縣","秀水鄉",5.13
"099Q1","彰化縣","花壇鄉",4.49
"099Q1","彰化縣","芬園鄉",5.31
"099Q1","彰化縣","大村鄉",6.22
"099Q1","彰化縣","埔鹽鄉",7.26
"099Q1","彰化縣","埔心鄉",4.46
"099Q1","彰化縣","永靖鄉",5.80
"099Q1","彰化縣","社頭鄉",5.67
"099Q1","彰化縣","二水鄉",4.58
"099Q1","彰化縣","田尾鄉",4.60
"099Q1","彰化縣","埤頭鄉",5.05
"099Q1","彰化縣","芳苑鄉",5.87
"099Q1","彰化縣","大城鄉",7.26
"099Q1","彰化縣","竹塘鄉",5.12
"099Q1","彰化縣","溪州鄉",5.78
"099Q1","南投縣","",4.29
"099Q1","南投縣","南投市",3.87
"099Q1","南投縣","埔里鎮",4.09
"099Q1","南投縣","草屯鎮",4.33
"099Q1","南投縣","竹山鎮",4.06
"099Q1","南投縣","集集鎮",4.37
"099Q1","南投縣","名間鄉",5.22
"099Q1","南投縣","鹿谷鄉",4.83
"099Q1","南投縣","中寮鄉",4.90
"099Q1","南投縣","魚池鄉",5.28
"099Q1","南投縣","國姓鄉",4.31
"099Q1","南投縣","水里鄉",4.18
"099Q1","南投縣","信義鄉",5.43
"099Q1","南投縣","仁愛鄉",4.31
"099Q1","雲林縣","",4.66
"099Q1","雲林縣","斗六市",3.83
"099Q1","雲林縣","斗南鎮",4.10
"099Q1","雲林縣","虎尾鎮",3.98
"099Q1","雲林縣","西螺鎮",4.85
"099Q1","雲林縣","土庫鎮",5.11
"099Q1","雲林縣","北港鎮",4.05
"099Q1","雲林縣","古坑鄉",4.89
"099Q1","雲林縣","大埤鄉",4.97
"099Q1","雲林縣","莿桐鄉",5.01
"099Q1","雲林縣","林內鄉",4.74
"099Q1","雲林縣","二崙鄉",5.49
"099Q1","雲林縣","崙背鄉",5.24
"099Q1","雲林縣","麥寮鄉",5.13
"099Q1","雲林縣","東勢鄉",5.45
"099Q1","雲林縣","褒忠鄉",5.26
"099Q1","雲林縣","台西鄉",5.66
"099Q1","雲林縣","元長鄉",5.35
"099Q1","雲林縣","四湖鄉",5.26
"099Q1","雲林縣","口湖鄉",5.90
"099Q1","雲林縣","水林鄉",5.67
"099Q1","嘉義縣","",4.74
"099Q1","嘉義縣","太保市",4.34
"099Q1","嘉義縣","朴子市",4.46
"099Q1","嘉義縣","布袋鎮",4.91
"099Q1","嘉義縣","大林鎮",4.34
"099Q1","嘉義縣","民雄鄉",4.24
"099Q1","嘉義縣","溪口鄉",5.78
"099Q1","嘉義縣","新港鄉",5.45
"099Q1","嘉義縣","六腳鄉",5.64
"099Q1","嘉義縣","東石鄉",5.75
"099Q1","嘉義縣","義竹鄉",5.30
"099Q1","嘉義縣","鹿草鄉",5.36
"099Q1","嘉義縣","水上鄉",4.08
"099Q1","嘉義縣","中埔鄉",4.61
"099Q1","嘉義縣","竹崎鄉",5.21
"099Q1","嘉義縣","梅山鄉",4.98
"099Q1","嘉義縣","番路鄉",4.58
"099Q1","嘉義縣","大埔鄉",5.79
"099Q1","嘉義縣","阿里山鄉",5.24
"099Q1","屏東縣","",4.31
"099Q1","屏東縣","屏東市",3.61
"099Q1","屏東縣","潮州鎮",3.74
"099Q1","屏東縣","東港鎮",4.51
"099Q1","屏東縣","恆春鎮",4.11
"099Q1","屏東縣","萬丹鄉",4.61
"099Q1","屏東縣","長治鄉",4.28
"099Q1","屏東縣","麟洛鄉",3.98
"099Q1","屏東縣","九如鄉",4.53
"099Q1","屏東縣","里港鄉",4.65
"099Q1","屏東縣","鹽埔鄉",5.30
"099Q1","屏東縣","高樹鄉",5.39
"099Q1","屏東縣","萬巒鄉",5.29
"099Q1","屏東縣","內埔鄉",4.53
"099Q1","屏東縣","竹田鄉",4.37
"099Q1","屏東縣","新埤鄉",4.93
"099Q1","屏東縣","枋寮鄉",4.25
"099Q1","屏東縣","新園鄉",4.86
"099Q1","屏東縣","崁頂鄉",6.26
"099Q1","屏東縣","林邊鄉",4.54
"099Q1","屏東縣","南州鄉",4.53
"099Q1","屏東縣","佳冬鄉",5.05
"099Q1","屏東縣","琉球鄉",5.52
"099Q1","屏東縣","車城鄉",4.29
"099Q1","屏東縣","滿州鄉",4.22
"099Q1","屏東縣","枋山鄉",4.44
"099Q1","屏東縣","三地門鄉",5.41
"099Q1","屏東縣","霧台鄉",4.09
"099Q1","屏東縣","瑪家鄉",5.52
"099Q1","屏東縣","泰武鄉",6.73
"099Q1","屏東縣","來義鄉",5.00
"099Q1","屏東縣","春日鄉",4.93
"099Q1","屏東縣","獅子鄉",4.70
"099Q1","屏東縣","牡丹鄉",4.51
"099Q1","台東縣","",3.82
"099Q1","台東縣","台東市",3.71
"099Q1","台東縣","成功鎮",3.77
"099Q1","台東縣","關山鎮",4.03
"099Q1","台東縣","卑南鄉",3.88
"099Q1","台東縣","大武鄉",3.92
"099Q1","台東縣","太麻里鄉",3.69
"099Q1","台東縣","東河鄉",3.42
"099Q1","台東縣","長濱鄉",3.29
"099Q1","台東縣","鹿野鄉",3.75
"099Q1","台東縣","池上鄉",3.86
"099Q1","台東縣","綠島鄉",5.79
"099Q1","台東縣","延平鄉",4.92
"099Q1","台東縣","海端鄉",5.22
"099Q1","台東縣","達仁鄉",4.01
"099Q1","台東縣","金峰鄉",5.39
"099Q1","台東縣","蘭嶼鄉",4.52
"099Q1","花蓮縣","",3.67
"099Q1","花蓮縣","花蓮市",3.64
"099Q1","花蓮縣","鳳林鎮",3.41
"099Q1","花蓮縣","玉里鎮",3.94
"099Q1","花蓮縣","新城鄉",3.42
"099Q1","花蓮縣","吉安鄉",3.37
"099Q1","花蓮縣","壽豐鄉",3.61
"099Q1","花蓮縣","光復鄉",3.63
"099Q1","花蓮縣","豐濱鄉",3.64
"099Q1","花蓮縣","瑞穗鄉",3.63
"099Q1","花蓮縣","富里鄉",3.80
"099Q1","花蓮縣","秀林鄉",5.22
"099Q1","花蓮縣","萬榮鄉",5.32
"099Q1","花蓮縣","卓溪鄉",4.86
"099Q1","澎湖縣","",4.12
"099Q1","澎湖縣","馬公市",3.86
"099Q1","澎湖縣","湖西鄉",4.26
"099Q1","澎湖縣","白沙鄉",4.78
"099Q1","澎湖縣","西嶼鄉",4.18
"099Q1","澎湖縣","望安鄉",5.65
"099Q1","澎湖縣","七美鄉",5.09
"099Q1","基隆市","",3.17
"099Q1","基隆市","中正區",3.09
"099Q1","基隆市","七堵區",3.22
"099Q1","基隆市","暖暖區",3.13
"099Q1","基隆市","仁愛區",3.49
"099Q1","基隆市","中山區",3.20
"099Q1","基隆市","安樂區",3.11
"099Q1","基隆市","信義區",3.02
"099Q1","新竹市","",3.63
"099Q1","新竹市","新竹市",3.63
"099Q1","嘉義市","",3.98
"099Q1","嘉義市","嘉義市",3.98
"099Q1","金門縣","",6.49
"099Q1","金門縣","金城鎮",6.47
"099Q1","金門縣","金湖鎮",6.20
"099Q1","金門縣","金沙鎮",5.94
"099Q1","金門縣","金寧鄉",6.94
"099Q1","金門縣","烈嶼鄉",7.41
"099Q1","金門縣","烏坵鄉",9.72
"099Q1","連江縣","",8.66
"099Q1","連江縣","南竿鄉",9.56
"099Q1","連江縣","北竿鄉",7.84
"099Q1","連江縣","莒光鄉",8.73
"099Q1","連江縣","東引鄉",6.39
"099Q1","台中縣(99年以前)","",4.26
"099Q1","台中縣(99年以前)","豐原市",4.31
"099Q1","台中縣(99年以前)","東勢鎮",4.52
"099Q1","台中縣(99年以前)","大甲鎮",4.83
"099Q1","台中縣(99年以前)","清水鎮",4.79
"099Q1","台中縣(99年以前)","沙鹿鎮",4.22
"099Q1","台中縣(99年以前)","梧棲鎮",4.39
"099Q1","台中縣(99年以前)","神岡鄉",4.65
"099Q1","台中縣(99年以前)","后里鄉",4.94
"099Q1","台中縣(99年以前)","大雅鄉",4.14
"099Q1","台中縣(99年以前)","潭子鄉",3.75
"099Q1","台中縣(99年以前)","新社鄉",4.43
"099Q1","台中縣(99年以前)","石岡鄉",4.64
"099Q1","台中縣(99年以前)","外埔鄉",4.72
"099Q1","台中縣(99年以前)","大安鄉",5.28
"099Q1","台中縣(99年以前)","烏日鄉",4.18
"099Q1","台中縣(99年以前)","大肚鄉",4.37
"099Q1","台中縣(99年以前)","龍井鄉",4.71
"099Q1","台中縣(99年以前)","霧峰鄉",4.33
"099Q1","台中縣(99年以前)","太平市",3.84
"099Q1","台中縣(99年以前)","大里市",3.91
"099Q1","台中縣(99年以前)","和平鄉",3.56
"099Q1","台南縣(99年以前)","",3.93
"099Q1","台南縣(99年以前)","新營市",3.53
"099Q1","台南縣(99年以前)","鹽水鎮",3.98
"099Q1","台南縣(99年以前)","白河鎮",4.59
"099Q1","台南縣(99年以前)","柳營鄉",4.19
"099Q1","台南縣(99年以前)","後壁鄉",4.19
"099Q1","台南縣(99年以前)","東山鄉",4.70
"099Q1","台南縣(99年以前)","麻豆鎮",4.02
"099Q1","台南縣(99年以前)","下營鄉",4.30
"099Q1","台南縣(99年以前)","六甲鄉",4.23
"099Q1","台南縣(99年以前)","官田鄉",4.08
"099Q1","台南縣(99年以前)","大內鄉",4.45
"099Q1","台南縣(99年以前)","佳里鎮",3.93
"099Q1","台南縣(99年以前)","西港鄉",4.39
"099Q1","台南縣(99年以前)","七股鄉",5.09
"099Q1","台南縣(99年以前)","將軍鄉",4.64
"099Q1","台南縣(99年以前)","北門鄉",4.93
"099Q1","台南縣(99年以前)","學甲鎮",4.08
"099Q1","台南縣(99年以前)","新化鎮",4.07
"099Q1","台南縣(99年以前)","善化鎮",3.83
"099Q1","台南縣(99年以前)","新市鄉",3.98
"099Q1","台南縣(99年以前)","安定鄉",4.25
"099Q1","台南縣(99年以前)","山上鄉",4.66
"099Q1","台南縣(99年以前)","玉井鄉",4.16
"099Q1","台南縣(99年以前)","楠西鄉",4.31
"099Q1","台南縣(99年以前)","南化鄉",4.66
"099Q1","台南縣(99年以前)","左鎮鄉",4.28
"099Q1","台南縣(99年以前)","仁德鄉",3.51
"099Q1","台南縣(99年以前)","歸仁鄉",3.99
"099Q1","台南縣(99年以前)","關廟鄉",4.39
"099Q1","台南縣(99年以前)","龍崎鄉",4.82
"099Q1","台南縣(99年以前)","永康市",3.44
"099Q1","高雄縣(99年以前)","",3.76
"099Q1","高雄縣(99年以前)","鳳山市",3.31
"099Q1","高雄縣(99年以前)","鳥松鄉",3.28
"099Q1","高雄縣(99年以前)","仁武鄉",3.31
"099Q1","高雄縣(99年以前)","大社鄉",3.52
"099Q1","高雄縣(99年以前)","大樹鄉",4.47
"099Q1","高雄縣(99年以前)","大寮鄉",3.57
"099Q1","高雄縣(99年以前)","林園鄉",4.19
"099Q1","高雄縣(99年以前)","岡山鎮",3.62
"099Q1","高雄縣(99年以前)","茄萣鄉",4.66
"099Q1","高雄縣(99年以前)","永安鄉",4.48
"099Q1","高雄縣(99年以前)","橋頭鄉",3.71
"099Q1","高雄縣(99年以前)","梓官鄉",4.04
"099Q1","高雄縣(99年以前)","田寮鄉",4.47
"099Q1","高雄縣(99年以前)","阿蓮鄉",4.41
"099Q1","高雄縣(99年以前)","路竹鄉",4.33
"099Q1","高雄縣(99年以前)","燕巢鄉",4.49
"099Q1","高雄縣(99年以前)","彌陀鄉",5.04
"099Q1","高雄縣(99年以前)","湖內鄉",3.73
"099Q1","高雄縣(99年以前)","旗山鎮",4.03
"099Q1","高雄縣(99年以前)","六龜鄉",3.98
"099Q1","高雄縣(99年以前)","內門鄉",5.82
"099Q1","高雄縣(99年以前)","美濃鎮",5.26
"099Q1","高雄縣(99年以前)","杉林鄉",4.76
"099Q1","高雄縣(99年以前)","甲仙鄉",4.05
"099Q1","高雄縣(99年以前)","茂林鄉",4.95
"099Q1","高雄縣(99年以前)","桃源鄉",5.23
"099Q1","高雄縣(99年以前)","那瑪夏鄉",5.22
"099Q2","全國","",4.21
"099Q2","新北市","",3.34
"099Q2","新北市","板橋區",3.43
"099Q2","新北市","三重區",3.37
"099Q2","新北市","中和區",3.13
"099Q2","新北市","永和區",3.24
"099Q2","新北市","新莊區",3.49
"099Q2","新北市","新店區",3.02
"099Q2","新北市","樹林區",3.56
"099Q2","新北市","鶯歌區",3.81
"099Q2","新北市","三峽區",3.58
"099Q2","新北市","淡水區",2.90
"099Q2","新北市","汐止區",2.81
"099Q2","新北市","瑞芳區",3.48
"099Q2","新北市","土城區",3.48
"099Q2","新北市","蘆洲區",3.59
"099Q2","新北市","五股區",3.53
"099Q2","新北市","泰山區",3.41
"099Q2","新北市","林口區",3.41
"099Q2","新北市","深坑區",3.16
"099Q2","新北市","石碇區",3.57
"099Q2","新北市","坪林區",3.90
"099Q2","新北市","三芝區",3.41
"099Q2","新北市","石門區",5.46
"099Q2","新北市","八里區",3.58
"099Q2","新北市","平溪區",3.28
"099Q2","新北市","雙溪區",4.04
"099Q2","新北市","貢寮區",5.06
"099Q2","新北市","金山區",4.42
"099Q2","新北市","萬里區",4.30
"099Q2","新北市","烏來區",5.16
"099Q2","台北市","",3.51
"099Q2","台北市","松山區",3.60
"099Q2","台北市","信義區",3.40
"099Q2","台北市","大安區",3.57
"099Q2","台北市","中山區",3.07
"099Q2","台北市","中正區",3.65
"099Q2","台北市","大同區",3.58
"099Q2","台北市","萬華區",3.31
"099Q2","台北市","文山區",3.42
"099Q2","台北市","南港區",3.59
"099Q2","台北市","內湖區",3.57
"099Q2","台北市","士林區",3.71
"099Q2","台北市","北投區",3.73
"099Q2","桃園市","",3.69
"099Q2","桃園市","桃園區",3.46
"099Q2","桃園市","中壢區",3.54
"099Q2","桃園市","平鎮區",3.70
"099Q2","桃園市","八德區",3.73
"099Q2","桃園市","楊梅區",3.78
"099Q2","桃園市","大溪區",4.00
"099Q2","桃園市","蘆竹區",3.55
"099Q2","桃園市","大園區",4.40
"099Q2","桃園市","龜山區",3.36
"099Q2","桃園市","龍潭區",3.84
"099Q2","桃園市","新屋區",5.37
"099Q2","桃園市","觀音區",4.74
"099Q2","桃園市","復興區",4.33
"099Q2","台中市","",3.47
"099Q2","台中市","中區",4.48
"099Q2","台中市","東區",3.78
"099Q2","台中市","南區",3.21
"099Q2","台中市","西區",3.40
"099Q2","台中市","北區",3.29
"099Q2","台中市","西屯區",3.44
"099Q2","台中市","南屯區",3.51
"099Q2","台中市","北屯區",3.59
"099Q2","台南市","",3.55
"099Q2","台南市","東區",3.46
"099Q2","台南市","南區",3.61
"099Q2","台南市","北區",3.33
"099Q2","台南市","安南區",4.06
"099Q2","台南市","安平區",3.24
"099Q2","台南市","中西區",3.32
"099Q2","高雄市","",3.35
"099Q2","高雄市","鹽埕區",3.54
"099Q2","高雄市","鼓山區",3.07
"099Q2","高雄市","左營區",3.16
"099Q2","高雄市","楠梓區",3.39
"099Q2","高雄市","三民區",3.38
"099Q2","高雄市","新興區",3.05
"099Q2","高雄市","前金區",2.85
"099Q2","高雄市","苓雅區",3.29
"099Q2","高雄市","前鎮區",3.38
"099Q2","高雄市","旗津區",4.45
"099Q2","高雄市","小港區",3.90
"099Q2","宜蘭縣","",3.82
"099Q2","宜蘭縣","宜蘭市",3.55
"099Q2","宜蘭縣","羅東鎮",3.71
"099Q2","宜蘭縣","蘇澳鎮",4.00
"099Q2","宜蘭縣","頭城鎮",4.19
"099Q2","宜蘭縣","礁溪鄉",3.90
"099Q2","宜蘭縣","壯圍鄉",4.33
"099Q2","宜蘭縣","員山鄉",3.94
"099Q2","宜蘭縣","冬山鄉",3.64
"099Q2","宜蘭縣","五結鄉",3.67
"099Q2","宜蘭縣","三星鄉",3.95
"099Q2","宜蘭縣","大同鄉",4.77
"099Q2","宜蘭縣","南澳鄉",5.83
"099Q2","新竹縣","",4.04
"099Q2","新竹縣","竹北市",3.60
"099Q2","新竹縣","關西鎮",5.15
"099Q2","新竹縣","新埔鎮",4.50
"099Q2","新竹縣","竹東鎮",3.89
"099Q2","新竹縣","湖口鄉",4.09
"099Q2","新竹縣","橫山鄉",4.52
"099Q2","新竹縣","新豐鄉",4.27
"099Q2","新竹縣","芎林鄉",4.43
"099Q2","新竹縣","寶山鄉",3.86
"099Q2","新竹縣","北埔鄉",4.95
"099Q2","新竹縣","峨眉鄉",5.23
"099Q2","新竹縣","尖石鄉",4.19
"099Q2","新竹縣","五峰鄉",4.37
"099Q2","苗栗縣","",4.31
"099Q2","苗栗縣","苗栗市",3.67
"099Q2","苗栗縣","苑裡鎮",4.91
"099Q2","苗栗縣","通霄鎮",5.19
"099Q2","苗栗縣","竹南鎮",3.96
"099Q2","苗栗縣","頭份鎮",3.92
"099Q2","苗栗縣","後龍鎮",4.96
"099Q2","苗栗縣","卓蘭鎮",5.02
"099Q2","苗栗縣","大湖鄉",4.81
"099Q2","苗栗縣","公館鄉",4.29
"099Q2","苗栗縣","銅鑼鄉",4.66
"099Q2","苗栗縣","南庄鄉",4.60
"099Q2","苗栗縣","頭屋鄉",4.69
"099Q2","苗栗縣","三義鄉",4.55
"099Q2","苗栗縣","西湖鄉",5.83
"099Q2","苗栗縣","造橋鄉",4.67
"099Q2","苗栗縣","三灣鄉",4.57
"099Q2","苗栗縣","獅潭鄉",4.42
"099Q2","苗栗縣","泰安鄉",6.52
"099Q2","彰化縣","",4.89
"099Q2","彰化縣","彰化市",4.01
"099Q2","彰化縣","鹿港鎮",5.03
"099Q2","彰化縣","和美鎮",4.56
"099Q2","彰化縣","北斗鎮",4.25
"099Q2","彰化縣","員林鎮",4.50
"099Q2","彰化縣","溪湖鎮",5.31
"099Q2","彰化縣","田中鎮",4.68
"099Q2","彰化縣","二林鎮",6.07
"099Q2","彰化縣","線西鄉",5.81
"099Q2","彰化縣","伸港鄉",5.43
"099Q2","彰化縣","福興鄉",5.99
"099Q2","彰化縣","秀水鄉",5.11
"099Q2","彰化縣","花壇鄉",4.49
"099Q2","彰化縣","芬園鄉",5.29
"099Q2","彰化縣","大村鄉",6.18
"099Q2","彰化縣","埔鹽鄉",7.23
"099Q2","彰化縣","埔心鄉",4.44
"099Q2","彰化縣","永靖鄉",5.79
"099Q2","彰化縣","社頭鄉",5.66
"099Q2","彰化縣","二水鄉",4.56
"099Q2","彰化縣","田尾鄉",4.58
"099Q2","彰化縣","埤頭鄉",5.02
"099Q2","彰化縣","芳苑鄉",5.84
"099Q2","彰化縣","大城鄉",7.23
"099Q2","彰化縣","竹塘鄉",5.11
"099Q2","彰化縣","溪州鄉",5.75
"099Q2","南投縣","",4.28
"099Q2","南投縣","南投市",3.86
"099Q2","南投縣","埔里鎮",4.08
"099Q2","南投縣","草屯鎮",4.31
"099Q2","南投縣","竹山鎮",4.05
"099Q2","南投縣","集集鎮",4.31
"099Q2","南投縣","名間鄉",5.20
"099Q2","南投縣","鹿谷鄉",4.78
"099Q2","南投縣","中寮鄉",4.88
"099Q2","南投縣","魚池鄉",5.24
"099Q2","南投縣","國姓鄉",4.29
"099Q2","南投縣","水里鄉",4.17
"099Q2","南投縣","信義鄉",5.40
"099Q2","南投縣","仁愛鄉",4.28
"099Q2","雲林縣","",4.64
"099Q2","雲林縣","斗六市",3.81
"099Q2","雲林縣","斗南鎮",4.08
"099Q2","雲林縣","虎尾鎮",3.96
"099Q2","雲林縣","西螺鎮",4.83
"099Q2","雲林縣","土庫鎮",5.08
"099Q2","雲林縣","北港鎮",4.03
"099Q2","雲林縣","古坑鄉",4.85
"099Q2","雲林縣","大埤鄉",4.94
"099Q2","雲林縣","莿桐鄉",4.98
"099Q2","雲林縣","林內鄉",4.75
"099Q2","雲林縣","二崙鄉",5.46
"099Q2","雲林縣","崙背鄉",5.21
"099Q2","雲林縣","麥寮鄉",5.10
"099Q2","雲林縣","東勢鄉",5.40
"099Q2","雲林縣","褒忠鄉",5.20
"099Q2","雲林縣","台西鄉",5.62
"099Q2","雲林縣","元長鄉",5.31
"099Q2","雲林縣","四湖鄉",5.21
"099Q2","雲林縣","口湖鄉",5.85
"099Q2","雲林縣","水林鄉",5.61
"099Q2","嘉義縣","",4.72
"099Q2","嘉義縣","太保市",4.32
"099Q2","嘉義縣","朴子市",4.44
"099Q2","嘉義縣","布袋鎮",4.87
"099Q2","嘉義縣","大林鎮",4.33
"099Q2","嘉義縣","民雄鄉",4.22
"099Q2","嘉義縣","溪口鄉",5.76
"099Q2","嘉義縣","新港鄉",5.43
"099Q2","嘉義縣","六腳鄉",5.60
"099Q2","嘉義縣","東石鄉",5.72
"099Q2","嘉義縣","義竹鄉",5.27
"099Q2","嘉義縣","鹿草鄉",5.34
"099Q2","嘉義縣","水上鄉",4.06
"099Q2","嘉義縣","中埔鄉",4.59
"099Q2","嘉義縣","竹崎鄉",5.19
"099Q2","嘉義縣","梅山鄉",4.96
"099Q2","嘉義縣","番路鄉",4.55
"099Q2","嘉義縣","大埔鄉",5.80
"099Q2","嘉義縣","阿里山鄉",5.23
"099Q2","屏東縣","",4.29
"099Q2","屏東縣","屏東市",3.60
"099Q2","屏東縣","潮州鎮",3.73
"099Q2","屏東縣","東港鎮",4.49
"099Q2","屏東縣","恆春鎮",4.09
"099Q2","屏東縣","萬丹鄉",4.60
"099Q2","屏東縣","長治鄉",4.27
"099Q2","屏東縣","麟洛鄉",3.96
"099Q2","屏東縣","九如鄉",4.51
"099Q2","屏東縣","里港鄉",4.63
"099Q2","屏東縣","鹽埔鄉",5.28
"099Q2","屏東縣","高樹鄉",5.35
"099Q2","屏東縣","萬巒鄉",5.27
"099Q2","屏東縣","內埔鄉",4.51
"099Q2","屏東縣","竹田鄉",4.37
"099Q2","屏東縣","新埤鄉",4.88
"099Q2","屏東縣","枋寮鄉",4.22
"099Q2","屏東縣","新園鄉",4.82
"099Q2","屏東縣","崁頂鄉",6.24
"099Q2","屏東縣","林邊鄉",4.51
"099Q2","屏東縣","南州鄉",4.51
"099Q2","屏東縣","佳冬鄉",5.01
"099Q2","屏東縣","琉球鄉",5.46
"099Q2","屏東縣","車城鄉",4.25
"099Q2","屏東縣","滿州鄉",4.21
"099Q2","屏東縣","枋山鄉",4.41
"099Q2","屏東縣","三地門鄉",5.39
"099Q2","屏東縣","霧台鄉",4.10
"099Q2","屏東縣","瑪家鄉",5.51
"099Q2","屏東縣","泰武鄉",6.68
"099Q2","屏東縣","來義鄉",4.94
"099Q2","屏東縣","春日鄉",4.92
"099Q2","屏東縣","獅子鄉",4.64
"099Q2","屏東縣","牡丹鄉",4.48
"099Q2","台東縣","",3.80
"099Q2","台東縣","台東市",3.71
"099Q2","台東縣","成功鎮",3.76
"099Q2","台東縣","關山鎮",4.01
"099Q2","台東縣","卑南鄉",3.86
"099Q2","台東縣","大武鄉",3.88
"099Q2","台東縣","太麻里鄉",3.67
"099Q2","台東縣","東河鄉",3.41
"099Q2","台東縣","長濱鄉",3.25
"099Q2","台東縣","鹿野鄉",3.72
"099Q2","台東縣","池上鄉",3.83
"099Q2","台東縣","綠島鄉",5.78
"099Q2","台東縣","延平鄉",4.88
"099Q2","台東縣","海端鄉",5.20
"099Q2","台東縣","達仁鄉",3.95
"099Q2","台東縣","金峰鄉",5.34
"099Q2","台東縣","蘭嶼鄉",4.49
"099Q2","花蓮縣","",3.65
"099Q2","花蓮縣","花蓮市",3.63
"099Q2","花蓮縣","鳳林鎮",3.40
"099Q2","花蓮縣","玉里鎮",3.93
"099Q2","花蓮縣","新城鄉",3.40
"099Q2","花蓮縣","吉安鄉",3.36
"099Q2","花蓮縣","壽豐鄉",3.59
"099Q2","花蓮縣","光復鄉",3.61
"099Q2","花蓮縣","豐濱鄉",3.60
"099Q2","花蓮縣","瑞穗鄉",3.60
"099Q2","花蓮縣","富里鄉",3.79
"099Q2","花蓮縣","秀林鄉",5.20
"099Q2","花蓮縣","萬榮鄉",5.30
"099Q2","花蓮縣","卓溪鄉",4.83
"099Q2","澎湖縣","",4.11
"099Q2","澎湖縣","馬公市",3.85
"099Q2","澎湖縣","湖西鄉",4.26
"099Q2","澎湖縣","白沙鄉",4.78
"099Q2","澎湖縣","西嶼鄉",4.17
"099Q2","澎湖縣","望安鄉",5.64
"099Q2","澎湖縣","七美鄉",5.06
"099Q2","基隆市","",3.16
"099Q2","基隆市","中正區",3.08
"099Q2","基隆市","七堵區",3.21
"099Q2","基隆市","暖暖區",3.11
"099Q2","基隆市","仁愛區",3.48
"099Q2","基隆市","中山區",3.18
"099Q2","基隆市","安樂區",3.10
"099Q2","基隆市","信義區",3.00
"099Q2","新竹市","",3.61
"099Q2","新竹市","新竹市",3.61
"099Q2","嘉義市","",3.97
"099Q2","嘉義市","嘉義市",3.97
"099Q2","金門縣","",6.48
"099Q2","金門縣","金城鎮",6.46
"099Q2","金門縣","金湖鎮",6.23
"099Q2","金門縣","金沙鎮",5.95
"099Q2","金門縣","金寧鄉",6.86
"099Q2","金門縣","烈嶼鄉",7.42
"099Q2","金門縣","烏坵鄉",9.83
"099Q2","連江縣","",8.57
"099Q2","連江縣","南竿鄉",9.40
"099Q2","連江縣","北竿鄉",7.81
"099Q2","連江縣","莒光鄉",8.74
"099Q2","連江縣","東引鄉",6.36
"099Q2","台中縣(99年以前)","",4.25
"099Q2","台中縣(99年以前)","豐原市",4.30
"099Q2","台中縣(99年以前)","東勢鎮",4.51
"099Q2","台中縣(99年以前)","大甲鎮",4.81
"099Q2","台中縣(99年以前)","清水鎮",4.76
"099Q2","台中縣(99年以前)","沙鹿鎮",4.21
"099Q2","台中縣(99年以前)","梧棲鎮",4.38
"099Q2","台中縣(99年以前)","神岡鄉",4.63
"099Q2","台中縣(99年以前)","后里鄉",4.92
"099Q2","台中縣(99年以前)","大雅鄉",4.13
"099Q2","台中縣(99年以前)","潭子鄉",3.75
"099Q2","台中縣(99年以前)","新社鄉",4.44
"099Q2","台中縣(99年以前)","石岡鄉",4.62
"099Q2","台中縣(99年以前)","外埔鄉",4.70
"099Q2","台中縣(99年以前)","大安鄉",5.26
"099Q2","台中縣(99年以前)","烏日鄉",4.16
"099Q2","台中縣(99年以前)","大肚鄉",4.35
"099Q2","台中縣(99年以前)","龍井鄉",4.70
"099Q2","台中縣(99年以前)","霧峰鄉",4.33
"099Q2","台中縣(99年以前)","太平市",3.84
"099Q2","台中縣(99年以前)","大里市",3.90
"099Q2","台中縣(99年以前)","和平鄉",3.57
"099Q2","台南縣(99年以前)","",3.92
"099Q2","台南縣(99年以前)","新營市",3.52
"099Q2","台南縣(99年以前)","鹽水鎮",3.99
"099Q2","台南縣(99年以前)","白河鎮",4.58
"099Q2","台南縣(99年以前)","柳營鄉",4.18
"099Q2","台南縣(99年以前)","後壁鄉",4.19
"099Q2","台南縣(99年以前)","東山鄉",4.68
"099Q2","台南縣(99年以前)","麻豆鎮",4.01
"099Q2","台南縣(99年以前)","下營鄉",4.28
"099Q2","台南縣(99年以前)","六甲鄉",4.21
"099Q2","台南縣(99年以前)","官田鄉",4.06
"099Q2","台南縣(99年以前)","大內鄉",4.43
"099Q2","台南縣(99年以前)","佳里鎮",3.92
"099Q2","台南縣(99年以前)","西港鄉",4.38
"099Q2","台南縣(99年以前)","七股鄉",5.09
"099Q2","台南縣(99年以前)","將軍鄉",4.62
"099Q2","台南縣(99年以前)","北門鄉",4.92
"099Q2","台南縣(99年以前)","學甲鎮",4.06
"099Q2","台南縣(99年以前)","新化鎮",4.06
"099Q2","台南縣(99年以前)","善化鎮",3.81
"099Q2","台南縣(99年以前)","新市鄉",3.97
"099Q2","台南縣(99年以前)","安定鄉",4.25
"099Q2","台南縣(99年以前)","山上鄉",4.63
"099Q2","台南縣(99年以前)","玉井鄉",4.14
"099Q2","台南縣(99年以前)","楠西鄉",4.30
"099Q2","台南縣(99年以前)","南化鄉",4.65
"099Q2","台南縣(99年以前)","左鎮鄉",4.27
"099Q2","台南縣(99年以前)","仁德鄉",3.51
"099Q2","台南縣(99年以前)","歸仁鄉",3.98
"099Q2","台南縣(99年以前)","關廟鄉",4.38
"099Q2","台南縣(99年以前)","龍崎鄉",4.81
"099Q2","台南縣(99年以前)","永康市",3.43
"099Q2","高雄縣(99年以前)","",3.76
"099Q2","高雄縣(99年以前)","鳳山市",3.30
"099Q2","高雄縣(99年以前)","鳥松鄉",3.28
"099Q2","高雄縣(99年以前)","仁武鄉",3.31
"099Q2","高雄縣(99年以前)","大社鄉",3.51
"099Q2","高雄縣(99年以前)","大樹鄉",4.47
"099Q2","高雄縣(99年以前)","大寮鄉",3.56
"099Q2","高雄縣(99年以前)","林園鄉",4.18
"099Q2","高雄縣(99年以前)","岡山鎮",3.62
"099Q2","高雄縣(99年以前)","茄萣鄉",4.66
"099Q2","高雄縣(99年以前)","永安鄉",4.49
"099Q2","高雄縣(99年以前)","橋頭鄉",3.70
"099Q2","高雄縣(99年以前)","梓官鄉",4.03
"099Q2","高雄縣(99年以前)","田寮鄉",4.48
"099Q2","高雄縣(99年以前)","阿蓮鄉",4.41
"099Q2","高雄縣(99年以前)","路竹鄉",4.31
"099Q2","高雄縣(99年以前)","燕巢鄉",4.48
"099Q2","高雄縣(99年以前)","彌陀鄉",5.02
"099Q2","高雄縣(99年以前)","湖內鄉",3.73
"099Q2","高雄縣(99年以前)","旗山鎮",4.02
"099Q2","高雄縣(99年以前)","六龜鄉",3.94
"099Q2","高雄縣(99年以前)","內門鄉",5.83
"099Q2","高雄縣(99年以前)","美濃鎮",5.23
"099Q2","高雄縣(99年以前)","杉林鄉",4.62
"099Q2","高雄縣(99年以前)","甲仙鄉",4.01
"099Q2","高雄縣(99年以前)","茂林鄉",4.93
"099Q2","高雄縣(99年以前)","桃源鄉",5.22
"099Q2","高雄縣(99年以前)","那瑪夏鄉",5.12
"099Q3","全國","",4.18
"099Q3","新北市","",3.32
"099Q3","新北市","板橋區",3.42
"099Q3","新北市","三重區",3.35
"099Q3","新北市","中和區",3.11
"099Q3","新北市","永和區",3.23
"099Q3","新北市","新莊區",3.48
"099Q3","新北市","新店區",3.00
"099Q3","新北市","樹林區",3.53
"099Q3","新北市","鶯歌區",3.83
"099Q3","新北市","三峽區",3.56
"099Q3","新北市","淡水區",2.88
"099Q3","新北市","汐止區",2.79
"099Q3","新北市","瑞芳區",3.47
"099Q3","新北市","土城區",3.47
"099Q3","新北市","蘆洲區",3.57
"099Q3","新北市","五股區",3.53
"099Q3","新北市","泰山區",3.40
"099Q3","新北市","林口區",3.37
"099Q3","新北市","深坑區",3.14
"099Q3","新北市","石碇區",3.56
"099Q3","新北市","坪林區",3.90
"099Q3","新北市","三芝區",3.40
"099Q3","新北市","石門區",5.44
"099Q3","新北市","八里區",3.57
"099Q3","新北市","平溪區",3.28
"099Q3","新北市","雙溪區",4.03
"099Q3","新北市","貢寮區",5.07
"099Q3","新北市","金山區",4.40
"099Q3","新北市","萬里區",4.32
"099Q3","新北市","烏來區",5.20
"099Q3","台北市","",3.49
"099Q3","台北市","松山區",3.58
"099Q3","台北市","信義區",3.39
"099Q3","台北市","大安區",3.55
"099Q3","台北市","中山區",3.05
"099Q3","台北市","中正區",3.63
"099Q3","台北市","大同區",3.56
"099Q3","台北市","萬華區",3.31
"099Q3","台北市","文山區",3.40
"099Q3","台北市","南港區",3.58
"099Q3","台北市","內湖區",3.55
"099Q3","台北市","士林區",3.70
"099Q3","台北市","北投區",3.71
"099Q3","桃園市","",3.63
"099Q3","桃園市","桃園區",3.38
"099Q3","桃園市","中壢區",3.49
"099Q3","桃園市","平鎮區",3.66
"099Q3","桃園市","八德區",3.68
"099Q3","桃園市","楊梅區",3.73
"099Q3","桃園市","大溪區",3.92
"099Q3","桃園市","蘆竹區",3.51
"099Q3","桃園市","大園區",4.35
"099Q3","桃園市","龜山區",3.32
"099Q3","桃園市","龍潭區",3.76
"099Q3","桃園市","新屋區",5.32
"099Q3","桃園市","觀音區",4.70
"099Q3","桃園市","復興區",4.24
"099Q3","台中市","",3.45
"099Q3","台中市","中區",4.42
"099Q3","台中市","東區",3.58
"099Q3","台中市","南區",3.19
"099Q3","台中市","西區",3.47
"099Q3","台中市","北區",3.27
"099Q3","台中市","西屯區",3.43
"099Q3","台中市","南屯區",3.49
"099Q3","台中市","北屯區",3.57
"099Q3","台南市","",3.53
"099Q3","台南市","東區",3.44
"099Q3","台南市","南區",3.59
"099Q3","台南市","北區",3.31
"099Q3","台南市","安南區",4.04
"099Q3","台南市","安平區",3.23
"099Q3","台南市","中西區",3.29
"099Q3","高雄市","",3.33
"099Q3","高雄市","鹽埕區",3.21
"099Q3","高雄市","鼓山區",3.05
"099Q3","高雄市","左營區",3.19
"099Q3","高雄市","楠梓區",3.38
"099Q3","高雄市","三民區",3.36
"099Q3","高雄市","新興區",3.03
"099Q3","高雄市","前金區",2.84
"099Q3","高雄市","苓雅區",3.27
"099Q3","高雄市","前鎮區",3.36
"099Q3","高雄市","旗津區",4.45
"099Q3","高雄市","小港區",3.89
"099Q3","宜蘭縣","",3.80
"099Q3","宜蘭縣","宜蘭市",3.52
"099Q3","宜蘭縣","羅東鎮",3.69
"099Q3","宜蘭縣","蘇澳鎮",3.98
"099Q3","宜蘭縣","頭城鎮",4.18
"099Q3","宜蘭縣","礁溪鄉",3.87
"099Q3","宜蘭縣","壯圍鄉",4.30
"099Q3","宜蘭縣","員山鄉",3.92
"099Q3","宜蘭縣","冬山鄉",3.63
"099Q3","宜蘭縣","五結鄉",3.65
"099Q3","宜蘭縣","三星鄉",3.92
"099Q3","宜蘭縣","大同鄉",4.73
"099Q3","宜蘭縣","南澳鄉",5.80
"099Q3","新竹縣","",4.02
"099Q3","新竹縣","竹北市",3.58
"099Q3","新竹縣","關西鎮",5.14
"099Q3","新竹縣","新埔鎮",4.49
"099Q3","新竹縣","竹東鎮",3.87
"099Q3","新竹縣","湖口鄉",4.10
"099Q3","新竹縣","橫山鄉",4.48
"099Q3","新竹縣","新豐鄉",4.24
"099Q3","新竹縣","芎林鄉",4.42
"099Q3","新竹縣","寶山鄉",3.85
"099Q3","新竹縣","北埔鄉",4.93
"099Q3","新竹縣","峨眉鄉",5.20
"099Q3","新竹縣","尖石鄉",4.17
"099Q3","新竹縣","五峰鄉",4.33
"099Q3","苗栗縣","",4.29
"099Q3","苗栗縣","苗栗市",3.66
"099Q3","苗栗縣","苑裡鎮",4.89
"099Q3","苗栗縣","通霄鎮",5.16
"099Q3","苗栗縣","竹南鎮",3.94
"099Q3","苗栗縣","頭份鎮",3.91
"099Q3","苗栗縣","後龍鎮",4.93
"099Q3","苗栗縣","卓蘭鎮",5.01
"099Q3","苗栗縣","大湖鄉",4.79
"099Q3","苗栗縣","公館鄉",4.29
"099Q3","苗栗縣","銅鑼鄉",4.64
"099Q3","苗栗縣","南庄鄉",4.57
"099Q3","苗栗縣","頭屋鄉",4.68
"099Q3","苗栗縣","三義鄉",4.54
"099Q3","苗栗縣","西湖鄉",5.81
"099Q3","苗栗縣","造橋鄉",4.67
"099Q3","苗栗縣","三灣鄉",4.56
"099Q3","苗栗縣","獅潭鄉",4.38
"099Q3","苗栗縣","泰安鄉",6.47
"099Q3","彰化縣","",4.86
"099Q3","彰化縣","彰化市",3.99
"099Q3","彰化縣","鹿港鎮",4.99
"099Q3","彰化縣","和美鎮",4.54
"099Q3","彰化縣","北斗鎮",4.23
"099Q3","彰化縣","員林鎮",4.46
"099Q3","彰化縣","溪湖鎮",5.28
"099Q3","彰化縣","田中鎮",4.67
"099Q3","彰化縣","二林鎮",6.04
"099Q3","彰化縣","線西鄉",5.79
"099Q3","彰化縣","伸港鄉",5.41
"099Q3","彰化縣","福興鄉",5.95
"099Q3","彰化縣","秀水鄉",5.09
"099Q3","彰化縣","花壇鄉",4.47
"099Q3","彰化縣","芬園鄉",5.27
"099Q3","彰化縣","大村鄉",6.17
"099Q3","彰化縣","埔鹽鄉",7.21
"099Q3","彰化縣","埔心鄉",4.43
"099Q3","彰化縣","永靖鄉",5.75
"099Q3","彰化縣","社頭鄉",5.64
"099Q3","彰化縣","二水鄉",4.55
"099Q3","彰化縣","田尾鄉",4.57
"099Q3","彰化縣","埤頭鄉",5.00
"099Q3","彰化縣","芳苑鄉",5.83
"099Q3","彰化縣","大城鄉",7.19
"099Q3","彰化縣","竹塘鄉",5.09
"099Q3","彰化縣","溪州鄉",5.73
"099Q3","南投縣","",4.25
"099Q3","南投縣","南投市",3.85
"099Q3","南投縣","埔里鎮",4.06
"099Q3","南投縣","草屯鎮",4.28
"099Q3","南投縣","竹山鎮",4.02
"099Q3","南投縣","集集鎮",4.28
"099Q3","南投縣","名間鄉",5.17
"099Q3","南投縣","鹿谷鄉",4.77
"099Q3","南投縣","中寮鄉",4.87
"099Q3","南投縣","魚池鄉",5.22
"099Q3","南投縣","國姓鄉",4.27
"099Q3","南投縣","水里鄉",4.01
"099Q3","南投縣","信義鄉",5.36
"099Q3","南投縣","仁愛鄉",4.28
"099Q3","雲林縣","",4.61
"099Q3","雲林縣","斗六市",3.79
"099Q3","雲林縣","斗南鎮",4.06
"099Q3","雲林縣","虎尾鎮",3.94
"099Q3","雲林縣","西螺鎮",4.80
"099Q3","雲林縣","土庫鎮",5.05
"099Q3","雲林縣","北港鎮",4.02
"099Q3","雲林縣","古坑鄉",4.82
"099Q3","雲林縣","大埤鄉",4.93
"099Q3","雲林縣","莿桐鄉",4.97
"099Q3","雲林縣","林內鄉",4.71
"099Q3","雲林縣","二崙鄉",5.44
"099Q3","雲林縣","崙背鄉",5.18
"099Q3","雲林縣","麥寮鄉",5.18
"099Q3","雲林縣","東勢鄉",5.36
"099Q3","雲林縣","褒忠鄉",5.16
"099Q3","雲林縣","台西鄉",5.57
"099Q3","雲林縣","元長鄉",5.27
"099Q3","雲林縣","四湖鄉",5.18
"099Q3","雲林縣","口湖鄉",5.82
"099Q3","雲林縣","水林鄉",5.61
"099Q3","嘉義縣","",4.69
"099Q3","嘉義縣","太保市",4.29
"099Q3","嘉義縣","朴子市",4.39
"099Q3","嘉義縣","布袋鎮",4.86
"099Q3","嘉義縣","大林鎮",4.32
"099Q3","嘉義縣","民雄鄉",4.19
"099Q3","嘉義縣","溪口鄉",5.73
"099Q3","嘉義縣","新港鄉",5.39
"099Q3","嘉義縣","六腳鄉",5.55
"099Q3","嘉義縣","東石鄉",5.69
"099Q3","嘉義縣","義竹鄉",5.23
"099Q3","嘉義縣","鹿草鄉",5.31
"099Q3","嘉義縣","水上鄉",4.06
"099Q3","嘉義縣","中埔鄉",4.57
"099Q3","嘉義縣","竹崎鄉",5.17
"099Q3","嘉義縣","梅山鄉",4.93
"099Q3","嘉義縣","番路鄉",4.44
"099Q3","嘉義縣","大埔鄉",5.79
"099Q3","嘉義縣","阿里山鄉",5.23
"099Q3","屏東縣","",4.27
"099Q3","屏東縣","屏東市",3.59
"099Q3","屏東縣","潮州鎮",3.71
"099Q3","屏東縣","東港鎮",4.47
"099Q3","屏東縣","恆春鎮",4.08
"099Q3","屏東縣","萬丹鄉",4.58
"099Q3","屏東縣","長治鄉",4.26
"099Q3","屏東縣","麟洛鄉",3.93
"099Q3","屏東縣","九如鄉",4.49
"099Q3","屏東縣","里港鄉",4.60
"099Q3","屏東縣","鹽埔鄉",5.25
"099Q3","屏東縣","高樹鄉",5.32
"099Q3","屏東縣","萬巒鄉",5.23
"099Q3","屏東縣","內埔鄉",4.48
"099Q3","屏東縣","竹田鄉",4.35
"099Q3","屏東縣","新埤鄉",4.87
"099Q3","屏東縣","枋寮鄉",4.19
"099Q3","屏東縣","新園鄉",4.78
"099Q3","屏東縣","崁頂鄉",6.24
"099Q3","屏東縣","林邊鄉",4.47
"099Q3","屏東縣","南州鄉",4.46
"099Q3","屏東縣","佳冬鄉",4.98
"099Q3","屏東縣","琉球鄉",5.40
"099Q3","屏東縣","車城鄉",4.19
"099Q3","屏東縣","滿州鄉",4.17
"099Q3","屏東縣","枋山鄉",4.40
"099Q3","屏東縣","三地門鄉",5.35
"099Q3","屏東縣","霧台鄉",4.10
"099Q3","屏東縣","瑪家鄉",5.46
"099Q3","屏東縣","泰武鄉",6.64
"099Q3","屏東縣","來義鄉",4.89
"099Q3","屏東縣","春日鄉",4.89
"099Q3","屏東縣","獅子鄉",4.56
"099Q3","屏東縣","牡丹鄉",4.43
"099Q3","台東縣","",3.78
"099Q3","台東縣","台東市",3.69
"099Q3","台東縣","成功鎮",3.74
"099Q3","台東縣","關山鎮",3.98
"099Q3","台東縣","卑南鄉",3.85
"099Q3","台東縣","大武鄉",3.83
"099Q3","台東縣","太麻里鄉",3.64
"099Q3","台東縣","東河鄉",3.38
"099Q3","台東縣","長濱鄉",3.22
"099Q3","台東縣","鹿野鄉",3.71
"099Q3","台東縣","池上鄉",3.80
"099Q3","台東縣","綠島鄉",5.81
"099Q3","台東縣","延平鄉",4.80
"099Q3","台東縣","海端鄉",5.16
"099Q3","台東縣","達仁鄉",3.87
"099Q3","台東縣","金峰鄉",5.22
"099Q3","台東縣","蘭嶼鄉",4.48
"099Q3","花蓮縣","",3.64
"099Q3","花蓮縣","花蓮市",3.61
"099Q3","花蓮縣","鳳林鎮",3.38
"099Q3","花蓮縣","玉里鎮",3.92
"099Q3","花蓮縣","新城鄉",3.39
"099Q3","花蓮縣","吉安鄉",3.35
"099Q3","花蓮縣","壽豐鄉",3.56
"099Q3","花蓮縣","光復鄉",3.59
"099Q3","花蓮縣","豐濱鄉",3.57
"099Q3","花蓮縣","瑞穗鄉",3.59
"099Q3","花蓮縣","富里鄉",3.77
"099Q3","花蓮縣","秀林鄉",5.21
"099Q3","花蓮縣","萬榮鄉",5.23
"099Q3","花蓮縣","卓溪鄉",4.82
"099Q3","澎湖縣","",4.10
"099Q3","澎湖縣","馬公市",3.83
"099Q3","澎湖縣","湖西鄉",4.25
"099Q3","澎湖縣","白沙鄉",4.76
"099Q3","澎湖縣","西嶼鄉",4.16
"099Q3","澎湖縣","望安鄉",5.62
"099Q3","澎湖縣","七美鄉",5.05
"099Q3","基隆市","",3.13
"099Q3","基隆市","中正區",3.06
"099Q3","基隆市","七堵區",3.19
"099Q3","基隆市","暖暖區",3.09
"099Q3","基隆市","仁愛區",3.44
"099Q3","基隆市","中山區",3.16
"099Q3","基隆市","安樂區",3.09
"099Q3","基隆市","信義區",2.99
"099Q3","新竹市","",3.59
"099Q3","新竹市","新竹市",3.59
"099Q3","嘉義市","",3.94
"099Q3","嘉義市","嘉義市",3.94
"099Q3","金門縣","",6.50
"099Q3","金門縣","金城鎮",6.46
"099Q3","金門縣","金湖鎮",6.23
"099Q3","金門縣","金沙鎮",5.99
"099Q3","金門縣","金寧鄉",6.92
"099Q3","金門縣","烈嶼鄉",7.47
"099Q3","金門縣","烏坵鄉",9.89
"099Q3","連江縣","",8.48
"099Q3","連江縣","南竿鄉",9.32
"099Q3","連江縣","北竿鄉",7.72
"099Q3","連江縣","莒光鄉",8.75
"099Q3","連江縣","東引鄉",6.15
"099Q3","台中縣(99年以前)","",4.24
"099Q3","台中縣(99年以前)","豐原市",4.28
"099Q3","台中縣(99年以前)","東勢鎮",4.49
"099Q3","台中縣(99年以前)","大甲鎮",4.80
"099Q3","台中縣(99年以前)","清水鎮",4.75
"099Q3","台中縣(99年以前)","沙鹿鎮",4.19
"099Q3","台中縣(99年以前)","梧棲鎮",4.39
"099Q3","台中縣(99年以前)","神岡鄉",4.61
"099Q3","台中縣(99年以前)","后里鄉",4.91
"099Q3","台中縣(99年以前)","大雅鄉",4.13
"099Q3","台中縣(99年以前)","潭子鄉",3.74
"099Q3","台中縣(99年以前)","新社鄉",4.42
"099Q3","台中縣(99年以前)","石岡鄉",4.59
"099Q3","台中縣(99年以前)","外埔鄉",4.68
"099Q3","台中縣(99年以前)","大安鄉",5.24
"099Q3","台中縣(99年以前)","烏日鄉",4.16
"099Q3","台中縣(99年以前)","大肚鄉",4.34
"099Q3","台中縣(99年以前)","龍井鄉",4.68
"099Q3","台中縣(99年以前)","霧峰鄉",4.31
"099Q3","台中縣(99年以前)","太平市",3.83
"099Q3","台中縣(99年以前)","大里市",3.89
"099Q3","台中縣(99年以前)","和平鄉",3.58
"099Q3","台南縣(99年以前)","",3.91
"099Q3","台南縣(99年以前)","新營市",3.49
"099Q3","台南縣(99年以前)","鹽水鎮",3.97
"099Q3","台南縣(99年以前)","白河鎮",4.56
"099Q3","台南縣(99年以前)","柳營鄉",4.17
"099Q3","台南縣(99年以前)","後壁鄉",4.18
"099Q3","台南縣(99年以前)","東山鄉",4.67
"099Q3","台南縣(99年以前)","麻豆鎮",3.99
"099Q3","台南縣(99年以前)","下營鄉",4.27
"099Q3","台南縣(99年以前)","六甲鄉",4.19
"099Q3","台南縣(99年以前)","官田鄉",4.06
"099Q3","台南縣(99年以前)","大內鄉",4.40
"099Q3","台南縣(99年以前)","佳里鎮",3.90
"099Q3","台南縣(99年以前)","西港鄉",4.36
"099Q3","台南縣(99年以前)","七股鄉",5.07
"099Q3","台南縣(99年以前)","將軍鄉",4.62
"099Q3","台南縣(99年以前)","北門鄉",4.89
"099Q3","台南縣(99年以前)","學甲鎮",4.06
"099Q3","台南縣(99年以前)","新化鎮",4.04
"099Q3","台南縣(99年以前)","善化鎮",3.80
"099Q3","台南縣(99年以前)","新市鄉",3.96
"099Q3","台南縣(99年以前)","安定鄉",4.23
"099Q3","台南縣(99年以前)","山上鄉",4.60
"099Q3","台南縣(99年以前)","玉井鄉",4.13
"099Q3","台南縣(99年以前)","楠西鄉",4.30
"099Q3","台南縣(99年以前)","南化鄉",4.65
"099Q3","台南縣(99年以前)","左鎮鄉",4.25
"099Q3","台南縣(99年以前)","仁德鄉",3.50
"099Q3","台南縣(99年以前)","歸仁鄉",3.97
"099Q3","台南縣(99年以前)","關廟鄉",4.36
"099Q3","台南縣(99年以前)","龍崎鄉",4.80
"099Q3","台南縣(99年以前)","永康市",3.42
"099Q3","高雄縣(99年以前)","",3.74
"099Q3","高雄縣(99年以前)","鳳山市",3.29
"099Q3","高雄縣(99年以前)","鳥松鄉",3.27
"099Q3","高雄縣(99年以前)","仁武鄉",3.29
"099Q3","高雄縣(99年以前)","大社鄉",3.51
"099Q3","高雄縣(99年以前)","大樹鄉",4.46
"099Q3","高雄縣(99年以前)","大寮鄉",3.56
"099Q3","高雄縣(99年以前)","林園鄉",4.18
"099Q3","高雄縣(99年以前)","岡山鎮",3.60
"099Q3","高雄縣(99年以前)","茄萣鄉",4.67
"099Q3","高雄縣(99年以前)","永安鄉",4.49
"099Q3","高雄縣(99年以前)","橋頭鄉",3.67
"099Q3","高雄縣(99年以前)","梓官鄉",4.01
"099Q3","高雄縣(99年以前)","田寮鄉",4.46
"099Q3","高雄縣(99年以前)","阿蓮鄉",4.39
"099Q3","高雄縣(99年以前)","路竹鄉",4.30
"099Q3","高雄縣(99年以前)","燕巢鄉",4.46
"099Q3","高雄縣(99年以前)","彌陀鄉",4.97
"099Q3","高雄縣(99年以前)","湖內鄉",3.72
"099Q3","高雄縣(99年以前)","旗山鎮",4.00
"099Q3","高雄縣(99年以前)","六龜鄉",3.91
"099Q3","高雄縣(99年以前)","內門鄉",5.84
"099Q3","高雄縣(99年以前)","美濃鎮",5.21
"099Q3","高雄縣(99年以前)","杉林鄉",4.51
"099Q3","高雄縣(99年以前)","甲仙鄉",3.97
"099Q3","高雄縣(99年以前)","茂林鄉",5.01
"099Q3","高雄縣(99年以前)","桃源鄉",5.19
"099Q3","高雄縣(99年以前)","那瑪夏鄉",5.12
"099Q4","全國","",4.18
"099Q4","新北市","",3.32
"099Q4","新北市","板橋區",3.41
"099Q4","新北市","三重區",3.35
"099Q4","新北市","中和區",3.11
"099Q4","新北市","永和區",3.22
"099Q4","新北市","新莊區",3.48
"099Q4","新北市","新店區",3.00
"099Q4","新北市","樹林區",3.53
"099Q4","新北市","鶯歌區",3.83
"099Q4","新北市","三峽區",3.55
"099Q4","新北市","淡水區",2.88
"099Q4","新北市","汐止區",2.79
"099Q4","新北市","瑞芳區",3.45
"099Q4","新北市","土城區",3.47
"099Q4","新北市","蘆洲區",3.57
"099Q4","新北市","五股區",3.53
"099Q4","新北市","泰山區",3.40
"099Q4","新北市","林口區",3.36
"099Q4","新北市","深坑區",3.13
"099Q4","新北市","石碇區",3.54
"099Q4","新北市","坪林區",3.90
"099Q4","新北市","三芝區",3.39
"099Q4","新北市","石門區",5.52
"099Q4","新北市","八里區",3.57
"099Q4","新北市","平溪區",3.24
"099Q4","新北市","雙溪區",4.01
"099Q4","新北市","貢寮區",5.07
"099Q4","新北市","金山區",4.39
"099Q4","新北市","萬里區",4.32
"099Q4","新北市","烏來區",5.22
"099Q4","台北市","",3.50
"099Q4","台北市","松山區",3.59
"099Q4","台北市","信義區",3.40
"099Q4","台北市","大安區",3.56
"099Q4","台北市","中山區",3.06
"099Q4","台北市","中正區",3.63
"099Q4","台北市","大同區",3.57
"099Q4","台北市","萬華區",3.32
"099Q4","台北市","文山區",3.42
"099Q4","台北市","南港區",3.59
"099Q4","台北市","內湖區",3.56
"099Q4","台北市","士林區",3.71
"099Q4","台北市","北投區",3.72
"099Q4","桃園市","",3.62
"099Q4","桃園市","桃園區",3.38
"099Q4","桃園市","中壢區",3.48
"099Q4","桃園市","平鎮區",3.65
"099Q4","桃園市","八德區",3.67
"099Q4","桃園市","楊梅區",3.71
"099Q4","桃園市","大溪區",3.91
"099Q4","桃園市","蘆竹區",3.51
"099Q4","桃園市","大園區",4.34
"099Q4","桃園市","龜山區",3.30
"099Q4","桃園市","龍潭區",3.75
"099Q4","桃園市","新屋區",5.29
"099Q4","桃園市","觀音區",4.68
"099Q4","桃園市","復興區",4.23
"099Q4","台中市","",3.45
"099Q4","台中市","中區",4.36
"099Q4","台中市","東區",3.57
"099Q4","台中市","南區",3.19
"099Q4","台中市","西區",3.38
"099Q4","台中市","北區",3.34
"099Q4","台中市","西屯區",3.42
"099Q4","台中市","南屯區",3.49
"099Q4","台中市","北屯區",3.56
"099Q4","台南市","",3.52
"099Q4","台南市","東區",3.43
"099Q4","台南市","南區",3.58
"099Q4","台南市","北區",3.31
"099Q4","台南市","安南區",4.04
"099Q4","台南市","安平區",3.23
"099Q4","台南市","中西區",3.31
"099Q4","高雄市","",3.33
"099Q4","高雄市","鹽埕區",3.20
"099Q4","高雄市","鼓山區",3.05
"099Q4","高雄市","左營區",3.14
"099Q4","高雄市","楠梓區",3.43
"099Q4","高雄市","三民區",3.36
"099Q4","高雄市","新興區",3.03
"099Q4","高雄市","前金區",2.83
"099Q4","高雄市","苓雅區",3.26
"099Q4","高雄市","前鎮區",3.35
"099Q4","高雄市","旗津區",4.46
"099Q4","高雄市","小港區",3.90
"099Q4","宜蘭縣","",3.78
"099Q4","宜蘭縣","宜蘭市",3.52
"099Q4","宜蘭縣","羅東鎮",3.68
"099Q4","宜蘭縣","蘇澳鎮",3.95
"099Q4","宜蘭縣","頭城鎮",4.16
"099Q4","宜蘭縣","礁溪鄉",3.85
"099Q4","宜蘭縣","壯圍鄉",4.28
"099Q4","宜蘭縣","員山鄉",3.91
"099Q4","宜蘭縣","冬山鄉",3.62
"099Q4","宜蘭縣","五結鄉",3.64
"099Q4","宜蘭縣","三星鄉",3.90
"099Q4","宜蘭縣","大同鄉",4.69
"099Q4","宜蘭縣","南澳鄉",5.78
"099Q4","新竹縣","",4.02
"099Q4","新竹縣","竹北市",3.58
"099Q4","新竹縣","關西鎮",5.13
"099Q4","新竹縣","新埔鎮",4.48
"099Q4","新竹縣","竹東鎮",3.86
"099Q4","新竹縣","湖口鄉",4.08
"099Q4","新竹縣","橫山鄉",4.44
"099Q4","新竹縣","新豐鄉",4.24
"099Q4","新竹縣","芎林鄉",4.40
"099Q4","新竹縣","寶山鄉",3.83
"099Q4","新竹縣","北埔鄉",4.91
"099Q4","新竹縣","峨眉鄉",5.21
"099Q4","新竹縣","尖石鄉",4.23
"099Q4","新竹縣","五峰鄉",4.33
"099Q4","苗栗縣","",4.28
"099Q4","苗栗縣","苗栗市",3.66
"099Q4","苗栗縣","苑裡鎮",4.88
"099Q4","苗栗縣","通霄鎮",5.14
"099Q4","苗栗縣","竹南鎮",3.94
"099Q4","苗栗縣","頭份鎮",3.91
"099Q4","苗栗縣","後龍鎮",4.92
"099Q4","苗栗縣","卓蘭鎮",5.00
"099Q4","苗栗縣","大湖鄉",4.79
"099Q4","苗栗縣","公館鄉",4.27
"099Q4","苗栗縣","銅鑼鄉",4.62
"099Q4","苗栗縣","南庄鄉",4.55
"099Q4","苗栗縣","頭屋鄉",4.66
"099Q4","苗栗縣","三義鄉",4.54
"099Q4","苗栗縣","西湖鄉",5.80
"099Q4","苗栗縣","造橋鄉",4.66
"099Q4","苗栗縣","三灣鄉",4.55
"099Q4","苗栗縣","獅潭鄉",4.36
"099Q4","苗栗縣","泰安鄉",6.42
"099Q4","彰化縣","",4.85
"099Q4","彰化縣","彰化市",3.99
"099Q4","彰化縣","鹿港鎮",4.99
"099Q4","彰化縣","和美鎮",4.53
"099Q4","彰化縣","北斗鎮",4.21
"099Q4","彰化縣","員林鎮",4.45
"099Q4","彰化縣","溪湖鎮",5.27
"099Q4","彰化縣","田中鎮",4.66
"099Q4","彰化縣","二林鎮",6.02
"099Q4","彰化縣","線西鄉",5.78
"099Q4","彰化縣","伸港鄉",5.40
"099Q4","彰化縣","福興鄉",5.92
"099Q4","彰化縣","秀水鄉",5.08
"099Q4","彰化縣","花壇鄉",4.47
"099Q4","彰化縣","芬園鄉",5.26
"099Q4","彰化縣","大村鄉",6.13
"099Q4","彰化縣","埔鹽鄉",7.19
"099Q4","彰化縣","埔心鄉",4.44
"099Q4","彰化縣","永靖鄉",5.74
"099Q4","彰化縣","社頭鄉",5.64
"099Q4","彰化縣","二水鄉",4.54
"099Q4","彰化縣","田尾鄉",4.55
"099Q4","彰化縣","埤頭鄉",4.98
"099Q4","彰化縣","芳苑鄉",5.82
"099Q4","彰化縣","大城鄉",7.17
"099Q4","彰化縣","竹塘鄉",5.08
"099Q4","彰化縣","溪州鄉",5.70
"099Q4","南投縣","",4.24
"099Q4","南投縣","南投市",3.84
"099Q4","南投縣","埔里鎮",4.05
"099Q4","南投縣","草屯鎮",4.27
"099Q4","南投縣","竹山鎮",4.00
"099Q4","南投縣","集集鎮",4.27
"099Q4","南投縣","名間鄉",5.15
"099Q4","南投縣","鹿谷鄉",4.76
"099Q4","南投縣","中寮鄉",4.85
"099Q4","南投縣","魚池鄉",5.18
"099Q4","南投縣","國姓鄉",4.26
"099Q4","南投縣","水里鄉",4.00
"099Q4","南投縣","信義鄉",5.36
"099Q4","南投縣","仁愛鄉",4.29
"099Q4","雲林縣","",4.60
"099Q4","雲林縣","斗六市",3.78
"099Q4","雲林縣","斗南鎮",4.05
"099Q4","雲林縣","虎尾鎮",3.94
"099Q4","雲林縣","西螺鎮",4.78
"099Q4","雲林縣","土庫鎮",5.03
"099Q4","雲林縣","北港鎮",4.00
"099Q4","雲林縣","古坑鄉",4.80
"099Q4","雲林縣","大埤鄉",4.92
"099Q4","雲林縣","莿桐鄉",4.95
"099Q4","雲林縣","林內鄉",4.67
"099Q4","雲林縣","二崙鄉",5.42
"099Q4","雲林縣","崙背鄉",5.14
"099Q4","雲林縣","麥寮鄉",5.31
"099Q4","雲林縣","東勢鄉",5.33
"099Q4","雲林縣","褒忠鄉",5.13
"099Q4","雲林縣","台西鄉",5.54
"099Q4","雲林縣","元長鄉",5.26
"099Q4","雲林縣","四湖鄉",5.16
"099Q4","雲林縣","口湖鄉",5.82
"099Q4","雲林縣","水林鄉",5.58
"099Q4","嘉義縣","",4.68
"099Q4","嘉義縣","太保市",4.28
"099Q4","嘉義縣","朴子市",4.37
"099Q4","嘉義縣","布袋鎮",4.85
"099Q4","嘉義縣","大林鎮",4.31
"099Q4","嘉義縣","民雄鄉",4.18
"099Q4","嘉義縣","溪口鄉",5.70
"099Q4","嘉義縣","新港鄉",5.37
"099Q4","嘉義縣","六腳鄉",5.54
"099Q4","嘉義縣","東石鄉",5.67
"099Q4","嘉義縣","義竹鄉",5.21
"099Q4","嘉義縣","鹿草鄉",5.30
"099Q4","嘉義縣","水上鄉",4.04
"099Q4","嘉義縣","中埔鄉",4.57
"099Q4","嘉義縣","竹崎鄉",5.16
"099Q4","嘉義縣","梅山鄉",4.90
"099Q4","嘉義縣","番路鄉",4.44
"099Q4","嘉義縣","大埔鄉",5.79
"099Q4","嘉義縣","阿里山鄉",5.23
"099Q4","屏東縣","",4.26
"099Q4","屏東縣","屏東市",3.59
"099Q4","屏東縣","潮州鎮",3.70
"099Q4","屏東縣","東港鎮",4.44
"099Q4","屏東縣","恆春鎮",4.06
"099Q4","屏東縣","萬丹鄉",4.56
"099Q4","屏東縣","長治鄉",4.24
"099Q4","屏東縣","麟洛鄉",3.90
"099Q4","屏東縣","九如鄉",4.49
"099Q4","屏東縣","里港鄉",4.58
"099Q4","屏東縣","鹽埔鄉",5.23
"099Q4","屏東縣","高樹鄉",5.30
"099Q4","屏東縣","萬巒鄉",5.21
"099Q4","屏東縣","內埔鄉",4.46
"099Q4","屏東縣","竹田鄉",4.33
"099Q4","屏東縣","新埤鄉",4.85
"099Q4","屏東縣","枋寮鄉",4.18
"099Q4","屏東縣","新園鄉",4.75
"099Q4","屏東縣","崁頂鄉",6.20
"099Q4","屏東縣","林邊鄉",4.45
"099Q4","屏東縣","南州鄉",4.45
"099Q4","屏東縣","佳冬鄉",4.95
"099Q4","屏東縣","琉球鄉",5.37
"099Q4","屏東縣","車城鄉",4.15
"099Q4","屏東縣","滿州鄉",4.13
"099Q4","屏東縣","枋山鄉",4.38
"099Q4","屏東縣","三地門鄉",5.35
"099Q4","屏東縣","霧台鄉",4.10
"099Q4","屏東縣","瑪家鄉",5.48
"099Q4","屏東縣","泰武鄉",6.59
"099Q4","屏東縣","來義鄉",4.87
"099Q4","屏東縣","春日鄉",4.88
"099Q4","屏東縣","獅子鄉",4.55
"099Q4","屏東縣","牡丹鄉",4.35
"099Q4","台東縣","",3.77
"099Q4","台東縣","台東市",3.68
"099Q4","台東縣","成功鎮",3.72
"099Q4","台東縣","關山鎮",3.97
"099Q4","台東縣","卑南鄉",3.84
"099Q4","台東縣","大武鄉",3.78
"099Q4","台東縣","太麻里鄉",3.63
"099Q4","台東縣","東河鄉",3.36
"099Q4","台東縣","長濱鄉",3.22
"099Q4","台東縣","鹿野鄉",3.70
"099Q4","台東縣","池上鄉",3.80
"099Q4","台東縣","綠島鄉",5.80
"099Q4","台東縣","延平鄉",4.81
"099Q4","台東縣","海端鄉",5.15
"099Q4","台東縣","達仁鄉",3.87
"099Q4","台東縣","金峰鄉",5.17
"099Q4","台東縣","蘭嶼鄉",4.48
"099Q4","花蓮縣","",3.63
"099Q4","花蓮縣","花蓮市",3.60
"099Q4","花蓮縣","鳳林鎮",3.36
"099Q4","花蓮縣","玉里鎮",3.92
"099Q4","花蓮縣","新城鄉",3.39
"099Q4","花蓮縣","吉安鄉",3.35
"099Q4","花蓮縣","壽豐鄉",3.55
"099Q4","花蓮縣","光復鄉",3.58
"099Q4","花蓮縣","豐濱鄉",3.57
"099Q4","花蓮縣","瑞穗鄉",3.58
"099Q4","花蓮縣","富里鄉",3.76
"099Q4","花蓮縣","秀林鄉",5.19
"099Q4","花蓮縣","萬榮鄉",5.22
"099Q4","花蓮縣","卓溪鄉",4.81
"099Q4","澎湖縣","",4.11
"099Q4","澎湖縣","馬公市",3.85
"099Q4","澎湖縣","湖西鄉",4.24
"099Q4","澎湖縣","白沙鄉",4.75
"099Q4","澎湖縣","西嶼鄉",4.16
"099Q4","澎湖縣","望安鄉",5.59
"099Q4","澎湖縣","七美鄉",5.06
"099Q4","基隆市","",3.13
"099Q4","基隆市","中正區",3.06
"099Q4","基隆市","七堵區",3.18
"099Q4","基隆市","暖暖區",3.08
"099Q4","基隆市","仁愛區",3.43
"099Q4","基隆市","中山區",3.16
"099Q4","基隆市","安樂區",3.08
"099Q4","基隆市","信義區",2.98
"099Q4","新竹市","",3.59
"099Q4","新竹市","新竹市",3.59
"099Q4","嘉義市","",3.94
"099Q4","嘉義市","嘉義市",3.94
"099Q4","金門縣","",6.56
"099Q4","金門縣","金城鎮",6.48
"099Q4","金門縣","金湖鎮",6.26
"099Q4","金門縣","金沙鎮",6.03
"099Q4","金門縣","金寧鄉",7.09
"099Q4","金門縣","烈嶼鄉",7.52
"099Q4","金門縣","烏坵鄉",10.15
"099Q4","連江縣","",8.41
"099Q4","連江縣","南竿鄉",9.21
"099Q4","連江縣","北竿鄉",7.70
"099Q4","連江縣","莒光鄉",8.79
"099Q4","連江縣","東引鄉",6.14
"099Q4","台中縣(99年以前)","",4.23
"099Q4","台中縣(99年以前)","豐原市",4.26
"099Q4","台中縣(99年以前)","東勢鎮",4.47
"099Q4","台中縣(99年以前)","大甲鎮",4.79
"099Q4","台中縣(99年以前)","清水鎮",4.74
"099Q4","台中縣(99年以前)","沙鹿鎮",4.18
"099Q4","台中縣(99年以前)","梧棲鎮",4.38
"099Q4","台中縣(99年以前)","神岡鄉",4.60
"099Q4","台中縣(99年以前)","后里鄉",4.89
"099Q4","台中縣(99年以前)","大雅鄉",4.11
"099Q4","台中縣(99年以前)","潭子鄉",3.74
"099Q4","台中縣(99年以前)","新社鄉",4.41
"099Q4","台中縣(99年以前)","石岡鄉",4.57
"099Q4","台中縣(99年以前)","外埔鄉",4.67
"099Q4","台中縣(99年以前)","大安鄉",5.24
"099Q4","台中縣(99年以前)","烏日鄉",4.15
"099Q4","台中縣(99年以前)","大肚鄉",4.33
"099Q4","台中縣(99年以前)","龍井鄉",4.68
"099Q4","台中縣(99年以前)","霧峰鄉",4.32
"099Q4","台中縣(99年以前)","太平市",3.83
"099Q4","台中縣(99年以前)","大里市",3.89
"099Q4","台中縣(99年以前)","和平鄉",3.59
"099Q4","台南縣(99年以前)","",3.90
"099Q4","台南縣(99年以前)","新營市",3.49
"099Q4","台南縣(99年以前)","鹽水鎮",3.97
"099Q4","台南縣(99年以前)","白河鎮",4.55
"099Q4","台南縣(99年以前)","柳營鄉",4.16
"099Q4","台南縣(99年以前)","後壁鄉",4.16
"099Q4","台南縣(99年以前)","東山鄉",4.67
"099Q4","台南縣(99年以前)","麻豆鎮",3.98
"099Q4","台南縣(99年以前)","下營鄉",4.26
"099Q4","台南縣(99年以前)","六甲鄉",4.18
"099Q4","台南縣(99年以前)","官田鄉",4.05
"099Q4","台南縣(99年以前)","大內鄉",4.40
"099Q4","台南縣(99年以前)","佳里鎮",3.88
"099Q4","台南縣(99年以前)","西港鄉",4.35
"099Q4","台南縣(99年以前)","七股鄉",5.06
"099Q4","台南縣(99年以前)","將軍鄉",4.61
"099Q4","台南縣(99年以前)","北門鄉",4.89
"099Q4","台南縣(99年以前)","學甲鎮",4.04
"099Q4","台南縣(99年以前)","新化鎮",4.04
"099Q4","台南縣(99年以前)","善化鎮",3.78
"099Q4","台南縣(99年以前)","新市鄉",3.95
"099Q4","台南縣(99年以前)","安定鄉",4.22
"099Q4","台南縣(99年以前)","山上鄉",4.60
"099Q4","台南縣(99年以前)","玉井鄉",4.13
"099Q4","台南縣(99年以前)","楠西鄉",4.30
"099Q4","台南縣(99年以前)","南化鄉",4.65
"099Q4","台南縣(99年以前)","左鎮鄉",4.23
"099Q4","台南縣(99年以前)","仁德鄉",3.50
"099Q4","台南縣(99年以前)","歸仁鄉",3.96
"099Q4","台南縣(99年以前)","關廟鄉",4.36
"099Q4","台南縣(99年以前)","龍崎鄉",4.79
"099Q4","台南縣(99年以前)","永康市",3.42
"099Q4","高雄縣(99年以前)","",3.73
"099Q4","高雄縣(99年以前)","鳳山市",3.29
"099Q4","高雄縣(99年以前)","鳥松鄉",3.26
"099Q4","高雄縣(99年以前)","仁武鄉",3.29
"099Q4","高雄縣(99年以前)","大社鄉",3.51
"099Q4","高雄縣(99年以前)","大樹鄉",4.45
"099Q4","高雄縣(99年以前)","大寮鄉",3.56
"099Q4","高雄縣(99年以前)","林園鄉",4.16
"099Q4","高雄縣(99年以前)","岡山鎮",3.60
"099Q4","高雄縣(99年以前)","茄萣鄉",4.64
"099Q4","高雄縣(99年以前)","永安鄉",4.48
"099Q4","高雄縣(99年以前)","橋頭鄉",3.66
"099Q4","高雄縣(99年以前)","梓官鄉",3.99
"099Q4","高雄縣(99年以前)","田寮鄉",4.45
"099Q4","高雄縣(99年以前)","阿蓮鄉",4.39
"099Q4","高雄縣(99年以前)","路竹鄉",4.29
"099Q4","高雄縣(99年以前)","燕巢鄉",4.44
"099Q4","高雄縣(99年以前)","彌陀鄉",4.93
"099Q4","高雄縣(99年以前)","湖內鄉",3.71
"099Q4","高雄縣(99年以前)","旗山鎮",3.99
"099Q4","高雄縣(99年以前)","六龜鄉",3.88
"099Q4","高雄縣(99年以前)","內門鄉",5.81
"099Q4","高雄縣(99年以前)","美濃鎮",5.18
"099Q4","高雄縣(99年以前)","杉林鄉",4.48
"099Q4","高雄縣(99年以前)","甲仙鄉",3.96
"099Q4","高雄縣(99年以前)","茂林鄉",5.03
"099Q4","高雄縣(99年以前)","桃源鄉",5.17
"099Q4","高雄縣(99年以前)","那瑪夏鄉",5.11
"100Q1","全國","",4.23
"100Q1","新北市","",3.32
"100Q1","新北市","板橋區",3.41
"100Q1","新北市","三重區",3.34
"100Q1","新北市","中和區",3.11
"100Q1","新北市","永和區",3.22
"100Q1","新北市","新莊區",3.47
"100Q1","新北市","新店區",3.00
"100Q1","新北市","樹林區",3.52
"100Q1","新北市","鶯歌區",3.83
"100Q1","新北市","三峽區",3.55
"100Q1","新北市","淡水區",2.87
"100Q1","新北市","汐止區",2.79
"100Q1","新北市","瑞芳區",3.44
"100Q1","新北市","土城區",3.46
"100Q1","新北市","蘆洲區",3.57
"100Q1","新北市","五股區",3.52
"100Q1","新北市","泰山區",3.40
"100Q1","新北市","林口區",3.35
"100Q1","新北市","深坑區",3.11
"100Q1","新北市","石碇區",3.51
"100Q1","新北市","坪林區",3.89
"100Q1","新北市","三芝區",3.38
"100Q1","新北市","石門區",5.52
"100Q1","新北市","八里區",3.56
"100Q1","新北市","平溪區",3.20
"100Q1","新北市","雙溪區",3.98
"100Q1","新北市","貢寮區",5.04
"100Q1","新北市","金山區",4.37
"100Q1","新北市","萬里區",4.31
"100Q1","新北市","烏來區",5.19
"100Q1","台北市","",3.51
"100Q1","台北市","松山區",3.60
"100Q1","台北市","信義區",3.41
"100Q1","台北市","大安區",3.57
"100Q1","台北市","中山區",3.07
"100Q1","台北市","中正區",3.65
"100Q1","台北市","大同區",3.58
"100Q1","台北市","萬華區",3.33
"100Q1","台北市","文山區",3.43
"100Q1","台北市","南港區",3.60
"100Q1","台北市","內湖區",3.57
"100Q1","台北市","士林區",3.72
"100Q1","台北市","北投區",3.73
"100Q1","桃園市","",3.61
"100Q1","桃園市","桃園區",3.37
"100Q1","桃園市","中壢區",3.48
"100Q1","桃園市","平鎮區",3.64
"100Q1","桃園市","八德區",3.66
"100Q1","桃園市","楊梅區",3.69
"100Q1","桃園市","大溪區",3.90
"100Q1","桃園市","蘆竹區",3.50
"100Q1","桃園市","大園區",4.33
"100Q1","桃園市","龜山區",3.30
"100Q1","桃園市","龍潭區",3.74
"100Q1","桃園市","新屋區",5.27
"100Q1","桃園市","觀音區",4.67
"100Q1","桃園市","復興區",4.23
"100Q1","台中市","",3.86
"100Q1","台中市","中區",4.33
"100Q1","台中市","東區",3.56
"100Q1","台中市","南區",3.18
"100Q1","台中市","西區",3.37
"100Q1","台中市","北區",3.33
"100Q1","台中市","西屯區",3.42
"100Q1","台中市","南屯區",3.48
"100Q1","台中市","北屯區",3.56
"100Q1","台中市","豐原區",4.25
"100Q1","台中市","東勢區",4.46
"100Q1","台中市","大甲區",4.78
"100Q1","台中市","清水區",4.72
"100Q1","台中市","沙鹿區",4.16
"100Q1","台中市","梧棲區",4.37
"100Q1","台中市","后里區",4.86
"100Q1","台中市","神岡區",4.59
"100Q1","台中市","潭子區",3.74
"100Q1","台中市","大雅區",4.10
"100Q1","台中市","新社區",4.40
"100Q1","台中市","石岡區",4.56
"100Q1","台中市","外埔區",4.65
"100Q1","台中市","大安區",5.21
"100Q1","台中市","烏日區",4.13
"100Q1","台中市","大肚區",4.32
"100Q1","台中市","龍井區",4.65
"100Q1","台中市","霧峰區",4.31
"100Q1","台中市","太平區",3.82
"100Q1","台中市","大里區",3.88
"100Q1","台中市","和平區",3.59
"100Q1","台南市","",3.73
"100Q1","台南市","新營區",3.49
"100Q1","台南市","鹽水區",3.95
"100Q1","台南市","白河區",4.52
"100Q1","台南市","柳營區",4.13
"100Q1","台南市","後壁區",4.13
"100Q1","台南市","東山區",4.64
"100Q1","台南市","麻豆區",3.97
"100Q1","台南市","下營區",4.24
"100Q1","台南市","六甲區",4.14
"100Q1","台南市","官田區",4.03
"100Q1","台南市","大內區",4.38
"100Q1","台南市","佳里區",3.87
"100Q1","台南市","學甲區",4.02
"100Q1","台南市","西港區",4.34
"100Q1","台南市","七股區",5.05
"100Q1","台南市","將軍區",4.59
"100Q1","台南市","北門區",4.86
"100Q1","台南市","新化區",4.03
"100Q1","台南市","善化區",3.77
"100Q1","台南市","新市區",3.93
"100Q1","台南市","安定區",4.20
"100Q1","台南市","山上區",4.55
"100Q1","台南市","玉井區",4.11
"100Q1","台南市","楠西區",4.27
"100Q1","台南市","南化區",4.64
"100Q1","台南市","左鎮區",4.23
"100Q1","台南市","仁德區",3.50
"100Q1","台南市","歸仁區",3.95
"100Q1","台南市","關廟區",4.34
"100Q1","台南市","龍崎區",4.80
"100Q1","台南市","永康區",3.41
"100Q1","台南市","東區",3.42
"100Q1","台南市","南區",3.58
"100Q1","台南市","北區",3.30
"100Q1","台南市","安南區",4.03
"100Q1","台南市","安平區",3.22
"100Q1","台南市","中西區",3.31
"100Q1","高雄市","",3.49
"100Q1","高雄市","鹽埕區",3.19
"100Q1","高雄市","鼓山區",3.05
"100Q1","高雄市","左營區",3.14
"100Q1","高雄市","楠梓區",3.42
"100Q1","高雄市","三民區",3.35
"100Q1","高雄市","新興區",3.02
"100Q1","高雄市","前金區",2.81
"100Q1","高雄市","苓雅區",3.25
"100Q1","高雄市","前鎮區",3.34
"100Q1","高雄市","旗津區",4.44
"100Q1","高雄市","小港區",3.89
"100Q1","高雄市","鳳山區",3.28
"100Q1","高雄市","林園區",4.15
"100Q1","高雄市","大寮區",3.55
"100Q1","高雄市","大樹區",4.44
"100Q1","高雄市","大社區",3.51
"100Q1","高雄市","仁武區",3.29
"100Q1","高雄市","鳥松區",3.26
"100Q1","高雄市","岡山區",3.59
"100Q1","高雄市","橋頭區",3.64
"100Q1","高雄市","燕巢區",4.43
"100Q1","高雄市","田寮區",4.41
"100Q1","高雄市","阿蓮區",4.37
"100Q1","高雄市","路竹區",4.27
"100Q1","高雄市","湖內區",3.69
"100Q1","高雄市","茄萣區",4.62
"100Q1","高雄市","永安區",4.46
"100Q1","高雄市","彌陀區",4.89
"100Q1","高雄市","梓官區",3.98
"100Q1","高雄市","旗山區",3.97
"100Q1","高雄市","美濃區",5.15
"100Q1","高雄市","六龜區",3.85
"100Q1","高雄市","甲仙區",3.85
"100Q1","高雄市","杉林區",4.42
"100Q1","高雄市","內門區",5.78
"100Q1","高雄市","茂林區",4.99
"100Q1","高雄市","桃源區",5.16
"100Q1","高雄市","那瑪夏區",5.08
"100Q1","宜蘭縣","",3.77
"100Q1","宜蘭縣","宜蘭市",3.50
"100Q1","宜蘭縣","羅東鎮",3.67
"100Q1","宜蘭縣","蘇澳鎮",3.93
"100Q1","宜蘭縣","頭城鎮",4.14
"100Q1","宜蘭縣","礁溪鄉",3.83
"100Q1","宜蘭縣","壯圍鄉",4.25
"100Q1","宜蘭縣","員山鄉",3.89
"100Q1","宜蘭縣","冬山鄉",3.60
"100Q1","宜蘭縣","五結鄉",3.62
"100Q1","宜蘭縣","三星鄉",3.86
"100Q1","宜蘭縣","大同鄉",4.68
"100Q1","宜蘭縣","南澳鄉",5.75
"100Q1","新竹縣","",4.00
"100Q1","新竹縣","竹北市",3.57
"100Q1","新竹縣","關西鎮",5.11
"100Q1","新竹縣","新埔鎮",4.47
"100Q1","新竹縣","竹東鎮",3.84
"100Q1","新竹縣","湖口鄉",4.03
"100Q1","新竹縣","橫山鄉",4.42
"100Q1","新竹縣","新豐鄉",4.22
"100Q1","新竹縣","芎林鄉",4.37
"100Q1","新竹縣","寶山鄉",3.82
"100Q1","新竹縣","北埔鄉",4.89
"100Q1","新竹縣","峨眉鄉",5.18
"100Q1","新竹縣","尖石鄉",4.27
"100Q1","新竹縣","五峰鄉",4.30
"100Q1","苗栗縣","",4.27
"100Q1","苗栗縣","苗栗市",3.65
"100Q1","苗栗縣","苑裡鎮",4.85
"100Q1","苗栗縣","通霄鎮",5.11
"100Q1","苗栗縣","竹南鎮",3.93
"100Q1","苗栗縣","頭份鎮",3.90
"100Q1","苗栗縣","後龍鎮",4.90
"100Q1","苗栗縣","卓蘭鎮",4.98
"100Q1","苗栗縣","大湖鄉",4.78
"100Q1","苗栗縣","公館鄉",4.26
"100Q1","苗栗縣","銅鑼鄉",4.61
"100Q1","苗栗縣","南庄鄉",4.52
"100Q1","苗栗縣","頭屋鄉",4.65
"100Q1","苗栗縣","三義鄉",4.54
"100Q1","苗栗縣","西湖鄉",5.80
"100Q1","苗栗縣","造橋鄉",4.64
"100Q1","苗栗縣","三灣鄉",4.53
"100Q1","苗栗縣","獅潭鄉",4.33
"100Q1","苗栗縣","泰安鄉",6.42
"100Q1","彰化縣","",4.83
"100Q1","彰化縣","彰化市",3.98
"100Q1","彰化縣","鹿港鎮",4.97
"100Q1","彰化縣","和美鎮",4.51
"100Q1","彰化縣","北斗鎮",4.20
"100Q1","彰化縣","員林鎮",4.44
"100Q1","彰化縣","溪湖鎮",5.25
"100Q1","彰化縣","田中鎮",4.64
"100Q1","彰化縣","二林鎮",5.99
"100Q1","彰化縣","線西鄉",5.76
"100Q1","彰化縣","伸港鄉",5.39
"100Q1","彰化縣","福興鄉",5.90
"100Q1","彰化縣","秀水鄉",5.06
"100Q1","彰化縣","花壇鄉",4.45
"100Q1","彰化縣","芬園鄉",5.24
"100Q1","彰化縣","大村鄉",6.10
"100Q1","彰化縣","埔鹽鄉",7.15
"100Q1","彰化縣","埔心鄉",4.43
"100Q1","彰化縣","永靖鄉",5.69
"100Q1","彰化縣","社頭鄉",5.61
"100Q1","彰化縣","二水鄉",4.53
"100Q1","彰化縣","田尾鄉",4.54
"100Q1","彰化縣","埤頭鄉",4.96
"100Q1","彰化縣","芳苑鄉",5.79
"100Q1","彰化縣","大城鄉",7.15
"100Q1","彰化縣","竹塘鄉",5.06
"100Q1","彰化縣","溪州鄉",5.68
"100Q1","南投縣","",4.22
"100Q1","南投縣","南投市",3.83
"100Q1","南投縣","埔里鎮",4.03
"100Q1","南投縣","草屯鎮",4.25
"100Q1","南投縣","竹山鎮",3.99
"100Q1","南投縣","集集鎮",4.24
"100Q1","南投縣","名間鄉",5.12
"100Q1","南投縣","鹿谷鄉",4.74
"100Q1","南投縣","中寮鄉",4.81
"100Q1","南投縣","魚池鄉",5.15
"100Q1","南投縣","國姓鄉",4.24
"100Q1","南投縣","水里鄉",3.98
"100Q1","南投縣","信義鄉",5.34
"100Q1","南投縣","仁愛鄉",4.28
"100Q1","雲林縣","",4.59
"100Q1","雲林縣","斗六市",3.77
"100Q1","雲林縣","斗南鎮",4.03
"100Q1","雲林縣","虎尾鎮",3.92
"100Q1","雲林縣","西螺鎮",4.76
"100Q1","雲林縣","土庫鎮",5.00
"100Q1","雲林縣","北港鎮",3.98
"100Q1","雲林縣","古坑鄉",4.78
"100Q1","雲林縣","大埤鄉",4.88
"100Q1","雲林縣","莿桐鄉",4.92
"100Q1","雲林縣","林內鄉",4.66
"100Q1","雲林縣","二崙鄉",5.41
"100Q1","雲林縣","崙背鄉",5.11
"100Q1","雲林縣","麥寮鄉",5.36
"100Q1","雲林縣","東勢鄉",5.29
"100Q1","雲林縣","褒忠鄉",5.09
"100Q1","雲林縣","台西鄉",5.51
"100Q1","雲林縣","元長鄉",5.24
"100Q1","雲林縣","四湖鄉",5.13
"100Q1","雲林縣","口湖鄉",5.78
"100Q1","雲林縣","水林鄉",5.55
"100Q1","嘉義縣","",4.66
"100Q1","嘉義縣","太保市",4.26
"100Q1","嘉義縣","朴子市",4.37
"100Q1","嘉義縣","布袋鎮",4.83
"100Q1","嘉義縣","大林鎮",4.28
"100Q1","嘉義縣","民雄鄉",4.18
"100Q1","嘉義縣","溪口鄉",5.68
"100Q1","嘉義縣","新港鄉",5.34
"100Q1","嘉義縣","六腳鄉",5.50
"100Q1","嘉義縣","東石鄉",5.63
"100Q1","嘉義縣","義竹鄉",5.18
"100Q1","嘉義縣","鹿草鄉",5.27
"100Q1","嘉義縣","水上鄉",4.03
"100Q1","嘉義縣","中埔鄉",4.54
"100Q1","嘉義縣","竹崎鄉",5.14
"100Q1","嘉義縣","梅山鄉",4.88
"100Q1","嘉義縣","番路鄉",4.42
"100Q1","嘉義縣","大埔鄉",5.80
"100Q1","嘉義縣","阿里山鄉",5.25
"100Q1","屏東縣","",4.24
"100Q1","屏東縣","屏東市",3.58
"100Q1","屏東縣","潮州鎮",3.69
"100Q1","屏東縣","東港鎮",4.43
"100Q1","屏東縣","恆春鎮",4.05
"100Q1","屏東縣","萬丹鄉",4.54
"100Q1","屏東縣","長治鄉",4.23
"100Q1","屏東縣","麟洛鄉",3.89
"100Q1","屏東縣","九如鄉",4.47
"100Q1","屏東縣","里港鄉",4.57
"100Q1","屏東縣","鹽埔鄉",5.20
"100Q1","屏東縣","高樹鄉",5.28
"100Q1","屏東縣","萬巒鄉",5.18
"100Q1","屏東縣","內埔鄉",4.45
"100Q1","屏東縣","竹田鄉",4.30
"100Q1","屏東縣","新埤鄉",4.83
"100Q1","屏東縣","枋寮鄉",4.15
"100Q1","屏東縣","新園鄉",4.72
"100Q1","屏東縣","崁頂鄉",6.14
"100Q1","屏東縣","林邊鄉",4.43
"100Q1","屏東縣","南州鄉",4.44
"100Q1","屏東縣","佳冬鄉",4.91
"100Q1","屏東縣","琉球鄉",5.35
"100Q1","屏東縣","車城鄉",4.16
"100Q1","屏東縣","滿州鄉",4.11
"100Q1","屏東縣","枋山鄉",4.37
"100Q1","屏東縣","三地門鄉",5.20
"100Q1","屏東縣","霧台鄉",3.93
"100Q1","屏東縣","瑪家鄉",5.18
"100Q1","屏東縣","泰武鄉",6.57
"100Q1","屏東縣","來義鄉",4.85
"100Q1","屏東縣","春日鄉",4.90
"100Q1","屏東縣","獅子鄉",4.53
"100Q1","屏東縣","牡丹鄉",4.32
"100Q1","台東縣","",3.75
"100Q1","台東縣","台東市",3.67
"100Q1","台東縣","成功鎮",3.71
"100Q1","台東縣","關山鎮",3.95
"100Q1","台東縣","卑南鄉",3.83
"100Q1","台東縣","大武鄉",3.75
"100Q1","台東縣","太麻里鄉",3.61
"100Q1","台東縣","東河鄉",3.34
"100Q1","台東縣","長濱鄉",3.20
"100Q1","台東縣","鹿野鄉",3.68
"100Q1","台東縣","池上鄉",3.77
"100Q1","台東縣","綠島鄉",5.77
"100Q1","台東縣","延平鄉",4.77
"100Q1","台東縣","海端鄉",5.12
"100Q1","台東縣","達仁鄉",3.86
"100Q1","台東縣","金峰鄉",5.15
"100Q1","台東縣","蘭嶼鄉",4.48
"100Q1","花蓮縣","",3.62
"100Q1","花蓮縣","花蓮市",3.59
"100Q1","花蓮縣","鳳林鎮",3.35
"100Q1","花蓮縣","玉里鎮",3.91
"100Q1","花蓮縣","新城鄉",3.38
"100Q1","花蓮縣","吉安鄉",3.34
"100Q1","花蓮縣","壽豐鄉",3.54
"100Q1","花蓮縣","光復鄉",3.56
"100Q1","花蓮縣","豐濱鄉",3.55
"100Q1","花蓮縣","瑞穗鄉",3.55
"100Q1","花蓮縣","富里鄉",3.75
"100Q1","花蓮縣","秀林鄉",5.17
"100Q1","花蓮縣","萬榮鄉",5.19
"100Q1","花蓮縣","卓溪鄉",4.79
"100Q1","澎湖縣","",4.10
"100Q1","澎湖縣","馬公市",3.84
"100Q1","澎湖縣","湖西鄉",4.23
"100Q1","澎湖縣","白沙鄉",4.72
"100Q1","澎湖縣","西嶼鄉",4.15
"100Q1","澎湖縣","望安鄉",5.61
"100Q1","澎湖縣","七美鄉",5.04
"100Q1","基隆市","",3.12
"100Q1","基隆市","中正區",3.06
"100Q1","基隆市","七堵區",3.18
"100Q1","基隆市","暖暖區",3.07
"100Q1","基隆市","仁愛區",3.41
"100Q1","基隆市","中山區",3.14
"100Q1","基隆市","安樂區",3.08
"100Q1","基隆市","信義區",2.97
"100Q1","新竹市","",3.58
"100Q1","新竹市","新竹市",3.58
"100Q1","嘉義市","",3.93
"100Q1","嘉義市","嘉義市",3.93
"100Q1","金門縣","",6.58
"100Q1","金門縣","金城鎮",6.50
"100Q1","金門縣","金湖鎮",6.27
"100Q1","金門縣","金沙鎮",6.09
"100Q1","金門縣","金寧鄉",7.07
"100Q1","金門縣","烈嶼鄉",7.55
"100Q1","金門縣","烏坵鄉",10.40
"100Q1","連江縣","",8.39
"100Q1","連江縣","南竿鄉",9.17
"100Q1","連江縣","北竿鄉",7.70
"100Q1","連江縣","莒光鄉",8.64
"100Q1","連江縣","東引鄉",6.22
"100Q2","全國","",4.22
"100Q2","新北市","",3.30
"100Q2","新北市","板橋區",3.40
"100Q2","新北市","三重區",3.33
"100Q2","新北市","中和區",3.10
"100Q2","新北市","永和區",3.20
"100Q2","新北市","新莊區",3.46
"100Q2","新北市","新店區",2.99
"100Q2","新北市","樹林區",3.49
"100Q2","新北市","鶯歌區",3.83
"100Q2","新北市","三峽區",3.54
"100Q2","新北市","淡水區",2.85
"100Q2","新北市","汐止區",2.78
"100Q2","新北市","瑞芳區",3.44
"100Q2","新北市","土城區",3.45
"100Q2","新北市","蘆洲區",3.56
"100Q2","新北市","五股區",3.51
"100Q2","新北市","泰山區",3.40
"100Q2","新北市","林口區",3.33
"100Q2","新北市","深坑區",3.10
"100Q2","新北市","石碇區",3.51
"100Q2","新北市","坪林區",3.88
"100Q2","新北市","三芝區",3.37
"100Q2","新北市","石門區",5.49
"100Q2","新北市","八里區",3.55
"100Q2","新北市","平溪區",3.18
"100Q2","新北市","雙溪區",3.97
"100Q2","新北市","貢寮區",4.99
"100Q2","新北市","金山區",4.35
"100Q2","新北市","萬里區",4.31
"100Q2","新北市","烏來區",5.19
"100Q2","台北市","",3.51
"100Q2","台北市","松山區",3.60
"100Q2","台北市","信義區",3.41
"100Q2","台北市","大安區",3.57
"100Q2","台北市","中山區",3.07
"100Q2","台北市","中正區",3.65
"100Q2","台北市","大同區",3.58
"100Q2","台北市","萬華區",3.33
"100Q2","台北市","文山區",3.43
"100Q2","台北市","南港區",3.59
"100Q2","台北市","內湖區",3.57
"100Q2","台北市","士林區",3.72
"100Q2","台北市","北投區",3.73
"100Q2","桃園市","",3.60
"100Q2","桃園市","桃園區",3.36
"100Q2","桃園市","中壢區",3.46
"100Q2","桃園市","平鎮區",3.63
"100Q2","桃園市","八德區",3.64
"100Q2","桃園市","楊梅區",3.67
"100Q2","桃園市","大溪區",3.88
"100Q2","桃園市","蘆竹區",3.49
"100Q2","桃園市","大園區",4.31
"100Q2","桃園市","龜山區",3.29
"100Q2","桃園市","龍潭區",3.73
"100Q2","桃園市","新屋區",5.23
"100Q2","桃園市","觀音區",4.65
"100Q2","桃園市","復興區",4.20
"100Q2","台中市","",3.85
"100Q2","台中市","中區",4.94
"100Q2","台中市","東區",3.55
"100Q2","台中市","南區",3.18
"100Q2","台中市","西區",3.35
"100Q2","台中市","北區",3.24
"100Q2","台中市","西屯區",3.40
"100Q2","台中市","南屯區",3.47
"100Q2","台中市","北屯區",3.54
"100Q2","台中市","豐原區",4.24
"100Q2","台中市","東勢區",4.44
"100Q2","台中市","大甲區",4.76
"100Q2","台中市","清水區",4.70
"100Q2","台中市","沙鹿區",4.14
"100Q2","台中市","梧棲區",4.35
"100Q2","台中市","后里區",4.84
"100Q2","台中市","神岡區",4.57
"100Q2","台中市","潭子區",3.73
"100Q2","台中市","大雅區",4.10
"100Q2","台中市","新社區",4.39
"100Q2","台中市","石岡區",4.53
"100Q2","台中市","外埔區",4.64
"100Q2","台中市","大安區",5.17
"100Q2","台中市","烏日區",4.12
"100Q2","台中市","大肚區",4.31
"100Q2","台中市","龍井區",4.64
"100Q2","台中市","霧峰區",4.29
"100Q2","台中市","太平區",3.82
"100Q2","台中市","大里區",3.88
"100Q2","台中市","和平區",3.58
"100Q2","台南市","",3.72
"100Q2","台南市","新營區",3.48
"100Q2","台南市","鹽水區",3.94
"100Q2","台南市","白河區",4.51
"100Q2","台南市","柳營區",4.12
"100Q2","台南市","後壁區",4.11
"100Q2","台南市","東山區",4.62
"100Q2","台南市","麻豆區",3.96
"100Q2","台南市","下營區",4.23
"100Q2","台南市","六甲區",4.12
"100Q2","台南市","官田區",4.02
"100Q2","台南市","大內區",4.36
"100Q2","台南市","佳里區",3.86
"100Q2","台南市","學甲區",4.02
"100Q2","台南市","西港區",4.32
"100Q2","台南市","七股區",5.07
"100Q2","台南市","將軍區",4.56
"100Q2","台南市","北門區",4.82
"100Q2","台南市","新化區",4.03
"100Q2","台南市","善化區",3.75
"100Q2","台南市","新市區",3.92
"100Q2","台南市","安定區",4.19
"100Q2","台南市","山上區",4.51
"100Q2","台南市","玉井區",4.10
"100Q2","台南市","楠西區",4.25
"100Q2","台南市","南化區",4.62
"100Q2","台南市","左鎮區",4.21
"100Q2","台南市","仁德區",3.50
"100Q2","台南市","歸仁區",3.93
"100Q2","台南市","關廟區",4.33
"100Q2","台南市","龍崎區",4.79
"100Q2","台南市","永康區",3.41
"100Q2","台南市","東區",3.42
"100Q2","台南市","南區",3.57
"100Q2","台南市","北區",3.30
"100Q2","台南市","安南區",4.02
"100Q2","台南市","安平區",3.22
"100Q2","台南市","中西區",3.27
"100Q2","高雄市","",3.48
"100Q2","高雄市","鹽埕區",3.49
"100Q2","高雄市","鼓山區",3.04
"100Q2","高雄市","左營區",3.13
"100Q2","高雄市","楠梓區",3.36
"100Q2","高雄市","三民區",3.33
"100Q2","高雄市","新興區",3.01
"100Q2","高雄市","前金區",2.80
"100Q2","高雄市","苓雅區",3.23
"100Q2","高雄市","前鎮區",3.33
"100Q2","高雄市","旗津區",4.44
"100Q2","高雄市","小港區",3.87
"100Q2","高雄市","鳳山區",3.28
"100Q2","高雄市","林園區",4.13
"100Q2","高雄市","大寮區",3.53
"100Q2","高雄市","大樹區",4.42
"100Q2","高雄市","大社區",3.50
"100Q2","高雄市","仁武區",3.29
"100Q2","高雄市","鳥松區",3.25
"100Q2","高雄市","岡山區",3.58
"100Q2","高雄市","橋頭區",3.62
"100Q2","高雄市","燕巢區",4.43
"100Q2","高雄市","田寮區",4.38
"100Q2","高雄市","阿蓮區",4.34
"100Q2","高雄市","路竹區",4.25
"100Q2","高雄市","湖內區",3.67
"100Q2","高雄市","茄萣區",4.59
"100Q2","高雄市","永安區",4.44
"100Q2","高雄市","彌陀區",4.86
"100Q2","高雄市","梓官區",3.96
"100Q2","高雄市","旗山區",3.96
"100Q2","高雄市","美濃區",5.13
"100Q2","高雄市","六龜區",3.83
"100Q2","高雄市","甲仙區",3.81
"100Q2","高雄市","杉林區",4.40
"100Q2","高雄市","內門區",5.73
"100Q2","高雄市","茂林區",4.98
"100Q2","高雄市","桃源區",5.13
"100Q2","高雄市","那瑪夏區",5.04
"100Q2","宜蘭縣","",3.75
"100Q2","宜蘭縣","宜蘭市",3.49
"100Q2","宜蘭縣","羅東鎮",3.66
"100Q2","宜蘭縣","蘇澳鎮",3.91
"100Q2","宜蘭縣","頭城鎮",4.12
"100Q2","宜蘭縣","礁溪鄉",3.82
"100Q2","宜蘭縣","壯圍鄉",4.23
"100Q2","宜蘭縣","員山鄉",3.86
"100Q2","宜蘭縣","冬山鄉",3.59
"100Q2","宜蘭縣","五結鄉",3.59
"100Q2","宜蘭縣","三星鄉",3.84
"100Q2","宜蘭縣","大同鄉",4.65
"100Q2","宜蘭縣","南澳鄉",5.69
"100Q2","新竹縣","",3.98
"100Q2","新竹縣","竹北市",3.55
"100Q2","新竹縣","關西鎮",5.09
"100Q2","新竹縣","新埔鎮",4.45
"100Q2","新竹縣","竹東鎮",3.83
"100Q2","新竹縣","湖口鄉",4.02
"100Q2","新竹縣","橫山鄉",4.40
"100Q2","新竹縣","新豐鄉",4.19
"100Q2","新竹縣","芎林鄉",4.36
"100Q2","新竹縣","寶山鄉",3.79
"100Q2","新竹縣","北埔鄉",4.88
"100Q2","新竹縣","峨眉鄉",5.16
"100Q2","新竹縣","尖石鄉",4.24
"100Q2","新竹縣","五峰鄉",4.28
"100Q2","苗栗縣","",4.26
"100Q2","苗栗縣","苗栗市",3.65
"100Q2","苗栗縣","苑裡鎮",4.83
"100Q2","苗栗縣","通霄鎮",5.09
"100Q2","苗栗縣","竹南鎮",3.92
"100Q2","苗栗縣","頭份鎮",3.89
"100Q2","苗栗縣","後龍鎮",4.88
"100Q2","苗栗縣","卓蘭鎮",4.97
"100Q2","苗栗縣","大湖鄉",4.77
"100Q2","苗栗縣","公館鄉",4.25
"100Q2","苗栗縣","銅鑼鄉",4.60
"100Q2","苗栗縣","南庄鄉",4.51
"100Q2","苗栗縣","頭屋鄉",4.64
"100Q2","苗栗縣","三義鄉",4.52
"100Q2","苗栗縣","西湖鄉",5.77
"100Q2","苗栗縣","造橋鄉",4.63
"100Q2","苗栗縣","三灣鄉",4.53
"100Q2","苗栗縣","獅潭鄉",4.31
"100Q2","苗栗縣","泰安鄉",6.36
"100Q2","彰化縣","",4.81
"100Q2","彰化縣","彰化市",3.97
"100Q2","彰化縣","鹿港鎮",4.95
"100Q2","彰化縣","和美鎮",4.49
"100Q2","彰化縣","北斗鎮",4.17
"100Q2","彰化縣","員林鎮",4.41
"100Q2","彰化縣","溪湖鎮",5.22
"100Q2","彰化縣","田中鎮",4.63
"100Q2","彰化縣","二林鎮",5.93
"100Q2","彰化縣","線西鄉",5.75
"100Q2","彰化縣","伸港鄉",5.37
"100Q2","彰化縣","福興鄉",5.86
"100Q2","彰化縣","秀水鄉",5.04
"100Q2","彰化縣","花壇鄉",4.43
"100Q2","彰化縣","芬園鄉",5.21
"100Q2","彰化縣","大村鄉",6.05
"100Q2","彰化縣","埔鹽鄉",7.08
"100Q2","彰化縣","埔心鄉",4.42
"100Q2","彰化縣","永靖鄉",5.68
"100Q2","彰化縣","社頭鄉",5.58
"100Q2","彰化縣","二水鄉",4.51
"100Q2","彰化縣","田尾鄉",4.53
"100Q2","彰化縣","埤頭鄉",4.93
"100Q2","彰化縣","芳苑鄉",5.78
"100Q2","彰化縣","大城鄉",7.11
"100Q2","彰化縣","竹塘鄉",5.04
"100Q2","彰化縣","溪州鄉",5.66
"100Q2","南投縣","",4.20
"100Q2","南投縣","南投市",3.82
"100Q2","南投縣","埔里鎮",4.02
"100Q2","南投縣","草屯鎮",4.23
"100Q2","南投縣","竹山鎮",3.98
"100Q2","南投縣","集集鎮",4.23
"100Q2","南投縣","名間鄉",5.09
"100Q2","南投縣","鹿谷鄉",4.72
"100Q2","南投縣","中寮鄉",4.80
"100Q2","南投縣","魚池鄉",5.10
"100Q2","南投縣","國姓鄉",4.23
"100Q2","南投縣","水里鄉",3.90
"100Q2","南投縣","信義鄉",5.32
"100Q2","南投縣","仁愛鄉",4.28
"100Q2","雲林縣","",4.57
"100Q2","雲林縣","斗六市",3.76
"100Q2","雲林縣","斗南鎮",4.02
"100Q2","雲林縣","虎尾鎮",3.91
"100Q2","雲林縣","西螺鎮",4.72
"100Q2","雲林縣","土庫鎮",4.99
"100Q2","雲林縣","北港鎮",3.97
"100Q2","雲林縣","古坑鄉",4.77
"100Q2","雲林縣","大埤鄉",4.86
"100Q2","雲林縣","莿桐鄉",4.89
"100Q2","雲林縣","林內鄉",4.67
"100Q2","雲林縣","二崙鄉",5.39
"100Q2","雲林縣","崙背鄉",5.09
"100Q2","雲林縣","麥寮鄉",5.40
"100Q2","雲林縣","東勢鄉",5.25
"100Q2","雲林縣","褒忠鄉",5.08
"100Q2","雲林縣","台西鄉",5.46
"100Q2","雲林縣","元長鄉",5.21
"100Q2","雲林縣","四湖鄉",5.10
"100Q2","雲林縣","口湖鄉",5.75
"100Q2","雲林縣","水林鄉",5.51
"100Q2","嘉義縣","",4.64
"100Q2","嘉義縣","太保市",4.24
"100Q2","嘉義縣","朴子市",4.34
"100Q2","嘉義縣","布袋鎮",4.80
"100Q2","嘉義縣","大林鎮",4.27
"100Q2","嘉義縣","民雄鄉",4.15
"100Q2","嘉義縣","溪口鄉",5.67
"100Q2","嘉義縣","新港鄉",5.33
"100Q2","嘉義縣","六腳鄉",5.48
"100Q2","嘉義縣","東石鄉",5.59
"100Q2","嘉義縣","義竹鄉",5.14
"100Q2","嘉義縣","鹿草鄉",5.24
"100Q2","嘉義縣","水上鄉",4.01
"100Q2","嘉義縣","中埔鄉",4.51
"100Q2","嘉義縣","竹崎鄉",5.12
"100Q2","嘉義縣","梅山鄉",4.85
"100Q2","嘉義縣","番路鄉",4.40
"100Q2","嘉義縣","大埔鄉",5.77
"100Q2","嘉義縣","阿里山鄉",5.23
"100Q2","屏東縣","",4.22
"100Q2","屏東縣","屏東市",3.57
"100Q2","屏東縣","潮州鎮",3.67
"100Q2","屏東縣","東港鎮",4.41
"100Q2","屏東縣","恆春鎮",4.03
"100Q2","屏東縣","萬丹鄉",4.52
"100Q2","屏東縣","長治鄉",4.21
"100Q2","屏東縣","麟洛鄉",3.88
"100Q2","屏東縣","九如鄉",4.45
"100Q2","屏東縣","里港鄉",4.55
"100Q2","屏東縣","鹽埔鄉",5.18
"100Q2","屏東縣","高樹鄉",5.25
"100Q2","屏東縣","萬巒鄉",5.16
"100Q2","屏東縣","內埔鄉",4.42
"100Q2","屏東縣","竹田鄉",4.28
"100Q2","屏東縣","新埤鄉",4.78
"100Q2","屏東縣","枋寮鄉",4.13
"100Q2","屏東縣","新園鄉",4.70
"100Q2","屏東縣","崁頂鄉",6.09
"100Q2","屏東縣","林邊鄉",4.42
"100Q2","屏東縣","南州鄉",4.41
"100Q2","屏東縣","佳冬鄉",4.89
"100Q2","屏東縣","琉球鄉",5.32
"100Q2","屏東縣","車城鄉",4.15
"100Q2","屏東縣","滿州鄉",4.09
"100Q2","屏東縣","枋山鄉",4.35
"100Q2","屏東縣","三地門鄉",5.11
"100Q2","屏東縣","霧台鄉",3.83
"100Q2","屏東縣","瑪家鄉",5.15
"100Q2","屏東縣","泰武鄉",6.53
"100Q2","屏東縣","來義鄉",4.84
"100Q2","屏東縣","春日鄉",4.92
"100Q2","屏東縣","獅子鄉",4.52
"100Q2","屏東縣","牡丹鄉",4.27
"100Q2","台東縣","",3.73
"100Q2","台東縣","台東市",3.66
"100Q2","台東縣","成功鎮",3.69
"100Q2","台東縣","關山鎮",3.93
"100Q2","台東縣","卑南鄉",3.83
"100Q2","台東縣","大武鄉",3.73
"100Q2","台東縣","太麻里鄉",3.54
"100Q2","台東縣","東河鄉",3.33
"100Q2","台東縣","長濱鄉",3.17
"100Q2","台東縣","鹿野鄉",3.67
"100Q2","台東縣","池上鄉",3.74
"100Q2","台東縣","綠島鄉",5.79
"100Q2","台東縣","延平鄉",4.75
"100Q2","台東縣","海端鄉",5.08
"100Q2","台東縣","達仁鄉",3.81
"100Q2","台東縣","金峰鄉",5.12
"100Q2","台東縣","蘭嶼鄉",4.46
"100Q2","花蓮縣","",3.60
"100Q2","花蓮縣","花蓮市",3.58
"100Q2","花蓮縣","鳳林鎮",3.34
"100Q2","花蓮縣","玉里鎮",3.90
"100Q2","花蓮縣","新城鄉",3.37
"100Q2","花蓮縣","吉安鄉",3.33
"100Q2","花蓮縣","壽豐鄉",3.53
"100Q2","花蓮縣","光復鄉",3.53
"100Q2","花蓮縣","豐濱鄉",3.53
"100Q2","花蓮縣","瑞穗鄉",3.54
"100Q2","花蓮縣","富里鄉",3.72
"100Q2","花蓮縣","秀林鄉",5.15
"100Q2","花蓮縣","萬榮鄉",5.17
"100Q2","花蓮縣","卓溪鄉",4.75
"100Q2","澎湖縣","",4.08
"100Q2","澎湖縣","馬公市",3.82
"100Q2","澎湖縣","湖西鄉",4.22
"100Q2","澎湖縣","白沙鄉",4.71
"100Q2","澎湖縣","西嶼鄉",4.14
"100Q2","澎湖縣","望安鄉",5.62
"100Q2","澎湖縣","七美鄉",5.07
"100Q2","基隆市","",3.11
"100Q2","基隆市","中正區",3.04
"100Q2","基隆市","七堵區",3.17
"100Q2","基隆市","暖暖區",3.06
"100Q2","基隆市","仁愛區",3.40
"100Q2","基隆市","中山區",3.13
"100Q2","基隆市","安樂區",3.07
"100Q2","基隆市","信義區",2.96
"100Q2","新竹市","",3.57
"100Q2","新竹市","新竹市",3.57
"100Q2","嘉義市","",3.92
"100Q2","嘉義市","嘉義市",3.92
"100Q2","金門縣","",6.63
"100Q2","金門縣","金城鎮",6.55
"100Q2","金門縣","金湖鎮",6.36
"100Q2","金門縣","金沙鎮",6.17
"100Q2","金門縣","金寧鄉",7.05
"100Q2","金門縣","烈嶼鄉",7.61
"100Q2","金門縣","烏坵鄉",10.43
"100Q2","連江縣","",8.35
"100Q2","連江縣","南竿鄉",9.07
"100Q2","連江縣","北竿鄉",7.69
"100Q2","連江縣","莒光鄉",8.71
"100Q2","連江縣","東引鄉",6.23
"100Q3","全國","",4.12
"100Q3","新北市","",3.23
"100Q3","新北市","板橋區",3.33
"100Q3","新北市","三重區",3.27
"100Q3","新北市","中和區",3.04
"100Q3","新北市","永和區",3.10
"100Q3","新北市","新莊區",3.40
"100Q3","新北市","新店區",2.90
"100Q3","新北市","樹林區",3.41
"100Q3","新北市","鶯歌區",3.75
"100Q3","新北市","三峽區",3.43
"100Q3","新北市","淡水區",2.79
"100Q3","新北市","汐止區",2.72
"100Q3","新北市","瑞芳區",3.35
"100Q3","新北市","土城區",3.39
"100Q3","新北市","蘆洲區",3.50
"100Q3","新北市","五股區",3.45
"100Q3","新北市","泰山區",3.34
"100Q3","新北市","林口區",3.25
"100Q3","新北市","深坑區",3.01
"100Q3","新北市","石碇區",3.41
"100Q3","新北市","坪林區",3.76
"100Q3","新北市","三芝區",3.29
"100Q3","新北市","石門區",5.42
"100Q3","新北市","八里區",3.48
"100Q3","新北市","平溪區",3.06
"100Q3","新北市","雙溪區",3.83
"100Q3","新北市","貢寮區",4.83
"100Q3","新北市","金山區",4.28
"100Q3","新北市","萬里區",4.25
"100Q3","新北市","烏來區",5.17
"100Q3","台北市","",3.41
"100Q3","台北市","松山區",3.46
"100Q3","台北市","信義區",3.30
"100Q3","台北市","大安區",3.41
"100Q3","台北市","中山區",2.96
"100Q3","台北市","中正區",3.52
"100Q3","台北市","大同區",3.47
"100Q3","台北市","萬華區",3.29
"100Q3","台北市","文山區",3.37
"100Q3","台北市","南港區",3.50
"100Q3","台北市","內湖區",3.47
"100Q3","台北市","士林區",3.60
"100Q3","台北市","北投區",3.61
"100Q3","桃園市","",3.51
"100Q3","桃園市","桃園區",3.29
"100Q3","桃園市","中壢區",3.38
"100Q3","桃園市","平鎮區",3.55
"100Q3","桃園市","八德區",3.49
"100Q3","桃園市","楊梅區",3.59
"100Q3","桃園市","大溪區",3.79
"100Q3","桃園市","蘆竹區",3.42
"100Q3","桃園市","大園區",4.21
"100Q3","桃園市","龜山區",3.22
"100Q3","桃園市","龍潭區",3.64
"100Q3","桃園市","新屋區",5.04
"100Q3","桃園市","觀音區",4.52
"100Q3","桃園市","復興區",4.10
"100Q3","台中市","",3.76
"100Q3","台中市","中區",4.13
"100Q3","台中市","東區",3.61
"100Q3","台中市","南區",3.11
"100Q3","台中市","西區",3.26
"100Q3","台中市","北區",3.15
"100Q3","台中市","西屯區",3.33
"100Q3","台中市","南屯區",3.41
"100Q3","台中市","北屯區",3.46
"100Q3","台中市","豐原區",4.15
"100Q3","台中市","東勢區",4.32
"100Q3","台中市","大甲區",4.63
"100Q3","台中市","清水區",4.59
"100Q3","台中市","沙鹿區",4.05
"100Q3","台中市","梧棲區",4.26
"100Q3","台中市","后里區",4.71
"100Q3","台中市","神岡區",4.47
"100Q3","台中市","潭子區",3.67
"100Q3","台中市","大雅區",4.03
"100Q3","台中市","新社區",4.26
"100Q3","台中市","石岡區",4.40
"100Q3","台中市","外埔區",4.54
"100Q3","台中市","大安區",5.01
"100Q3","台中市","烏日區",4.04
"100Q3","台中市","大肚區",4.21
"100Q3","台中市","龍井區",4.54
"100Q3","台中市","霧峰區",4.20
"100Q3","台中市","太平區",3.75
"100Q3","台中市","大里區",3.81
"100Q3","台中市","和平區",3.51
"100Q3","台南市","",3.62
"100Q3","台南市","新營區",3.40
"100Q3","台南市","鹽水區",3.81
"100Q3","台南市","白河區",4.23
"100Q3","台南市","柳營區",4.01
"100Q3","台南市","後壁區",3.98
"100Q3","台南市","東山區",4.48
"100Q3","台南市","麻豆區",3.85
"100Q3","台南市","下營區",4.09
"100Q3","台南市","六甲區",4.00
"100Q3","台南市","官田區",3.90
"100Q3","台南市","大內區",4.20
"100Q3","台南市","佳里區",3.76
"100Q3","台南市","學甲區",3.91
"100Q3","台南市","西港區",4.21
"100Q3","台南市","七股區",4.73
"100Q3","台南市","將軍區",4.42
"100Q3","台南市","北門區",4.67
"100Q3","台南市","新化區",3.92
"100Q3","台南市","善化區",3.64
"100Q3","台南市","新市區",3.84
"100Q3","台南市","安定區",4.07
"100Q3","台南市","山上區",4.37
"100Q3","台南市","玉井區",3.96
"100Q3","台南市","楠西區",4.09
"100Q3","台南市","南化區",4.43
"100Q3","台南市","左鎮區",3.98
"100Q3","台南市","仁德區",3.44
"100Q3","台南市","歸仁區",3.84
"100Q3","台南市","關廟區",4.21
"100Q3","台南市","龍崎區",4.59
"100Q3","台南市","永康區",3.35
"100Q3","台南市","東區",3.32
"100Q3","台南市","南區",3.48
"100Q3","台南市","北區",3.22
"100Q3","台南市","安南區",3.93
"100Q3","台南市","安平區",3.17
"100Q3","台南市","中西區",3.19
"100Q3","高雄市","",3.39
"100Q3","高雄市","鹽埕區",3.05
"100Q3","高雄市","鼓山區",3.03
"100Q3","高雄市","左營區",3.07
"100Q3","高雄市","楠梓區",3.30
"100Q3","高雄市","三民區",3.25
"100Q3","高雄市","新興區",2.91
"100Q3","高雄市","前金區",2.69
"100Q3","高雄市","苓雅區",3.14
"100Q3","高雄市","前鎮區",3.25
"100Q3","高雄市","旗津區",4.35
"100Q3","高雄市","小港區",3.80
"100Q3","高雄市","鳳山區",3.22
"100Q3","高雄市","林園區",4.04
"100Q3","高雄市","大寮區",3.45
"100Q3","高雄市","大樹區",4.30
"100Q3","高雄市","大社區",3.42
"100Q3","高雄市","仁武區",3.23
"100Q3","高雄市","鳥松區",3.17
"100Q3","高雄市","岡山區",3.50
"100Q3","高雄市","橋頭區",3.52
"100Q3","高雄市","燕巢區",4.26
"100Q3","高雄市","田寮區",4.21
"100Q3","高雄市","阿蓮區",4.22
"100Q3","高雄市","路竹區",4.14
"100Q3","高雄市","湖內區",3.56
"100Q3","高雄市","茄萣區",4.47
"100Q3","高雄市","永安區",4.34
"100Q3","高雄市","彌陀區",4.72
"100Q3","高雄市","梓官區",3.86
"100Q3","高雄市","旗山區",3.81
"100Q3","高雄市","美濃區",4.94
"100Q3","高雄市","六龜區",3.68
"100Q3","高雄市","甲仙區",3.64
"100Q3","高雄市","杉林區",4.13
"100Q3","高雄市","內門區",5.50
"100Q3","高雄市","茂林區",4.77
"100Q3","高雄市","桃源區",4.96
"100Q3","高雄市","那瑪夏區",4.82
"100Q3","宜蘭縣","",3.65
"100Q3","宜蘭縣","宜蘭市",3.40
"100Q3","宜蘭縣","羅東鎮",3.58
"100Q3","宜蘭縣","蘇澳鎮",3.80
"100Q3","宜蘭縣","頭城鎮",4.00
"100Q3","宜蘭縣","礁溪鄉",3.72
"100Q3","宜蘭縣","壯圍鄉",4.10
"100Q3","宜蘭縣","員山鄉",3.75
"100Q3","宜蘭縣","冬山鄉",3.49
"100Q3","宜蘭縣","五結鄉",3.49
"100Q3","宜蘭縣","三星鄉",3.68
"100Q3","宜蘭縣","大同鄉",4.54
"100Q3","宜蘭縣","南澳鄉",5.53
"100Q3","新竹縣","",3.87
"100Q3","新竹縣","竹北市",3.47
"100Q3","新竹縣","關西鎮",4.94
"100Q3","新竹縣","新埔鎮",4.30
"100Q3","新竹縣","竹東鎮",3.72
"100Q3","新竹縣","湖口鄉",3.93
"100Q3","新竹縣","橫山鄉",4.24
"100Q3","新竹縣","新豐鄉",4.10
"100Q3","新竹縣","芎林鄉",4.23
"100Q3","新竹縣","寶山鄉",3.67
"100Q3","新竹縣","北埔鄉",4.71
"100Q3","新竹縣","峨眉鄉",4.95
"100Q3","新竹縣","尖石鄉",4.16
"100Q3","新竹縣","五峰鄉",4.14
"100Q3","苗栗縣","",4.14
"100Q3","苗栗縣","苗栗市",3.56
"100Q3","苗栗縣","苑裡鎮",4.72
"100Q3","苗栗縣","通霄鎮",4.92
"100Q3","苗栗縣","竹南鎮",3.84
"100Q3","苗栗縣","頭份鎮",3.80
"100Q3","苗栗縣","後龍鎮",4.74
"100Q3","苗栗縣","卓蘭鎮",4.84
"100Q3","苗栗縣","大湖鄉",4.62
"100Q3","苗栗縣","公館鄉",4.14
"100Q3","苗栗縣","銅鑼鄉",4.47
"100Q3","苗栗縣","南庄鄉",4.32
"100Q3","苗栗縣","頭屋鄉",4.50
"100Q3","苗栗縣","三義鄉",4.39
"100Q3","苗栗縣","西湖鄉",5.57
"100Q3","苗栗縣","造橋鄉",4.50
"100Q3","苗栗縣","三灣鄉",4.35
"100Q3","苗栗縣","獅潭鄉",4.10
"100Q3","苗栗縣","泰安鄉",6.19
"100Q3","彰化縣","",4.68
"100Q3","彰化縣","彰化市",3.88
"100Q3","彰化縣","鹿港鎮",4.83
"100Q3","彰化縣","和美鎮",4.37
"100Q3","彰化縣","北斗鎮",4.05
"100Q3","彰化縣","員林鎮",4.31
"100Q3","彰化縣","溪湖鎮",5.09
"100Q3","彰化縣","田中鎮",4.29
"100Q3","彰化縣","二林鎮",5.74
"100Q3","彰化縣","線西鄉",5.59
"100Q3","彰化縣","伸港鄉",5.24
"100Q3","彰化縣","福興鄉",5.72
"100Q3","彰化縣","秀水鄉",4.92
"100Q3","彰化縣","花壇鄉",4.32
"100Q3","彰化縣","芬園鄉",5.05
"100Q3","彰化縣","大村鄉",5.90
"100Q3","彰化縣","埔鹽鄉",6.88
"100Q3","彰化縣","埔心鄉",4.30
"100Q3","彰化縣","永靖鄉",5.52
"100Q3","彰化縣","社頭鄉",5.42
"100Q3","彰化縣","二水鄉",4.36
"100Q3","彰化縣","田尾鄉",4.38
"100Q3","彰化縣","埤頭鄉",4.76
"100Q3","彰化縣","芳苑鄉",5.57
"100Q3","彰化縣","大城鄉",6.79
"100Q3","彰化縣","竹塘鄉",4.87
"100Q3","彰化縣","溪州鄉",5.49
"100Q3","南投縣","",4.09
"100Q3","南投縣","南投市",3.73
"100Q3","南投縣","埔里鎮",3.91
"100Q3","南投縣","草屯鎮",4.13
"100Q3","南投縣","竹山鎮",3.86
"100Q3","南投縣","集集鎮",4.11
"100Q3","南投縣","名間鄉",4.95
"100Q3","南投縣","鹿谷鄉",4.55
"100Q3","南投縣","中寮鄉",4.62
"100Q3","南投縣","魚池鄉",4.93
"100Q3","南投縣","國姓鄉",4.07
"100Q3","南投縣","水里鄉",3.76
"100Q3","南投縣","信義鄉",5.16
"100Q3","南投縣","仁愛鄉",4.18
"100Q3","雲林縣","",4.42
"100Q3","雲林縣","斗六市",3.64
"100Q3","雲林縣","斗南鎮",3.91
"100Q3","雲林縣","虎尾鎮",3.82
"100Q3","雲林縣","西螺鎮",4.57
"100Q3","雲林縣","土庫鎮",4.80
"100Q3","雲林縣","北港鎮",3.84
"100Q3","雲林縣","古坑鄉",4.61
"100Q3","雲林縣","大埤鄉",4.70
"100Q3","雲林縣","莿桐鄉",4.73
"100Q3","雲林縣","林內鄉",4.53
"100Q3","雲林縣","二崙鄉",5.19
"100Q3","雲林縣","崙背鄉",4.91
"100Q3","雲林縣","麥寮鄉",5.36
"100Q3","雲林縣","東勢鄉",5.02
"100Q3","雲林縣","褒忠鄉",4.90
"100Q3","雲林縣","台西鄉",5.26
"100Q3","雲林縣","元長鄉",5.00
"100Q3","雲林縣","四湖鄉",4.91
"100Q3","雲林縣","口湖鄉",5.55
"100Q3","雲林縣","水林鄉",5.29
"100Q3","嘉義縣","",4.49
"100Q3","嘉義縣","太保市",4.14
"100Q3","嘉義縣","朴子市",4.21
"100Q3","嘉義縣","布袋鎮",4.64
"100Q3","嘉義縣","大林鎮",4.13
"100Q3","嘉義縣","民雄鄉",4.04
"100Q3","嘉義縣","溪口鄉",5.47
"100Q3","嘉義縣","新港鄉",5.17
"100Q3","嘉義縣","六腳鄉",5.26
"100Q3","嘉義縣","東石鄉",5.39
"100Q3","嘉義縣","義竹鄉",4.95
"100Q3","嘉義縣","鹿草鄉",5.03
"100Q3","嘉義縣","水上鄉",3.91
"100Q3","嘉義縣","中埔鄉",4.38
"100Q3","嘉義縣","竹崎鄉",4.94
"100Q3","嘉義縣","梅山鄉",4.69
"100Q3","嘉義縣","番路鄉",4.27
"100Q3","嘉義縣","大埔鄉",5.64
"100Q3","嘉義縣","阿里山鄉",5.09
"100Q3","屏東縣","",4.08
"100Q3","屏東縣","屏東市",3.48
"100Q3","屏東縣","潮州鎮",3.57
"100Q3","屏東縣","東港鎮",4.30
"100Q3","屏東縣","恆春鎮",3.92
"100Q3","屏東縣","萬丹鄉",4.39
"100Q3","屏東縣","長治鄉",4.09
"100Q3","屏東縣","麟洛鄉",3.75
"100Q3","屏東縣","九如鄉",4.31
"100Q3","屏東縣","里港鄉",4.41
"100Q3","屏東縣","鹽埔鄉",5.02
"100Q3","屏東縣","高樹鄉",5.06
"100Q3","屏東縣","萬巒鄉",4.95
"100Q3","屏東縣","內埔鄉",4.14
"100Q3","屏東縣","竹田鄉",4.13
"100Q3","屏東縣","新埤鄉",4.58
"100Q3","屏東縣","枋寮鄉",4.00
"100Q3","屏東縣","新園鄉",4.55
"100Q3","屏東縣","崁頂鄉",5.94
"100Q3","屏東縣","林邊鄉",4.30
"100Q3","屏東縣","南州鄉",4.27
"100Q3","屏東縣","佳冬鄉",4.72
"100Q3","屏東縣","琉球鄉",5.19
"100Q3","屏東縣","車城鄉",3.99
"100Q3","屏東縣","滿州鄉",3.95
"100Q3","屏東縣","枋山鄉",4.17
"100Q3","屏東縣","三地門鄉",4.95
"100Q3","屏東縣","霧台鄉",3.71
"100Q3","屏東縣","瑪家鄉",5.01
"100Q3","屏東縣","泰武鄉",6.24
"100Q3","屏東縣","來義鄉",4.70
"100Q3","屏東縣","春日鄉",4.75
"100Q3","屏東縣","獅子鄉",4.31
"100Q3","屏東縣","牡丹鄉",4.11
"100Q3","台東縣","",3.61
"100Q3","台東縣","台東市",3.57
"100Q3","台東縣","成功鎮",3.54
"100Q3","台東縣","關山鎮",3.80
"100Q3","台東縣","卑南鄉",3.52
"100Q3","台東縣","大武鄉",3.60
"100Q3","台東縣","太麻里鄉",3.44
"100Q3","台東縣","東河鄉",3.17
"100Q3","台東縣","長濱鄉",3.01
"100Q3","台東縣","鹿野鄉",3.54
"100Q3","台東縣","池上鄉",3.62
"100Q3","台東縣","綠島鄉",5.72
"100Q3","台東縣","延平鄉",4.62
"100Q3","台東縣","海端鄉",4.87
"100Q3","台東縣","達仁鄉",3.64
"100Q3","台東縣","金峰鄉",4.91
"100Q3","台東縣","蘭嶼鄉",4.45
"100Q3","花蓮縣","",3.47
"100Q3","花蓮縣","花蓮市",3.45
"100Q3","花蓮縣","鳳林鎮",3.20
"100Q3","花蓮縣","玉里鎮",3.57
"100Q3","花蓮縣","新城鄉",3.31
"100Q3","花蓮縣","吉安鄉",3.25
"100Q3","花蓮縣","壽豐鄉",3.41
"100Q3","花蓮縣","光復鄉",3.38
"100Q3","花蓮縣","豐濱鄉",3.38
"100Q3","花蓮縣","瑞穗鄉",3.41
"100Q3","花蓮縣","富里鄉",3.53
"100Q3","花蓮縣","秀林鄉",5.02
"100Q3","花蓮縣","萬榮鄉",4.99
"100Q3","花蓮縣","卓溪鄉",4.53
"100Q3","澎湖縣","",4.01
"100Q3","澎湖縣","馬公市",3.77
"100Q3","澎湖縣","湖西鄉",4.14
"100Q3","澎湖縣","白沙鄉",4.59
"100Q3","澎湖縣","西嶼鄉",4.03
"100Q3","澎湖縣","望安鄉",5.50
"100Q3","澎湖縣","七美鄉",4.95
"100Q3","基隆市","",3.02
"100Q3","基隆市","中正區",2.95
"100Q3","基隆市","七堵區",3.08
"100Q3","基隆市","暖暖區",2.97
"100Q3","基隆市","仁愛區",3.29
"100Q3","基隆市","中山區",3.05
"100Q3","基隆市","安樂區",2.99
"100Q3","基隆市","信義區",2.88
"100Q3","新竹市","",3.47
"100Q3","新竹市","新竹市",3.47
"100Q3","嘉義市","",3.83
"100Q3","嘉義市","嘉義市",3.83
"100Q3","金門縣","",6.66
"100Q3","金門縣","金城鎮",6.54
"100Q3","金門縣","金湖鎮",6.35
"100Q3","金門縣","金沙鎮",6.19
"100Q3","金門縣","金寧鄉",7.23
"100Q3","金門縣","烈嶼鄉",7.62
"100Q3","金門縣","烏坵鄉",10.60
"100Q3","連江縣","",8.22
"100Q3","連江縣","南竿鄉",8.97
"100Q3","連江縣","北竿鄉",7.60
"100Q3","連江縣","莒光鄉",8.40
"100Q3","連江縣","東引鄉",6.09
"100Q4","全國","",4.12
"100Q4","新北市","",3.23
"100Q4","新北市","板橋區",3.33
"100Q4","新北市","三重區",3.27
"100Q4","新北市","中和區",3.04
"100Q4","新北市","永和區",3.10
"100Q4","新北市","新莊區",3.41
"100Q4","新北市","新店區",2.90
"100Q4","新北市","樹林區",3.42
"100Q4","新北市","鶯歌區",3.76
"100Q4","新北市","三峽區",3.44
"100Q4","新北市","淡水區",2.78
"100Q4","新北市","汐止區",2.72
"100Q4","新北市","瑞芳區",3.35
"100Q4","新北市","土城區",3.39
"100Q4","新北市","蘆洲區",3.50
"100Q4","新北市","五股區",3.46
"100Q4","新北市","泰山區",3.34
"100Q4","新北市","林口區",3.26
"100Q4","新北市","深坑區",3.01
"100Q4","新北市","石碇區",3.40
"100Q4","新北市","坪林區",3.76
"100Q4","新北市","三芝區",3.29
"100Q4","新北市","石門區",5.43
"100Q4","新北市","八里區",3.47
"100Q4","新北市","平溪區",3.04
"100Q4","新北市","雙溪區",3.82
"100Q4","新北市","貢寮區",4.83
"100Q4","新北市","金山區",4.28
"100Q4","新北市","萬里區",4.26
"100Q4","新北市","烏來區",5.12
"100Q4","台北市","",3.42
"100Q4","台北市","松山區",3.48
"100Q4","台北市","信義區",3.31
"100Q4","台北市","大安區",3.43
"100Q4","台北市","中山區",2.97
"100Q4","台北市","中正區",3.53
"100Q4","台北市","大同區",3.49
"100Q4","台北市","萬華區",3.30
"100Q4","台北市","文山區",3.39
"100Q4","台北市","南港區",3.50
"100Q4","台北市","內湖區",3.48
"100Q4","台北市","士林區",3.61
"100Q4","台北市","北投區",3.63
"100Q4","桃園市","",3.51
"100Q4","桃園市","桃園區",3.29
"100Q4","桃園市","中壢區",3.37
"100Q4","桃園市","平鎮區",3.55
"100Q4","桃園市","八德區",3.49
"100Q4","桃園市","楊梅區",3.59
"100Q4","桃園市","大溪區",3.78
"100Q4","桃園市","蘆竹區",3.43
"100Q4","桃園市","大園區",4.21
"100Q4","桃園市","龜山區",3.23
"100Q4","桃園市","龍潭區",3.64
"100Q4","桃園市","新屋區",5.02
"100Q4","桃園市","觀音區",4.51
"100Q4","桃園市","復興區",4.11
"100Q4","台中市","",3.76
"100Q4","台中市","中區",4.12
"100Q4","台中市","東區",3.47
"100Q4","台中市","南區",3.12
"100Q4","台中市","西區",3.27
"100Q4","台中市","北區",3.17
"100Q4","台中市","西屯區",3.33
"100Q4","台中市","南屯區",3.42
"100Q4","台中市","北屯區",3.45
"100Q4","台中市","豐原區",4.14
"100Q4","台中市","東勢區",4.30
"100Q4","台中市","大甲區",4.62
"100Q4","台中市","清水區",4.58
"100Q4","台中市","沙鹿區",4.04
"100Q4","台中市","梧棲區",4.25
"100Q4","台中市","后里區",4.70
"100Q4","台中市","神岡區",4.46
"100Q4","台中市","潭子區",3.67
"100Q4","台中市","大雅區",4.03
"100Q4","台中市","新社區",4.25
"100Q4","台中市","石岡區",4.40
"100Q4","台中市","外埔區",4.53
"100Q4","台中市","大安區",5.00
"100Q4","台中市","烏日區",4.04
"100Q4","台中市","大肚區",4.21
"100Q4","台中市","龍井區",4.54
"100Q4","台中市","霧峰區",4.20
"100Q4","台中市","太平區",3.75
"100Q4","台中市","大里區",3.81
"100Q4","台中市","和平區",3.51
"100Q4","台南市","",3.61
"100Q4","台南市","新營區",3.39
"100Q4","台南市","鹽水區",3.80
"100Q4","台南市","白河區",4.22
"100Q4","台南市","柳營區",4.00
"100Q4","台南市","後壁區",3.97
"100Q4","台南市","東山區",4.46
"100Q4","台南市","麻豆區",3.84
"100Q4","台南市","下營區",4.07
"100Q4","台南市","六甲區",3.99
"100Q4","台南市","官田區",3.89
"100Q4","台南市","大內區",4.17
"100Q4","台南市","佳里區",3.75
"100Q4","台南市","學甲區",3.90
"100Q4","台南市","西港區",4.19
"100Q4","台南市","七股區",4.73
"100Q4","台南市","將軍區",4.41
"100Q4","台南市","北門區",4.66
"100Q4","台南市","新化區",3.92
"100Q4","台南市","善化區",3.63
"100Q4","台南市","新市區",3.84
"100Q4","台南市","安定區",4.06
"100Q4","台南市","山上區",4.37
"100Q4","台南市","玉井區",3.95
"100Q4","台南市","楠西區",4.08
"100Q4","台南市","南化區",4.45
"100Q4","台南市","左鎮區",3.96
"100Q4","台南市","仁德區",3.44
"100Q4","台南市","歸仁區",3.84
"100Q4","台南市","關廟區",4.19
"100Q4","台南市","龍崎區",4.56
"100Q4","台南市","永康區",3.35
"100Q4","台南市","東區",3.31
"100Q4","台南市","南區",3.48
"100Q4","台南市","北區",3.23
"100Q4","台南市","安南區",3.92
"100Q4","台南市","安平區",3.17
"100Q4","台南市","中西區",3.20
"100Q4","高雄市","",3.39
"100Q4","高雄市","鹽埕區",3.05
"100Q4","高雄市","鼓山區",2.99
"100Q4","高雄市","左營區",3.02
"100Q4","高雄市","楠梓區",3.30
"100Q4","高雄市","三民區",3.25
"100Q4","高雄市","新興區",2.92
"100Q4","高雄市","前金區",2.71
"100Q4","高雄市","苓雅區",3.14
"100Q4","高雄市","前鎮區",3.25
"100Q4","高雄市","旗津區",4.35
"100Q4","高雄市","小港區",3.81
"100Q4","高雄市","鳳山區",3.23
"100Q4","高雄市","林園區",4.04
"100Q4","高雄市","大寮區",3.45
"100Q4","高雄市","大樹區",4.29
"100Q4","高雄市","大社區",3.42
"100Q4","高雄市","仁武區",3.23
"100Q4","高雄市","鳥松區",3.17
"100Q4","高雄市","岡山區",3.50
"100Q4","高雄市","橋頭區",3.52
"100Q4","高雄市","燕巢區",4.26
"100Q4","高雄市","田寮區",4.18
"100Q4","高雄市","阿蓮區",4.21
"100Q4","高雄市","路竹區",4.14
"100Q4","高雄市","湖內區",3.55
"100Q4","高雄市","茄萣區",4.45
"100Q4","高雄市","永安區",4.34
"100Q4","高雄市","彌陀區",4.70
"100Q4","高雄市","梓官區",3.86
"100Q4","高雄市","旗山區",3.80
"100Q4","高雄市","美濃區",4.92
"100Q4","高雄市","六龜區",3.66
"100Q4","高雄市","甲仙區",3.63
"100Q4","高雄市","杉林區",4.07
"100Q4","高雄市","內門區",5.47
"100Q4","高雄市","茂林區",4.79
"100Q4","高雄市","桃源區",4.92
"100Q4","高雄市","那瑪夏區",4.76
"100Q4","宜蘭縣","",3.64
"100Q4","宜蘭縣","宜蘭市",3.40
"100Q4","宜蘭縣","羅東鎮",3.57
"100Q4","宜蘭縣","蘇澳鎮",3.79
"100Q4","宜蘭縣","頭城鎮",3.99
"100Q4","宜蘭縣","礁溪鄉",3.70
"100Q4","宜蘭縣","壯圍鄉",4.10
"100Q4","宜蘭縣","員山鄉",3.74
"100Q4","宜蘭縣","冬山鄉",3.49
"100Q4","宜蘭縣","五結鄉",3.48
"100Q4","宜蘭縣","三星鄉",3.67
"100Q4","宜蘭縣","大同鄉",4.52
"100Q4","宜蘭縣","南澳鄉",5.50
"100Q4","新竹縣","",3.86
"100Q4","新竹縣","竹北市",3.47
"100Q4","新竹縣","關西鎮",4.93
"100Q4","新竹縣","新埔鎮",4.28
"100Q4","新竹縣","竹東鎮",3.71
"100Q4","新竹縣","湖口鄉",3.93
"100Q4","新竹縣","橫山鄉",4.22
"100Q4","新竹縣","新豐鄉",4.10
"100Q4","新竹縣","芎林鄉",4.21
"100Q4","新竹縣","寶山鄉",3.66
"100Q4","新竹縣","北埔鄉",4.69
"100Q4","新竹縣","峨眉鄉",4.94
"100Q4","新竹縣","尖石鄉",4.23
"100Q4","新竹縣","五峰鄉",4.12
"100Q4","苗栗縣","",4.14
"100Q4","苗栗縣","苗栗市",3.56
"100Q4","苗栗縣","苑裡鎮",4.71
"100Q4","苗栗縣","通霄鎮",4.92
"100Q4","苗栗縣","竹南鎮",3.84
"100Q4","苗栗縣","頭份鎮",3.79
"100Q4","苗栗縣","後龍鎮",4.73
"100Q4","苗栗縣","卓蘭鎮",4.85
"100Q4","苗栗縣","大湖鄉",4.61
"100Q4","苗栗縣","公館鄉",4.14
"100Q4","苗栗縣","銅鑼鄉",4.45
"100Q4","苗栗縣","南庄鄉",4.32
"100Q4","苗栗縣","頭屋鄉",4.48
"100Q4","苗栗縣","三義鄉",4.38
"100Q4","苗栗縣","西湖鄉",5.55
"100Q4","苗栗縣","造橋鄉",4.49
"100Q4","苗栗縣","三灣鄉",4.34
"100Q4","苗栗縣","獅潭鄉",4.08
"100Q4","苗栗縣","泰安鄉",6.19
"100Q4","彰化縣","",4.67
"100Q4","彰化縣","彰化市",3.88
"100Q4","彰化縣","鹿港鎮",4.82
"100Q4","彰化縣","和美鎮",4.36
"100Q4","彰化縣","北斗鎮",4.04
"100Q4","彰化縣","員林鎮",4.30
"100Q4","彰化縣","溪湖鎮",5.07
"100Q4","彰化縣","田中鎮",4.28
"100Q4","彰化縣","二林鎮",5.72
"100Q4","彰化縣","線西鄉",5.57
"100Q4","彰化縣","伸港鄉",5.22
"100Q4","彰化縣","福興鄉",5.70
"100Q4","彰化縣","秀水鄉",4.91
"100Q4","彰化縣","花壇鄉",4.31
"100Q4","彰化縣","芬園鄉",5.03
"100Q4","彰化縣","大村鄉",5.88
"100Q4","彰化縣","埔鹽鄉",6.86
"100Q4","彰化縣","埔心鄉",4.29
"100Q4","彰化縣","永靖鄉",5.51
"100Q4","彰化縣","社頭鄉",5.42
"100Q4","彰化縣","二水鄉",4.33
"100Q4","彰化縣","田尾鄉",4.38
"100Q4","彰化縣","埤頭鄉",4.74
"100Q4","彰化縣","芳苑鄉",5.55
"100Q4","彰化縣","大城鄉",6.75
"100Q4","彰化縣","竹塘鄉",4.88
"100Q4","彰化縣","溪州鄉",5.47
"100Q4","南投縣","",4.08
"100Q4","南投縣","南投市",3.72
"100Q4","南投縣","埔里鎮",3.90
"100Q4","南投縣","草屯鎮",4.12
"100Q4","南投縣","竹山鎮",3.85
"100Q4","南投縣","集集鎮",4.09
"100Q4","南投縣","名間鄉",4.93
"100Q4","南投縣","鹿谷鄉",4.55
"100Q4","南投縣","中寮鄉",4.62
"100Q4","南投縣","魚池鄉",4.92
"100Q4","南投縣","國姓鄉",4.06
"100Q4","南投縣","水里鄉",3.75
"100Q4","南投縣","信義鄉",5.13
"100Q4","南投縣","仁愛鄉",4.20
"100Q4","雲林縣","",4.41
"100Q4","雲林縣","斗六市",3.63
"100Q4","雲林縣","斗南鎮",3.90
"100Q4","雲林縣","虎尾鎮",3.80
"100Q4","雲林縣","西螺鎮",4.57
"100Q4","雲林縣","土庫鎮",4.78
"100Q4","雲林縣","北港鎮",3.81
"100Q4","雲林縣","古坑鄉",4.59
"100Q4","雲林縣","大埤鄉",4.68
"100Q4","雲林縣","莿桐鄉",4.71
"100Q4","雲林縣","林內鄉",4.50
"100Q4","雲林縣","二崙鄉",5.17
"100Q4","雲林縣","崙背鄉",4.88
"100Q4","雲林縣","麥寮鄉",5.42
"100Q4","雲林縣","東勢鄉",4.98
"100Q4","雲林縣","褒忠鄉",4.88
"100Q4","雲林縣","台西鄉",5.23
"100Q4","雲林縣","元長鄉",4.98
"100Q4","雲林縣","四湖鄉",4.88
"100Q4","雲林縣","口湖鄉",5.54
"100Q4","雲林縣","水林鄉",5.27
"100Q4","嘉義縣","",4.47
"100Q4","嘉義縣","太保市",4.12
"100Q4","嘉義縣","朴子市",4.19
"100Q4","嘉義縣","布袋鎮",4.63
"100Q4","嘉義縣","大林鎮",4.12
"100Q4","嘉義縣","民雄鄉",4.03
"100Q4","嘉義縣","溪口鄉",5.45
"100Q4","嘉義縣","新港鄉",5.15
"100Q4","嘉義縣","六腳鄉",5.25
"100Q4","嘉義縣","東石鄉",5.39
"100Q4","嘉義縣","義竹鄉",4.94
"100Q4","嘉義縣","鹿草鄉",5.02
"100Q4","嘉義縣","水上鄉",3.90
"100Q4","嘉義縣","中埔鄉",4.37
"100Q4","嘉義縣","竹崎鄉",4.91
"100Q4","嘉義縣","梅山鄉",4.66
"100Q4","嘉義縣","番路鄉",4.24
"100Q4","嘉義縣","大埔鄉",5.49
"100Q4","嘉義縣","阿里山鄉",5.09
"100Q4","屏東縣","",4.07
"100Q4","屏東縣","屏東市",3.47
"100Q4","屏東縣","潮州鎮",3.57
"100Q4","屏東縣","東港鎮",4.28
"100Q4","屏東縣","恆春鎮",3.91
"100Q4","屏東縣","萬丹鄉",4.38
"100Q4","屏東縣","長治鄉",4.08
"100Q4","屏東縣","麟洛鄉",3.74
"100Q4","屏東縣","九如鄉",4.29
"100Q4","屏東縣","里港鄉",4.41
"100Q4","屏東縣","鹽埔鄉",5.00
"100Q4","屏東縣","高樹鄉",5.03
"100Q4","屏東縣","萬巒鄉",4.93
"100Q4","屏東縣","內埔鄉",4.11
"100Q4","屏東縣","竹田鄉",4.11
"100Q4","屏東縣","新埤鄉",4.56
"100Q4","屏東縣","枋寮鄉",3.99
"100Q4","屏東縣","新園鄉",4.53
"100Q4","屏東縣","崁頂鄉",5.90
"100Q4","屏東縣","林邊鄉",4.30
"100Q4","屏東縣","南州鄉",4.25
"100Q4","屏東縣","佳冬鄉",4.70
"100Q4","屏東縣","琉球鄉",5.18
"100Q4","屏東縣","車城鄉",3.96
"100Q4","屏東縣","滿州鄉",3.96
"100Q4","屏東縣","枋山鄉",4.15
"100Q4","屏東縣","三地門鄉",4.92
"100Q4","屏東縣","霧台鄉",3.72
"100Q4","屏東縣","瑪家鄉",5.01
"100Q4","屏東縣","泰武鄉",5.90
"100Q4","屏東縣","來義鄉",4.57
"100Q4","屏東縣","春日鄉",4.77
"100Q4","屏東縣","獅子鄉",4.31
"100Q4","屏東縣","牡丹鄉",4.07
"100Q4","台東縣","",3.60
"100Q4","台東縣","台東市",3.56
"100Q4","台東縣","成功鎮",3.54
"100Q4","台東縣","關山鎮",3.79
"100Q4","台東縣","卑南鄉",3.52
"100Q4","台東縣","大武鄉",3.60
"100Q4","台東縣","太麻里鄉",3.43
"100Q4","台東縣","東河鄉",3.17
"100Q4","台東縣","長濱鄉",2.99
"100Q4","台東縣","鹿野鄉",3.53
"100Q4","台東縣","池上鄉",3.62
"100Q4","台東縣","綠島鄉",5.67
"100Q4","台東縣","延平鄉",4.62
"100Q4","台東縣","海端鄉",4.86
"100Q4","台東縣","達仁鄉",3.63
"100Q4","台東縣","金峰鄉",4.88
"100Q4","台東縣","蘭嶼鄉",4.45
"100Q4","花蓮縣","",3.47
"100Q4","花蓮縣","花蓮市",3.46
"100Q4","花蓮縣","鳳林鎮",3.19
"100Q4","花蓮縣","玉里鎮",3.56
"100Q4","花蓮縣","新城鄉",3.30
"100Q4","花蓮縣","吉安鄉",3.23
"100Q4","花蓮縣","壽豐鄉",3.41
"100Q4","花蓮縣","光復鄉",3.38
"100Q4","花蓮縣","豐濱鄉",3.34
"100Q4","花蓮縣","瑞穗鄉",3.40
"100Q4","花蓮縣","富里鄉",3.53
"100Q4","花蓮縣","秀林鄉",5.02
"100Q4","花蓮縣","萬榮鄉",5.00
"100Q4","花蓮縣","卓溪鄉",4.54
"100Q4","澎湖縣","",4.01
"100Q4","澎湖縣","馬公市",3.78
"100Q4","澎湖縣","湖西鄉",4.13
"100Q4","澎湖縣","白沙鄉",4.60
"100Q4","澎湖縣","西嶼鄉",4.03
"100Q4","澎湖縣","望安鄉",5.48
"100Q4","澎湖縣","七美鄉",4.94
"100Q4","基隆市","",3.02
"100Q4","基隆市","中正區",2.87
"100Q4","基隆市","七堵區",3.09
"100Q4","基隆市","暖暖區",2.98
"100Q4","基隆市","仁愛區",3.29
"100Q4","基隆市","中山區",3.05
"100Q4","基隆市","安樂區",2.99
"100Q4","基隆市","信義區",2.90
"100Q4","新竹市","",3.47
"100Q4","新竹市","新竹市",3.47
"100Q4","嘉義市","",3.76
"100Q4","嘉義市","嘉義市",3.76
"100Q4","金門縣","",6.73
"100Q4","金門縣","金城鎮",6.59
"100Q4","金門縣","金湖鎮",6.42
"100Q4","金門縣","金沙鎮",6.24
"100Q4","金門縣","金寧鄉",7.32
"100Q4","金門縣","烈嶼鄉",7.73
"100Q4","金門縣","烏坵鄉",10.64
"100Q4","連江縣","",8.23
"100Q4","連江縣","南竿鄉",8.96
"100Q4","連江縣","北竿鄉",7.62
"100Q4","連江縣","莒光鄉",8.43
"100Q4","連江縣","東引鄉",6.10
"101Q1","全國","",3.61
"101Q1","新北市","",3.23
"101Q1","新北市","板橋區",3.33
"101Q1","新北市","三重區",3.26
"101Q1","新北市","中和區",3.03
"101Q1","新北市","永和區",3.10
"101Q1","新北市","新莊區",3.40
"101Q1","新北市","新店區",2.90
"101Q1","新北市","樹林區",3.41
"101Q1","新北市","鶯歌區",3.75
"101Q1","新北市","三峽區",3.43
"101Q1","新北市","淡水區",2.78
"101Q1","新北市","汐止區",2.72
"101Q1","新北市","瑞芳區",3.34
"101Q1","新北市","土城區",3.38
"101Q1","新北市","蘆洲區",3.50
"101Q1","新北市","五股區",3.46
"101Q1","新北市","泰山區",3.34
"101Q1","新北市","林口區",3.26
"101Q1","新北市","深坑區",3.00
"101Q1","新北市","石碇區",3.39
"101Q1","新北市","坪林區",3.73
"101Q1","新北市","三芝區",3.28
"101Q1","新北市","石門區",5.41
"101Q1","新北市","八里區",3.43
"101Q1","新北市","平溪區",3.02
"101Q1","新北市","雙溪區",3.80
"101Q1","新北市","貢寮區",4.80
"101Q1","新北市","金山區",4.29
"101Q1","新北市","萬里區",4.26
"101Q1","新北市","烏來區",5.10
"101Q1","台北市","",3.42
"101Q1","台北市","松山區",3.49
"101Q1","台北市","信義區",3.31
"101Q1","台北市","大安區",3.44
"101Q1","台北市","中山區",2.97
"101Q1","台北市","中正區",3.54
"101Q1","台北市","大同區",3.50
"101Q1","台北市","萬華區",3.31
"101Q1","台北市","文山區",3.39
"101Q1","台北市","南港區",3.50
"101Q1","台北市","內湖區",3.48
"101Q1","台北市","士林區",3.61
"101Q1","台北市","北投區",3.63
"101Q1","桃園市","",3.50
"101Q1","桃園市","桃園區",3.28
"101Q1","桃園市","中壢區",3.36
"101Q1","桃園市","平鎮區",3.54
"101Q1","桃園市","八德區",3.48
"101Q1","桃園市","楊梅區",3.58
"101Q1","桃園市","大溪區",3.76
"101Q1","桃園市","蘆竹區",3.42
"101Q1","桃園市","大園區",4.20
"101Q1","桃園市","龜山區",3.21
"101Q1","桃園市","龍潭區",3.63
"101Q1","桃園市","新屋區",4.98
"101Q1","桃園市","觀音區",4.49
"101Q1","桃園市","復興區",4.08
"101Q1","台中市","",3.75
"101Q1","台中市","中區",4.09
"101Q1","台中市","東區",3.45
"101Q1","台中市","南區",3.11
"101Q1","台中市","西區",3.26
"101Q1","台中市","北區",3.16
"101Q1","台中市","西屯區",3.32
"101Q1","台中市","南屯區",3.42
"101Q1","台中市","北屯區",3.44
"101Q1","台中市","豐原區",4.13
"101Q1","台中市","東勢區",4.28
"101Q1","台中市","大甲區",4.61
"101Q1","台中市","清水區",4.57
"101Q1","台中市","沙鹿區",4.03
"101Q1","台中市","梧棲區",4.24
"101Q1","台中市","后里區",4.69
"101Q1","台中市","神岡區",4.45
"101Q1","台中市","潭子區",3.67
"101Q1","台中市","大雅區",4.03
"101Q1","台中市","新社區",4.24
"101Q1","台中市","石岡區",4.39
"101Q1","台中市","外埔區",4.50
"101Q1","台中市","大安區",4.98
"101Q1","台中市","烏日區",4.03
"101Q1","台中市","大肚區",4.19
"101Q1","台中市","龍井區",4.52
"101Q1","台中市","霧峰區",4.19
"101Q1","台中市","太平區",3.74
"101Q1","台中市","大里區",3.80
"101Q1","台中市","和平區",3.49
"101Q1","台南市","",3.61
"101Q1","台南市","新營區",3.40
"101Q1","台南市","鹽水區",3.79
"101Q1","台南市","白河區",4.20
"101Q1","台南市","柳營區",3.97
"101Q1","台南市","後壁區",3.94
"101Q1","台南市","東山區",4.43
"101Q1","台南市","麻豆區",3.83
"101Q1","台南市","下營區",4.07
"101Q1","台南市","六甲區",3.98
"101Q1","台南市","官田區",3.86
"101Q1","台南市","大內區",4.16
"101Q1","台南市","佳里區",3.75
"101Q1","台南市","學甲區",3.89
"101Q1","台南市","西港區",4.17
"101Q1","台南市","七股區",4.72
"101Q1","台南市","將軍區",4.39
"101Q1","台南市","北門區",4.64
"101Q1","台南市","新化區",3.90
"101Q1","台南市","善化區",3.62
"101Q1","台南市","新市區",3.83
"101Q1","台南市","安定區",4.04
"101Q1","台南市","山上區",4.34
"101Q1","台南市","玉井區",3.93
"101Q1","台南市","楠西區",4.05
"101Q1","台南市","南化區",4.42
"101Q1","台南市","左鎮區",3.95
"101Q1","台南市","仁德區",3.43
"101Q1","台南市","歸仁區",3.83
"101Q1","台南市","關廟區",4.17
"101Q1","台南市","龍崎區",4.55
"101Q1","台南市","永康區",3.35
"101Q1","台南市","東區",3.30
"101Q1","台南市","南區",3.47
"101Q1","台南市","北區",3.22
"101Q1","台南市","安南區",3.91
"101Q1","台南市","安平區",3.17
"101Q1","台南市","中西區",3.19
"101Q1","高雄市","",3.38
"101Q1","高雄市","鹽埕區",3.04
"101Q1","高雄市","鼓山區",2.98
"101Q1","高雄市","左營區",3.02
"101Q1","高雄市","楠梓區",3.30
"101Q1","高雄市","三民區",3.24
"101Q1","高雄市","新興區",2.91
"101Q1","高雄市","前金區",2.70
"101Q1","高雄市","苓雅區",3.12
"101Q1","高雄市","前鎮區",3.23
"101Q1","高雄市","旗津區",4.32
"101Q1","高雄市","小港區",3.80
"101Q1","高雄市","鳳山區",3.23
"101Q1","高雄市","林園區",4.03
"101Q1","高雄市","大寮區",3.44
"101Q1","高雄市","大樹區",4.28
"101Q1","高雄市","大社區",3.43
"101Q1","高雄市","仁武區",3.23
"101Q1","高雄市","鳥松區",3.17
"101Q1","高雄市","岡山區",3.49
"101Q1","高雄市","橋頭區",3.51
"101Q1","高雄市","燕巢區",4.25
"101Q1","高雄市","田寮區",4.14
"101Q1","高雄市","阿蓮區",4.20
"101Q1","高雄市","路竹區",4.12
"101Q1","高雄市","湖內區",3.54
"101Q1","高雄市","茄萣區",4.43
"101Q1","高雄市","永安區",4.32
"101Q1","高雄市","彌陀區",4.70
"101Q1","高雄市","梓官區",3.84
"101Q1","高雄市","旗山區",3.79
"101Q1","高雄市","美濃區",4.90
"101Q1","高雄市","六龜區",3.64
"101Q1","高雄市","甲仙區",3.58
"101Q1","高雄市","杉林區",4.00
"101Q1","高雄市","內門區",5.46
"101Q1","高雄市","茂林區",4.78
"101Q1","高雄市","桃源區",4.88
"101Q1","高雄市","那瑪夏區",4.75
"101Q1","宜蘭縣","",3.62
"101Q1","宜蘭縣","宜蘭市",3.39
"101Q1","宜蘭縣","羅東鎮",3.57
"101Q1","宜蘭縣","蘇澳鎮",3.77
"101Q1","宜蘭縣","頭城鎮",3.96
"101Q1","宜蘭縣","礁溪鄉",3.68
"101Q1","宜蘭縣","壯圍鄉",4.08
"101Q1","宜蘭縣","員山鄉",3.72
"101Q1","宜蘭縣","冬山鄉",3.48
"101Q1","宜蘭縣","五結鄉",3.48
"101Q1","宜蘭縣","三星鄉",3.65
"101Q1","宜蘭縣","大同鄉",4.48
"101Q1","宜蘭縣","南澳鄉",5.46
"101Q1","新竹縣","",3.84
"101Q1","新竹縣","竹北市",3.45
"101Q1","新竹縣","關西鎮",4.91
"101Q1","新竹縣","新埔鎮",4.27
"101Q1","新竹縣","竹東鎮",3.70
"101Q1","新竹縣","湖口鄉",3.85
"101Q1","新竹縣","橫山鄉",4.21
"101Q1","新竹縣","新豐鄉",4.09
"101Q1","新竹縣","芎林鄉",4.19
"101Q1","新竹縣","寶山鄉",3.64
"101Q1","新竹縣","北埔鄉",4.64
"101Q1","新竹縣","峨眉鄉",4.89
"101Q1","新竹縣","尖石鄉",4.21
"101Q1","新竹縣","五峰鄉",4.10
"101Q1","苗栗縣","",4.12
"101Q1","苗栗縣","苗栗市",3.54
"101Q1","苗栗縣","苑裡鎮",4.68
"101Q1","苗栗縣","通霄鎮",4.92
"101Q1","苗栗縣","竹南鎮",3.83
"101Q1","苗栗縣","頭份鎮",3.78
"101Q1","苗栗縣","後龍鎮",4.70
"101Q1","苗栗縣","卓蘭鎮",4.83
"101Q1","苗栗縣","大湖鄉",4.60
"101Q1","苗栗縣","公館鄉",4.13
"101Q1","苗栗縣","銅鑼鄉",4.43
"101Q1","苗栗縣","南庄鄉",4.29
"101Q1","苗栗縣","頭屋鄉",4.46
"101Q1","苗栗縣","三義鄉",4.38
"101Q1","苗栗縣","西湖鄉",5.54
"101Q1","苗栗縣","造橋鄉",4.48
"101Q1","苗栗縣","三灣鄉",4.34
"101Q1","苗栗縣","獅潭鄉",4.05
"101Q1","苗栗縣","泰安鄉",6.16
"101Q1","彰化縣","",4.65
"101Q1","彰化縣","彰化市",3.87
"101Q1","彰化縣","鹿港鎮",4.79
"101Q1","彰化縣","和美鎮",4.35
"101Q1","彰化縣","北斗鎮",4.02
"101Q1","彰化縣","員林鎮",4.30
"101Q1","彰化縣","溪湖鎮",5.05
"101Q1","彰化縣","田中鎮",4.25
"101Q1","彰化縣","二林鎮",5.69
"101Q1","彰化縣","線西鄉",5.54
"101Q1","彰化縣","伸港鄉",5.20
"101Q1","彰化縣","福興鄉",5.67
"101Q1","彰化縣","秀水鄉",4.90
"101Q1","彰化縣","花壇鄉",4.29
"101Q1","彰化縣","芬園鄉",5.01
"101Q1","彰化縣","大村鄉",5.85
"101Q1","彰化縣","埔鹽鄉",6.82
"101Q1","彰化縣","埔心鄉",4.27
"101Q1","彰化縣","永靖鄉",5.48
"101Q1","彰化縣","社頭鄉",5.39
"101Q1","彰化縣","二水鄉",4.31
"101Q1","彰化縣","田尾鄉",4.36
"101Q1","彰化縣","埤頭鄉",4.73
"101Q1","彰化縣","芳苑鄉",5.52
"101Q1","彰化縣","大城鄉",6.70
"101Q1","彰化縣","竹塘鄉",4.86
"101Q1","彰化縣","溪州鄉",5.44
"101Q1","南投縣","",4.06
"101Q1","南投縣","南投市",3.71
"101Q1","南投縣","埔里鎮",3.89
"101Q1","南投縣","草屯鎮",4.10
"101Q1","南投縣","竹山鎮",3.83
"101Q1","南投縣","集集鎮",4.05
"101Q1","南投縣","名間鄉",4.90
"101Q1","南投縣","鹿谷鄉",4.52
"101Q1","南投縣","中寮鄉",4.60
"101Q1","南投縣","魚池鄉",4.89
"101Q1","南投縣","國姓鄉",4.05
"101Q1","南投縣","水里鄉",3.71
"101Q1","南投縣","信義鄉",5.10
"101Q1","南投縣","仁愛鄉",4.19
"101Q1","雲林縣","",4.39
"101Q1","雲林縣","斗六市",3.61
"101Q1","雲林縣","斗南鎮",3.87
"101Q1","雲林縣","虎尾鎮",3.79
"101Q1","雲林縣","西螺鎮",4.55
"101Q1","雲林縣","土庫鎮",4.76
"101Q1","雲林縣","北港鎮",3.82
"101Q1","雲林縣","古坑鄉",4.56
"101Q1","雲林縣","大埤鄉",4.64
"101Q1","雲林縣","莿桐鄉",4.69
"101Q1","雲林縣","林內鄉",4.47
"101Q1","雲林縣","二崙鄉",5.15
"101Q1","雲林縣","崙背鄉",4.85
"101Q1","雲林縣","麥寮鄉",5.47
"101Q1","雲林縣","東勢鄉",4.94
"101Q1","雲林縣","褒忠鄉",4.85
"101Q1","雲林縣","台西鄉",5.20
"101Q1","雲林縣","元長鄉",4.94
"101Q1","雲林縣","四湖鄉",4.86
"101Q1","雲林縣","口湖鄉",5.51
"101Q1","雲林縣","水林鄉",5.23
"101Q1","嘉義縣","",4.45
"101Q1","嘉義縣","太保市",4.10
"101Q1","嘉義縣","朴子市",4.17
"101Q1","嘉義縣","布袋鎮",4.60
"101Q1","嘉義縣","大林鎮",4.09
"101Q1","嘉義縣","民雄鄉",4.01
"101Q1","嘉義縣","溪口鄉",5.40
"101Q1","嘉義縣","新港鄉",5.13
"101Q1","嘉義縣","六腳鄉",5.19
"101Q1","嘉義縣","東石鄉",5.34
"101Q1","嘉義縣","義竹鄉",4.90
"101Q1","嘉義縣","鹿草鄉",4.99
"101Q1","嘉義縣","水上鄉",3.88
"101Q1","嘉義縣","中埔鄉",4.35
"101Q1","嘉義縣","竹崎鄉",4.89
"101Q1","嘉義縣","梅山鄉",4.63
"101Q1","嘉義縣","番路鄉",4.22
"101Q1","嘉義縣","大埔鄉",5.49
"101Q1","嘉義縣","阿里山鄉",5.08
"101Q1","屏東縣","",4.05
"101Q1","屏東縣","屏東市",3.46
"101Q1","屏東縣","潮州鎮",3.55
"101Q1","屏東縣","東港鎮",4.27
"101Q1","屏東縣","恆春鎮",3.90
"101Q1","屏東縣","萬丹鄉",4.36
"101Q1","屏東縣","長治鄉",4.07
"101Q1","屏東縣","麟洛鄉",3.72
"101Q1","屏東縣","九如鄉",4.26
"101Q1","屏東縣","里港鄉",4.44
"101Q1","屏東縣","鹽埔鄉",4.97
"101Q1","屏東縣","高樹鄉",4.99
"101Q1","屏東縣","萬巒鄉",4.91
"101Q1","屏東縣","內埔鄉",4.10
"101Q1","屏東縣","竹田鄉",4.09
"101Q1","屏東縣","新埤鄉",4.53
"101Q1","屏東縣","枋寮鄉",3.98
"101Q1","屏東縣","新園鄉",4.50
"101Q1","屏東縣","崁頂鄉",5.83
"101Q1","屏東縣","林邊鄉",4.28
"101Q1","屏東縣","南州鄉",4.21
"101Q1","屏東縣","佳冬鄉",4.67
"101Q1","屏東縣","琉球鄉",5.14
"101Q1","屏東縣","車城鄉",3.95
"101Q1","屏東縣","滿州鄉",4.00
"101Q1","屏東縣","枋山鄉",4.14
"101Q1","屏東縣","三地門鄉",4.90
"101Q1","屏東縣","霧台鄉",3.59
"101Q1","屏東縣","瑪家鄉",5.01
"101Q1","屏東縣","泰武鄉",5.93
"101Q1","屏東縣","來義鄉",4.53
"101Q1","屏東縣","春日鄉",4.78
"101Q1","屏東縣","獅子鄉",4.27
"101Q1","屏東縣","牡丹鄉",3.94
"101Q1","台東縣","",3.59
"101Q1","台東縣","台東市",3.55
"101Q1","台東縣","成功鎮",3.53
"101Q1","台東縣","關山鎮",3.78
"101Q1","台東縣","卑南鄉",3.50
"101Q1","台東縣","大武鄉",3.58
"101Q1","台東縣","太麻里鄉",3.42
"101Q1","台東縣","東河鄉",3.16
"101Q1","台東縣","長濱鄉",2.99
"101Q1","台東縣","鹿野鄉",3.52
"101Q1","台東縣","池上鄉",3.59
"101Q1","台東縣","綠島鄉",5.68
"101Q1","台東縣","延平鄉",4.59
"101Q1","台東縣","海端鄉",4.85
"101Q1","台東縣","達仁鄉",3.61
"101Q1","台東縣","金峰鄉",4.88
"101Q1","台東縣","蘭嶼鄉",4.40
"101Q1","花蓮縣","",3.46
"101Q1","花蓮縣","花蓮市",3.45
"101Q1","花蓮縣","鳳林鎮",3.18
"101Q1","花蓮縣","玉里鎮",3.55
"101Q1","花蓮縣","新城鄉",3.31
"101Q1","花蓮縣","吉安鄉",3.23
"101Q1","花蓮縣","壽豐鄉",3.40
"101Q1","花蓮縣","光復鄉",3.37
"101Q1","花蓮縣","豐濱鄉",3.29
"101Q1","花蓮縣","瑞穗鄉",3.38
"101Q1","花蓮縣","富里鄉",3.51
"101Q1","花蓮縣","秀林鄉",5.00
"101Q1","花蓮縣","萬榮鄉",4.98
"101Q1","花蓮縣","卓溪鄉",4.52
"101Q1","澎湖縣","",4.01
"101Q1","澎湖縣","馬公市",3.78
"101Q1","澎湖縣","湖西鄉",4.14
"101Q1","澎湖縣","白沙鄉",4.59
"101Q1","澎湖縣","西嶼鄉",4.01
"101Q1","澎湖縣","望安鄉",5.49
"101Q1","澎湖縣","七美鄉",4.94
"101Q1","基隆市","",3.01
"101Q1","基隆市","中正區",2.86
"101Q1","基隆市","七堵區",3.07
"101Q1","基隆市","暖暖區",2.97
"101Q1","基隆市","仁愛區",3.29
"101Q1","基隆市","中山區",3.04
"101Q1","基隆市","安樂區",2.98
"101Q1","基隆市","信義區",2.89
"101Q1","新竹市","",3.46
"101Q1","新竹市","新竹市",3.46
"101Q1","嘉義市","",3.75
"101Q1","嘉義市","嘉義市",3.75
"101Q1","金門縣","",6.88
"101Q1","金門縣","金城鎮",6.73
"101Q1","金門縣","金湖鎮",6.56
"101Q1","金門縣","金沙鎮",6.38
"101Q1","金門縣","金寧鄉",7.46
"101Q1","金門縣","烈嶼鄉",7.94
"101Q1","金門縣","烏坵鄉",10.79
"101Q1","連江縣","",8.21
"101Q1","連江縣","南竿鄉",8.95
"101Q1","連江縣","北竿鄉",7.55
"101Q1","連江縣","莒光鄉",8.48
"101Q1","連江縣","東引鄉",6.14
"101Q2","全國","",3.59
"101Q2","新北市","",3.23
"101Q2","新北市","板橋區",3.32
"101Q2","新北市","三重區",3.25
"101Q2","新北市","中和區",3.03
"101Q2","新北市","永和區",3.09
"101Q2","新北市","新莊區",3.40
"101Q2","新北市","新店區",2.89
"101Q2","新北市","樹林區",3.41
"101Q2","新北市","鶯歌區",3.75
"101Q2","新北市","三峽區",3.42
"101Q2","新北市","淡水區",2.77
"101Q2","新北市","汐止區",2.72
"101Q2","新北市","瑞芳區",3.33
"101Q2","新北市","土城區",3.38
"101Q2","新北市","蘆洲區",3.50
"101Q2","新北市","五股區",3.46
"101Q2","新北市","泰山區",3.34
"101Q2","新北市","林口區",3.26
"101Q2","新北市","深坑區",2.99
"101Q2","新北市","石碇區",3.40
"101Q2","新北市","坪林區",3.73
"101Q2","新北市","三芝區",3.28
"101Q2","新北市","石門區",5.39
"101Q2","新北市","八里區",3.42
"101Q2","新北市","平溪區",3.00
"101Q2","新北市","雙溪區",3.80
"101Q2","新北市","貢寮區",4.76
"101Q2","新北市","金山區",4.28
"101Q2","新北市","萬里區",4.27
"101Q2","新北市","烏來區",5.12
"101Q2","台北市","",3.42
"101Q2","台北市","松山區",3.48
"101Q2","台北市","信義區",3.31
"101Q2","台北市","大安區",3.44
"101Q2","台北市","中山區",2.97
"101Q2","台北市","中正區",3.54
"101Q2","台北市","大同區",3.50
"101Q2","台北市","萬華區",3.31
"101Q2","台北市","文山區",3.39
"101Q2","台北市","南港區",3.50
"101Q2","台北市","內湖區",3.49
"101Q2","台北市","士林區",3.61
"101Q2","台北市","北投區",3.62
"101Q2","桃園市","",3.49
"101Q2","桃園市","桃園區",3.27
"101Q2","桃園市","中壢區",3.36
"101Q2","桃園市","平鎮區",3.53
"101Q2","桃園市","八德區",3.47
"101Q2","桃園市","楊梅區",3.57
"101Q2","桃園市","大溪區",3.74
"101Q2","桃園市","蘆竹區",3.41
"101Q2","桃園市","大園區",4.21
"101Q2","桃園市","龜山區",3.21
"101Q2","桃園市","龍潭區",3.62
"101Q2","桃園市","新屋區",4.96
"101Q2","桃園市","觀音區",4.49
"101Q2","桃園市","復興區",4.08
"101Q2","台中市","",3.74
"101Q2","台中市","中區",4.02
"101Q2","台中市","東區",3.44
"101Q2","台中市","南區",3.11
"101Q2","台中市","西區",3.25
"101Q2","台中市","北區",3.16
"101Q2","台中市","西屯區",3.31
"101Q2","台中市","南屯區",3.41
"101Q2","台中市","北屯區",3.44
"101Q2","台中市","豐原區",4.12
"101Q2","台中市","東勢區",4.28
"101Q2","台中市","大甲區",4.60
"101Q2","台中市","清水區",4.56
"101Q2","台中市","沙鹿區",4.02
"101Q2","台中市","梧棲區",4.23
"101Q2","台中市","后里區",4.69
"101Q2","台中市","神岡區",4.45
"101Q2","台中市","潭子區",3.67
"101Q2","台中市","大雅區",4.02
"101Q2","台中市","新社區",4.24
"101Q2","台中市","石岡區",4.38
"101Q2","台中市","外埔區",4.48
"101Q2","台中市","大安區",4.97
"101Q2","台中市","烏日區",4.03
"101Q2","台中市","大肚區",4.18
"101Q2","台中市","龍井區",4.50
"101Q2","台中市","霧峰區",4.18
"101Q2","台中市","太平區",3.74
"101Q2","台中市","大里區",3.80
"101Q2","台中市","和平區",3.49
"101Q2","台南市","",3.60
"101Q2","台南市","新營區",3.39
"101Q2","台南市","鹽水區",3.77
"101Q2","台南市","白河區",4.19
"101Q2","台南市","柳營區",3.96
"101Q2","台南市","後壁區",3.93
"101Q2","台南市","東山區",4.42
"101Q2","台南市","麻豆區",3.82
"101Q2","台南市","下營區",4.05
"101Q2","台南市","六甲區",3.97
"101Q2","台南市","官田區",3.84
"101Q2","台南市","大內區",4.14
"101Q2","台南市","佳里區",3.74
"101Q2","台南市","學甲區",3.88
"101Q2","台南市","西港區",4.17
"101Q2","台南市","七股區",4.68
"101Q2","台南市","將軍區",4.38
"101Q2","台南市","北門區",4.63
"101Q2","台南市","新化區",3.89
"101Q2","台南市","善化區",3.61
"101Q2","台南市","新市區",3.81
"101Q2","台南市","安定區",4.04
"101Q2","台南市","山上區",4.33
"101Q2","台南市","玉井區",3.93
"101Q2","台南市","楠西區",4.04
"101Q2","台南市","南化區",4.42
"101Q2","台南市","左鎮區",3.94
"101Q2","台南市","仁德區",3.43
"101Q2","台南市","歸仁區",3.82
"101Q2","台南市","關廟區",4.16
"101Q2","台南市","龍崎區",4.54
"101Q2","台南市","永康區",3.34
"101Q2","台南市","東區",3.29
"101Q2","台南市","南區",3.46
"101Q2","台南市","北區",3.22
"101Q2","台南市","安南區",3.91
"101Q2","台南市","安平區",3.17
"101Q2","台南市","中西區",3.18
"101Q2","高雄市","",3.37
"101Q2","高雄市","鹽埕區",3.03
"101Q2","高雄市","鼓山區",2.98
"101Q2","高雄市","左營區",3.02
"101Q2","高雄市","楠梓區",3.29
"101Q2","高雄市","三民區",3.23
"101Q2","高雄市","新興區",2.90
"101Q2","高雄市","前金區",2.70
"101Q2","高雄市","苓雅區",3.11
"101Q2","高雄市","前鎮區",3.22
"101Q2","高雄市","旗津區",4.32
"101Q2","高雄市","小港區",3.79
"101Q2","高雄市","鳳山區",3.23
"101Q2","高雄市","林園區",4.02
"101Q2","高雄市","大寮區",3.44
"101Q2","高雄市","大樹區",4.27
"101Q2","高雄市","大社區",3.42
"101Q2","高雄市","仁武區",3.23
"101Q2","高雄市","鳥松區",3.17
"101Q2","高雄市","岡山區",3.48
"101Q2","高雄市","橋頭區",3.51
"101Q2","高雄市","燕巢區",4.23
"101Q2","高雄市","田寮區",4.12
"101Q2","高雄市","阿蓮區",4.18
"101Q2","高雄市","路竹區",4.11
"101Q2","高雄市","湖內區",3.53
"101Q2","高雄市","茄萣區",4.41
"101Q2","高雄市","永安區",4.32
"101Q2","高雄市","彌陀區",4.69
"101Q2","高雄市","梓官區",3.83
"101Q2","高雄市","旗山區",3.77
"101Q2","高雄市","美濃區",4.88
"101Q2","高雄市","六龜區",3.64
"101Q2","高雄市","甲仙區",3.59
"101Q2","高雄市","杉林區",3.96
"101Q2","高雄市","內門區",5.46
"101Q2","高雄市","茂林區",4.77
"101Q2","高雄市","桃源區",4.83
"101Q2","高雄市","那瑪夏區",4.73
"101Q2","宜蘭縣","",3.61
"101Q2","宜蘭縣","宜蘭市",3.37
"101Q2","宜蘭縣","羅東鎮",3.56
"101Q2","宜蘭縣","蘇澳鎮",3.76
"101Q2","宜蘭縣","頭城鎮",3.96
"101Q2","宜蘭縣","礁溪鄉",3.66
"101Q2","宜蘭縣","壯圍鄉",4.07
"101Q2","宜蘭縣","員山鄉",3.71
"101Q2","宜蘭縣","冬山鄉",3.47
"101Q2","宜蘭縣","五結鄉",3.46
"101Q2","宜蘭縣","三星鄉",3.64
"101Q2","宜蘭縣","大同鄉",4.48
"101Q2","宜蘭縣","南澳鄉",5.47
"101Q2","新竹縣","",3.82
"101Q2","新竹縣","竹北市",3.44
"101Q2","新竹縣","關西鎮",4.89
"101Q2","新竹縣","新埔鎮",4.25
"101Q2","新竹縣","竹東鎮",3.69
"101Q2","新竹縣","湖口鄉",3.83
"101Q2","新竹縣","橫山鄉",4.20
"101Q2","新竹縣","新豐鄉",4.07
"101Q2","新竹縣","芎林鄉",4.18
"101Q2","新竹縣","寶山鄉",3.61
"101Q2","新竹縣","北埔鄉",4.62
"101Q2","新竹縣","峨眉鄉",4.86
"101Q2","新竹縣","尖石鄉",4.23
"101Q2","新竹縣","五峰鄉",4.08
"101Q2","苗栗縣","",4.11
"101Q2","苗栗縣","苗栗市",3.53
"101Q2","苗栗縣","苑裡鎮",4.66
"101Q2","苗栗縣","通霄鎮",4.91
"101Q2","苗栗縣","竹南鎮",3.83
"101Q2","苗栗縣","頭份鎮",3.77
"101Q2","苗栗縣","後龍鎮",4.70
"101Q2","苗栗縣","卓蘭鎮",4.81
"101Q2","苗栗縣","大湖鄉",4.59
"101Q2","苗栗縣","公館鄉",4.13
"101Q2","苗栗縣","銅鑼鄉",4.43
"101Q2","苗栗縣","南庄鄉",4.27
"101Q2","苗栗縣","頭屋鄉",4.44
"101Q2","苗栗縣","三義鄉",4.35
"101Q2","苗栗縣","西湖鄉",5.51
"101Q2","苗栗縣","造橋鄉",4.46
"101Q2","苗栗縣","三灣鄉",4.36
"101Q2","苗栗縣","獅潭鄉",4.05
"101Q2","苗栗縣","泰安鄉",6.12
"101Q2","彰化縣","",4.63
"101Q2","彰化縣","彰化市",3.86
"101Q2","彰化縣","鹿港鎮",4.78
"101Q2","彰化縣","和美鎮",4.32
"101Q2","彰化縣","北斗鎮",4.02
"101Q2","彰化縣","員林鎮",4.29
"101Q2","彰化縣","溪湖鎮",5.03
"101Q2","彰化縣","田中鎮",4.24
"101Q2","彰化縣","二林鎮",5.66
"101Q2","彰化縣","線西鄉",5.54
"101Q2","彰化縣","伸港鄉",5.18
"101Q2","彰化縣","福興鄉",5.64
"101Q2","彰化縣","秀水鄉",4.88
"101Q2","彰化縣","花壇鄉",4.28
"101Q2","彰化縣","芬園鄉",4.98
"101Q2","彰化縣","大村鄉",5.81
"101Q2","彰化縣","埔鹽鄉",6.78
"101Q2","彰化縣","埔心鄉",4.26
"101Q2","彰化縣","永靖鄉",5.47
"101Q2","彰化縣","社頭鄉",5.36
"101Q2","彰化縣","二水鄉",4.30
"101Q2","彰化縣","田尾鄉",4.35
"101Q2","彰化縣","埤頭鄉",4.72
"101Q2","彰化縣","芳苑鄉",5.50
"101Q2","彰化縣","大城鄉",6.68
"101Q2","彰化縣","竹塘鄉",4.85
"101Q2","彰化縣","溪州鄉",5.41
"101Q2","南投縣","",4.04
"101Q2","南投縣","南投市",3.71
"101Q2","南投縣","埔里鎮",3.87
"101Q2","南投縣","草屯鎮",4.08
"101Q2","南投縣","竹山鎮",3.81
"101Q2","南投縣","集集鎮",4.03
"101Q2","南投縣","名間鄉",4.87
"101Q2","南投縣","鹿谷鄉",4.48
"101Q2","南投縣","中寮鄉",4.58
"101Q2","南投縣","魚池鄉",4.86
"101Q2","南投縣","國姓鄉",4.04
"101Q2","南投縣","水里鄉",3.69
"101Q2","南投縣","信義鄉",5.07
"101Q2","南投縣","仁愛鄉",4.17
"101Q2","雲林縣","",4.37
"101Q2","雲林縣","斗六市",3.60
"101Q2","雲林縣","斗南鎮",3.86
"101Q2","雲林縣","虎尾鎮",3.77
"101Q2","雲林縣","西螺鎮",4.52
"101Q2","雲林縣","土庫鎮",4.74
"101Q2","雲林縣","北港鎮",3.80
"101Q2","雲林縣","古坑鄉",4.55
"101Q2","雲林縣","大埤鄉",4.61
"101Q2","雲林縣","莿桐鄉",4.65
"101Q2","雲林縣","林內鄉",4.48
"101Q2","雲林縣","二崙鄉",5.12
"101Q2","雲林縣","崙背鄉",4.82
"101Q2","雲林縣","麥寮鄉",5.49
"101Q2","雲林縣","東勢鄉",4.88
"101Q2","雲林縣","褒忠鄉",4.81
"101Q2","雲林縣","台西鄉",5.16
"101Q2","雲林縣","元長鄉",4.91
"101Q2","雲林縣","四湖鄉",4.83
"101Q2","雲林縣","口湖鄉",5.48
"101Q2","雲林縣","水林鄉",5.19
"101Q2","嘉義縣","",4.43
"101Q2","嘉義縣","太保市",4.09
"101Q2","嘉義縣","朴子市",4.16
"101Q2","嘉義縣","布袋鎮",4.57
"101Q2","嘉義縣","大林鎮",4.07
"101Q2","嘉義縣","民雄鄉",3.99
"101Q2","嘉義縣","溪口鄉",5.39
"101Q2","嘉義縣","新港鄉",5.11
"101Q2","嘉義縣","六腳鄉",5.16
"101Q2","嘉義縣","東石鄉",5.30
"101Q2","嘉義縣","義竹鄉",4.87
"101Q2","嘉義縣","鹿草鄉",4.98
"101Q2","嘉義縣","水上鄉",3.87
"101Q2","嘉義縣","中埔鄉",4.34
"101Q2","嘉義縣","竹崎鄉",4.87
"101Q2","嘉義縣","梅山鄉",4.62
"101Q2","嘉義縣","番路鄉",4.21
"101Q2","嘉義縣","大埔鄉",5.49
"101Q2","嘉義縣","阿里山鄉",5.04
"101Q2","屏東縣","",4.03
"101Q2","屏東縣","屏東市",3.44
"101Q2","屏東縣","潮州鎮",3.54
"101Q2","屏東縣","東港鎮",4.25
"101Q2","屏東縣","恆春鎮",3.88
"101Q2","屏東縣","萬丹鄉",4.34
"101Q2","屏東縣","長治鄉",4.05
"101Q2","屏東縣","麟洛鄉",3.71
"101Q2","屏東縣","九如鄉",4.26
"101Q2","屏東縣","里港鄉",4.45
"101Q2","屏東縣","鹽埔鄉",4.94
"101Q2","屏東縣","高樹鄉",4.97
"101Q2","屏東縣","萬巒鄉",4.86
"101Q2","屏東縣","內埔鄉",4.08
"101Q2","屏東縣","竹田鄉",4.07
"101Q2","屏東縣","新埤鄉",4.50
"101Q2","屏東縣","枋寮鄉",3.96
"101Q2","屏東縣","新園鄉",4.49
"101Q2","屏東縣","崁頂鄉",5.78
"101Q2","屏東縣","林邊鄉",4.26
"101Q2","屏東縣","南州鄉",4.20
"101Q2","屏東縣","佳冬鄉",4.65
"101Q2","屏東縣","琉球鄉",5.12
"101Q2","屏東縣","車城鄉",3.94
"101Q2","屏東縣","滿州鄉",3.98
"101Q2","屏東縣","枋山鄉",4.12
"101Q2","屏東縣","三地門鄉",4.87
"101Q2","屏東縣","霧台鄉",3.62
"101Q2","屏東縣","瑪家鄉",5.00
"101Q2","屏東縣","泰武鄉",5.88
"101Q2","屏東縣","來義鄉",4.51
"101Q2","屏東縣","春日鄉",4.76
"101Q2","屏東縣","獅子鄉",4.25
"101Q2","屏東縣","牡丹鄉",3.89
"101Q2","台東縣","",3.57
"101Q2","台東縣","台東市",3.54
"101Q2","台東縣","成功鎮",3.51
"101Q2","台東縣","關山鎮",3.77
"101Q2","台東縣","卑南鄉",3.48
"101Q2","台東縣","大武鄉",3.56
"101Q2","台東縣","太麻里鄉",3.41
"101Q2","台東縣","東河鄉",3.12
"101Q2","台東縣","長濱鄉",2.98
"101Q2","台東縣","鹿野鄉",3.51
"101Q2","台東縣","池上鄉",3.59
"101Q2","台東縣","綠島鄉",5.72
"101Q2","台東縣","延平鄉",4.58
"101Q2","台東縣","海端鄉",4.83
"101Q2","台東縣","達仁鄉",3.58
"101Q2","台東縣","金峰鄉",4.81
"101Q2","台東縣","蘭嶼鄉",4.38
"101Q2","花蓮縣","",3.45
"101Q2","花蓮縣","花蓮市",3.44
"101Q2","花蓮縣","鳳林鎮",3.17
"101Q2","花蓮縣","玉里鎮",3.54
"101Q2","花蓮縣","新城鄉",3.30
"101Q2","花蓮縣","吉安鄉",3.23
"101Q2","花蓮縣","壽豐鄉",3.39
"101Q2","花蓮縣","光復鄉",3.35
"101Q2","花蓮縣","豐濱鄉",3.27
"101Q2","花蓮縣","瑞穗鄉",3.36
"101Q2","花蓮縣","富里鄉",3.49
"101Q2","花蓮縣","秀林鄉",4.99
"101Q2","花蓮縣","萬榮鄉",4.95
"101Q2","花蓮縣","卓溪鄉",4.51
"101Q2","澎湖縣","",4.01
"101Q2","澎湖縣","馬公市",3.77
"101Q2","澎湖縣","湖西鄉",4.15
"101Q2","澎湖縣","白沙鄉",4.58
"101Q2","澎湖縣","西嶼鄉",4.01
"101Q2","澎湖縣","望安鄉",5.57
"101Q2","澎湖縣","七美鄉",5.00
"101Q2","基隆市","",3.00
"101Q2","基隆市","中正區",2.86
"101Q2","基隆市","七堵區",3.06
"101Q2","基隆市","暖暖區",2.96
"101Q2","基隆市","仁愛區",3.27
"101Q2","基隆市","中山區",3.03
"101Q2","基隆市","安樂區",2.98
"101Q2","基隆市","信義區",2.89
"101Q2","新竹市","",3.45
"101Q2","新竹市","新竹市",3.45
"101Q2","嘉義市","",3.75
"101Q2","嘉義市","嘉義市",3.75
"101Q2","金門縣","",6.93
"101Q2","金門縣","金城鎮",6.78
"101Q2","金門縣","金湖鎮",6.61
"101Q2","金門縣","金沙鎮",6.44
"101Q2","金門縣","金寧鄉",7.50
"101Q2","金門縣","烈嶼鄉",8.04
"101Q2","金門縣","烏坵鄉",11.06
"101Q2","連江縣","",8.35
"101Q2","連江縣","南竿鄉",9.10
"101Q2","連江縣","北竿鄉",7.74
"101Q2","連江縣","莒光鄉",8.54
"101Q2","連江縣","東引鄉",6.17
"101Q3","全國","",3.58
"101Q3","新北市","",3.21
"101Q3","新北市","板橋區",3.30
"101Q3","新北市","三重區",3.24
"101Q3","新北市","中和區",3.02
"101Q3","新北市","永和區",3.07
"101Q3","新北市","新莊區",3.39
"101Q3","新北市","新店區",2.88
"101Q3","新北市","樹林區",3.40
"101Q3","新北市","鶯歌區",3.74
"101Q3","新北市","三峽區",3.39
"101Q3","新北市","淡水區",2.74
"101Q3","新北市","汐止區",2.71
"101Q3","新北市","瑞芳區",3.32
"101Q3","新北市","土城區",3.37
"101Q3","新北市","蘆洲區",3.49
"101Q3","新北市","五股區",3.44
"101Q3","新北市","泰山區",3.34
"101Q3","新北市","林口區",3.24
"101Q3","新北市","深坑區",2.98
"101Q3","新北市","石碇區",3.40
"101Q3","新北市","坪林區",3.72
"101Q3","新北市","三芝區",3.28
"101Q3","新北市","石門區",5.35
"101Q3","新北市","八里區",3.41
"101Q3","新北市","平溪區",3.00
"101Q3","新北市","雙溪區",3.79
"101Q3","新北市","貢寮區",4.75
"101Q3","新北市","金山區",4.27
"101Q3","新北市","萬里區",4.28
"101Q3","新北市","烏來區",5.12
"101Q3","台北市","",3.40
"101Q3","台北市","松山區",3.46
"101Q3","台北市","信義區",3.29
"101Q3","台北市","大安區",3.41
"101Q3","台北市","中山區",2.95
"101Q3","台北市","中正區",3.52
"101Q3","台北市","大同區",3.47
"101Q3","台北市","萬華區",3.29
"101Q3","台北市","文山區",3.38
"101Q3","台北市","南港區",3.48
"101Q3","台北市","內湖區",3.47
"101Q3","台北市","士林區",3.59
"101Q3","台北市","北投區",3.61
"101Q3","桃園市","",3.47
"101Q3","桃園市","桃園區",3.25
"101Q3","桃園市","中壢區",3.33
"101Q3","桃園市","平鎮區",3.51
"101Q3","桃園市","八德區",3.44
"101Q3","桃園市","楊梅區",3.54
"101Q3","桃園市","大溪區",3.72
"101Q3","桃園市","蘆竹區",3.39
"101Q3","桃園市","大園區",4.19
"101Q3","桃園市","龜山區",3.20
"101Q3","桃園市","龍潭區",3.60
"101Q3","桃園市","新屋區",4.92
"101Q3","桃園市","觀音區",4.48
"101Q3","桃園市","復興區",4.08
"101Q3","台中市","",3.72
"101Q3","台中市","中區",3.94
"101Q3","台中市","東區",3.42
"101Q3","台中市","南區",3.09
"101Q3","台中市","西區",3.22
"101Q3","台中市","北區",3.14
"101Q3","台中市","西屯區",3.29
"101Q3","台中市","南屯區",3.40
"101Q3","台中市","北屯區",3.42
"101Q3","台中市","豐原區",4.10
"101Q3","台中市","東勢區",4.22
"101Q3","台中市","大甲區",4.56
"101Q3","台中市","清水區",4.51
"101Q3","台中市","沙鹿區",3.98
"101Q3","台中市","梧棲區",4.22
"101Q3","台中市","后里區",4.68
"101Q3","台中市","神岡區",4.43
"101Q3","台中市","潭子區",3.67
"101Q3","台中市","大雅區",4.03
"101Q3","台中市","新社區",4.20
"101Q3","台中市","石岡區",4.37
"101Q3","台中市","外埔區",4.46
"101Q3","台中市","大安區",4.95
"101Q3","台中市","烏日區",4.00
"101Q3","台中市","大肚區",4.16
"101Q3","台中市","龍井區",4.47
"101Q3","台中市","霧峰區",4.18
"101Q3","台中市","太平區",3.73
"101Q3","台中市","大里區",3.78
"101Q3","台中市","和平區",3.48
"101Q3","台南市","",3.58
"101Q3","台南市","新營區",3.36
"101Q3","台南市","鹽水區",3.75
"101Q3","台南市","白河區",4.17
"101Q3","台南市","柳營區",3.95
"101Q3","台南市","後壁區",3.92
"101Q3","台南市","東山區",4.41
"101Q3","台南市","麻豆區",3.79
"101Q3","台南市","下營區",4.03
"101Q3","台南市","六甲區",3.95
"101Q3","台南市","官田區",3.82
"101Q3","台南市","大內區",4.12
"101Q3","台南市","佳里區",3.71
"101Q3","台南市","學甲區",3.86
"101Q3","台南市","西港區",4.16
"101Q3","台南市","七股區",4.64
"101Q3","台南市","將軍區",4.37
"101Q3","台南市","北門區",4.61
"101Q3","台南市","新化區",3.87
"101Q3","台南市","善化區",3.57
"101Q3","台南市","新市區",3.78
"101Q3","台南市","安定區",4.01
"101Q3","台南市","山上區",4.30
"101Q3","台南市","玉井區",3.91
"101Q3","台南市","楠西區",4.02
"101Q3","台南市","南化區",4.42
"101Q3","台南市","左鎮區",3.92
"101Q3","台南市","仁德區",3.43
"101Q3","台南市","歸仁區",3.81
"101Q3","台南市","關廟區",4.14
"101Q3","台南市","龍崎區",4.57
"101Q3","台南市","永康區",3.33
"101Q3","台南市","東區",3.27
"101Q3","台南市","南區",3.45
"101Q3","台南市","北區",3.20
"101Q3","台南市","安南區",3.89
"101Q3","台南市","安平區",3.16
"101Q3","台南市","中西區",3.17
"101Q3","高雄市","",3.36
"101Q3","高雄市","鹽埕區",3.00
"101Q3","高雄市","鼓山區",2.97
"101Q3","高雄市","左營區",3.01
"101Q3","高雄市","楠梓區",3.27
"101Q3","高雄市","三民區",3.21
"101Q3","高雄市","新興區",2.87
"101Q3","高雄市","前金區",2.67
"101Q3","高雄市","苓雅區",3.08
"101Q3","高雄市","前鎮區",3.20
"101Q3","高雄市","旗津區",4.31
"101Q3","高雄市","小港區",3.79
"101Q3","高雄市","鳳山區",3.21
"101Q3","高雄市","林園區",4.01
"101Q3","高雄市","大寮區",3.42
"101Q3","高雄市","大樹區",4.24
"101Q3","高雄市","大社區",3.41
"101Q3","高雄市","仁武區",3.23
"101Q3","高雄市","鳥松區",3.15
"101Q3","高雄市","岡山區",3.47
"101Q3","高雄市","橋頭區",3.51
"101Q3","高雄市","燕巢區",4.21
"101Q3","高雄市","田寮區",4.10
"101Q3","高雄市","阿蓮區",4.15
"101Q3","高雄市","路竹區",4.07
"101Q3","高雄市","湖內區",3.52
"101Q3","高雄市","茄萣區",4.40
"101Q3","高雄市","永安區",4.32
"101Q3","高雄市","彌陀區",4.65
"101Q3","高雄市","梓官區",3.81
"101Q3","高雄市","旗山區",3.75
"101Q3","高雄市","美濃區",4.83
"101Q3","高雄市","六龜區",3.62
"101Q3","高雄市","甲仙區",3.58
"101Q3","高雄市","杉林區",3.92
"101Q3","高雄市","內門區",5.44
"101Q3","高雄市","茂林區",4.78
"101Q3","高雄市","桃源區",4.81
"101Q3","高雄市","那瑪夏區",4.67
"101Q3","宜蘭縣","",3.58
"101Q3","宜蘭縣","宜蘭市",3.32
"101Q3","宜蘭縣","羅東鎮",3.53
"101Q3","宜蘭縣","蘇澳鎮",3.73
"101Q3","宜蘭縣","頭城鎮",3.94
"101Q3","宜蘭縣","礁溪鄉",3.64
"101Q3","宜蘭縣","壯圍鄉",4.06
"101Q3","宜蘭縣","員山鄉",3.70
"101Q3","宜蘭縣","冬山鄉",3.47
"101Q3","宜蘭縣","五結鄉",3.45
"101Q3","宜蘭縣","三星鄉",3.61
"101Q3","宜蘭縣","大同鄉",4.48
"101Q3","宜蘭縣","南澳鄉",5.40
"101Q3","新竹縣","",3.79
"101Q3","新竹縣","竹北市",3.39
"101Q3","新竹縣","關西鎮",4.85
"101Q3","新竹縣","新埔鎮",4.23
"101Q3","新竹縣","竹東鎮",3.66
"101Q3","新竹縣","湖口鄉",3.81
"101Q3","新竹縣","橫山鄉",4.17
"101Q3","新竹縣","新豐鄉",4.04
"101Q3","新竹縣","芎林鄉",4.16
"101Q3","新竹縣","寶山鄉",3.58
"101Q3","新竹縣","北埔鄉",4.59
"101Q3","新竹縣","峨眉鄉",4.85
"101Q3","新竹縣","尖石鄉",4.30
"101Q3","新竹縣","五峰鄉",4.04
"101Q3","苗栗縣","",4.09
"101Q3","苗栗縣","苗栗市",3.51
"101Q3","苗栗縣","苑裡鎮",4.63
"101Q3","苗栗縣","通霄鎮",4.90
"101Q3","苗栗縣","竹南鎮",3.81
"101Q3","苗栗縣","頭份鎮",3.74
"101Q3","苗栗縣","後龍鎮",4.68
"101Q3","苗栗縣","卓蘭鎮",4.79
"101Q3","苗栗縣","大湖鄉",4.57
"101Q3","苗栗縣","公館鄉",4.09
"101Q3","苗栗縣","銅鑼鄉",4.41
"101Q3","苗栗縣","南庄鄉",4.24
"101Q3","苗栗縣","頭屋鄉",4.42
"101Q3","苗栗縣","三義鄉",4.35
"101Q3","苗栗縣","西湖鄉",5.51
"101Q3","苗栗縣","造橋鄉",4.44
"101Q3","苗栗縣","三灣鄉",4.34
"101Q3","苗栗縣","獅潭鄉",4.05
"101Q3","苗栗縣","泰安鄉",6.08
"101Q3","彰化縣","",4.60
"101Q3","彰化縣","彰化市",3.83
"101Q3","彰化縣","鹿港鎮",4.74
"101Q3","彰化縣","和美鎮",4.29
"101Q3","彰化縣","北斗鎮",3.98
"101Q3","彰化縣","員林鎮",4.25
"101Q3","彰化縣","溪湖鎮",4.98
"101Q3","彰化縣","田中鎮",4.22
"101Q3","彰化縣","二林鎮",5.61
"101Q3","彰化縣","線西鄉",5.53
"101Q3","彰化縣","伸港鄉",5.15
"101Q3","彰化縣","福興鄉",5.59
"101Q3","彰化縣","秀水鄉",4.83
"101Q3","彰化縣","花壇鄉",4.26
"101Q3","彰化縣","芬園鄉",4.96
"101Q3","彰化縣","大村鄉",5.77
"101Q3","彰化縣","埔鹽鄉",6.68
"101Q3","彰化縣","埔心鄉",4.24
"101Q3","彰化縣","永靖鄉",5.42
"101Q3","彰化縣","社頭鄉",5.33
"101Q3","彰化縣","二水鄉",4.26
"101Q3","彰化縣","田尾鄉",4.32
"101Q3","彰化縣","埤頭鄉",4.68
"101Q3","彰化縣","芳苑鄉",5.47
"101Q3","彰化縣","大城鄉",6.64
"101Q3","彰化縣","竹塘鄉",4.83
"101Q3","彰化縣","溪州鄉",5.39
"101Q3","南投縣","",4.02
"101Q3","南投縣","南投市",3.68
"101Q3","南投縣","埔里鎮",3.85
"101Q3","南投縣","草屯鎮",4.06
"101Q3","南投縣","竹山鎮",3.79
"101Q3","南投縣","集集鎮",4.00
"101Q3","南投縣","名間鄉",4.83
"101Q3","南投縣","鹿谷鄉",4.47
"101Q3","南投縣","中寮鄉",4.57
"101Q3","南投縣","魚池鄉",4.82
"101Q3","南投縣","國姓鄉",4.01
"101Q3","南投縣","水里鄉",3.67
"101Q3","南投縣","信義鄉",5.07
"101Q3","南投縣","仁愛鄉",4.18
"101Q3","雲林縣","",4.34
"101Q3","雲林縣","斗六市",3.58
"101Q3","雲林縣","斗南鎮",3.83
"101Q3","雲林縣","虎尾鎮",3.74
"101Q3","雲林縣","西螺鎮",4.50
"101Q3","雲林縣","土庫鎮",4.71
"101Q3","雲林縣","北港鎮",3.77
"101Q3","雲林縣","古坑鄉",4.52
"101Q3","雲林縣","大埤鄉",4.58
"101Q3","雲林縣","莿桐鄉",4.62
"101Q3","雲林縣","林內鄉",4.43
"101Q3","雲林縣","二崙鄉",5.09
"101Q3","雲林縣","崙背鄉",4.79
"101Q3","雲林縣","麥寮鄉",5.56
"101Q3","雲林縣","東勢鄉",4.85
"101Q3","雲林縣","褒忠鄉",4.78
"101Q3","雲林縣","台西鄉",5.12
"101Q3","雲林縣","元長鄉",4.89
"101Q3","雲林縣","四湖鄉",4.79
"101Q3","雲林縣","口湖鄉",5.46
"101Q3","雲林縣","水林鄉",5.18
"101Q3","嘉義縣","",4.41
"101Q3","嘉義縣","太保市",4.08
"101Q3","嘉義縣","朴子市",4.12
"101Q3","嘉義縣","布袋鎮",4.55
"101Q3","嘉義縣","大林鎮",4.05
"101Q3","嘉義縣","民雄鄉",3.97
"101Q3","嘉義縣","溪口鄉",5.38
"101Q3","嘉義縣","新港鄉",5.07
"101Q3","嘉義縣","六腳鄉",5.13
"101Q3","嘉義縣","東石鄉",5.30
"101Q3","嘉義縣","義竹鄉",4.84
"101Q3","嘉義縣","鹿草鄉",4.96
"101Q3","嘉義縣","水上鄉",3.85
"101Q3","嘉義縣","中埔鄉",4.32
"101Q3","嘉義縣","竹崎鄉",4.86
"101Q3","嘉義縣","梅山鄉",4.60
"101Q3","嘉義縣","番路鄉",4.21
"101Q3","嘉義縣","大埔鄉",5.48
"101Q3","嘉義縣","阿里山鄉",5.05
"101Q3","屏東縣","",4.01
"101Q3","屏東縣","屏東市",3.41
"101Q3","屏東縣","潮州鎮",3.51
"101Q3","屏東縣","東港鎮",4.20
"101Q3","屏東縣","恆春鎮",3.86
"101Q3","屏東縣","萬丹鄉",4.31
"101Q3","屏東縣","長治鄉",4.03
"101Q3","屏東縣","麟洛鄉",3.68
"101Q3","屏東縣","九如鄉",4.23
"101Q3","屏東縣","里港鄉",4.45
"101Q3","屏東縣","鹽埔鄉",4.93
"101Q3","屏東縣","高樹鄉",4.94
"101Q3","屏東縣","萬巒鄉",4.82
"101Q3","屏東縣","內埔鄉",4.06
"101Q3","屏東縣","竹田鄉",4.05
"101Q3","屏東縣","新埤鄉",4.47
"101Q3","屏東縣","枋寮鄉",3.95
"101Q3","屏東縣","新園鄉",4.47
"101Q3","屏東縣","崁頂鄉",5.73
"101Q3","屏東縣","林邊鄉",4.23
"101Q3","屏東縣","南州鄉",4.17
"101Q3","屏東縣","佳冬鄉",4.61
"101Q3","屏東縣","琉球鄉",5.12
"101Q3","屏東縣","車城鄉",3.90
"101Q3","屏東縣","滿州鄉",3.97
"101Q3","屏東縣","枋山鄉",4.10
"101Q3","屏東縣","三地門鄉",4.83
"101Q3","屏東縣","霧台鄉",3.66
"101Q3","屏東縣","瑪家鄉",4.98
"101Q3","屏東縣","泰武鄉",5.85
"101Q3","屏東縣","來義鄉",4.45
"101Q3","屏東縣","春日鄉",4.75
"101Q3","屏東縣","獅子鄉",4.24
"101Q3","屏東縣","牡丹鄉",3.82
"101Q3","台東縣","",3.55
"101Q3","台東縣","台東市",3.51
"101Q3","台東縣","成功鎮",3.48
"101Q3","台東縣","關山鎮",3.72
"101Q3","台東縣","卑南鄉",3.47
"101Q3","台東縣","大武鄉",3.52
"101Q3","台東縣","太麻里鄉",3.38
"101Q3","台東縣","東河鄉",3.12
"101Q3","台東縣","長濱鄉",2.98
"101Q3","台東縣","鹿野鄉",3.50
"101Q3","台東縣","池上鄉",3.55
"101Q3","台東縣","綠島鄉",5.70
"101Q3","台東縣","延平鄉",4.55
"101Q3","台東縣","海端鄉",4.85
"101Q3","台東縣","達仁鄉",3.52
"101Q3","台東縣","金峰鄉",4.78
"101Q3","台東縣","蘭嶼鄉",4.38
"101Q3","花蓮縣","",3.43
"101Q3","花蓮縣","花蓮市",3.42
"101Q3","花蓮縣","鳳林鎮",3.16
"101Q3","花蓮縣","玉里鎮",3.51
"101Q3","花蓮縣","新城鄉",3.29
"101Q3","花蓮縣","吉安鄉",3.22
"101Q3","花蓮縣","壽豐鄉",3.37
"101Q3","花蓮縣","光復鄉",3.33
"101Q3","花蓮縣","豐濱鄉",3.23
"101Q3","花蓮縣","瑞穗鄉",3.34
"101Q3","花蓮縣","富里鄉",3.47
"101Q3","花蓮縣","秀林鄉",4.98
"101Q3","花蓮縣","萬榮鄉",4.90
"101Q3","花蓮縣","卓溪鄉",4.50
"101Q3","澎湖縣","",4.04
"101Q3","澎湖縣","馬公市",3.80
"101Q3","澎湖縣","湖西鄉",4.17
"101Q3","澎湖縣","白沙鄉",4.60
"101Q3","澎湖縣","西嶼鄉",4.00
"101Q3","澎湖縣","望安鄉",5.82
"101Q3","澎湖縣","七美鄉",4.99
"101Q3","基隆市","",2.98
"101Q3","基隆市","中正區",2.83
"101Q3","基隆市","七堵區",3.04
"101Q3","基隆市","暖暖區",2.95
"101Q3","基隆市","仁愛區",3.23
"101Q3","基隆市","中山區",3.02
"101Q3","基隆市","安樂區",2.96
"101Q3","基隆市","信義區",2.88
"101Q3","新竹市","",3.43
"101Q3","新竹市","新竹市",3.43
"101Q3","嘉義市","",3.72
"101Q3","嘉義市","嘉義市",3.72
"101Q3","金門縣","",7.09
"101Q3","金門縣","金城鎮",6.89
"101Q3","金門縣","金湖鎮",6.72
"101Q3","金門縣","金沙鎮",6.56
"101Q3","金門縣","金寧鄉",7.81
"101Q3","金門縣","烈嶼鄉",8.26
"101Q3","金門縣","烏坵鄉",11.40
"101Q3","連江縣","",8.77
"101Q3","連江縣","南竿鄉",9.60
"101Q3","連江縣","北竿鄉",8.10
"101Q3","連江縣","莒光鄉",9.08
"101Q3","連江縣","東引鄉",6.28
"101Q4","全國","",3.61
"101Q4","新北市","",3.26
"101Q4","新北市","板橋區",3.34
"101Q4","新北市","三重區",3.27
"101Q4","新北市","中和區",3.07
"101Q4","新北市","永和區",3.14
"101Q4","新北市","新莊區",3.42
"101Q4","新北市","新店區",2.96
"101Q4","新北市","樹林區",3.45
"101Q4","新北市","鶯歌區",3.79
"101Q4","新北市","三峽區",3.49
"101Q4","新北市","淡水區",2.78
"101Q4","新北市","汐止區",2.76
"101Q4","新北市","瑞芳區",3.38
"101Q4","新北市","土城區",3.43
"101Q4","新北市","蘆洲區",3.53
"101Q4","新北市","五股區",3.50
"101Q4","新北市","泰山區",3.37
"101Q4","新北市","林口區",3.27
"101Q4","新北市","深坑區",3.03
"101Q4","新北市","石碇區",3.50
"101Q4","新北市","坪林區",3.84
"101Q4","新北市","三芝區",3.33
"101Q4","新北市","石門區",5.22
"101Q4","新北市","八里區",3.47
"101Q4","新北市","平溪區",3.10
"101Q4","新北市","雙溪區",3.88
"101Q4","新北市","貢寮區",4.90
"101Q4","新北市","金山區",4.35
"101Q4","新北市","萬里區",4.27
"101Q4","新北市","烏來區",5.17
"101Q4","台北市","",3.49
"101Q4","台北市","松山區",3.58
"101Q4","台北市","信義區",3.39
"101Q4","台北市","大安區",3.56
"101Q4","台北市","中山區",3.04
"101Q4","台北市","中正區",3.63
"101Q4","台北市","大同區",3.56
"101Q4","台北市","萬華區",3.34
"101Q4","台北市","文山區",3.43
"101Q4","台北市","南港區",3.56
"101Q4","台北市","內湖區",3.55
"101Q4","台北市","士林區",3.69
"101Q4","台北市","北投區",3.70
"101Q4","桃園市","",3.46
"101Q4","桃園市","桃園區",3.24
"101Q4","桃園市","中壢區",3.33
"101Q4","桃園市","平鎮區",3.51
"101Q4","桃園市","八德區",3.43
"101Q4","桃園市","楊梅區",3.54
"101Q4","桃園市","大溪區",3.71
"101Q4","桃園市","蘆竹區",3.38
"101Q4","桃園市","大園區",4.16
"101Q4","桃園市","龜山區",3.19
"101Q4","桃園市","龍潭區",3.60
"101Q4","桃園市","新屋區",4.88
"101Q4","桃園市","觀音區",4.46
"101Q4","桃園市","復興區",4.02
"101Q4","台中市","",3.78
"101Q4","台中市","中區",4.05
"101Q4","台中市","東區",3.50
"101Q4","台中市","南區",3.13
"101Q4","台中市","西區",3.29
"101Q4","台中市","北區",3.20
"101Q4","台中市","西屯區",3.34
"101Q4","台中市","南屯區",3.44
"101Q4","台中市","北屯區",3.48
"101Q4","台中市","豐原區",4.17
"101Q4","台中市","東勢區",4.29
"101Q4","台中市","大甲區",4.57
"101Q4","台中市","清水區",4.43
"101Q4","台中市","沙鹿區",4.04
"101Q4","台中市","梧棲區",4.28
"101Q4","台中市","后里區",4.79
"101Q4","台中市","神岡區",4.52
"101Q4","台中市","潭子區",3.72
"101Q4","台中市","大雅區",4.13
"101Q4","台中市","新社區",4.30
"101Q4","台中市","石岡區",4.44
"101Q4","台中市","外埔區",4.54
"101Q4","台中市","大安區",5.08
"101Q4","台中市","烏日區",4.05
"101Q4","台中市","大肚區",4.22
"101Q4","台中市","龍井區",4.53
"101Q4","台中市","霧峰區",4.24
"101Q4","台中市","太平區",3.79
"101Q4","台中市","大里區",3.83
"101Q4","台中市","和平區",3.53
"101Q4","台南市","",3.66
"101Q4","台南市","新營區",3.41
"101Q4","台南市","鹽水區",3.85
"101Q4","台南市","白河區",4.42
"101Q4","台南市","柳營區",4.04
"101Q4","台南市","後壁區",4.02
"101Q4","台南市","東山區",4.52
"101Q4","台南市","麻豆區",3.88
"101Q4","台南市","下營區",4.14
"101Q4","台南市","六甲區",4.05
"101Q4","台南市","官田區",3.91
"101Q4","台南市","大內區",4.26
"101Q4","台南市","佳里區",3.80
"101Q4","台南市","學甲區",3.96
"101Q4","台南市","西港區",4.27
"101Q4","台南市","七股區",4.96
"101Q4","台南市","將軍區",4.51
"101Q4","台南市","北門區",4.74
"101Q4","台南市","新化區",3.96
"101Q4","台南市","善化區",3.65
"101Q4","台南市","新市區",3.81
"101Q4","台南市","安定區",4.08
"101Q4","台南市","山上區",4.37
"101Q4","台南市","玉井區",4.01
"101Q4","台南市","楠西區",4.16
"101Q4","台南市","南化區",4.59
"101Q4","台南市","左鎮區",4.10
"101Q4","台南市","仁德區",3.48
"101Q4","台南市","歸仁區",3.88
"101Q4","台南市","關廟區",4.24
"101Q4","台南市","龍崎區",4.70
"101Q4","台南市","永康區",3.38
"101Q4","台南市","東區",3.34
"101Q4","台南市","南區",3.52
"101Q4","台南市","北區",3.27
"101Q4","台南市","安南區",3.95
"101Q4","台南市","安平區",3.21
"101Q4","台南市","中西區",3.24
"101Q4","高雄市","",3.42
"101Q4","高雄市","鹽埕區",3.07
"101Q4","高雄市","鼓山區",3.01
"101Q4","高雄市","左營區",3.06
"101Q4","高雄市","楠梓區",3.32
"101Q4","高雄市","三民區",3.27
"101Q4","高雄市","新興區",2.93
"101Q4","高雄市","前金區",2.75
"101Q4","高雄市","苓雅區",3.15
"101Q4","高雄市","前鎮區",3.26
"101Q4","高雄市","旗津區",4.33
"101Q4","高雄市","小港區",3.85
"101Q4","高雄市","鳳山區",3.26
"101Q4","高雄市","林園區",4.08
"101Q4","高雄市","大寮區",3.49
"101Q4","高雄市","大樹區",4.35
"101Q4","高雄市","大社區",3.48
"101Q4","高雄市","仁武區",3.27
"101Q4","高雄市","鳥松區",3.20
"101Q4","高雄市","岡山區",3.55
"101Q4","高雄市","橋頭區",3.57
"101Q4","高雄市","燕巢區",4.34
"101Q4","高雄市","田寮區",4.21
"101Q4","高雄市","阿蓮區",4.25
"101Q4","高雄市","路竹區",4.14
"101Q4","高雄市","湖內區",3.59
"101Q4","高雄市","茄萣區",4.48
"101Q4","高雄市","永安區",4.40
"101Q4","高雄市","彌陀區",4.74
"101Q4","高雄市","梓官區",3.90
"101Q4","高雄市","旗山區",3.86
"101Q4","高雄市","美濃區",4.96
"101Q4","高雄市","六龜區",3.75
"101Q4","高雄市","甲仙區",3.71
"101Q4","高雄市","杉林區",4.02
"101Q4","高雄市","內門區",5.62
"101Q4","高雄市","茂林區",4.97
"101Q4","高雄市","桃源區",4.98
"101Q4","高雄市","那瑪夏區",4.83
"101Q4","宜蘭縣","",3.57
"101Q4","宜蘭縣","宜蘭市",3.31
"101Q4","宜蘭縣","羅東鎮",3.52
"101Q4","宜蘭縣","蘇澳鎮",3.72
"101Q4","宜蘭縣","頭城鎮",3.91
"101Q4","宜蘭縣","礁溪鄉",3.59
"101Q4","宜蘭縣","壯圍鄉",4.03
"101Q4","宜蘭縣","員山鄉",3.69
"101Q4","宜蘭縣","冬山鄉",3.47
"101Q4","宜蘭縣","五結鄉",3.45
"101Q4","宜蘭縣","三星鄉",3.57
"101Q4","宜蘭縣","大同鄉",4.49
"101Q4","宜蘭縣","南澳鄉",5.35
"101Q4","新竹縣","",3.78
"101Q4","新竹縣","竹北市",3.38
"101Q4","新竹縣","關西鎮",4.84
"101Q4","新竹縣","新埔鎮",4.21
"101Q4","新竹縣","竹東鎮",3.65
"101Q4","新竹縣","湖口鄉",3.80
"101Q4","新竹縣","橫山鄉",4.16
"101Q4","新竹縣","新豐鄉",4.03
"101Q4","新竹縣","芎林鄉",4.15
"101Q4","新竹縣","寶山鄉",3.56
"101Q4","新竹縣","北埔鄉",4.60
"101Q4","新竹縣","峨眉鄉",4.79
"101Q4","新竹縣","尖石鄉",4.21
"101Q4","新竹縣","五峰鄉",4.04
"101Q4","苗栗縣","",4.07
"101Q4","苗栗縣","苗栗市",3.51
"101Q4","苗栗縣","苑裡鎮",4.63
"101Q4","苗栗縣","通霄鎮",4.77
"101Q4","苗栗縣","竹南鎮",3.79
"101Q4","苗栗縣","頭份鎮",3.73
"101Q4","苗栗縣","後龍鎮",4.62
"101Q4","苗栗縣","卓蘭鎮",4.78
"101Q4","苗栗縣","大湖鄉",4.55
"101Q4","苗栗縣","公館鄉",4.08
"101Q4","苗栗縣","銅鑼鄉",4.37
"101Q4","苗栗縣","南庄鄉",4.05
"101Q4","苗栗縣","頭屋鄉",4.38
"101Q4","苗栗縣","三義鄉",4.34
"101Q4","苗栗縣","西湖鄉",5.43
"101Q4","苗栗縣","造橋鄉",4.35
"101Q4","苗栗縣","三灣鄉",4.33
"101Q4","苗栗縣","獅潭鄉",4.02
"101Q4","苗栗縣","泰安鄉",6.09
"101Q4","彰化縣","",4.57
"101Q4","彰化縣","彰化市",3.83
"101Q4","彰化縣","鹿港鎮",4.72
"101Q4","彰化縣","和美鎮",4.29
"101Q4","彰化縣","北斗鎮",3.95
"101Q4","彰化縣","員林鎮",4.23
"101Q4","彰化縣","溪湖鎮",4.96
"101Q4","彰化縣","田中鎮",4.21
"101Q4","彰化縣","二林鎮",5.54
"101Q4","彰化縣","線西鄉",5.48
"101Q4","彰化縣","伸港鄉",5.13
"101Q4","彰化縣","福興鄉",5.57
"101Q4","彰化縣","秀水鄉",4.83
"101Q4","彰化縣","花壇鄉",4.25
"101Q4","彰化縣","芬園鄉",4.95
"101Q4","彰化縣","大村鄉",5.70
"101Q4","彰化縣","埔鹽鄉",6.56
"101Q4","彰化縣","埔心鄉",4.22
"101Q4","彰化縣","永靖鄉",5.38
"101Q4","彰化縣","社頭鄉",5.27
"101Q4","彰化縣","二水鄉",4.24
"101Q4","彰化縣","田尾鄉",4.32
"101Q4","彰化縣","埤頭鄉",4.67
"101Q4","彰化縣","芳苑鄉",5.28
"101Q4","彰化縣","大城鄉",6.31
"101Q4","彰化縣","竹塘鄉",4.81
"101Q4","彰化縣","溪州鄉",5.35
"101Q4","南投縣","",4.01
"101Q4","南投縣","南投市",3.68
"101Q4","南投縣","埔里鎮",3.84
"101Q4","南投縣","草屯鎮",4.06
"101Q4","南投縣","竹山鎮",3.79
"101Q4","南投縣","集集鎮",3.99
"101Q4","南投縣","名間鄉",4.81
"101Q4","南投縣","鹿谷鄉",4.46
"101Q4","南投縣","中寮鄉",4.54
"101Q4","南投縣","魚池鄉",4.80
"101Q4","南投縣","國姓鄉",3.99
"101Q4","南投縣","水里鄉",3.66
"101Q4","南投縣","信義鄉",4.99
"101Q4","南投縣","仁愛鄉",4.19
"101Q4","雲林縣","",4.32
"101Q4","雲林縣","斗六市",3.57
"101Q4","雲林縣","斗南鎮",3.82
"101Q4","雲林縣","虎尾鎮",3.71
"101Q4","雲林縣","西螺鎮",4.48
"101Q4","雲林縣","土庫鎮",4.63
"101Q4","雲林縣","北港鎮",3.75
"101Q4","雲林縣","古坑鄉",4.50
"101Q4","雲林縣","大埤鄉",4.54
"101Q4","雲林縣","莿桐鄉",4.60
"101Q4","雲林縣","林內鄉",4.40
"101Q4","雲林縣","二崙鄉",5.03
"101Q4","雲林縣","崙背鄉",4.76
"101Q4","雲林縣","麥寮鄉",5.55
"101Q4","雲林縣","東勢鄉",4.77
"101Q4","雲林縣","褒忠鄉",4.71
"101Q4","雲林縣","台西鄉",5.05
"101Q4","雲林縣","元長鄉",4.86
"101Q4","雲林縣","四湖鄉",4.74
"101Q4","雲林縣","口湖鄉",5.45
"101Q4","雲林縣","水林鄉",5.10
"101Q4","嘉義縣","",4.34
"101Q4","嘉義縣","太保市",4.01
"101Q4","嘉義縣","朴子市",3.99
"101Q4","嘉義縣","布袋鎮",4.52
"101Q4","嘉義縣","大林鎮",4.01
"101Q4","嘉義縣","民雄鄉",3.95
"101Q4","嘉義縣","溪口鄉",5.28
"101Q4","嘉義縣","新港鄉",5.00
"101Q4","嘉義縣","六腳鄉",5.10
"101Q4","嘉義縣","東石鄉",5.15
"101Q4","嘉義縣","義竹鄉",4.74
"101Q4","嘉義縣","鹿草鄉",4.91
"101Q4","嘉義縣","水上鄉",3.80
"101Q4","嘉義縣","中埔鄉",4.30
"101Q4","嘉義縣","竹崎鄉",4.81
"101Q4","嘉義縣","梅山鄉",4.49
"101Q4","嘉義縣","番路鄉",4.03
"101Q4","嘉義縣","大埔鄉",5.11
"101Q4","嘉義縣","阿里山鄉",4.51
"101Q4","屏東縣","",3.97
"101Q4","屏東縣","屏東市",3.38
"101Q4","屏東縣","潮州鎮",3.50
"101Q4","屏東縣","東港鎮",4.12
"101Q4","屏東縣","恆春鎮",3.85
"101Q4","屏東縣","萬丹鄉",4.30
"101Q4","屏東縣","長治鄉",4.00
"101Q4","屏東縣","麟洛鄉",3.66
"101Q4","屏東縣","九如鄉",4.21
"101Q4","屏東縣","里港鄉",4.39
"101Q4","屏東縣","鹽埔鄉",4.84
"101Q4","屏東縣","高樹鄉",4.70
"101Q4","屏東縣","萬巒鄉",4.79
"101Q4","屏東縣","內埔鄉",4.05
"101Q4","屏東縣","竹田鄉",4.04
"101Q4","屏東縣","新埤鄉",4.44
"101Q4","屏東縣","枋寮鄉",3.93
"101Q4","屏東縣","新園鄉",4.43
"101Q4","屏東縣","崁頂鄉",5.67
"101Q4","屏東縣","林邊鄉",4.16
"101Q4","屏東縣","南州鄉",4.12
"101Q4","屏東縣","佳冬鄉",4.58
"101Q4","屏東縣","琉球鄉",4.92
"101Q4","屏東縣","車城鄉",3.84
"101Q4","屏東縣","滿州鄉",3.94
"101Q4","屏東縣","枋山鄉",4.09
"101Q4","屏東縣","三地門鄉",4.68
"101Q4","屏東縣","霧台鄉",3.69
"101Q4","屏東縣","瑪家鄉",4.88
"101Q4","屏東縣","泰武鄉",5.79
"101Q4","屏東縣","來義鄉",4.44
"101Q4","屏東縣","春日鄉",4.74
"101Q4","屏東縣","獅子鄉",4.20
"101Q4","屏東縣","牡丹鄉",3.76
"101Q4","台東縣","",3.54
"101Q4","台東縣","台東市",3.51
"101Q4","台東縣","成功鎮",3.46
"101Q4","台東縣","關山鎮",3.71
"101Q4","台東縣","卑南鄉",3.46
"101Q4","台東縣","大武鄉",3.44
"101Q4","台東縣","太麻里鄉",3.35
"101Q4","台東縣","東河鄉",3.10
"101Q4","台東縣","長濱鄉",2.96
"101Q4","台東縣","鹿野鄉",3.49
"101Q4","台東縣","池上鄉",3.51
"101Q4","台東縣","綠島鄉",5.66
"101Q4","台東縣","延平鄉",4.56
"101Q4","台東縣","海端鄉",4.79
"101Q4","台東縣","達仁鄉",3.47
"101Q4","台東縣","金峰鄉",4.69
"101Q4","台東縣","蘭嶼鄉",4.39
"101Q4","花蓮縣","",3.42
"101Q4","花蓮縣","花蓮市",3.41
"101Q4","花蓮縣","鳳林鎮",3.15
"101Q4","花蓮縣","玉里鎮",3.50
"101Q4","花蓮縣","新城鄉",3.28
"101Q4","花蓮縣","吉安鄉",3.22
"101Q4","花蓮縣","壽豐鄉",3.32
"101Q4","花蓮縣","光復鄉",3.32
"101Q4","花蓮縣","豐濱鄉",3.22
"101Q4","花蓮縣","瑞穗鄉",3.33
"101Q4","花蓮縣","富里鄉",3.42
"101Q4","花蓮縣","秀林鄉",4.94
"101Q4","花蓮縣","萬榮鄉",4.78
"101Q4","花蓮縣","卓溪鄉",4.49
"101Q4","澎湖縣","",4.03
"101Q4","澎湖縣","馬公市",3.80
"101Q4","澎湖縣","湖西鄉",4.18
"101Q4","澎湖縣","白沙鄉",4.60
"101Q4","澎湖縣","西嶼鄉",3.96
"101Q4","澎湖縣","望安鄉",5.39
"101Q4","澎湖縣","七美鄉",4.98
"101Q4","基隆市","",2.96
"101Q4","基隆市","中正區",2.82
"101Q4","基隆市","七堵區",3.04
"101Q4","基隆市","暖暖區",2.94
"101Q4","基隆市","仁愛區",3.21
"101Q4","基隆市","中山區",3.01
"101Q4","基隆市","安樂區",2.94
"101Q4","基隆市","信義區",2.86
"101Q4","新竹市","",3.43
"101Q4","新竹市","新竹市",3.43
"101Q4","嘉義市","",3.42
"101Q4","嘉義市","嘉義市",3.42
"101Q4","金門縣","",7.06
"101Q4","金門縣","金城鎮",6.78
"101Q4","金門縣","金湖鎮",6.77
"101Q4","金門縣","金沙鎮",6.59
"101Q4","金門縣","金寧鄉",7.84
"101Q4","金門縣","烈嶼鄉",8.32
"101Q4","金門縣","烏坵鄉",7.70
"101Q4","連江縣","",5.32
"101Q4","連江縣","南竿鄉",5.51
"101Q4","連江縣","北竿鄉",5.40
"101Q4","連江縣","莒光鄉",5.19
"101Q4","連江縣","東引鄉",4.46
"102Q1","全國","",3.56
"102Q1","新北市","",3.20
"102Q1","新北市","板橋區",3.29
"102Q1","新北市","三重區",3.22
"102Q1","新北市","中和區",3.02
"102Q1","新北市","永和區",3.06
"102Q1","新北市","新莊區",3.37
"102Q1","新北市","新店區",2.88
"102Q1","新北市","樹林區",3.40
"102Q1","新北市","鶯歌區",3.73
"102Q1","新北市","三峽區",3.38
"102Q1","新北市","淡水區",2.73
"102Q1","新北市","汐止區",2.71
"102Q1","新北市","瑞芳區",3.29
"102Q1","新北市","土城區",3.37
"102Q1","新北市","蘆洲區",3.48
"102Q1","新北市","五股區",3.44
"102Q1","新北市","泰山區",3.33
"102Q1","新北市","林口區",3.22
"102Q1","新北市","深坑區",2.98
"102Q1","新北市","石碇區",3.38
"102Q1","新北市","坪林區",3.70
"102Q1","新北市","三芝區",3.24
"102Q1","新北市","石門區",5.09
"102Q1","新北市","八里區",3.39
"102Q1","新北市","平溪區",2.96
"102Q1","新北市","雙溪區",3.76
"102Q1","新北市","貢寮區",4.74
"102Q1","新北市","金山區",4.25
"102Q1","新北市","萬里區",4.16
"102Q1","新北市","烏來區",5.07
"102Q1","台北市","",3.41
"102Q1","台北市","松山區",3.46
"102Q1","台北市","信義區",3.30
"102Q1","台北市","大安區",3.42
"102Q1","台北市","中山區",2.96
"102Q1","台北市","中正區",3.52
"102Q1","台北市","大同區",3.48
"102Q1","台北市","萬華區",3.30
"102Q1","台北市","文山區",3.38
"102Q1","台北市","南港區",3.48
"102Q1","台北市","內湖區",3.47
"102Q1","台北市","士林區",3.59
"102Q1","台北市","北投區",3.60
"102Q1","桃園市","",3.45
"102Q1","桃園市","桃園區",3.24
"102Q1","桃園市","中壢區",3.32
"102Q1","桃園市","平鎮區",3.50
"102Q1","桃園市","八德區",3.43
"102Q1","桃園市","楊梅區",3.53
"102Q1","桃園市","大溪區",3.70
"102Q1","桃園市","蘆竹區",3.38
"102Q1","桃園市","大園區",4.14
"102Q1","桃園市","龜山區",3.18
"102Q1","桃園市","龍潭區",3.59
"102Q1","桃園市","新屋區",4.85
"102Q1","桃園市","觀音區",4.45
"102Q1","桃園市","復興區",4.02
"102Q1","台中市","",3.70
"102Q1","台中市","中區",3.89
"102Q1","台中市","東區",3.42
"102Q1","台中市","南區",3.08
"102Q1","台中市","西區",3.21
"102Q1","台中市","北區",3.12
"102Q1","台中市","西屯區",3.29
"102Q1","台中市","南屯區",3.39
"102Q1","台中市","北屯區",3.42
"102Q1","台中市","豐原區",4.08
"102Q1","台中市","東勢區",4.17
"102Q1","台中市","大甲區",4.46
"102Q1","台中市","清水區",4.32
"102Q1","台中市","沙鹿區",3.96
"102Q1","台中市","梧棲區",4.20
"102Q1","台中市","后里區",4.65
"102Q1","台中市","神岡區",4.41
"102Q1","台中市","潭子區",3.65
"102Q1","台中市","大雅區",4.05
"102Q1","台中市","新社區",4.16
"102Q1","台中市","石岡區",4.30
"102Q1","台中市","外埔區",4.43
"102Q1","台中市","大安區",4.91
"102Q1","台中市","烏日區",3.98
"102Q1","台中市","大肚區",4.12
"102Q1","台中市","龍井區",4.44
"102Q1","台中市","霧峰區",4.14
"102Q1","台中市","太平區",3.72
"102Q1","台中市","大里區",3.78
"102Q1","台中市","和平區",3.46
"102Q1","台南市","",3.57
"102Q1","台南市","新營區",3.34
"102Q1","台南市","鹽水區",3.74
"102Q1","台南市","白河區",4.15
"102Q1","台南市","柳營區",3.91
"102Q1","台南市","後壁區",3.87
"102Q1","台南市","東山區",4.37
"102Q1","台南市","麻豆區",3.77
"102Q1","台南市","下營區",4.00
"102Q1","台南市","六甲區",3.93
"102Q1","台南市","官田區",3.79
"102Q1","台南市","大內區",4.08
"102Q1","台南市","佳里區",3.71
"102Q1","台南市","學甲區",3.85
"102Q1","台南市","西港區",4.14
"102Q1","台南市","七股區",4.64
"102Q1","台南市","將軍區",4.34
"102Q1","台南市","北門區",4.57
"102Q1","台南市","新化區",3.87
"102Q1","台南市","善化區",3.57
"102Q1","台南市","新市區",3.73
"102Q1","台南市","安定區",3.96
"102Q1","台南市","山上區",4.23
"102Q1","台南市","玉井區",3.88
"102Q1","台南市","楠西區",4.01
"102Q1","台南市","南化區",4.40
"102Q1","台南市","左鎮區",3.87
"102Q1","台南市","仁德區",3.40
"102Q1","台南市","歸仁區",3.80
"102Q1","台南市","關廟區",4.12
"102Q1","台南市","龍崎區",4.49
"102Q1","台南市","永康區",3.33
"102Q1","台南市","東區",3.26
"102Q1","台南市","南區",3.44
"102Q1","台南市","北區",3.20
"102Q1","台南市","安南區",3.88
"102Q1","台南市","安平區",3.16
"102Q1","台南市","中西區",3.18
"102Q1","高雄市","",3.34
"102Q1","高雄市","鹽埕區",2.98
"102Q1","高雄市","鼓山區",2.95
"102Q1","高雄市","左營區",3.00
"102Q1","高雄市","楠梓區",3.25
"102Q1","高雄市","三民區",3.20
"102Q1","高雄市","新興區",2.85
"102Q1","高雄市","前金區",2.65
"102Q1","高雄市","苓雅區",3.07
"102Q1","高雄市","前鎮區",3.18
"102Q1","高雄市","旗津區",4.21
"102Q1","高雄市","小港區",3.79
"102Q1","高雄市","鳳山區",3.21
"102Q1","高雄市","林園區",3.99
"102Q1","高雄市","大寮區",3.42
"102Q1","高雄市","大樹區",4.22
"102Q1","高雄市","大社區",3.41
"102Q1","高雄市","仁武區",3.23
"102Q1","高雄市","鳥松區",3.12
"102Q1","高雄市","岡山區",3.47
"102Q1","高雄市","橋頭區",3.48
"102Q1","高雄市","燕巢區",4.16
"102Q1","高雄市","田寮區",4.06
"102Q1","高雄市","阿蓮區",4.12
"102Q1","高雄市","路竹區",4.04
"102Q1","高雄市","湖內區",3.50
"102Q1","高雄市","茄萣區",4.36
"102Q1","高雄市","永安區",4.31
"102Q1","高雄市","彌陀區",4.61
"102Q1","高雄市","梓官區",3.79
"102Q1","高雄市","旗山區",3.73
"102Q1","高雄市","美濃區",4.79
"102Q1","高雄市","六龜區",3.61
"102Q1","高雄市","甲仙區",3.56
"102Q1","高雄市","杉林區",3.89
"102Q1","高雄市","內門區",5.38
"102Q1","高雄市","茂林區",4.76
"102Q1","高雄市","桃源區",4.75
"102Q1","高雄市","那瑪夏區",4.68
"102Q1","宜蘭縣","",3.56
"102Q1","宜蘭縣","宜蘭市",3.31
"102Q1","宜蘭縣","羅東鎮",3.53
"102Q1","宜蘭縣","蘇澳鎮",3.70
"102Q1","宜蘭縣","頭城鎮",3.89
"102Q1","宜蘭縣","礁溪鄉",3.57
"102Q1","宜蘭縣","壯圍鄉",4.02
"102Q1","宜蘭縣","員山鄉",3.68
"102Q1","宜蘭縣","冬山鄉",3.46
"102Q1","宜蘭縣","五結鄉",3.43
"102Q1","宜蘭縣","三星鄉",3.56
"102Q1","宜蘭縣","大同鄉",4.47
"102Q1","宜蘭縣","南澳鄉",5.33
"102Q1","新竹縣","",3.77
"102Q1","新竹縣","竹北市",3.38
"102Q1","新竹縣","關西鎮",4.82
"102Q1","新竹縣","新埔鎮",4.19
"102Q1","新竹縣","竹東鎮",3.65
"102Q1","新竹縣","湖口鄉",3.80
"102Q1","新竹縣","橫山鄉",4.14
"102Q1","新竹縣","新豐鄉",4.02
"102Q1","新竹縣","芎林鄉",4.14
"102Q1","新竹縣","寶山鄉",3.54
"102Q1","新竹縣","北埔鄉",4.57
"102Q1","新竹縣","峨眉鄉",4.77
"102Q1","新竹縣","尖石鄉",4.21
"102Q1","新竹縣","五峰鄉",4.00
"102Q1","苗栗縣","",4.05
"102Q1","苗栗縣","苗栗市",3.50
"102Q1","苗栗縣","苑裡鎮",4.62
"102Q1","苗栗縣","通霄鎮",4.75
"102Q1","苗栗縣","竹南鎮",3.79
"102Q1","苗栗縣","頭份鎮",3.73
"102Q1","苗栗縣","後龍鎮",4.61
"102Q1","苗栗縣","卓蘭鎮",4.76
"102Q1","苗栗縣","大湖鄉",4.53
"102Q1","苗栗縣","公館鄉",4.06
"102Q1","苗栗縣","銅鑼鄉",4.36
"102Q1","苗栗縣","南庄鄉",4.04
"102Q1","苗栗縣","頭屋鄉",4.35
"102Q1","苗栗縣","三義鄉",4.32
"102Q1","苗栗縣","西湖鄉",5.38
"102Q1","苗栗縣","造橋鄉",4.33
"102Q1","苗栗縣","三灣鄉",4.30
"102Q1","苗栗縣","獅潭鄉",4.01
"102Q1","苗栗縣","泰安鄉",6.05
"102Q1","彰化縣","",4.56
"102Q1","彰化縣","彰化市",3.82
"102Q1","彰化縣","鹿港鎮",4.72
"102Q1","彰化縣","和美鎮",4.27
"102Q1","彰化縣","北斗鎮",3.95
"102Q1","彰化縣","員林鎮",4.23
"102Q1","彰化縣","溪湖鎮",4.94
"102Q1","彰化縣","田中鎮",4.20
"102Q1","彰化縣","二林鎮",5.51
"102Q1","彰化縣","線西鄉",5.45
"102Q1","彰化縣","伸港鄉",5.10
"102Q1","彰化縣","福興鄉",5.54
"102Q1","彰化縣","秀水鄉",4.82
"102Q1","彰化縣","花壇鄉",4.24
"102Q1","彰化縣","芬園鄉",4.93
"102Q1","彰化縣","大村鄉",5.67
"102Q1","彰化縣","埔鹽鄉",6.52
"102Q1","彰化縣","埔心鄉",4.21
"102Q1","彰化縣","永靖鄉",5.35
"102Q1","彰化縣","社頭鄉",5.25
"102Q1","彰化縣","二水鄉",4.22
"102Q1","彰化縣","田尾鄉",4.30
"102Q1","彰化縣","埤頭鄉",4.65
"102Q1","彰化縣","芳苑鄉",5.26
"102Q1","彰化縣","大城鄉",6.27
"102Q1","彰化縣","竹塘鄉",4.79
"102Q1","彰化縣","溪州鄉",5.31
"102Q1","南投縣","",4.00
"102Q1","南投縣","南投市",3.67
"102Q1","南投縣","埔里鎮",3.83
"102Q1","南投縣","草屯鎮",4.05
"102Q1","南投縣","竹山鎮",3.77
"102Q1","南投縣","集集鎮",3.96
"102Q1","南投縣","名間鄉",4.78
"102Q1","南投縣","鹿谷鄉",4.43
"102Q1","南投縣","中寮鄉",4.53
"102Q1","南投縣","魚池鄉",4.78
"102Q1","南投縣","國姓鄉",3.97
"102Q1","南投縣","水里鄉",3.65
"102Q1","南投縣","信義鄉",4.97
"102Q1","南投縣","仁愛鄉",4.21
"102Q1","雲林縣","",4.30
"102Q1","雲林縣","斗六市",3.56
"102Q1","雲林縣","斗南鎮",3.81
"102Q1","雲林縣","虎尾鎮",3.69
"102Q1","雲林縣","西螺鎮",4.46
"102Q1","雲林縣","土庫鎮",4.60
"102Q1","雲林縣","北港鎮",3.74
"102Q1","雲林縣","古坑鄉",4.47
"102Q1","雲林縣","大埤鄉",4.51
"102Q1","雲林縣","莿桐鄉",4.59
"102Q1","雲林縣","林內鄉",4.38
"102Q1","雲林縣","二崙鄉",5.01
"102Q1","雲林縣","崙背鄉",4.72
"102Q1","雲林縣","麥寮鄉",5.59
"102Q1","雲林縣","東勢鄉",4.74
"102Q1","雲林縣","褒忠鄉",4.68
"102Q1","雲林縣","台西鄉",5.03
"102Q1","雲林縣","元長鄉",4.82
"102Q1","雲林縣","四湖鄉",4.71
"102Q1","雲林縣","口湖鄉",5.42
"102Q1","雲林縣","水林鄉",5.07
"102Q1","嘉義縣","",4.32
"102Q1","嘉義縣","太保市",3.99
"102Q1","嘉義縣","朴子市",3.98
"102Q1","嘉義縣","布袋鎮",4.49
"102Q1","嘉義縣","大林鎮",4.00
"102Q1","嘉義縣","民雄鄉",3.94
"102Q1","嘉義縣","溪口鄉",5.25
"102Q1","嘉義縣","新港鄉",4.98
"102Q1","嘉義縣","六腳鄉",5.07
"102Q1","嘉義縣","東石鄉",5.13
"102Q1","嘉義縣","義竹鄉",4.70
"102Q1","嘉義縣","鹿草鄉",4.88
"102Q1","嘉義縣","水上鄉",3.79
"102Q1","嘉義縣","中埔鄉",4.28
"102Q1","嘉義縣","竹崎鄉",4.79
"102Q1","嘉義縣","梅山鄉",4.46
"102Q1","嘉義縣","番路鄉",4.00
"102Q1","嘉義縣","大埔鄉",5.07
"102Q1","嘉義縣","阿里山鄉",4.50
"102Q1","屏東縣","",3.95
"102Q1","屏東縣","屏東市",3.37
"102Q1","屏東縣","潮州鎮",3.49
"102Q1","屏東縣","東港鎮",4.10
"102Q1","屏東縣","恆春鎮",3.84
"102Q1","屏東縣","萬丹鄉",4.28
"102Q1","屏東縣","長治鄉",3.98
"102Q1","屏東縣","麟洛鄉",3.65
"102Q1","屏東縣","九如鄉",4.20
"102Q1","屏東縣","里港鄉",4.40
"102Q1","屏東縣","鹽埔鄉",4.81
"102Q1","屏東縣","高樹鄉",4.69
"102Q1","屏東縣","萬巒鄉",4.77
"102Q1","屏東縣","內埔鄉",4.02
"102Q1","屏東縣","竹田鄉",4.02
"102Q1","屏東縣","新埤鄉",4.41
"102Q1","屏東縣","枋寮鄉",3.91
"102Q1","屏東縣","新園鄉",4.41
"102Q1","屏東縣","崁頂鄉",5.64
"102Q1","屏東縣","林邊鄉",4.15
"102Q1","屏東縣","南州鄉",4.12
"102Q1","屏東縣","佳冬鄉",4.57
"102Q1","屏東縣","琉球鄉",4.90
"102Q1","屏東縣","車城鄉",3.82
"102Q1","屏東縣","滿州鄉",3.92
"102Q1","屏東縣","枋山鄉",4.06
"102Q1","屏東縣","三地門鄉",4.68
"102Q1","屏東縣","霧台鄉",3.69
"102Q1","屏東縣","瑪家鄉",4.86
"102Q1","屏東縣","泰武鄉",5.77
"102Q1","屏東縣","來義鄉",4.42
"102Q1","屏東縣","春日鄉",4.73
"102Q1","屏東縣","獅子鄉",4.23
"102Q1","屏東縣","牡丹鄉",3.74
"102Q1","台東縣","",3.53
"102Q1","台東縣","台東市",3.50
"102Q1","台東縣","成功鎮",3.45
"102Q1","台東縣","關山鎮",3.69
"102Q1","台東縣","卑南鄉",3.45
"102Q1","台東縣","大武鄉",3.43
"102Q1","台東縣","太麻里鄉",3.35
"102Q1","台東縣","東河鄉",3.09
"102Q1","台東縣","長濱鄉",2.95
"102Q1","台東縣","鹿野鄉",3.48
"102Q1","台東縣","池上鄉",3.50
"102Q1","台東縣","綠島鄉",5.68
"102Q1","台東縣","延平鄉",4.58
"102Q1","台東縣","海端鄉",4.79
"102Q1","台東縣","達仁鄉",3.46
"102Q1","台東縣","金峰鄉",4.75
"102Q1","台東縣","蘭嶼鄉",4.30
"102Q1","花蓮縣","",3.41
"102Q1","花蓮縣","花蓮市",3.40
"102Q1","花蓮縣","鳳林鎮",3.14
"102Q1","花蓮縣","玉里鎮",3.48
"102Q1","花蓮縣","新城鄉",3.28
"102Q1","花蓮縣","吉安鄉",3.22
"102Q1","花蓮縣","壽豐鄉",3.31
"102Q1","花蓮縣","光復鄉",3.31
"102Q1","花蓮縣","豐濱鄉",3.22
"102Q1","花蓮縣","瑞穗鄉",3.31
"102Q1","花蓮縣","富里鄉",3.40
"102Q1","花蓮縣","秀林鄉",4.92
"102Q1","花蓮縣","萬榮鄉",4.75
"102Q1","花蓮縣","卓溪鄉",4.44
"102Q1","澎湖縣","",4.02
"102Q1","澎湖縣","馬公市",3.80
"102Q1","澎湖縣","湖西鄉",4.17
"102Q1","澎湖縣","白沙鄉",4.59
"102Q1","澎湖縣","西嶼鄉",3.96
"102Q1","澎湖縣","望安鄉",5.33
"102Q1","澎湖縣","七美鄉",5.01
"102Q1","基隆市","",2.96
"102Q1","基隆市","中正區",2.82
"102Q1","基隆市","七堵區",3.03
"102Q1","基隆市","暖暖區",2.94
"102Q1","基隆市","仁愛區",3.21
"102Q1","基隆市","中山區",3.00
"102Q1","基隆市","安樂區",2.94
"102Q1","基隆市","信義區",2.85
"102Q1","新竹市","",3.42
"102Q1","新竹市","新竹市",3.42
"102Q1","嘉義市","",3.42
"102Q1","嘉義市","嘉義市",3.42
"102Q1","金門縣","",7.14
"102Q1","金門縣","金城鎮",6.84
"102Q1","金門縣","金湖鎮",6.82
"102Q1","金門縣","金沙鎮",6.68
"102Q1","金門縣","金寧鄉",7.93
"102Q1","金門縣","烈嶼鄉",8.49
"102Q1","金門縣","烏坵鄉",7.77
"102Q1","連江縣","",5.41
"102Q1","連江縣","南竿鄉",5.58
"102Q1","連江縣","北竿鄉",5.53
"102Q1","連江縣","莒光鄉",5.25
"102Q1","連江縣","東引鄉",4.53
"102Q2","全國","",3.55
"102Q2","新北市","",3.20
"102Q2","新北市","板橋區",3.29
"102Q2","新北市","三重區",3.22
"102Q2","新北市","中和區",3.01
"102Q2","新北市","永和區",3.05
"102Q2","新北市","新莊區",3.36
"102Q2","新北市","新店區",2.87
"102Q2","新北市","樹林區",3.40
"102Q2","新北市","鶯歌區",3.72
"102Q2","新北市","三峽區",3.38
"102Q2","新北市","淡水區",2.72
"102Q2","新北市","汐止區",2.70
"102Q2","新北市","瑞芳區",3.29
"102Q2","新北市","土城區",3.36
"102Q2","新北市","蘆洲區",3.48
"102Q2","新北市","五股區",3.44
"102Q2","新北市","泰山區",3.32
"102Q2","新北市","林口區",3.21
"102Q2","新北市","深坑區",2.97
"102Q2","新北市","石碇區",3.38
"102Q2","新北市","坪林區",3.70
"102Q2","新北市","三芝區",3.24
"102Q2","新北市","石門區",5.08
"102Q2","新北市","八里區",3.38
"102Q2","新北市","平溪區",2.95
"102Q2","新北市","雙溪區",3.74
"102Q2","新北市","貢寮區",4.71
"102Q2","新北市","金山區",4.24
"102Q2","新北市","萬里區",4.16
"102Q2","新北市","烏來區",5.07
"102Q2","台北市","",3.41
"102Q2","台北市","松山區",3.46
"102Q2","台北市","信義區",3.30
"102Q2","台北市","大安區",3.42
"102Q2","台北市","中山區",2.96
"102Q2","台北市","中正區",3.53
"102Q2","台北市","大同區",3.48
"102Q2","台北市","萬華區",3.30
"102Q2","台北市","文山區",3.39
"102Q2","台北市","南港區",3.47
"102Q2","台北市","內湖區",3.47
"102Q2","台北市","士林區",3.58
"102Q2","台北市","北投區",3.60
"102Q2","桃園市","",3.45
"102Q2","桃園市","桃園區",3.23
"102Q2","桃園市","中壢區",3.32
"102Q2","桃園市","平鎮區",3.48
"102Q2","桃園市","八德區",3.42
"102Q2","桃園市","楊梅區",3.52
"102Q2","桃園市","大溪區",3.69
"102Q2","桃園市","蘆竹區",3.37
"102Q2","桃園市","大園區",4.13
"102Q2","桃園市","龜山區",3.18
"102Q2","桃園市","龍潭區",3.58
"102Q2","桃園市","新屋區",4.84
"102Q2","桃園市","觀音區",4.44
"102Q2","桃園市","復興區",4.01
"102Q2","台中市","",3.69
"102Q2","台中市","中區",3.85
"102Q2","台中市","東區",3.41
"102Q2","台中市","南區",3.07
"102Q2","台中市","西區",3.20
"102Q2","台中市","北區",3.12
"102Q2","台中市","西屯區",3.27
"102Q2","台中市","南屯區",3.38
"102Q2","台中市","北屯區",3.41
"102Q2","台中市","豐原區",4.07
"102Q2","台中市","東勢區",4.15
"102Q2","台中市","大甲區",4.45
"102Q2","台中市","清水區",4.31
"102Q2","台中市","沙鹿區",3.93
"102Q2","台中市","梧棲區",4.20
"102Q2","台中市","后里區",4.63
"102Q2","台中市","神岡區",4.41
"102Q2","台中市","潭子區",3.65
"102Q2","台中市","大雅區",4.04
"102Q2","台中市","新社區",4.15
"102Q2","台中市","石岡區",4.29
"102Q2","台中市","外埔區",4.40
"102Q2","台中市","大安區",4.90
"102Q2","台中市","烏日區",3.97
"102Q2","台中市","大肚區",4.10
"102Q2","台中市","龍井區",4.42
"102Q2","台中市","霧峰區",4.12
"102Q2","台中市","太平區",3.71
"102Q2","台中市","大里區",3.77
"102Q2","台中市","和平區",3.46
"102Q2","台南市","",3.56
"102Q2","台南市","新營區",3.33
"102Q2","台南市","鹽水區",3.73
"102Q2","台南市","白河區",4.14
"102Q2","台南市","柳營區",3.90
"102Q2","台南市","後壁區",3.86
"102Q2","台南市","東山區",4.36
"102Q2","台南市","麻豆區",3.76
"102Q2","台南市","下營區",4.00
"102Q2","台南市","六甲區",3.92
"102Q2","台南市","官田區",3.79
"102Q2","台南市","大內區",4.07
"102Q2","台南市","佳里區",3.71
"102Q2","台南市","學甲區",3.84
"102Q2","台南市","西港區",4.14
"102Q2","台南市","七股區",4.60
"102Q2","台南市","將軍區",4.33
"102Q2","台南市","北門區",4.56
"102Q2","台南市","新化區",3.86
"102Q2","台南市","善化區",3.56
"102Q2","台南市","新市區",3.71
"102Q2","台南市","安定區",3.95
"102Q2","台南市","山上區",4.21
"102Q2","台南市","玉井區",3.88
"102Q2","台南市","楠西區",4.00
"102Q2","台南市","南化區",4.41
"102Q2","台南市","左鎮區",3.87
"102Q2","台南市","仁德區",3.38
"102Q2","台南市","歸仁區",3.79
"102Q2","台南市","關廟區",4.11
"102Q2","台南市","龍崎區",4.50
"102Q2","台南市","永康區",3.32
"102Q2","台南市","東區",3.25
"102Q2","台南市","南區",3.43
"102Q2","台南市","北區",3.19
"102Q2","台南市","安南區",3.86
"102Q2","台南市","安平區",3.16
"102Q2","台南市","中西區",3.17
"102Q2","高雄市","",3.34
"102Q2","高雄市","鹽埕區",2.98
"102Q2","高雄市","鼓山區",2.94
"102Q2","高雄市","左營區",3.00
"102Q2","高雄市","楠梓區",3.24
"102Q2","高雄市","三民區",3.20
"102Q2","高雄市","新興區",2.84
"102Q2","高雄市","前金區",2.65
"102Q2","高雄市","苓雅區",3.06
"102Q2","高雄市","前鎮區",3.18
"102Q2","高雄市","旗津區",4.20
"102Q2","高雄市","小港區",3.78
"102Q2","高雄市","鳳山區",3.20
"102Q2","高雄市","林園區",3.97
"102Q2","高雄市","大寮區",3.41
"102Q2","高雄市","大樹區",4.22
"102Q2","高雄市","大社區",3.41
"102Q2","高雄市","仁武區",3.22
"102Q2","高雄市","鳥松區",3.12
"102Q2","高雄市","岡山區",3.47
"102Q2","高雄市","橋頭區",3.48
"102Q2","高雄市","燕巢區",4.14
"102Q2","高雄市","田寮區",4.05
"102Q2","高雄市","阿蓮區",4.11
"102Q2","高雄市","路竹區",4.03
"102Q2","高雄市","湖內區",3.50
"102Q2","高雄市","茄萣區",4.36
"102Q2","高雄市","永安區",4.30
"102Q2","高雄市","彌陀區",4.60
"102Q2","高雄市","梓官區",3.78
"102Q2","高雄市","旗山區",3.72
"102Q2","高雄市","美濃區",4.77
"102Q2","高雄市","六龜區",3.61
"102Q2","高雄市","甲仙區",3.55
"102Q2","高雄市","杉林區",3.88
"102Q2","高雄市","內門區",5.37
"102Q2","高雄市","茂林區",4.74
"102Q2","高雄市","桃源區",4.72
"102Q2","高雄市","那瑪夏區",4.69
"102Q2","宜蘭縣","",3.55
"102Q2","宜蘭縣","宜蘭市",3.30
"102Q2","宜蘭縣","羅東鎮",3.52
"102Q2","宜蘭縣","蘇澳鎮",3.69
"102Q2","宜蘭縣","頭城鎮",3.87
"102Q2","宜蘭縣","礁溪鄉",3.56
"102Q2","宜蘭縣","壯圍鄉",4.00
"102Q2","宜蘭縣","員山鄉",3.67
"102Q2","宜蘭縣","冬山鄉",3.45
"102Q2","宜蘭縣","五結鄉",3.40
"102Q2","宜蘭縣","三星鄉",3.54
"102Q2","宜蘭縣","大同鄉",4.47
"102Q2","宜蘭縣","南澳鄉",5.30
"102Q2","新竹縣","",3.75
"102Q2","新竹縣","竹北市",3.36
"102Q2","新竹縣","關西鎮",4.79
"102Q2","新竹縣","新埔鎮",4.18
"102Q2","新竹縣","竹東鎮",3.63
"102Q2","新竹縣","湖口鄉",3.78
"102Q2","新竹縣","橫山鄉",4.13
"102Q2","新竹縣","新豐鄉",4.01
"102Q2","新竹縣","芎林鄉",4.14
"102Q2","新竹縣","寶山鄉",3.52
"102Q2","新竹縣","北埔鄉",4.57
"102Q2","新竹縣","峨眉鄉",4.76
"102Q2","新竹縣","尖石鄉",4.23
"102Q2","新竹縣","五峰鄉",4.01
"102Q2","苗栗縣","",4.04
"102Q2","苗栗縣","苗栗市",3.49
"102Q2","苗栗縣","苑裡鎮",4.62
"102Q2","苗栗縣","通霄鎮",4.74
"102Q2","苗栗縣","竹南鎮",3.78
"102Q2","苗栗縣","頭份鎮",3.72
"102Q2","苗栗縣","後龍鎮",4.59
"102Q2","苗栗縣","卓蘭鎮",4.75
"102Q2","苗栗縣","大湖鄉",4.52
"102Q2","苗栗縣","公館鄉",4.05
"102Q2","苗栗縣","銅鑼鄉",4.34
"102Q2","苗栗縣","南庄鄉",4.02
"102Q2","苗栗縣","頭屋鄉",4.35
"102Q2","苗栗縣","三義鄉",4.31
"102Q2","苗栗縣","西湖鄉",5.37
"102Q2","苗栗縣","造橋鄉",4.30
"102Q2","苗栗縣","三灣鄉",4.29
"102Q2","苗栗縣","獅潭鄉",4.00
"102Q2","苗栗縣","泰安鄉",6.06
"102Q2","彰化縣","",4.54
"102Q2","彰化縣","彰化市",3.81
"102Q2","彰化縣","鹿港鎮",4.70
"102Q2","彰化縣","和美鎮",4.25
"102Q2","彰化縣","北斗鎮",3.93
"102Q2","彰化縣","員林鎮",4.21
"102Q2","彰化縣","溪湖鎮",4.92
"102Q2","彰化縣","田中鎮",4.19
"102Q2","彰化縣","二林鎮",5.48
"102Q2","彰化縣","線西鄉",5.42
"102Q2","彰化縣","伸港鄉",5.08
"102Q2","彰化縣","福興鄉",5.51
"102Q2","彰化縣","秀水鄉",4.80
"102Q2","彰化縣","花壇鄉",4.22
"102Q2","彰化縣","芬園鄉",4.91
"102Q2","彰化縣","大村鄉",5.64
"102Q2","彰化縣","埔鹽鄉",6.49
"102Q2","彰化縣","埔心鄉",4.20
"102Q2","彰化縣","永靖鄉",5.32
"102Q2","彰化縣","社頭鄉",5.24
"102Q2","彰化縣","二水鄉",4.21
"102Q2","彰化縣","田尾鄉",4.29
"102Q2","彰化縣","埤頭鄉",4.64
"102Q2","彰化縣","芳苑鄉",5.25
"102Q2","彰化縣","大城鄉",6.25
"102Q2","彰化縣","竹塘鄉",4.77
"102Q2","彰化縣","溪州鄉",5.30
"102Q2","南投縣","",3.99
"102Q2","南投縣","南投市",3.66
"102Q2","南投縣","埔里鎮",3.82
"102Q2","南投縣","草屯鎮",4.04
"102Q2","南投縣","竹山鎮",3.76
"102Q2","南投縣","集集鎮",3.95
"102Q2","南投縣","名間鄉",4.77
"102Q2","南投縣","鹿谷鄉",4.41
"102Q2","南投縣","中寮鄉",4.52
"102Q2","南投縣","魚池鄉",4.76
"102Q2","南投縣","國姓鄉",3.96
"102Q2","南投縣","水里鄉",3.63
"102Q2","南投縣","信義鄉",4.96
"102Q2","南投縣","仁愛鄉",4.20
"102Q2","雲林縣","",4.29
"102Q2","雲林縣","斗六市",3.55
"102Q2","雲林縣","斗南鎮",3.80
"102Q2","雲林縣","虎尾鎮",3.68
"102Q2","雲林縣","西螺鎮",4.44
"102Q2","雲林縣","土庫鎮",4.58
"102Q2","雲林縣","北港鎮",3.73
"102Q2","雲林縣","古坑鄉",4.44
"102Q2","雲林縣","大埤鄉",4.50
"102Q2","雲林縣","莿桐鄉",4.58
"102Q2","雲林縣","林內鄉",4.40
"102Q2","雲林縣","二崙鄉",5.00
"102Q2","雲林縣","崙背鄉",4.70
"102Q2","雲林縣","麥寮鄉",5.60
"102Q2","雲林縣","東勢鄉",4.73
"102Q2","雲林縣","褒忠鄉",4.67
"102Q2","雲林縣","台西鄉",5.03
"102Q2","雲林縣","元長鄉",4.81
"102Q2","雲林縣","四湖鄉",4.72
"102Q2","雲林縣","口湖鄉",5.42
"102Q2","雲林縣","水林鄉",5.05
"102Q2","嘉義縣","",4.30
"102Q2","嘉義縣","太保市",3.98
"102Q2","嘉義縣","朴子市",3.96
"102Q2","嘉義縣","布袋鎮",4.47
"102Q2","嘉義縣","大林鎮",4.00
"102Q2","嘉義縣","民雄鄉",3.92
"102Q2","嘉義縣","溪口鄉",5.23
"102Q2","嘉義縣","新港鄉",4.96
"102Q2","嘉義縣","六腳鄉",5.06
"102Q2","嘉義縣","東石鄉",5.12
"102Q2","嘉義縣","義竹鄉",4.67
"102Q2","嘉義縣","鹿草鄉",4.86
"102Q2","嘉義縣","水上鄉",3.77
"102Q2","嘉義縣","中埔鄉",4.27
"102Q2","嘉義縣","竹崎鄉",4.77
"102Q2","嘉義縣","梅山鄉",4.45
"102Q2","嘉義縣","番路鄉",3.98
"102Q2","嘉義縣","大埔鄉",5.04
"102Q2","嘉義縣","阿里山鄉",4.47
"102Q2","屏東縣","",3.94
"102Q2","屏東縣","屏東市",3.36
"102Q2","屏東縣","潮州鎮",3.48
"102Q2","屏東縣","東港鎮",4.09
"102Q2","屏東縣","恆春鎮",3.83
"102Q2","屏東縣","萬丹鄉",4.27
"102Q2","屏東縣","長治鄉",3.96
"102Q2","屏東縣","麟洛鄉",3.65
"102Q2","屏東縣","九如鄉",4.19
"102Q2","屏東縣","里港鄉",4.39
"102Q2","屏東縣","鹽埔鄉",4.80
"102Q2","屏東縣","高樹鄉",4.67
"102Q2","屏東縣","萬巒鄉",4.75
"102Q2","屏東縣","內埔鄉",4.01
"102Q2","屏東縣","竹田鄉",4.01
"102Q2","屏東縣","新埤鄉",4.40
"102Q2","屏東縣","枋寮鄉",3.91
"102Q2","屏東縣","新園鄉",4.39
"102Q2","屏東縣","崁頂鄉",5.61
"102Q2","屏東縣","林邊鄉",4.14
"102Q2","屏東縣","南州鄉",4.11
"102Q2","屏東縣","佳冬鄉",4.56
"102Q2","屏東縣","琉球鄉",4.85
"102Q2","屏東縣","車城鄉",3.84
"102Q2","屏東縣","滿州鄉",3.89
"102Q2","屏東縣","枋山鄉",4.05
"102Q2","屏東縣","三地門鄉",4.67
"102Q2","屏東縣","霧台鄉",3.68
"102Q2","屏東縣","瑪家鄉",4.86
"102Q2","屏東縣","泰武鄉",5.69
"102Q2","屏東縣","來義鄉",4.37
"102Q2","屏東縣","春日鄉",4.71
"102Q2","屏東縣","獅子鄉",4.21
"102Q2","屏東縣","牡丹鄉",3.73
"102Q2","台東縣","",3.52
"102Q2","台東縣","台東市",3.49
"102Q2","台東縣","成功鎮",3.43
"102Q2","台東縣","關山鎮",3.68
"102Q2","台東縣","卑南鄉",3.44
"102Q2","台東縣","大武鄉",3.41
"102Q2","台東縣","太麻里鄉",3.34
"102Q2","台東縣","東河鄉",3.09
"102Q2","台東縣","長濱鄉",2.94
"102Q2","台東縣","鹿野鄉",3.47
"102Q2","台東縣","池上鄉",3.48
"102Q2","台東縣","綠島鄉",5.72
"102Q2","台東縣","延平鄉",4.58
"102Q2","台東縣","海端鄉",4.80
"102Q2","台東縣","達仁鄉",3.44
"102Q2","台東縣","金峰鄉",4.68
"102Q2","台東縣","蘭嶼鄉",4.29
"102Q2","花蓮縣","",3.40
"102Q2","花蓮縣","花蓮市",3.38
"102Q2","花蓮縣","鳳林鎮",3.14
"102Q2","花蓮縣","玉里鎮",3.47
"102Q2","花蓮縣","新城鄉",3.28
"102Q2","花蓮縣","吉安鄉",3.21
"102Q2","花蓮縣","壽豐鄉",3.30
"102Q2","花蓮縣","光復鄉",3.31
"102Q2","花蓮縣","豐濱鄉",3.22
"102Q2","花蓮縣","瑞穗鄉",3.29
"102Q2","花蓮縣","富里鄉",3.38
"102Q2","花蓮縣","秀林鄉",4.92
"102Q2","花蓮縣","萬榮鄉",4.73
"102Q2","花蓮縣","卓溪鄉",4.43
"102Q2","澎湖縣","",4.02
"102Q2","澎湖縣","馬公市",3.79
"102Q2","澎湖縣","湖西鄉",4.18
"102Q2","澎湖縣","白沙鄉",4.58
"102Q2","澎湖縣","西嶼鄉",3.97
"102Q2","澎湖縣","望安鄉",5.37
"102Q2","澎湖縣","七美鄉",5.02
"102Q2","基隆市","",2.95
"102Q2","基隆市","中正區",2.81
"102Q2","基隆市","七堵區",3.02
"102Q2","基隆市","暖暖區",2.93
"102Q2","基隆市","仁愛區",3.20
"102Q2","基隆市","中山區",2.98
"102Q2","基隆市","安樂區",2.93
"102Q2","基隆市","信義區",2.84
"102Q2","新竹市","",3.41
"102Q2","新竹市","新竹市",3.41
"102Q2","嘉義市","",3.41
"102Q2","嘉義市","嘉義市",3.41
"102Q2","金門縣","",7.17
"102Q2","金門縣","金城鎮",6.89
"102Q2","金門縣","金湖鎮",6.87
"102Q2","金門縣","金沙鎮",6.71
"102Q2","金門縣","金寧鄉",7.89
"102Q2","金門縣","烈嶼鄉",8.53
"102Q2","金門縣","烏坵鄉",7.77
"102Q2","連江縣","",5.44
"102Q2","連江縣","南竿鄉",5.60
"102Q2","連江縣","北竿鄉",5.60
"102Q2","連江縣","莒光鄉",5.28
"102Q2","連江縣","東引鄉",4.53
"102Q3","全國","",3.53
"102Q3","新北市","",3.18
"102Q3","新北市","板橋區",3.27
"102Q3","新北市","三重區",3.20
"102Q3","新北市","中和區",3.00
"102Q3","新北市","永和區",3.03
"102Q3","新北市","新莊區",3.34
"102Q3","新北市","新店區",2.86
"102Q3","新北市","樹林區",3.39
"102Q3","新北市","鶯歌區",3.72
"102Q3","新北市","三峽區",3.36
"102Q3","新北市","淡水區",2.70
"102Q3","新北市","汐止區",2.69
"102Q3","新北市","瑞芳區",3.29
"102Q3","新北市","土城區",3.36
"102Q3","新北市","蘆洲區",3.46
"102Q3","新北市","五股區",3.42
"102Q3","新北市","泰山區",3.31
"102Q3","新北市","林口區",3.17
"102Q3","新北市","深坑區",2.97
"102Q3","新北市","石碇區",3.39
"102Q3","新北市","坪林區",3.70
"102Q3","新北市","三芝區",3.22
"102Q3","新北市","石門區",5.10
"102Q3","新北市","八里區",3.36
"102Q3","新北市","平溪區",2.95
"102Q3","新北市","雙溪區",3.74
"102Q3","新北市","貢寮區",4.72
"102Q3","新北市","金山區",4.23
"102Q3","新北市","萬里區",4.19
"102Q3","新北市","烏來區",5.12
"102Q3","台北市","",3.39
"102Q3","台北市","松山區",3.44
"102Q3","台北市","信義區",3.29
"102Q3","台北市","大安區",3.40
"102Q3","台北市","中山區",2.94
"102Q3","台北市","中正區",3.50
"102Q3","台北市","大同區",3.46
"102Q3","台北市","萬華區",3.29
"102Q3","台北市","文山區",3.37
"102Q3","台北市","南港區",3.46
"102Q3","台北市","內湖區",3.46
"102Q3","台北市","士林區",3.57
"102Q3","台北市","北投區",3.58
"102Q3","桃園市","",3.42
"102Q3","桃園市","桃園區",3.21
"102Q3","桃園市","中壢區",3.30
"102Q3","桃園市","平鎮區",3.46
"102Q3","桃園市","八德區",3.40
"102Q3","桃園市","楊梅區",3.50
"102Q3","桃園市","大溪區",3.67
"102Q3","桃園市","蘆竹區",3.34
"102Q3","桃園市","大園區",4.10
"102Q3","桃園市","龜山區",3.16
"102Q3","桃園市","龍潭區",3.56
"102Q3","桃園市","新屋區",4.80
"102Q3","桃園市","觀音區",4.43
"102Q3","桃園市","復興區",4.02
"102Q3","台中市","",3.67
"102Q3","台中市","中區",3.77
"102Q3","台中市","東區",3.39
"102Q3","台中市","南區",3.06
"102Q3","台中市","西區",3.18
"102Q3","台中市","北區",3.10
"102Q3","台中市","西屯區",3.26
"102Q3","台中市","南屯區",3.37
"102Q3","台中市","北屯區",3.39
"102Q3","台中市","豐原區",4.05
"102Q3","台中市","東勢區",4.12
"102Q3","台中市","大甲區",4.42
"102Q3","台中市","清水區",4.28
"102Q3","台中市","沙鹿區",3.89
"102Q3","台中市","梧棲區",4.18
"102Q3","台中市","后里區",4.61
"102Q3","台中市","神岡區",4.39
"102Q3","台中市","潭子區",3.65
"102Q3","台中市","大雅區",4.03
"102Q3","台中市","新社區",4.13
"102Q3","台中市","石岡區",4.27
"102Q3","台中市","外埔區",4.39
"102Q3","台中市","大安區",4.90
"102Q3","台中市","烏日區",3.95
"102Q3","台中市","大肚區",4.08
"102Q3","台中市","龍井區",4.40
"102Q3","台中市","霧峰區",4.11
"102Q3","台中市","太平區",3.69
"102Q3","台中市","大里區",3.76
"102Q3","台中市","和平區",3.47
"102Q3","台南市","",3.54
"102Q3","台南市","新營區",3.30
"102Q3","台南市","鹽水區",3.71
"102Q3","台南市","白河區",4.13
"102Q3","台南市","柳營區",3.89
"102Q3","台南市","後壁區",3.85
"102Q3","台南市","東山區",4.33
"102Q3","台南市","麻豆區",3.74
"102Q3","台南市","下營區",3.98
"102Q3","台南市","六甲區",3.91
"102Q3","台南市","官田區",3.78
"102Q3","台南市","大內區",4.08
"102Q3","台南市","佳里區",3.68
"102Q3","台南市","學甲區",3.82
"102Q3","台南市","西港區",4.12
"102Q3","台南市","七股區",4.57
"102Q3","台南市","將軍區",4.34
"102Q3","台南市","北門區",4.53
"102Q3","台南市","新化區",3.84
"102Q3","台南市","善化區",3.54
"102Q3","台南市","新市區",3.69
"102Q3","台南市","安定區",3.94
"102Q3","台南市","山上區",4.18
"102Q3","台南市","玉井區",3.85
"102Q3","台南市","楠西區",3.97
"102Q3","台南市","南化區",4.43
"102Q3","台南市","左鎮區",3.88
"102Q3","台南市","仁德區",3.37
"102Q3","台南市","歸仁區",3.77
"102Q3","台南市","關廟區",4.10
"102Q3","台南市","龍崎區",4.50
"102Q3","台南市","永康區",3.31
"102Q3","台南市","東區",3.22
"102Q3","台南市","南區",3.42
"102Q3","台南市","北區",3.18
"102Q3","台南市","安南區",3.83
"102Q3","台南市","安平區",3.14
"102Q3","台南市","中西區",3.14
"102Q3","高雄市","",3.32
"102Q3","高雄市","鹽埕區",2.96
"102Q3","高雄市","鼓山區",2.92
"102Q3","高雄市","左營區",2.99
"102Q3","高雄市","楠梓區",3.22
"102Q3","高雄市","三民區",3.18
"102Q3","高雄市","新興區",2.82
"102Q3","高雄市","前金區",2.63
"102Q3","高雄市","苓雅區",3.04
"102Q3","高雄市","前鎮區",3.16
"102Q3","高雄市","旗津區",4.19
"102Q3","高雄市","小港區",3.77
"102Q3","高雄市","鳳山區",3.19
"102Q3","高雄市","林園區",3.97
"102Q3","高雄市","大寮區",3.40
"102Q3","高雄市","大樹區",4.20
"102Q3","高雄市","大社區",3.39
"102Q3","高雄市","仁武區",3.21
"102Q3","高雄市","鳥松區",3.11
"102Q3","高雄市","岡山區",3.46
"102Q3","高雄市","橋頭區",3.47
"102Q3","高雄市","燕巢區",4.11
"102Q3","高雄市","田寮區",4.10
"102Q3","高雄市","阿蓮區",4.09
"102Q3","高雄市","路竹區",4.01
"102Q3","高雄市","湖內區",3.49
"102Q3","高雄市","茄萣區",4.35
"102Q3","高雄市","永安區",4.31
"102Q3","高雄市","彌陀區",4.59
"102Q3","高雄市","梓官區",3.77
"102Q3","高雄市","旗山區",3.70
"102Q3","高雄市","美濃區",4.74
"102Q3","高雄市","六龜區",3.60
"102Q3","高雄市","甲仙區",3.55
"102Q3","高雄市","杉林區",3.88
"102Q3","高雄市","內門區",5.36
"102Q3","高雄市","茂林區",4.73
"102Q3","高雄市","桃源區",4.81
"102Q3","高雄市","那瑪夏區",4.70
"102Q3","宜蘭縣","",3.53
"102Q3","宜蘭縣","宜蘭市",3.28
"102Q3","宜蘭縣","羅東鎮",3.50
"102Q3","宜蘭縣","蘇澳鎮",3.68
"102Q3","宜蘭縣","頭城鎮",3.85
"102Q3","宜蘭縣","礁溪鄉",3.53
"102Q3","宜蘭縣","壯圍鄉",3.96
"102Q3","宜蘭縣","員山鄉",3.66
"102Q3","宜蘭縣","冬山鄉",3.44
"102Q3","宜蘭縣","五結鄉",3.38
"102Q3","宜蘭縣","三星鄉",3.52
"102Q3","宜蘭縣","大同鄉",4.51
"102Q3","宜蘭縣","南澳鄉",5.32
"102Q3","新竹縣","",3.72
"102Q3","新竹縣","竹北市",3.33
"102Q3","新竹縣","關西鎮",4.77
"102Q3","新竹縣","新埔鎮",4.17
"102Q3","新竹縣","竹東鎮",3.61
"102Q3","新竹縣","湖口鄉",3.77
"102Q3","新竹縣","橫山鄉",4.11
"102Q3","新竹縣","新豐鄉",3.98
"102Q3","新竹縣","芎林鄉",4.12
"102Q3","新竹縣","寶山鄉",3.51
"102Q3","新竹縣","北埔鄉",4.55
"102Q3","新竹縣","峨眉鄉",4.76
"102Q3","新竹縣","尖石鄉",4.25
"102Q3","新竹縣","五峰鄉",4.00
"102Q3","苗栗縣","",4.02
"102Q3","苗栗縣","苗栗市",3.48
"102Q3","苗栗縣","苑裡鎮",4.60
"102Q3","苗栗縣","通霄鎮",4.73
"102Q3","苗栗縣","竹南鎮",3.74
"102Q3","苗栗縣","頭份鎮",3.69
"102Q3","苗栗縣","後龍鎮",4.57
"102Q3","苗栗縣","卓蘭鎮",4.74
"102Q3","苗栗縣","大湖鄉",4.52
"102Q3","苗栗縣","公館鄉",4.03
"102Q3","苗栗縣","銅鑼鄉",4.32
"102Q3","苗栗縣","南庄鄉",4.02
"102Q3","苗栗縣","頭屋鄉",4.34
"102Q3","苗栗縣","三義鄉",4.30
"102Q3","苗栗縣","西湖鄉",5.36
"102Q3","苗栗縣","造橋鄉",4.23
"102Q3","苗栗縣","三灣鄉",4.28
"102Q3","苗栗縣","獅潭鄉",3.98
"102Q3","苗栗縣","泰安鄉",6.06
"102Q3","彰化縣","",4.52
"102Q3","彰化縣","彰化市",3.79
"102Q3","彰化縣","鹿港鎮",4.69
"102Q3","彰化縣","和美鎮",4.23
"102Q3","彰化縣","北斗鎮",3.92
"102Q3","彰化縣","員林鎮",4.18
"102Q3","彰化縣","溪湖鎮",4.87
"102Q3","彰化縣","田中鎮",4.17
"102Q3","彰化縣","二林鎮",5.44
"102Q3","彰化縣","線西鄉",5.38
"102Q3","彰化縣","伸港鄉",5.05
"102Q3","彰化縣","福興鄉",5.48
"102Q3","彰化縣","秀水鄉",4.78
"102Q3","彰化縣","花壇鄉",4.19
"102Q3","彰化縣","芬園鄉",4.91
"102Q3","彰化縣","大村鄉",5.60
"102Q3","彰化縣","埔鹽鄉",6.44
"102Q3","彰化縣","埔心鄉",4.18
"102Q3","彰化縣","永靖鄉",5.29
"102Q3","彰化縣","社頭鄉",5.21
"102Q3","彰化縣","二水鄉",4.21
"102Q3","彰化縣","田尾鄉",4.28
"102Q3","彰化縣","埤頭鄉",4.62
"102Q3","彰化縣","芳苑鄉",5.23
"102Q3","彰化縣","大城鄉",6.23
"102Q3","彰化縣","竹塘鄉",4.74
"102Q3","彰化縣","溪州鄉",5.27
"102Q3","南投縣","",3.97
"102Q3","南投縣","南投市",3.64
"102Q3","南投縣","埔里鎮",3.81
"102Q3","南投縣","草屯鎮",4.02
"102Q3","南投縣","竹山鎮",3.75
"102Q3","南投縣","集集鎮",3.94
"102Q3","南投縣","名間鄉",4.75
"102Q3","南投縣","鹿谷鄉",4.39
"102Q3","南投縣","中寮鄉",4.51
"102Q3","南投縣","魚池鄉",4.74
"102Q3","南投縣","國姓鄉",3.95
"102Q3","南投縣","水里鄉",3.62
"102Q3","南投縣","信義鄉",4.97
"102Q3","南投縣","仁愛鄉",4.21
"102Q3","雲林縣","",4.27
"102Q3","雲林縣","斗六市",3.53
"102Q3","雲林縣","斗南鎮",3.78
"102Q3","雲林縣","虎尾鎮",3.66
"102Q3","雲林縣","西螺鎮",4.41
"102Q3","雲林縣","土庫鎮",4.55
"102Q3","雲林縣","北港鎮",3.71
"102Q3","雲林縣","古坑鄉",4.43
"102Q3","雲林縣","大埤鄉",4.49
"102Q3","雲林縣","莿桐鄉",4.55
"102Q3","雲林縣","林內鄉",4.36
"102Q3","雲林縣","二崙鄉",4.98
"102Q3","雲林縣","崙背鄉",4.66
"102Q3","雲林縣","麥寮鄉",5.64
"102Q3","雲林縣","東勢鄉",4.70
"102Q3","雲林縣","褒忠鄉",4.64
"102Q3","雲林縣","台西鄉",5.02
"102Q3","雲林縣","元長鄉",4.79
"102Q3","雲林縣","四湖鄉",4.69
"102Q3","雲林縣","口湖鄉",5.40
"102Q3","雲林縣","水林鄉",5.02
"102Q3","嘉義縣","",4.29
"102Q3","嘉義縣","太保市",3.96
"102Q3","嘉義縣","朴子市",3.94
"102Q3","嘉義縣","布袋鎮",4.45
"102Q3","嘉義縣","大林鎮",3.97
"102Q3","嘉義縣","民雄鄉",3.91
"102Q3","嘉義縣","溪口鄉",5.21
"102Q3","嘉義縣","新港鄉",4.93
"102Q3","嘉義縣","六腳鄉",5.05
"102Q3","嘉義縣","東石鄉",5.12
"102Q3","嘉義縣","義竹鄉",4.65
"102Q3","嘉義縣","鹿草鄉",4.84
"102Q3","嘉義縣","水上鄉",3.76
"102Q3","嘉義縣","中埔鄉",4.26
"102Q3","嘉義縣","竹崎鄉",4.74
"102Q3","嘉義縣","梅山鄉",4.44
"102Q3","嘉義縣","番路鄉",3.98
"102Q3","嘉義縣","大埔鄉",5.05
"102Q3","屏東縣","",3.92
"102Q3","屏東縣","屏東市",3.34
"102Q3","屏東縣","潮州鎮",3.47
"102Q3","屏東縣","東港鎮",4.06
"102Q3","屏東縣","恆春鎮",3.82
"102Q3","屏東縣","萬丹鄉",4.24
"102Q3","屏東縣","長治鄉",3.95
"102Q3","屏東縣","麟洛鄉",3.63
"102Q3","屏東縣","九如鄉",4.16
"102Q3","屏東縣","里港鄉",4.39
"102Q3","屏東縣","鹽埔鄉",4.77
"102Q3","屏東縣","高樹鄉",4.67
"102Q3","屏東縣","萬巒鄉",4.75
"102Q3","屏東縣","內埔鄉",3.99
"102Q3","屏東縣","竹田鄉",3.99
"102Q3","屏東縣","新埤鄉",4.36
"102Q3","屏東縣","枋寮鄉",3.89
"102Q3","屏東縣","新園鄉",4.38
"102Q3","屏東縣","崁頂鄉",5.58
"102Q3","屏東縣","林邊鄉",4.12
"102Q3","屏東縣","南州鄉",4.06
"102Q3","屏東縣","佳冬鄉",4.54
"102Q3","屏東縣","琉球鄉",4.81
"102Q3","屏東縣","車城鄉",3.81
"102Q3","屏東縣","滿州鄉",3.89
"102Q3","屏東縣","枋山鄉",4.04
"102Q3","屏東縣","霧台鄉",3.69
"102Q3","屏東縣","瑪家鄉",4.88
"102Q3","屏東縣","泰武鄉",5.64
"102Q3","屏東縣","來義鄉",4.39
"102Q3","屏東縣","春日鄉",4.74
"102Q3","屏東縣","獅子鄉",4.17
"102Q3","屏東縣","牡丹鄉",3.72
"102Q3","台東縣","",3.51
"102Q3","台東縣","台東市",3.48
"102Q3","台東縣","成功鎮",3.41
"102Q3","台東縣","關山鎮",3.66
"102Q3","台東縣","卑南鄉",3.45
"102Q3","台東縣","大武鄉",3.38
"102Q3","台東縣","東河鄉",3.09
"102Q3","台東縣","長濱鄉",2.93
"102Q3","台東縣","鹿野鄉",3.46
"102Q3","台東縣","池上鄉",3.46
"102Q3","台東縣","綠島鄉",5.75
"102Q3","台東縣","延平鄉",4.57
"102Q3","台東縣","海端鄉",4.80
"102Q3","台東縣","達仁鄉",3.43
"102Q3","台東縣","金峰鄉",4.68
"102Q3","台東縣","蘭嶼鄉",4.29
"102Q3","花蓮縣","",3.38
"102Q3","花蓮縣","花蓮市",3.36
"102Q3","花蓮縣","鳳林鎮",3.14
"102Q3","花蓮縣","玉里鎮",3.46
"102Q3","花蓮縣","新城鄉",3.27
"102Q3","花蓮縣","吉安鄉",3.20
"102Q3","花蓮縣","壽豐鄉",3.28
"102Q3","花蓮縣","光復鄉",3.30
"102Q3","花蓮縣","豐濱鄉",3.20
"102Q3","花蓮縣","瑞穗鄉",3.29
"102Q3","花蓮縣","富里鄉",3.37
"102Q3","花蓮縣","秀林鄉",4.93
"102Q3","花蓮縣","萬榮鄉",4.71
"102Q3","花蓮縣","卓溪鄉",4.43
"102Q3","澎湖縣","",4.03
"102Q3","澎湖縣","馬公市",3.79
"102Q3","澎湖縣","湖西鄉",4.21
"102Q3","澎湖縣","白沙鄉",4.60
"102Q3","澎湖縣","西嶼鄉",3.99
"102Q3","澎湖縣","望安鄉",5.42
"102Q3","澎湖縣","七美鄉",5.01
"102Q3","基隆市","",2.93
"102Q3","基隆市","中正區",2.79
"102Q3","基隆市","七堵區",3.01
"102Q3","基隆市","暖暖區",2.91
"102Q3","基隆市","仁愛區",3.18
"102Q3","基隆市","中山區",2.97
"102Q3","基隆市","安樂區",2.91
"102Q3","基隆市","信義區",2.84
"102Q3","新竹市","",3.39
"102Q3","新竹市","新竹市",3.39
"102Q3","嘉義市","",3.39
"102Q3","嘉義市","嘉義市",3.39
"102Q3","金門縣","",7.27
"102Q3","金門縣","金城鎮",6.95
"102Q3","金門縣","金湖鎮",6.89
"102Q3","金門縣","金沙鎮",6.79
"102Q3","金門縣","金寧鄉",8.12
"102Q3","金門縣","烈嶼鄉",8.66
"102Q3","金門縣","烏坵鄉",8.16
"102Q3","連江縣","",5.53
"102Q3","連江縣","南竿鄉",5.66
"102Q3","連江縣","北竿鄉",5.69
"102Q3","連江縣","莒光鄉",5.57
"102Q3","連江縣","東引鄉",4.56
"102Q4","全國","",3.53
"102Q4","新北市","",3.18
"102Q4","新北市","板橋區",3.27
"102Q4","新北市","三重區",3.20
"102Q4","新北市","中和區",2.99
"102Q4","新北市","永和區",3.03
"102Q4","新北市","新莊區",3.34
"102Q4","新北市","新店區",2.85
"102Q4","新北市","樹林區",3.39
"102Q4","新北市","鶯歌區",3.71
"102Q4","新北市","三峽區",3.36
"102Q4","新北市","淡水區",2.70
"102Q4","新北市","汐止區",2.69
"102Q4","新北市","瑞芳區",3.29
"102Q4","新北市","土城區",3.35
"102Q4","新北市","蘆洲區",3.46
"102Q4","新北市","五股區",3.41
"102Q4","新北市","泰山區",3.31
"102Q4","新北市","林口區",3.16
"102Q4","新北市","深坑區",2.97
"102Q4","新北市","石碇區",3.38
"102Q4","新北市","坪林區",3.69
"102Q4","新北市","三芝區",3.21
"102Q4","新北市","石門區",5.11
"102Q4","新北市","八里區",3.36
"102Q4","新北市","平溪區",2.93
"102Q4","新北市","雙溪區",3.76
"102Q4","新北市","貢寮區",4.71
"102Q4","新北市","金山區",4.24
"102Q4","新北市","萬里區",4.19
"102Q4","新北市","烏來區",5.12
"102Q4","台北市","",3.39
"102Q4","台北市","松山區",3.44
"102Q4","台北市","信義區",3.30
"102Q4","台北市","大安區",3.41
"102Q4","台北市","中山區",2.95
"102Q4","台北市","中正區",3.50
"102Q4","台北市","大同區",3.46
"102Q4","台北市","萬華區",3.29
"102Q4","台北市","文山區",3.38
"102Q4","台北市","南港區",3.46
"102Q4","台北市","內湖區",3.46
"102Q4","台北市","士林區",3.58
"102Q4","台北市","北投區",3.59
"102Q4","桃園市","",3.41
"102Q4","桃園市","桃園區",3.20
"102Q4","桃園市","中壢區",3.29
"102Q4","桃園市","平鎮區",3.45
"102Q4","桃園市","八德區",3.39
"102Q4","桃園市","楊梅區",3.49
"102Q4","桃園市","大溪區",3.65
"102Q4","桃園市","蘆竹區",3.35
"102Q4","桃園市","大園區",4.07
"102Q4","桃園市","龜山區",3.15
"102Q4","桃園市","龍潭區",3.54
"102Q4","桃園市","新屋區",4.77
"102Q4","桃園市","觀音區",4.40
"102Q4","桃園市","復興區",4.02
"102Q4","台中市","",3.67
"102Q4","台中市","中區",3.74
"102Q4","台中市","東區",3.39
"102Q4","台中市","南區",3.06
"102Q4","台中市","西區",3.18
"102Q4","台中市","北區",3.10
"102Q4","台中市","西屯區",3.25
"102Q4","台中市","南屯區",3.36
"102Q4","台中市","北屯區",3.38
"102Q4","台中市","豐原區",4.04
"102Q4","台中市","東勢區",4.11
"102Q4","台中市","大甲區",4.41
"102Q4","台中市","清水區",4.28
"102Q4","台中市","沙鹿區",3.88
"102Q4","台中市","梧棲區",4.17
"102Q4","台中市","后里區",4.60
"102Q4","台中市","神岡區",4.37
"102Q4","台中市","潭子區",3.64
"102Q4","台中市","大雅區",4.02
"102Q4","台中市","新社區",4.12
"102Q4","台中市","石岡區",4.27
"102Q4","台中市","外埔區",4.37
"102Q4","台中市","大安區",4.88
"102Q4","台中市","烏日區",3.93
"102Q4","台中市","大肚區",4.08
"102Q4","台中市","龍井區",4.40
"102Q4","台中市","霧峰區",4.11
"102Q4","台中市","太平區",3.67
"102Q4","台中市","大里區",3.76
"102Q4","台中市","和平區",3.48
"102Q4","台南市","",3.53
"102Q4","台南市","新營區",3.30
"102Q4","台南市","鹽水區",3.69
"102Q4","台南市","白河區",4.11
"102Q4","台南市","柳營區",3.88
"102Q4","台南市","後壁區",3.84
"102Q4","台南市","東山區",4.31
"102Q4","台南市","麻豆區",3.73
"102Q4","台南市","下營區",3.97
"102Q4","台南市","六甲區",3.89
"102Q4","台南市","官田區",3.77
"102Q4","台南市","大內區",4.06
"102Q4","台南市","佳里區",3.67
"102Q4","台南市","學甲區",3.81
"102Q4","台南市","西港區",4.12
"102Q4","台南市","七股區",4.57
"102Q4","台南市","將軍區",4.33
"102Q4","台南市","北門區",4.52
"102Q4","台南市","新化區",3.83
"102Q4","台南市","善化區",3.53
"102Q4","台南市","新市區",3.67
"102Q4","台南市","安定區",3.94
"102Q4","台南市","山上區",4.17
"102Q4","台南市","玉井區",3.83
"102Q4","台南市","楠西區",3.98
"102Q4","台南市","南化區",4.44
"102Q4","台南市","左鎮區",3.87
"102Q4","台南市","仁德區",3.37
"102Q4","台南市","歸仁區",3.76
"102Q4","台南市","關廟區",4.09
"102Q4","台南市","龍崎區",4.49
"102Q4","台南市","永康區",3.31
"102Q4","台南市","東區",3.22
"102Q4","台南市","南區",3.42
"102Q4","台南市","北區",3.18
"102Q4","台南市","安南區",3.82
"102Q4","台南市","安平區",3.14
"102Q4","台南市","中西區",3.14
"102Q4","高雄市","",3.32
"102Q4","高雄市","鹽埕區",2.95
"102Q4","高雄市","鼓山區",2.92
"102Q4","高雄市","左營區",2.99
"102Q4","高雄市","楠梓區",3.22
"102Q4","高雄市","三民區",3.17
"102Q4","高雄市","新興區",2.82
"102Q4","高雄市","前金區",2.63
"102Q4","高雄市","苓雅區",3.04
"102Q4","高雄市","前鎮區",3.15
"102Q4","高雄市","旗津區",4.18
"102Q4","高雄市","小港區",3.77
"102Q4","高雄市","鳳山區",3.19
"102Q4","高雄市","林園區",3.96
"102Q4","高雄市","大寮區",3.40
"102Q4","高雄市","大樹區",4.20
"102Q4","高雄市","大社區",3.38
"102Q4","高雄市","仁武區",3.21
"102Q4","高雄市","鳥松區",3.11
"102Q4","高雄市","岡山區",3.46
"102Q4","高雄市","橋頭區",3.47
"102Q4","高雄市","燕巢區",4.10
"102Q4","高雄市","田寮區",4.08
"102Q4","高雄市","阿蓮區",4.09
"102Q4","高雄市","路竹區",4.00
"102Q4","高雄市","湖內區",3.48
"102Q4","高雄市","茄萣區",4.33
"102Q4","高雄市","永安區",4.31
"102Q4","高雄市","彌陀區",4.56
"102Q4","高雄市","梓官區",3.77
"102Q4","高雄市","旗山區",3.69
"102Q4","高雄市","美濃區",4.72
"102Q4","高雄市","六龜區",3.60
"102Q4","高雄市","甲仙區",3.54
"102Q4","高雄市","杉林區",3.88
"102Q4","高雄市","內門區",5.35
"102Q4","高雄市","茂林區",4.77
"102Q4","高雄市","桃源區",4.78
"102Q4","高雄市","那瑪夏區",4.71
"102Q4","宜蘭縣","",3.52
"102Q4","宜蘭縣","宜蘭市",3.27
"102Q4","宜蘭縣","羅東鎮",3.49
"102Q4","宜蘭縣","蘇澳鎮",3.66
"102Q4","宜蘭縣","頭城鎮",3.84
"102Q4","宜蘭縣","礁溪鄉",3.52
"102Q4","宜蘭縣","壯圍鄉",3.95
"102Q4","宜蘭縣","員山鄉",3.64
"102Q4","宜蘭縣","冬山鄉",3.44
"102Q4","宜蘭縣","五結鄉",3.38
"102Q4","宜蘭縣","三星鄉",3.50
"102Q4","宜蘭縣","大同鄉",4.52
"102Q4","宜蘭縣","南澳鄉",5.32
"102Q4","新竹縣","",3.71
"102Q4","新竹縣","竹北市",3.32
"102Q4","新竹縣","關西鎮",4.76
"102Q4","新竹縣","新埔鎮",4.16
"102Q4","新竹縣","竹東鎮",3.60
"102Q4","新竹縣","湖口鄉",3.76
"102Q4","新竹縣","橫山鄉",4.09
"102Q4","新竹縣","新豐鄉",3.96
"102Q4","新竹縣","芎林鄉",4.12
"102Q4","新竹縣","寶山鄉",3.50
"102Q4","新竹縣","北埔鄉",4.52
"102Q4","新竹縣","峨眉鄉",4.73
"102Q4","新竹縣","尖石鄉",4.31
"102Q4","新竹縣","五峰鄉",4.05
"102Q4","苗栗縣","",4.01
"102Q4","苗栗縣","苗栗市",3.48
"102Q4","苗栗縣","苑裡鎮",4.59
"102Q4","苗栗縣","通霄鎮",4.72
"102Q4","苗栗縣","竹南鎮",3.74
"102Q4","苗栗縣","頭份鎮",3.68
"102Q4","苗栗縣","後龍鎮",4.56
"102Q4","苗栗縣","卓蘭鎮",4.73
"102Q4","苗栗縣","大湖鄉",4.49
"102Q4","苗栗縣","公館鄉",4.03
"102Q4","苗栗縣","銅鑼鄉",4.31
"102Q4","苗栗縣","南庄鄉",4.00
"102Q4","苗栗縣","頭屋鄉",4.33
"102Q4","苗栗縣","三義鄉",4.28
"102Q4","苗栗縣","西湖鄉",5.33
"102Q4","苗栗縣","造橋鄉",4.21
"102Q4","苗栗縣","三灣鄉",4.27
"102Q4","苗栗縣","獅潭鄉",3.94
"102Q4","苗栗縣","泰安鄉",6.05
"102Q4","彰化縣","",4.51
"102Q4","彰化縣","彰化市",3.79
"102Q4","彰化縣","鹿港鎮",4.67
"102Q4","彰化縣","和美鎮",4.21
"102Q4","彰化縣","北斗鎮",3.92
"102Q4","彰化縣","員林鎮",4.17
"102Q4","彰化縣","溪湖鎮",4.86
"102Q4","彰化縣","田中鎮",4.15
"102Q4","彰化縣","二林鎮",5.42
"102Q4","彰化縣","線西鄉",5.38
"102Q4","彰化縣","伸港鄉",5.04
"102Q4","彰化縣","福興鄉",5.46
"102Q4","彰化縣","秀水鄉",4.77
"102Q4","彰化縣","花壇鄉",4.18
"102Q4","彰化縣","芬園鄉",4.90
"102Q4","彰化縣","大村鄉",5.57
"102Q4","彰化縣","埔鹽鄉",6.42
"102Q4","彰化縣","埔心鄉",4.17
"102Q4","彰化縣","永靖鄉",5.28
"102Q4","彰化縣","社頭鄉",5.19
"102Q4","彰化縣","二水鄉",4.21
"102Q4","彰化縣","田尾鄉",4.27
"102Q4","彰化縣","埤頭鄉",4.61
"102Q4","彰化縣","芳苑鄉",5.22
"102Q4","彰化縣","大城鄉",6.22
"102Q4","彰化縣","竹塘鄉",4.74
"102Q4","彰化縣","溪州鄉",5.24
"102Q4","南投縣","",3.96
"102Q4","南投縣","南投市",3.63
"102Q4","南投縣","埔里鎮",3.79
"102Q4","南投縣","草屯鎮",4.01
"102Q4","南投縣","竹山鎮",3.74
"102Q4","南投縣","集集鎮",3.92
"102Q4","南投縣","名間鄉",4.73
"102Q4","南投縣","鹿谷鄉",4.38
"102Q4","南投縣","中寮鄉",4.49
"102Q4","南投縣","魚池鄉",4.74
"102Q4","南投縣","國姓鄉",3.94
"102Q4","南投縣","水里鄉",3.61
"102Q4","南投縣","信義鄉",4.96
"102Q4","南投縣","仁愛鄉",4.23
"102Q4","雲林縣","",4.25
"102Q4","雲林縣","斗六市",3.52
"102Q4","雲林縣","斗南鎮",3.77
"102Q4","雲林縣","虎尾鎮",3.64
"102Q4","雲林縣","西螺鎮",4.39
"102Q4","雲林縣","土庫鎮",4.51
"102Q4","雲林縣","北港鎮",3.69
"102Q4","雲林縣","古坑鄉",4.41
"102Q4","雲林縣","大埤鄉",4.46
"102Q4","雲林縣","莿桐鄉",4.54
"102Q4","雲林縣","林內鄉",4.33
"102Q4","雲林縣","二崙鄉",4.97
"102Q4","雲林縣","崙背鄉",4.64
"102Q4","雲林縣","麥寮鄉",5.68
"102Q4","雲林縣","東勢鄉",4.68
"102Q4","雲林縣","褒忠鄉",4.63
"102Q4","雲林縣","台西鄉",5.03
"102Q4","雲林縣","元長鄉",4.79
"102Q4","雲林縣","四湖鄉",4.68
"102Q4","雲林縣","口湖鄉",5.37
"102Q4","雲林縣","水林鄉",5.00
"102Q4","嘉義縣","",4.27
"102Q4","嘉義縣","太保市",3.94
"102Q4","嘉義縣","朴子市",3.92
"102Q4","嘉義縣","布袋鎮",4.43
"102Q4","嘉義縣","大林鎮",3.96
"102Q4","嘉義縣","民雄鄉",3.89
"102Q4","嘉義縣","溪口鄉",5.19
"102Q4","嘉義縣","新港鄉",4.92
"102Q4","嘉義縣","六腳鄉",5.03
"102Q4","嘉義縣","東石鄉",5.10
"102Q4","嘉義縣","義竹鄉",4.64
"102Q4","嘉義縣","鹿草鄉",4.86
"102Q4","嘉義縣","水上鄉",3.75
"102Q4","嘉義縣","中埔鄉",4.24
"102Q4","嘉義縣","竹崎鄉",4.72
"102Q4","嘉義縣","梅山鄉",4.43
"102Q4","嘉義縣","番路鄉",3.97
"102Q4","嘉義縣","大埔鄉",5.08
"102Q4","嘉義縣","阿里山鄉",4.49
"102Q4","屏東縣","",3.91
"102Q4","屏東縣","屏東市",3.32
"102Q4","屏東縣","潮州鎮",3.45
"102Q4","屏東縣","東港鎮",4.03
"102Q4","屏東縣","恆春鎮",3.84
"102Q4","屏東縣","萬丹鄉",4.22
"102Q4","屏東縣","長治鄉",3.94
"102Q4","屏東縣","麟洛鄉",3.63
"102Q4","屏東縣","九如鄉",4.15
"102Q4","屏東縣","里港鄉",4.39
"102Q4","屏東縣","鹽埔鄉",4.77
"102Q4","屏東縣","高樹鄉",4.64
"102Q4","屏東縣","萬巒鄉",4.73
"102Q4","屏東縣","內埔鄉",3.97
"102Q4","屏東縣","竹田鄉",3.98
"102Q4","屏東縣","新埤鄉",4.36
"102Q4","屏東縣","枋寮鄉",3.88
"102Q4","屏東縣","新園鄉",4.37
"102Q4","屏東縣","崁頂鄉",5.57
"102Q4","屏東縣","林邊鄉",4.12
"102Q4","屏東縣","南州鄉",4.06
"102Q4","屏東縣","佳冬鄉",4.52
"102Q4","屏東縣","琉球鄉",4.91
"102Q4","屏東縣","車城鄉",3.81
"102Q4","屏東縣","滿州鄉",3.88
"102Q4","屏東縣","枋山鄉",4.03
"102Q4","屏東縣","三地門鄉",4.68
"102Q4","屏東縣","霧台鄉",3.76
"102Q4","屏東縣","瑪家鄉",4.87
"102Q4","屏東縣","泰武鄉",5.64
"102Q4","屏東縣","來義鄉",4.38
"102Q4","屏東縣","春日鄉",4.74
"102Q4","屏東縣","獅子鄉",4.16
"102Q4","屏東縣","牡丹鄉",3.71
"102Q4","台東縣","",3.50
"102Q4","台東縣","台東市",3.47
"102Q4","台東縣","成功鎮",3.40
"102Q4","台東縣","關山鎮",3.65
"102Q4","台東縣","卑南鄉",3.45
"102Q4","台東縣","大武鄉",3.38
"102Q4","台東縣","太麻里鄉",3.33
"102Q4","台東縣","東河鄉",3.07
"102Q4","台東縣","長濱鄉",2.90
"102Q4","台東縣","鹿野鄉",3.45
"102Q4","台東縣","池上鄉",3.46
"102Q4","台東縣","綠島鄉",5.77
"102Q4","台東縣","延平鄉",4.59
"102Q4","台東縣","海端鄉",4.80
"102Q4","台東縣","達仁鄉",3.40
"102Q4","台東縣","金峰鄉",4.67
"102Q4","台東縣","蘭嶼鄉",4.23
"102Q4","花蓮縣","",3.38
"102Q4","花蓮縣","花蓮市",3.35
"102Q4","花蓮縣","鳳林鎮",3.13
"102Q4","花蓮縣","玉里鎮",3.44
"102Q4","花蓮縣","新城鄉",3.26
"102Q4","花蓮縣","吉安鄉",3.19
"102Q4","花蓮縣","壽豐鄉",3.28
"102Q4","花蓮縣","光復鄉",3.29
"102Q4","花蓮縣","豐濱鄉",3.20
"102Q4","花蓮縣","瑞穗鄉",3.27
"102Q4","花蓮縣","富里鄉",3.36
"102Q4","花蓮縣","秀林鄉",4.95
"102Q4","花蓮縣","萬榮鄉",4.71
"102Q4","花蓮縣","卓溪鄉",4.43
"102Q4","澎湖縣","",4.06
"102Q4","澎湖縣","馬公市",3.82
"102Q4","澎湖縣","湖西鄉",4.25
"102Q4","澎湖縣","白沙鄉",4.61
"102Q4","澎湖縣","西嶼鄉",4.00
"102Q4","澎湖縣","望安鄉",5.42
"102Q4","澎湖縣","七美鄉",5.03
"102Q4","基隆市","",2.93
"102Q4","基隆市","中正區",2.78
"102Q4","基隆市","七堵區",2.99
"102Q4","基隆市","暖暖區",2.89
"102Q4","基隆市","仁愛區",3.17
"102Q4","基隆市","中山區",2.97
"102Q4","基隆市","安樂區",2.91
"102Q4","基隆市","信義區",2.83
"102Q4","新竹市","",3.38
"102Q4","新竹市","新竹市",3.38
"102Q4","嘉義市","",3.38
"102Q4","嘉義市","嘉義市",3.38
"102Q4","金門縣","",7.34
"102Q4","金門縣","金城鎮",7.04
"102Q4","金門縣","金湖鎮",6.96
"102Q4","金門縣","金沙鎮",6.87
"102Q4","金門縣","金寧鄉",8.15
"102Q4","金門縣","烈嶼鄉",8.81
"102Q4","金門縣","烏坵鄉",8.33
"102Q4","連江縣","",5.54
"102Q4","連江縣","南竿鄉",5.66
"102Q4","連江縣","北竿鄉",5.69
"102Q4","連江縣","莒光鄉",5.60
"102Q4","連江縣","東引鄉",4.60
"103Q1","全國","",3.52
"103Q1","新北市","",3.17
"103Q1","新北市","板橋區",3.26
"103Q1","新北市","三重區",3.19
"103Q1","新北市","中和區",2.99
"103Q1","新北市","永和區",3.03
"103Q1","新北市","新莊區",3.33
"103Q1","新北市","新店區",2.84
"103Q1","新北市","樹林區",3.38
"103Q1","新北市","鶯歌區",3.71
"103Q1","新北市","三峽區",3.35
"103Q1","新北市","淡水區",2.68
"103Q1","新北市","汐止區",2.69
"103Q1","新北市","瑞芳區",3.28
"103Q1","新北市","土城區",3.35
"103Q1","新北市","蘆洲區",3.45
"103Q1","新北市","五股區",3.40
"103Q1","新北市","泰山區",3.31
"103Q1","新北市","林口區",3.16
"103Q1","新北市","深坑區",2.96
"103Q1","新北市","石碇區",3.39
"103Q1","新北市","坪林區",3.67
"103Q1","新北市","三芝區",3.21
"103Q1","新北市","石門區",5.08
"103Q1","新北市","八里區",3.35
"103Q1","新北市","平溪區",2.94
"103Q1","新北市","雙溪區",3.77
"103Q1","新北市","貢寮區",4.70
"103Q1","新北市","金山區",4.23
"103Q1","新北市","萬里區",4.17
"103Q1","新北市","烏來區",5.16
"103Q1","台北市","",3.40
"103Q1","台北市","松山區",3.44
"103Q1","台北市","信義區",3.30
"103Q1","台北市","大安區",3.42
"103Q1","台北市","中山區",2.95
"103Q1","台北市","中正區",3.51
"103Q1","台北市","大同區",3.48
"103Q1","台北市","萬華區",3.28
"103Q1","台北市","文山區",3.38
"103Q1","台北市","南港區",3.46
"103Q1","台北市","內湖區",3.46
"103Q1","台北市","士林區",3.58
"103Q1","台北市","北投區",3.59
"103Q1","桃園市","",3.40
"103Q1","桃園市","桃園區",3.19
"103Q1","桃園市","中壢區",3.28
"103Q1","桃園市","平鎮區",3.44
"103Q1","桃園市","八德區",3.36
"103Q1","桃園市","楊梅區",3.48
"103Q1","桃園市","大溪區",3.64
"103Q1","桃園市","蘆竹區",3.33
"103Q1","桃園市","大園區",4.02
"103Q1","桃園市","龜山區",3.14
"103Q1","桃園市","龍潭區",3.53
"103Q1","桃園市","新屋區",4.72
"103Q1","桃園市","觀音區",4.35
"103Q1","桃園市","復興區",4.00
"103Q1","台中市","",3.65
"103Q1","台中市","中區",3.69
"103Q1","台中市","東區",3.38
"103Q1","台中市","南區",3.05
"103Q1","台中市","西區",3.17
"103Q1","台中市","北區",3.09
"103Q1","台中市","西屯區",3.24
"103Q1","台中市","南屯區",3.35
"103Q1","台中市","北屯區",3.37
"103Q1","台中市","豐原區",4.03
"103Q1","台中市","東勢區",4.10
"103Q1","台中市","大甲區",4.40
"103Q1","台中市","清水區",4.26
"103Q1","台中市","沙鹿區",3.87
"103Q1","台中市","梧棲區",4.17
"103Q1","台中市","后里區",4.58
"103Q1","台中市","神岡區",4.36
"103Q1","台中市","潭子區",3.64
"103Q1","台中市","大雅區",4.01
"103Q1","台中市","新社區",4.11
"103Q1","台中市","石岡區",4.24
"103Q1","台中市","外埔區",4.35
"103Q1","台中市","大安區",4.87
"103Q1","台中市","烏日區",3.91
"103Q1","台中市","大肚區",4.07
"103Q1","台中市","龍井區",4.39
"103Q1","台中市","霧峰區",4.09
"103Q1","台中市","太平區",3.66
"103Q1","台中市","大里區",3.75
"103Q1","台中市","和平區",3.50
"103Q1","台南市","",3.53
"103Q1","台南市","新營區",3.29
"103Q1","台南市","鹽水區",3.69
"103Q1","台南市","白河區",4.09
"103Q1","台南市","柳營區",3.86
"103Q1","台南市","後壁區",3.81
"103Q1","台南市","東山區",4.28
"103Q1","台南市","麻豆區",3.73
"103Q1","台南市","下營區",3.94
"103Q1","台南市","六甲區",3.87
"103Q1","台南市","官田區",3.76
"103Q1","台南市","大內區",4.04
"103Q1","台南市","佳里區",3.66
"103Q1","台南市","學甲區",3.80
"103Q1","台南市","西港區",4.09
"103Q1","台南市","七股區",4.53
"103Q1","台南市","將軍區",4.30
"103Q1","台南市","北門區",4.50
"103Q1","台南市","新化區",3.83
"103Q1","台南市","善化區",3.51
"103Q1","台南市","新市區",3.66
"103Q1","台南市","安定區",3.93
"103Q1","台南市","山上區",4.15
"103Q1","台南市","玉井區",3.82
"103Q1","台南市","楠西區",3.97
"103Q1","台南市","南化區",4.43
"103Q1","台南市","左鎮區",3.87
"103Q1","台南市","仁德區",3.37
"103Q1","台南市","歸仁區",3.75
"103Q1","台南市","關廟區",4.08
"103Q1","台南市","龍崎區",4.48
"103Q1","台南市","永康區",3.31
"103Q1","台南市","東區",3.22
"103Q1","台南市","南區",3.41
"103Q1","台南市","北區",3.18
"103Q1","台南市","安南區",3.82
"103Q1","台南市","安平區",3.13
"103Q1","台南市","中西區",3.14
"103Q1","高雄市","",3.31
"103Q1","高雄市","鹽埕區",2.95
"103Q1","高雄市","鼓山區",2.91
"103Q1","高雄市","左營區",2.98
"103Q1","高雄市","楠梓區",3.21
"103Q1","高雄市","三民區",3.17
"103Q1","高雄市","新興區",2.81
"103Q1","高雄市","前金區",2.63
"103Q1","高雄市","苓雅區",3.03
"103Q1","高雄市","前鎮區",3.14
"103Q1","高雄市","旗津區",4.18
"103Q1","高雄市","小港區",3.77
"103Q1","高雄市","鳳山區",3.19
"103Q1","高雄市","林園區",3.96
"103Q1","高雄市","大寮區",3.39
"103Q1","高雄市","大樹區",4.18
"103Q1","高雄市","大社區",3.36
"103Q1","高雄市","仁武區",3.21
"103Q1","高雄市","鳥松區",3.10
"103Q1","高雄市","岡山區",3.45
"103Q1","高雄市","橋頭區",3.46
"103Q1","高雄市","燕巢區",4.07
"103Q1","高雄市","田寮區",4.07
"103Q1","高雄市","阿蓮區",4.06
"103Q1","高雄市","路竹區",3.98
"103Q1","高雄市","湖內區",3.46
"103Q1","高雄市","茄萣區",4.31
"103Q1","高雄市","永安區",4.29
"103Q1","高雄市","彌陀區",4.56
"103Q1","高雄市","梓官區",3.77
"103Q1","高雄市","旗山區",3.68
"103Q1","高雄市","美濃區",4.69
"103Q1","高雄市","六龜區",3.59
"103Q1","高雄市","甲仙區",3.54
"103Q1","高雄市","杉林區",3.85
"103Q1","高雄市","內門區",5.32
"103Q1","高雄市","茂林區",4.81
"103Q1","高雄市","桃源區",4.69
"103Q1","高雄市","那瑪夏區",4.76
"103Q1","宜蘭縣","",3.51
"103Q1","宜蘭縣","宜蘭市",3.25
"103Q1","宜蘭縣","羅東鎮",3.49
"103Q1","宜蘭縣","蘇澳鎮",3.65
"103Q1","宜蘭縣","頭城鎮",3.83
"103Q1","宜蘭縣","礁溪鄉",3.50
"103Q1","宜蘭縣","壯圍鄉",3.94
"103Q1","宜蘭縣","員山鄉",3.63
"103Q1","宜蘭縣","冬山鄉",3.42
"103Q1","宜蘭縣","五結鄉",3.36
"103Q1","宜蘭縣","三星鄉",3.50
"103Q1","宜蘭縣","大同鄉",4.54
"103Q1","宜蘭縣","南澳鄉",5.35
"103Q1","新竹縣","",3.70
"103Q1","新竹縣","竹北市",3.32
"103Q1","新竹縣","關西鎮",4.74
"103Q1","新竹縣","新埔鎮",4.14
"103Q1","新竹縣","竹東鎮",3.58
"103Q1","新竹縣","湖口鄉",3.75
"103Q1","新竹縣","橫山鄉",4.09
"103Q1","新竹縣","新豐鄉",3.95
"103Q1","新竹縣","芎林鄉",4.10
"103Q1","新竹縣","寶山鄉",3.53
"103Q1","新竹縣","北埔鄉",4.50
"103Q1","新竹縣","峨眉鄉",4.73
"103Q1","新竹縣","尖石鄉",4.37
"103Q1","新竹縣","五峰鄉",4.17
"103Q1","苗栗縣","",4.00
"103Q1","苗栗縣","苗栗市",3.47
"103Q1","苗栗縣","苑裡鎮",4.57
"103Q1","苗栗縣","通霄鎮",4.71
"103Q1","苗栗縣","竹南鎮",3.73
"103Q1","苗栗縣","頭份鎮",3.66
"103Q1","苗栗縣","後龍鎮",4.56
"103Q1","苗栗縣","卓蘭鎮",4.72
"103Q1","苗栗縣","大湖鄉",4.47
"103Q1","苗栗縣","公館鄉",4.02
"103Q1","苗栗縣","銅鑼鄉",4.30
"103Q1","苗栗縣","南庄鄉",4.00
"103Q1","苗栗縣","頭屋鄉",4.31
"103Q1","苗栗縣","三義鄉",4.26
"103Q1","苗栗縣","西湖鄉",5.33
"103Q1","苗栗縣","造橋鄉",4.22
"103Q1","苗栗縣","三灣鄉",4.26
"103Q1","苗栗縣","獅潭鄉",3.98
"103Q1","苗栗縣","泰安鄉",6.12
"103Q1","彰化縣","",4.49
"103Q1","彰化縣","彰化市",3.78
"103Q1","彰化縣","鹿港鎮",4.65
"103Q1","彰化縣","和美鎮",4.19
"103Q1","彰化縣","北斗鎮",3.91
"103Q1","彰化縣","員林鎮",4.17
"103Q1","彰化縣","溪湖鎮",4.83
"103Q1","彰化縣","田中鎮",4.13
"103Q1","彰化縣","二林鎮",5.38
"103Q1","彰化縣","線西鄉",5.35
"103Q1","彰化縣","伸港鄉",5.02
"103Q1","彰化縣","福興鄉",5.44
"103Q1","彰化縣","秀水鄉",4.74
"103Q1","彰化縣","花壇鄉",4.16
"103Q1","彰化縣","芬園鄉",4.89
"103Q1","彰化縣","大村鄉",5.53
"103Q1","彰化縣","埔鹽鄉",6.41
"103Q1","彰化縣","埔心鄉",4.15
"103Q1","彰化縣","永靖鄉",5.24
"103Q1","彰化縣","社頭鄉",5.15
"103Q1","彰化縣","二水鄉",4.19
"103Q1","彰化縣","田尾鄉",4.25
"103Q1","彰化縣","埤頭鄉",4.59
"103Q1","彰化縣","芳苑鄉",5.20
"103Q1","彰化縣","大城鄉",6.18
"103Q1","彰化縣","竹塘鄉",4.74
"103Q1","彰化縣","溪州鄉",5.22
"103Q1","南投縣","",3.95
"103Q1","南投縣","南投市",3.63
"103Q1","南投縣","埔里鎮",3.78
"103Q1","南投縣","草屯鎮",3.99
"103Q1","南投縣","竹山鎮",3.73
"103Q1","南投縣","集集鎮",3.94
"103Q1","南投縣","名間鄉",4.70
"103Q1","南投縣","鹿谷鄉",4.36
"103Q1","南投縣","中寮鄉",4.46
"103Q1","南投縣","魚池鄉",4.71
"103Q1","南投縣","國姓鄉",3.93
"103Q1","南投縣","水里鄉",3.58
"103Q1","南投縣","信義鄉",4.96
"103Q1","南投縣","仁愛鄉",4.25
"103Q1","雲林縣","",4.24
"103Q1","雲林縣","斗六市",3.51
"103Q1","雲林縣","斗南鎮",3.75
"103Q1","雲林縣","虎尾鎮",3.63
"103Q1","雲林縣","西螺鎮",4.36
"103Q1","雲林縣","土庫鎮",4.48
"103Q1","雲林縣","北港鎮",3.67
"103Q1","雲林縣","古坑鄉",4.39
"103Q1","雲林縣","大埤鄉",4.43
"103Q1","雲林縣","莿桐鄉",4.51
"103Q1","雲林縣","林內鄉",4.32
"103Q1","雲林縣","二崙鄉",4.96
"103Q1","雲林縣","崙背鄉",4.62
"103Q1","雲林縣","麥寮鄉",5.70
"103Q1","雲林縣","東勢鄉",4.67
"103Q1","雲林縣","褒忠鄉",4.61
"103Q1","雲林縣","台西鄉",5.06
"103Q1","雲林縣","元長鄉",4.77
"103Q1","雲林縣","四湖鄉",4.71
"103Q1","雲林縣","口湖鄉",5.34
"103Q1","雲林縣","水林鄉",4.99
"103Q1","嘉義縣","",4.25
"103Q1","嘉義縣","太保市",3.91
"103Q1","嘉義縣","朴子市",3.89
"103Q1","嘉義縣","布袋鎮",4.41
"103Q1","嘉義縣","大林鎮",3.94
"103Q1","嘉義縣","民雄鄉",3.87
"103Q1","嘉義縣","溪口鄉",5.19
"103Q1","嘉義縣","新港鄉",4.89
"103Q1","嘉義縣","六腳鄉",5.02
"103Q1","嘉義縣","東石鄉",5.10
"103Q1","嘉義縣","義竹鄉",4.62
"103Q1","嘉義縣","鹿草鄉",4.83
"103Q1","嘉義縣","水上鄉",3.72
"103Q1","嘉義縣","中埔鄉",4.21
"103Q1","嘉義縣","竹崎鄉",4.70
"103Q1","嘉義縣","梅山鄉",4.41
"103Q1","嘉義縣","番路鄉",3.96
"103Q1","嘉義縣","大埔鄉",5.16
"103Q1","嘉義縣","阿里山鄉",4.51
"103Q1","屏東縣","",3.90
"103Q1","屏東縣","屏東市",3.31
"103Q1","屏東縣","潮州鎮",3.43
"103Q1","屏東縣","東港鎮",4.00
"103Q1","屏東縣","恆春鎮",3.83
"103Q1","屏東縣","萬丹鄉",4.20
"103Q1","屏東縣","長治鄉",3.92
"103Q1","屏東縣","麟洛鄉",3.62
"103Q1","屏東縣","九如鄉",4.13
"103Q1","屏東縣","里港鄉",4.40
"103Q1","屏東縣","鹽埔鄉",4.75
"103Q1","屏東縣","高樹鄉",4.63
"103Q1","屏東縣","萬巒鄉",4.71
"103Q1","屏東縣","內埔鄉",3.96
"103Q1","屏東縣","竹田鄉",3.97
"103Q1","屏東縣","新埤鄉",4.34
"103Q1","屏東縣","枋寮鄉",3.88
"103Q1","屏東縣","新園鄉",4.34
"103Q1","屏東縣","崁頂鄉",5.55
"103Q1","屏東縣","林邊鄉",4.10
"103Q1","屏東縣","南州鄉",4.05
"103Q1","屏東縣","佳冬鄉",4.50
"103Q1","屏東縣","琉球鄉",4.94
"103Q1","屏東縣","車城鄉",3.81
"103Q1","屏東縣","滿州鄉",3.87
"103Q1","屏東縣","枋山鄉",4.06
"103Q1","屏東縣","三地門鄉",4.72
"103Q1","屏東縣","霧台鄉",3.86
"103Q1","屏東縣","瑪家鄉",4.86
"103Q1","屏東縣","泰武鄉",5.68
"103Q1","屏東縣","來義鄉",4.37
"103Q1","屏東縣","春日鄉",4.73
"103Q1","屏東縣","獅子鄉",4.20
"103Q1","屏東縣","牡丹鄉",3.74
"103Q1","台東縣","",3.49
"103Q1","台東縣","台東市",3.45
"103Q1","台東縣","成功鎮",3.40
"103Q1","台東縣","關山鎮",3.63
"103Q1","台東縣","卑南鄉",3.44
"103Q1","台東縣","大武鄉",3.38
"103Q1","台東縣","太麻里鄉",3.32
"103Q1","台東縣","東河鄉",3.07
"103Q1","台東縣","長濱鄉",2.93
"103Q1","台東縣","鹿野鄉",3.46
"103Q1","台東縣","池上鄉",3.46
"103Q1","台東縣","綠島鄉",6.02
"103Q1","台東縣","延平鄉",4.58
"103Q1","台東縣","海端鄉",4.79
"103Q1","台東縣","達仁鄉",3.41
"103Q1","台東縣","金峰鄉",4.76
"103Q1","台東縣","蘭嶼鄉",4.22
"103Q1","花蓮縣","",3.37
"103Q1","花蓮縣","花蓮市",3.34
"103Q1","花蓮縣","鳳林鎮",3.11
"103Q1","花蓮縣","玉里鎮",3.44
"103Q1","花蓮縣","新城鄉",3.26
"103Q1","花蓮縣","吉安鄉",3.19
"103Q1","花蓮縣","壽豐鄉",3.28
"103Q1","花蓮縣","光復鄉",3.29
"103Q1","花蓮縣","豐濱鄉",3.28
"103Q1","花蓮縣","瑞穗鄉",3.27
"103Q1","花蓮縣","富里鄉",3.36
"103Q1","花蓮縣","秀林鄉",4.96
"103Q1","花蓮縣","萬榮鄉",4.73
"103Q1","花蓮縣","卓溪鄉",4.46
"103Q1","澎湖縣","",4.07
"103Q1","澎湖縣","馬公市",3.83
"103Q1","澎湖縣","湖西鄉",4.24
"103Q1","澎湖縣","白沙鄉",4.63
"103Q1","澎湖縣","西嶼鄉",4.02
"103Q1","澎湖縣","望安鄉",5.48
"103Q1","澎湖縣","七美鄉",5.11
"103Q1","基隆市","",2.92
"103Q1","基隆市","中正區",2.77
"103Q1","基隆市","七堵區",2.98
"103Q1","基隆市","暖暖區",2.89
"103Q1","基隆市","仁愛區",3.17
"103Q1","基隆市","中山區",2.95
"103Q1","基隆市","安樂區",2.91
"103Q1","基隆市","信義區",2.82
"103Q1","新竹市","",3.37
"103Q1","新竹市","新竹市",3.37
"103Q1","嘉義市","",3.38
"103Q1","嘉義市","嘉義市",3.38
"103Q1","金門縣","",7.39
"103Q1","金門縣","金城鎮",7.12
"103Q1","金門縣","金湖鎮",6.99
"103Q1","金門縣","金沙鎮",6.96
"103Q1","金門縣","金寧鄉",8.08
"103Q1","金門縣","烈嶼鄉",8.93
"103Q1","金門縣","烏坵鄉",8.43
"103Q1","連江縣","",5.58
"103Q1","連江縣","南竿鄉",5.73
"103Q1","連江縣","北竿鄉",5.71
"103Q1","連江縣","莒光鄉",5.55
"103Q1","連江縣","東引鄉",4.65
"103Q2","全國","",3.59
"103Q2","新北市","",3.22
"103Q2","新北市","板橋區",3.31
"103Q2","新北市","三重區",3.22
"103Q2","新北市","中和區",3.04
"103Q2","新北市","永和區",3.10
"103Q2","新北市","新莊區",3.37
"103Q2","新北市","新店區",2.91
"103Q2","新北市","樹林區",3.43
"103Q2","新北市","鶯歌區",3.76
"103Q2","新北市","三峽區",3.39
"103Q2","新北市","淡水區",2.72
"103Q2","新北市","汐止區",2.74
"103Q2","新北市","瑞芳區",3.37
"103Q2","新北市","土城區",3.40
"103Q2","新北市","蘆洲區",3.49
"103Q2","新北市","五股區",3.44
"103Q2","新北市","泰山區",3.35
"103Q2","新北市","林口區",3.19
"103Q2","新北市","深坑區",3.01
"103Q2","新北市","石碇區",3.50
"103Q2","新北市","坪林區",3.80
"103Q2","新北市","三芝區",3.27
"103Q2","新北市","石門區",5.18
"103Q2","新北市","八里區",3.42
"103Q2","新北市","平溪區",3.05
"103Q2","新北市","雙溪區",3.91
"103Q2","新北市","貢寮區",4.82
"103Q2","新北市","金山區",4.30
"103Q2","新北市","萬里區",4.27
"103Q2","新北市","烏來區",5.31
"103Q2","台北市","",3.49
"103Q2","台北市","松山區",3.57
"103Q2","台北市","信義區",3.41
"103Q2","台北市","大安區",3.56
"103Q2","台北市","中山區",3.04
"103Q2","台北市","中正區",3.62
"103Q2","台北市","大同區",3.56
"103Q2","台北市","萬華區",3.33
"103Q2","台北市","文山區",3.44
"103Q2","台北市","南港區",3.54
"103Q2","台北市","內湖區",3.55
"103Q2","台北市","士林區",3.69
"103Q2","台北市","北投區",3.68
"103Q2","桃園市","",3.45
"103Q2","桃園市","桃園區",3.22
"103Q2","桃園市","中壢區",3.33
"103Q2","桃園市","平鎮區",3.49
"103Q2","桃園市","八德區",3.48
"103Q2","桃園市","楊梅區",3.51
"103Q2","桃園市","大溪區",3.70
"103Q2","桃園市","大園區",4.01
"103Q2","桃園市","龜山區",3.19
"103Q2","桃園市","龍潭區",3.57
"103Q2","桃園市","新屋區",4.83
"103Q2","桃園市","觀音區",4.37
"103Q2","桃園市","復興區",4.16
"103Q2","台中市","",3.71
"103Q2","台中市","中區",3.77
"103Q2","台中市","東區",3.45
"103Q2","台中市","南區",3.10
"103Q2","台中市","西區",3.24
"103Q2","台中市","北區",3.15
"103Q2","台中市","西屯區",3.29
"103Q2","台中市","南屯區",3.39
"103Q2","台中市","北屯區",3.42
"103Q2","台中市","豐原區",4.10
"103Q2","台中市","東勢區",4.20
"103Q2","台中市","大甲區",4.48
"103Q2","台中市","清水區",4.34
"103Q2","台中市","沙鹿區",3.91
"103Q2","台中市","梧棲區",4.24
"103Q2","台中市","后里區",4.68
"103Q2","台中市","神岡區",4.44
"103Q2","台中市","潭子區",3.69
"103Q2","台中市","大雅區",4.06
"103Q2","台中市","新社區",4.22
"103Q2","台中市","石岡區",4.35
"103Q2","台中市","外埔區",4.43
"103Q2","台中市","大安區",5.01
"103Q2","台中市","烏日區",3.96
"103Q2","台中市","大肚區",4.16
"103Q2","台中市","龍井區",4.46
"103Q2","台中市","霧峰區",4.18
"103Q2","台中市","太平區",3.71
"103Q2","台中市","大里區",3.79
"103Q2","台中市","和平區",3.61
"103Q2","台南市","",3.60
"103Q2","台南市","新營區",3.34
"103Q2","台南市","鹽水區",3.79
"103Q2","台南市","白河區",4.35
"103Q2","台南市","柳營區",3.97
"103Q2","台南市","後壁區",3.93
"103Q2","台南市","東山區",4.41
"103Q2","台南市","麻豆區",3.81
"103Q2","台南市","下營區",4.04
"103Q2","台南市","六甲區",3.97
"103Q2","台南市","官田區",3.85
"103Q2","台南市","大內區",4.19
"103Q2","台南市","佳里區",3.72
"103Q2","台南市","學甲區",3.89
"103Q2","台南市","西港區",4.19
"103Q2","台南市","七股區",4.84
"103Q2","台南市","將軍區",4.45
"103Q2","台南市","北門區",4.63
"103Q2","台南市","新化區",3.91
"103Q2","台南市","善化區",3.58
"103Q2","台南市","新市區",3.72
"103Q2","台南市","安定區",4.03
"103Q2","台南市","山上區",4.28
"103Q2","台南市","玉井區",3.93
"103Q2","台南市","楠西區",4.11
"103Q2","台南市","南化區",4.61
"103Q2","台南市","左鎮區",4.07
"103Q2","台南市","仁德區",3.44
"103Q2","台南市","歸仁區",3.81
"103Q2","台南市","關廟區",4.17
"103Q2","台南市","龍崎區",4.67
"103Q2","台南市","永康區",3.35
"103Q2","台南市","東區",3.28
"103Q2","台南市","南區",3.48
"103Q2","台南市","北區",3.25
"103Q2","台南市","安南區",3.88
"103Q2","台南市","安平區",3.18
"103Q2","台南市","中西區",3.20
"103Q2","高雄市","",3.37
"103Q2","高雄市","鹽埕區",3.02
"103Q2","高雄市","鼓山區",2.97
"103Q2","高雄市","左營區",3.03
"103Q2","高雄市","楠梓區",3.25
"103Q2","高雄市","三民區",3.23
"103Q2","高雄市","新興區",2.88
"103Q2","高雄市","前金區",2.72
"103Q2","高雄市","苓雅區",3.10
"103Q2","高雄市","前鎮區",3.20
"103Q2","高雄市","旗津區",4.29
"103Q2","高雄市","小港區",3.82
"103Q2","高雄市","鳳山區",3.23
"103Q2","高雄市","林園區",4.04
"103Q2","高雄市","大寮區",3.46
"103Q2","高雄市","大樹區",4.30
"103Q2","高雄市","大社區",3.43
"103Q2","高雄市","仁武區",3.26
"103Q2","高雄市","鳥松區",3.15
"103Q2","高雄市","岡山區",3.51
"103Q2","高雄市","橋頭區",3.53
"103Q2","高雄市","燕巢區",4.21
"103Q2","高雄市","田寮區",4.24
"103Q2","高雄市","阿蓮區",4.15
"103Q2","高雄市","路竹區",4.06
"103Q2","高雄市","湖內區",3.53
"103Q2","高雄市","茄萣區",4.39
"103Q2","高雄市","永安區",4.40
"103Q2","高雄市","彌陀區",4.68
"103Q2","高雄市","梓官區",3.85
"103Q2","高雄市","旗山區",3.78
"103Q2","高雄市","美濃區",4.83
"103Q2","高雄市","六龜區",3.70
"103Q2","高雄市","甲仙區",3.71
"103Q2","高雄市","杉林區",3.99
"103Q2","高雄市","內門區",5.55
"103Q2","高雄市","茂林區",5.00
"103Q2","高雄市","桃源區",4.83
"103Q2","高雄市","那瑪夏區",4.98
"103Q2","宜蘭縣","",3.58
"103Q2","宜蘭縣","宜蘭市",3.29
"103Q2","宜蘭縣","羅東鎮",3.55
"103Q2","宜蘭縣","蘇澳鎮",3.73
"103Q2","宜蘭縣","頭城鎮",3.91
"103Q2","宜蘭縣","礁溪鄉",3.54
"103Q2","宜蘭縣","壯圍鄉",4.03
"103Q2","宜蘭縣","員山鄉",3.70
"103Q2","宜蘭縣","冬山鄉",3.49
"103Q2","宜蘭縣","五結鄉",3.44
"103Q2","宜蘭縣","三星鄉",3.58
"103Q2","宜蘭縣","大同鄉",4.68
"103Q2","宜蘭縣","南澳鄉",5.59
"103Q2","新竹縣","",3.77
"103Q2","新竹縣","竹北市",3.34
"103Q2","新竹縣","關西鎮",4.87
"103Q2","新竹縣","新埔鎮",4.26
"103Q2","新竹縣","竹東鎮",3.64
"103Q2","新竹縣","湖口鄉",3.80
"103Q2","新竹縣","橫山鄉",4.23
"103Q2","新竹縣","新豐鄉",4.01
"103Q2","新竹縣","芎林鄉",4.21
"103Q2","新竹縣","寶山鄉",3.65
"103Q2","新竹縣","北埔鄉",4.66
"103Q2","新竹縣","峨眉鄉",4.95
"103Q2","新竹縣","尖石鄉",4.51
"103Q2","新竹縣","五峰鄉",4.33
"103Q2","苗栗縣","",4.09
"103Q2","苗栗縣","苗栗市",3.54
"103Q2","苗栗縣","苑裡鎮",4.67
"103Q2","苗栗縣","通霄鎮",4.84
"103Q2","苗栗縣","竹南鎮",3.77
"103Q2","苗栗縣","頭份鎮",3.71
"103Q2","苗栗縣","後龍鎮",4.68
"103Q2","苗栗縣","卓蘭鎮",4.88
"103Q2","苗栗縣","大湖鄉",4.63
"103Q2","苗栗縣","公館鄉",4.11
"103Q2","苗栗縣","銅鑼鄉",4.43
"103Q2","苗栗縣","南庄鄉",4.14
"103Q2","苗栗縣","頭屋鄉",4.43
"103Q2","苗栗縣","三義鄉",4.37
"103Q2","苗栗縣","西湖鄉",5.54
"103Q2","苗栗縣","造橋鄉",4.32
"103Q2","苗栗縣","三灣鄉",4.42
"103Q2","苗栗縣","獅潭鄉",4.19
"103Q2","苗栗縣","泰安鄉",6.39
"103Q2","彰化縣","",4.58
"103Q2","彰化縣","彰化市",3.83
"103Q2","彰化縣","鹿港鎮",4.73
"103Q2","彰化縣","和美鎮",4.24
"103Q2","彰化縣","北斗鎮",3.97
"103Q2","彰化縣","員林鎮",4.23
"103Q2","彰化縣","溪湖鎮",4.91
"103Q2","彰化縣","田中鎮",4.44
"103Q2","彰化縣","二林鎮",5.52
"103Q2","彰化縣","線西鄉",5.47
"103Q2","彰化縣","伸港鄉",5.12
"103Q2","彰化縣","福興鄉",5.56
"103Q2","彰化縣","秀水鄉",4.82
"103Q2","彰化縣","花壇鄉",4.23
"103Q2","彰化縣","芬園鄉",5.04
"103Q2","彰化縣","大村鄉",5.65
"103Q2","彰化縣","埔鹽鄉",6.55
"103Q2","彰化縣","埔心鄉",4.23
"103Q2","彰化縣","永靖鄉",5.36
"103Q2","彰化縣","社頭鄉",5.27
"103Q2","彰化縣","二水鄉",4.31
"103Q2","彰化縣","田尾鄉",4.36
"103Q2","彰化縣","埤頭鄉",4.72
"103Q2","彰化縣","芳苑鄉",5.37
"103Q2","彰化縣","大城鄉",6.45
"103Q2","彰化縣","竹塘鄉",4.91
"103Q2","彰化縣","溪州鄉",5.36
"103Q2","南投縣","",4.04
"103Q2","南投縣","南投市",3.69
"103Q2","南投縣","埔里鎮",3.87
"103Q2","南投縣","草屯鎮",4.05
"103Q2","南投縣","竹山鎮",3.83
"103Q2","南投縣","集集鎮",4.05
"103Q2","南投縣","名間鄉",4.82
"103Q2","南投縣","鹿谷鄉",4.49
"103Q2","南投縣","中寮鄉",4.64
"103Q2","南投縣","魚池鄉",4.83
"103Q2","南投縣","國姓鄉",4.08
"103Q2","南投縣","水里鄉",3.70
"103Q2","南投縣","信義鄉",5.11
"103Q2","南投縣","仁愛鄉",4.35
"103Q2","雲林縣","",4.35
"103Q2","雲林縣","斗六市",3.56
"103Q2","雲林縣","斗南鎮",3.83
"103Q2","雲林縣","虎尾鎮",3.69
"103Q2","雲林縣","西螺鎮",4.46
"103Q2","雲林縣","土庫鎮",4.62
"103Q2","雲林縣","北港鎮",3.76
"103Q2","雲林縣","古坑鄉",4.51
"103Q2","雲林縣","大埤鄉",4.55
"103Q2","雲林縣","莿桐鄉",4.63
"103Q2","雲林縣","林內鄉",4.46
"103Q2","雲林縣","二崙鄉",5.12
"103Q2","雲林縣","崙背鄉",4.74
"103Q2","雲林縣","麥寮鄉",5.83
"103Q2","雲林縣","東勢鄉",4.92
"103Q2","雲林縣","褒忠鄉",4.79
"103Q2","雲林縣","台西鄉",5.23
"103Q2","雲林縣","元長鄉",4.94
"103Q2","雲林縣","四湖鄉",4.90
"103Q2","雲林縣","口湖鄉",5.53
"103Q2","雲林縣","水林鄉",5.18
"103Q2","嘉義縣","",4.37
"103Q2","嘉義縣","太保市",3.98
"103Q2","嘉義縣","朴子市",3.96
"103Q2","嘉義縣","布袋鎮",4.57
"103Q2","嘉義縣","大林鎮",4.05
"103Q2","嘉義縣","民雄鄉",3.95
"103Q2","嘉義縣","溪口鄉",5.37
"103Q2","嘉義縣","新港鄉",5.01
"103Q2","嘉義縣","六腳鄉",5.21
"103Q2","嘉義縣","東石鄉",5.32
"103Q2","嘉義縣","義竹鄉",4.78
"103Q2","嘉義縣","鹿草鄉",5.00
"103Q2","嘉義縣","水上鄉",3.81
"103Q2","嘉義縣","中埔鄉",4.31
"103Q2","嘉義縣","竹崎鄉",4.85
"103Q2","嘉義縣","梅山鄉",4.54
"103Q2","嘉義縣","番路鄉",4.08
"103Q2","嘉義縣","大埔鄉",5.27
"103Q2","嘉義縣","阿里山鄉",4.66
"103Q2","屏東縣","",4.01
"103Q2","屏東縣","屏東市",3.37
"103Q2","屏東縣","潮州鎮",3.49
"103Q2","屏東縣","東港鎮",4.08
"103Q2","屏東縣","恆春鎮",3.93
"103Q2","屏東縣","萬丹鄉",4.30
"103Q2","屏東縣","長治鄉",4.02
"103Q2","屏東縣","麟洛鄉",3.75
"103Q2","屏東縣","九如鄉",4.26
"103Q2","屏東縣","里港鄉",4.52
"103Q2","屏東縣","鹽埔鄉",4.89
"103Q2","屏東縣","高樹鄉",4.80
"103Q2","屏東縣","萬巒鄉",4.86
"103Q2","屏東縣","內埔鄉",4.20
"103Q2","屏東縣","竹田鄉",4.09
"103Q2","屏東縣","新埤鄉",4.55
"103Q2","屏東縣","枋寮鄉",3.99
"103Q2","屏東縣","新園鄉",4.44
"103Q2","屏東縣","崁頂鄉",5.66
"103Q2","屏東縣","林邊鄉",4.21
"103Q2","屏東縣","南州鄉",4.16
"103Q2","屏東縣","佳冬鄉",4.62
"103Q2","屏東縣","琉球鄉",5.05
"103Q2","屏東縣","車城鄉",3.98
"103Q2","屏東縣","滿州鄉",4.04
"103Q2","屏東縣","枋山鄉",4.20
"103Q2","屏東縣","三地門鄉",4.93
"103Q2","屏東縣","霧台鄉",4.08
"103Q2","屏東縣","瑪家鄉",5.03
"103Q2","屏東縣","泰武鄉",5.93
"103Q2","屏東縣","來義鄉",4.51
"103Q2","屏東縣","春日鄉",4.93
"103Q2","屏東縣","獅子鄉",4.45
"103Q2","屏東縣","牡丹鄉",3.91
"103Q2","台東縣","",3.60
"103Q2","台東縣","台東市",3.51
"103Q2","台東縣","成功鎮",3.52
"103Q2","台東縣","關山鎮",3.76
"103Q2","台東縣","卑南鄉",3.78
"103Q2","台東縣","大武鄉",3.52
"103Q2","台東縣","太麻里鄉",3.42
"103Q2","台東縣","東河鄉",3.24
"103Q2","台東縣","長濱鄉",3.08
"103Q2","台東縣","鹿野鄉",3.58
"103Q2","台東縣","池上鄉",3.57
"103Q2","台東縣","綠島鄉",6.17
"103Q2","台東縣","延平鄉",4.79
"103Q2","台東縣","海端鄉",4.97
"103Q2","台東縣","達仁鄉",3.55
"103Q2","台東縣","金峰鄉",4.93
"103Q2","台東縣","蘭嶼鄉",4.25
"103Q2","花蓮縣","",3.47
"103Q2","花蓮縣","花蓮市",3.39
"103Q2","花蓮縣","鳳林鎮",3.22
"103Q2","花蓮縣","玉里鎮",3.72
"103Q2","花蓮縣","新城鄉",3.34
"103Q2","花蓮縣","吉安鄉",3.25
"103Q2","花蓮縣","壽豐鄉",3.40
"103Q2","花蓮縣","光復鄉",3.44
"103Q2","花蓮縣","豐濱鄉",3.46
"103Q2","花蓮縣","瑞穗鄉",3.40
"103Q2","花蓮縣","富里鄉",3.51
"103Q2","花蓮縣","秀林鄉",5.08
"103Q2","花蓮縣","萬榮鄉",4.90
"103Q2","花蓮縣","卓溪鄉",4.68
"103Q2","澎湖縣","",4.15
"103Q2","澎湖縣","馬公市",3.88
"103Q2","澎湖縣","湖西鄉",4.35
"103Q2","澎湖縣","白沙鄉",4.80
"103Q2","澎湖縣","西嶼鄉",4.15
"103Q2","澎湖縣","望安鄉",5.69
"103Q2","澎湖縣","七美鄉",5.30
"103Q2","基隆市","",2.98
"103Q2","基隆市","中正區",2.83
"103Q2","基隆市","七堵區",3.04
"103Q2","基隆市","暖暖區",2.94
"103Q2","基隆市","仁愛區",3.24
"103Q2","基隆市","中山區",3.02
"103Q2","基隆市","安樂區",2.96
"103Q2","基隆市","信義區",2.88
"103Q2","新竹市","",3.42
"103Q2","新竹市","新竹市",3.42
"103Q2","嘉義市","",3.44
"103Q2","嘉義市","嘉義市",3.44
"103Q2","金門縣","",7.52
"103Q2","金門縣","金城鎮",7.25
"103Q2","金門縣","金湖鎮",7.12
"103Q2","金門縣","金沙鎮",7.12
"103Q2","金門縣","金寧鄉",8.13
"103Q2","金門縣","烈嶼鄉",9.18
"103Q2","金門縣","烏坵鄉",8.47
"103Q2","連江縣","",5.69
"103Q2","連江縣","南竿鄉",5.84
"103Q2","連江縣","北竿鄉",5.86
"103Q2","連江縣","莒光鄉",5.59
"103Q2","連江縣","東引鄉",4.77
"103Q3","全國","",3.57
"103Q3","新北市","",3.20
"103Q3","新北市","板橋區",3.29
"103Q3","新北市","三重區",3.21
"103Q3","新北市","中和區",3.03
"103Q3","新北市","永和區",3.08
"103Q3","新北市","新莊區",3.35
"103Q3","新北市","新店區",2.89
"103Q3","新北市","樹林區",3.42
"103Q3","新北市","鶯歌區",3.76
"103Q3","新北市","三峽區",3.38
"103Q3","新北市","淡水區",2.70
"103Q3","新北市","汐止區",2.72
"103Q3","新北市","瑞芳區",3.36
"103Q3","新北市","土城區",3.39
"103Q3","新北市","蘆洲區",3.48
"103Q3","新北市","五股區",3.43
"103Q3","新北市","泰山區",3.33
"103Q3","新北市","林口區",3.16
"103Q3","新北市","深坑區",3.01
"103Q3","新北市","石碇區",3.50
"103Q3","新北市","坪林區",3.79
"103Q3","新北市","三芝區",3.26
"103Q3","新北市","石門區",5.19
"103Q3","新北市","八里區",3.41
"103Q3","新北市","平溪區",3.05
"103Q3","新北市","雙溪區",3.92
"103Q3","新北市","貢寮區",4.80
"103Q3","新北市","金山區",4.29
"103Q3","新北市","萬里區",4.28
"103Q3","新北市","烏來區",5.32
"103Q3","台北市","",3.47
"103Q3","台北市","松山區",3.55
"103Q3","台北市","信義區",3.39
"103Q3","台北市","大安區",3.54
"103Q3","台北市","中山區",3.02
"103Q3","台北市","中正區",3.59
"103Q3","台北市","大同區",3.55
"103Q3","台北市","萬華區",3.32
"103Q3","台北市","文山區",3.42
"103Q3","台北市","南港區",3.52
"103Q3","台北市","內湖區",3.53
"103Q3","台北市","士林區",3.67
"103Q3","台北市","北投區",3.65
"103Q3","桃園市","",3.42
"103Q3","桃園市","桃園區",3.19
"103Q3","桃園市","中壢區",3.31
"103Q3","桃園市","平鎮區",3.47
"103Q3","桃園市","八德區",3.38
"103Q3","桃園市","楊梅區",3.49
"103Q3","桃園市","大溪區",3.68
"103Q3","桃園市","大園區",3.94
"103Q3","桃園市","龜山區",3.16
"103Q3","桃園市","龍潭區",3.54
"103Q3","桃園市","新屋區",4.79
"103Q3","桃園市","觀音區",4.35
"103Q3","桃園市","復興區",4.16
"103Q3","台中市","",3.69
"103Q3","台中市","中區",3.71
"103Q3","台中市","東區",3.43
"103Q3","台中市","南區",3.09
"103Q3","台中市","西區",3.22
"103Q3","台中市","北區",3.13
"103Q3","台中市","西屯區",3.26
"103Q3","台中市","南屯區",3.37
"103Q3","台中市","北屯區",3.40
"103Q3","台中市","豐原區",4.08
"103Q3","台中市","東勢區",4.19
"103Q3","台中市","大甲區",4.45
"103Q3","台中市","清水區",4.33
"103Q3","台中市","沙鹿區",3.90
"103Q3","台中市","梧棲區",4.23
"103Q3","台中市","后里區",4.66
"103Q3","台中市","神岡區",4.42
"103Q3","台中市","潭子區",3.68
"103Q3","台中市","大雅區",4.05
"103Q3","台中市","新社區",4.22
"103Q3","台中市","石岡區",4.33
"103Q3","台中市","外埔區",4.41
"103Q3","台中市","大安區",5.01
"103Q3","台中市","烏日區",3.93
"103Q3","台中市","大肚區",4.16
"103Q3","台中市","龍井區",4.44
"103Q3","台中市","霧峰區",4.17
"103Q3","台中市","太平區",3.70
"103Q3","台中市","大里區",3.77
"103Q3","台中市","和平區",3.61
"103Q3","台南市","",3.58
"103Q3","台南市","新營區",3.32
"103Q3","台南市","鹽水區",3.78
"103Q3","台南市","白河區",4.32
"103Q3","台南市","柳營區",3.96
"103Q3","台南市","後壁區",3.92
"103Q3","台南市","東山區",4.40
"103Q3","台南市","麻豆區",3.78
"103Q3","台南市","下營區",4.03
"103Q3","台南市","六甲區",3.96
"103Q3","台南市","官田區",3.84
"103Q3","台南市","大內區",4.18
"103Q3","台南市","佳里區",3.71
"103Q3","台南市","學甲區",3.88
"103Q3","台南市","西港區",4.17
"103Q3","台南市","七股區",4.65
"103Q3","台南市","將軍區",4.44
"103Q3","台南市","北門區",4.62
"103Q3","台南市","新化區",3.88
"103Q3","台南市","善化區",3.53
"103Q3","台南市","新市區",3.71
"103Q3","台南市","安定區",4.02
"103Q3","台南市","山上區",4.27
"103Q3","台南市","玉井區",3.92
"103Q3","台南市","楠西區",4.09
"103Q3","台南市","南化區",4.63
"103Q3","台南市","左鎮區",4.07
"103Q3","台南市","仁德區",3.43
"103Q3","台南市","歸仁區",3.80
"103Q3","台南市","關廟區",4.16
"103Q3","台南市","龍崎區",4.66
"103Q3","台南市","永康區",3.35
"103Q3","台南市","東區",3.25
"103Q3","台南市","南區",3.47
"103Q3","台南市","北區",3.23
"103Q3","台南市","安南區",3.87
"103Q3","台南市","安平區",3.16
"103Q3","台南市","中西區",3.18
"103Q3","高雄市","",3.36
"103Q3","高雄市","鹽埕區",3.00
"103Q3","高雄市","鼓山區",2.95
"103Q3","高雄市","左營區",3.02
"103Q3","高雄市","楠梓區",3.24
"103Q3","高雄市","三民區",3.21
"103Q3","高雄市","新興區",2.87
"103Q3","高雄市","前金區",2.70
"103Q3","高雄市","苓雅區",3.08
"103Q3","高雄市","前鎮區",3.19
"103Q3","高雄市","旗津區",4.29
"103Q3","高雄市","小港區",3.80
"103Q3","高雄市","鳳山區",3.22
"103Q3","高雄市","林園區",4.02
"103Q3","高雄市","大寮區",3.45
"103Q3","高雄市","大樹區",4.28
"103Q3","高雄市","大社區",3.42
"103Q3","高雄市","仁武區",3.25
"103Q3","高雄市","鳥松區",3.13
"103Q3","高雄市","岡山區",3.50
"103Q3","高雄市","橋頭區",3.52
"103Q3","高雄市","燕巢區",4.19
"103Q3","高雄市","田寮區",4.24
"103Q3","高雄市","阿蓮區",4.14
"103Q3","高雄市","路竹區",4.04
"103Q3","高雄市","湖內區",3.51
"103Q3","高雄市","茄萣區",4.38
"103Q3","高雄市","永安區",4.40
"103Q3","高雄市","彌陀區",4.66
"103Q3","高雄市","梓官區",3.85
"103Q3","高雄市","旗山區",3.76
"103Q3","高雄市","美濃區",4.81
"103Q3","高雄市","六龜區",3.68
"103Q3","高雄市","甲仙區",3.71
"103Q3","高雄市","杉林區",3.98
"103Q3","高雄市","內門區",5.53
"103Q3","高雄市","茂林區",5.05
"103Q3","高雄市","桃源區",4.81
"103Q3","高雄市","那瑪夏區",5.00
"103Q3","宜蘭縣","",3.56
"103Q3","宜蘭縣","宜蘭市",3.27
"103Q3","宜蘭縣","羅東鎮",3.55
"103Q3","宜蘭縣","蘇澳鎮",3.71
"103Q3","宜蘭縣","頭城鎮",3.89
"103Q3","宜蘭縣","礁溪鄉",3.52
"103Q3","宜蘭縣","壯圍鄉",4.01
"103Q3","宜蘭縣","員山鄉",3.69
"103Q3","宜蘭縣","冬山鄉",3.47
"103Q3","宜蘭縣","五結鄉",3.41
"103Q3","宜蘭縣","三星鄉",3.56
"103Q3","宜蘭縣","大同鄉",4.66
"103Q3","宜蘭縣","南澳鄉",5.59
"103Q3","新竹縣","",3.74
"103Q3","新竹縣","竹北市",3.31
"103Q3","新竹縣","關西鎮",4.86
"103Q3","新竹縣","新埔鎮",4.24
"103Q3","新竹縣","竹東鎮",3.62
"103Q3","新竹縣","湖口鄉",3.78
"103Q3","新竹縣","橫山鄉",4.22
"103Q3","新竹縣","新豐鄉",3.99
"103Q3","新竹縣","芎林鄉",4.19
"103Q3","新竹縣","寶山鄉",3.63
"103Q3","新竹縣","北埔鄉",4.66
"103Q3","新竹縣","峨眉鄉",4.93
"103Q3","新竹縣","尖石鄉",4.55
"103Q3","新竹縣","五峰鄉",4.33
"103Q3","苗栗縣","",4.07
"103Q3","苗栗縣","苗栗市",3.52
"103Q3","苗栗縣","苑裡鎮",4.65
"103Q3","苗栗縣","通霄鎮",4.83
"103Q3","苗栗縣","竹南鎮",3.75
"103Q3","苗栗縣","頭份鎮",3.69
"103Q3","苗栗縣","後龍鎮",4.67
"103Q3","苗栗縣","卓蘭鎮",4.88
"103Q3","苗栗縣","大湖鄉",4.62
"103Q3","苗栗縣","公館鄉",4.10
"103Q3","苗栗縣","銅鑼鄉",4.42
"103Q3","苗栗縣","南庄鄉",4.14
"103Q3","苗栗縣","頭屋鄉",4.42
"103Q3","苗栗縣","三義鄉",4.35
"103Q3","苗栗縣","西湖鄉",5.53
"103Q3","苗栗縣","造橋鄉",4.32
"103Q3","苗栗縣","三灣鄉",4.41
"103Q3","苗栗縣","獅潭鄉",4.18
"103Q3","苗栗縣","泰安鄉",6.41
"103Q3","彰化縣","",4.56
"103Q3","彰化縣","彰化市",3.81
"103Q3","彰化縣","鹿港鎮",4.70
"103Q3","彰化縣","和美鎮",4.22
"103Q3","彰化縣","北斗鎮",3.96
"103Q3","彰化縣","員林鎮",4.20
"103Q3","彰化縣","溪湖鎮",4.90
"103Q3","彰化縣","田中鎮",4.43
"103Q3","彰化縣","二林鎮",5.50
"103Q3","彰化縣","線西鄉",5.45
"103Q3","彰化縣","伸港鄉",5.10
"103Q3","彰化縣","福興鄉",5.54
"103Q3","彰化縣","秀水鄉",4.80
"103Q3","彰化縣","花壇鄉",4.21
"103Q3","彰化縣","芬園鄉",5.02
"103Q3","彰化縣","大村鄉",5.62
"103Q3","彰化縣","埔鹽鄉",6.51
"103Q3","彰化縣","埔心鄉",4.21
"103Q3","彰化縣","永靖鄉",5.34
"103Q3","彰化縣","社頭鄉",5.25
"103Q3","彰化縣","二水鄉",4.31
"103Q3","彰化縣","田尾鄉",4.35
"103Q3","彰化縣","埤頭鄉",4.70
"103Q3","彰化縣","芳苑鄉",5.36
"103Q3","彰化縣","大城鄉",6.43
"103Q3","彰化縣","竹塘鄉",4.89
"103Q3","彰化縣","溪州鄉",5.35
"103Q3","南投縣","",4.02
"103Q3","南投縣","南投市",3.67
"103Q3","南投縣","埔里鎮",3.85
"103Q3","南投縣","草屯鎮",4.04
"103Q3","南投縣","竹山鎮",3.81
"103Q3","南投縣","集集鎮",4.02
"103Q3","南投縣","名間鄉",4.80
"103Q3","南投縣","鹿谷鄉",4.47
"103Q3","南投縣","中寮鄉",4.64
"103Q3","南投縣","魚池鄉",4.83
"103Q3","南投縣","國姓鄉",4.07
"103Q3","南投縣","水里鄉",3.69
"103Q3","南投縣","信義鄉",5.12
"103Q3","南投縣","仁愛鄉",4.36
"103Q3","雲林縣","",4.33
"103Q3","雲林縣","斗六市",3.54
"103Q3","雲林縣","斗南鎮",3.82
"103Q3","雲林縣","虎尾鎮",3.68
"103Q3","雲林縣","西螺鎮",4.45
"103Q3","雲林縣","土庫鎮",4.59
"103Q3","雲林縣","北港鎮",3.74
"103Q3","雲林縣","古坑鄉",4.48
"103Q3","雲林縣","大埤鄉",4.53
"103Q3","雲林縣","莿桐鄉",4.62
"103Q3","雲林縣","林內鄉",4.43
"103Q3","雲林縣","二崙鄉",5.10
"103Q3","雲林縣","崙背鄉",4.72
"103Q3","雲林縣","麥寮鄉",5.83
"103Q3","雲林縣","東勢鄉",4.91
"103Q3","雲林縣","褒忠鄉",4.78
"103Q3","雲林縣","台西鄉",5.23
"103Q3","雲林縣","元長鄉",4.92
"103Q3","雲林縣","四湖鄉",4.88
"103Q3","雲林縣","口湖鄉",5.51
"103Q3","雲林縣","水林鄉",5.18
"103Q3","嘉義縣","",4.35
"103Q3","嘉義縣","太保市",3.96
"103Q3","嘉義縣","朴子市",3.94
"103Q3","嘉義縣","布袋鎮",4.56
"103Q3","嘉義縣","大林鎮",4.03
"103Q3","嘉義縣","民雄鄉",3.93
"103Q3","嘉義縣","溪口鄉",5.35
"103Q3","嘉義縣","新港鄉",4.99
"103Q3","嘉義縣","六腳鄉",5.18
"103Q3","嘉義縣","東石鄉",5.31
"103Q3","嘉義縣","義竹鄉",4.77
"103Q3","嘉義縣","鹿草鄉",4.97
"103Q3","嘉義縣","水上鄉",3.79
"103Q3","嘉義縣","中埔鄉",4.30
"103Q3","嘉義縣","竹崎鄉",4.83
"103Q3","嘉義縣","梅山鄉",4.53
"103Q3","嘉義縣","番路鄉",4.07
"103Q3","嘉義縣","大埔鄉",5.23
"103Q3","嘉義縣","阿里山鄉",4.66
"103Q3","屏東縣","",3.99
"103Q3","屏東縣","屏東市",3.35
"103Q3","屏東縣","潮州鎮",3.48
"103Q3","屏東縣","東港鎮",4.05
"103Q3","屏東縣","恆春鎮",3.92
"103Q3","屏東縣","萬丹鄉",4.27
"103Q3","屏東縣","長治鄉",4.01
"103Q3","屏東縣","麟洛鄉",3.73
"103Q3","屏東縣","九如鄉",4.23
"103Q3","屏東縣","里港鄉",4.51
"103Q3","屏東縣","鹽埔鄉",4.88
"103Q3","屏東縣","高樹鄉",4.78
"103Q3","屏東縣","萬巒鄉",4.84
"103Q3","屏東縣","內埔鄉",4.18
"103Q3","屏東縣","竹田鄉",4.08
"103Q3","屏東縣","新埤鄉",4.52
"103Q3","屏東縣","枋寮鄉",3.97
"103Q3","屏東縣","新園鄉",4.43
"103Q3","屏東縣","崁頂鄉",5.66
"103Q3","屏東縣","林邊鄉",4.19
"103Q3","屏東縣","南州鄉",4.16
"103Q3","屏東縣","佳冬鄉",4.61
"103Q3","屏東縣","琉球鄉",5.02
"103Q3","屏東縣","車城鄉",3.97
"103Q3","屏東縣","滿州鄉",4.03
"103Q3","屏東縣","枋山鄉",4.18
"103Q3","屏東縣","三地門鄉",4.92
"103Q3","屏東縣","霧台鄉",4.10
"103Q3","屏東縣","瑪家鄉",5.04
"103Q3","屏東縣","泰武鄉",5.94
"103Q3","屏東縣","來義鄉",4.50
"103Q3","屏東縣","春日鄉",4.93
"103Q3","屏東縣","獅子鄉",4.45
"103Q3","屏東縣","牡丹鄉",3.92
"103Q3","台東縣","",3.59
"103Q3","台東縣","台東市",3.49
"103Q3","台東縣","成功鎮",3.50
"103Q3","台東縣","關山鎮",3.75
"103Q3","台東縣","卑南鄉",3.78
"103Q3","台東縣","大武鄉",3.50
"103Q3","台東縣","太麻里鄉",3.41
"103Q3","台東縣","東河鄉",3.24
"103Q3","台東縣","長濱鄉",3.07
"103Q3","台東縣","鹿野鄉",3.57
"103Q3","台東縣","池上鄉",3.55
"103Q3","台東縣","綠島鄉",6.17
"103Q3","台東縣","延平鄉",4.77
"103Q3","台東縣","海端鄉",4.95
"103Q3","台東縣","達仁鄉",3.55
"103Q3","台東縣","金峰鄉",4.95
"103Q3","台東縣","蘭嶼鄉",4.24
"103Q3","花蓮縣","",3.46
"103Q3","花蓮縣","花蓮市",3.37
"103Q3","花蓮縣","鳳林鎮",3.21
"103Q3","花蓮縣","玉里鎮",3.70
"103Q3","花蓮縣","新城鄉",3.33
"103Q3","花蓮縣","吉安鄉",3.24
"103Q3","花蓮縣","壽豐鄉",3.38
"103Q3","花蓮縣","光復鄉",3.42
"103Q3","花蓮縣","豐濱鄉",3.43
"103Q3","花蓮縣","瑞穗鄉",3.40
"103Q3","花蓮縣","富里鄉",3.50
"103Q3","花蓮縣","秀林鄉",5.09
"103Q3","花蓮縣","萬榮鄉",4.89
"103Q3","花蓮縣","卓溪鄉",4.69
"103Q3","澎湖縣","",4.15
"103Q3","澎湖縣","馬公市",3.89
"103Q3","澎湖縣","湖西鄉",4.35
"103Q3","澎湖縣","白沙鄉",4.79
"103Q3","澎湖縣","西嶼鄉",4.14
"103Q3","澎湖縣","望安鄉",5.71
"103Q3","澎湖縣","七美鄉",5.27
"103Q3","基隆市","",2.96
"103Q3","基隆市","中正區",2.80
"103Q3","基隆市","七堵區",3.02
"103Q3","基隆市","暖暖區",2.92
"103Q3","基隆市","仁愛區",3.21
"103Q3","基隆市","中山區",3.01
"103Q3","基隆市","安樂區",2.95
"103Q3","基隆市","信義區",2.87
"103Q3","新竹市","",3.39
"103Q3","新竹市","新竹市",3.39
"103Q3","嘉義市","",3.43
"103Q3","嘉義市","嘉義市",3.43
"103Q3","金門縣","",7.59
"103Q3","金門縣","金城鎮",7.28
"103Q3","金門縣","金湖鎮",7.15
"103Q3","金門縣","金沙鎮",7.17
"103Q3","金門縣","金寧鄉",8.31
"103Q3","金門縣","烈嶼鄉",9.27
"103Q3","金門縣","烏坵鄉",8.51
"103Q3","連江縣","",5.69
"103Q3","連江縣","南竿鄉",5.82
"103Q3","連江縣","北竿鄉",5.86
"103Q3","連江縣","莒光鄉",5.65
"103Q3","連江縣","東引鄉",4.84
"103Q4","全國","",3.49
"103Q4","新北市","",3.14
"103Q4","新北市","板橋區",3.24
"103Q4","新北市","三重區",3.16
"103Q4","新北市","中和區",2.96
"103Q4","新北市","永和區",2.99
"103Q4","新北市","新莊區",3.30
"103Q4","新北市","新店區",2.82
"103Q4","新北市","樹林區",3.37
"103Q4","新北市","鶯歌區",3.69
"103Q4","新北市","三峽區",3.33
"103Q4","新北市","淡水區",2.64
"103Q4","新北市","汐止區",2.68
"103Q4","新北市","瑞芳區",3.26
"103Q4","新北市","土城區",3.33
"103Q4","新北市","蘆洲區",3.43
"103Q4","新北市","五股區",3.37
"103Q4","新北市","泰山區",3.28
"103Q4","新北市","林口區",3.12
"103Q4","新北市","深坑區",2.95
"103Q4","新北市","石碇區",3.40
"103Q4","新北市","坪林區",3.68
"103Q4","新北市","三芝區",3.18
"103Q4","新北市","石門區",5.09
"103Q4","新北市","八里區",3.35
"103Q4","新北市","平溪區",2.91
"103Q4","新北市","雙溪區",3.79
"103Q4","新北市","貢寮區",4.63
"103Q4","新北市","金山區",4.20
"103Q4","新北市","萬里區",4.19
"103Q4","新北市","烏來區",5.22
"103Q4","台北市","",3.39
"103Q4","台北市","松山區",3.43
"103Q4","台北市","信義區",3.30
"103Q4","台北市","大安區",3.41
"103Q4","台北市","中山區",2.94
"103Q4","台北市","中正區",3.49
"103Q4","台北市","大同區",3.46
"103Q4","台北市","萬華區",3.28
"103Q4","台北市","文山區",3.37
"103Q4","台北市","南港區",3.45
"103Q4","台北市","內湖區",3.46
"103Q4","台北市","士林區",3.57
"103Q4","台北市","北投區",3.58
"103Q4","桃園市","",3.35
"103Q4","桃園市","桃園區",3.14
"103Q4","桃園市","中壢區",3.25
"103Q4","桃園市","平鎮區",3.41
"103Q4","桃園市","八德區",3.31
"103Q4","桃園市","楊梅區",3.42
"103Q4","桃園市","大溪區",3.60
"103Q4","桃園市","蘆竹區",3.29
"103Q4","桃園市","大園區",3.79
"103Q4","桃園市","龜山區",3.11
"103Q4","桃園市","龍潭區",3.47
"103Q4","桃園市","新屋區",4.65
"103Q4","桃園市","觀音區",4.24
"103Q4","桃園市","復興區",4.05
"103Q4","台中市","",3.62
"103Q4","台中市","中區",3.61
"103Q4","台中市","東區",3.36
"103Q4","台中市","南區",3.03
"103Q4","台中市","西區",3.14
"103Q4","台中市","北區",3.06
"103Q4","台中市","西屯區",3.21
"103Q4","台中市","南屯區",3.32
"103Q4","台中市","北屯區",3.33
"103Q4","台中市","豐原區",4.00
"103Q4","台中市","東勢區",4.06
"103Q4","台中市","大甲區",4.35
"103Q4","台中市","清水區",4.23
"103Q4","台中市","沙鹿區",3.83
"103Q4","台中市","梧棲區",4.14
"103Q4","台中市","后里區",4.53
"103Q4","台中市","神岡區",4.32
"103Q4","台中市","潭子區",3.62
"103Q4","台中市","大雅區",3.97
"103Q4","台中市","新社區",4.09
"103Q4","台中市","石岡區",4.19
"103Q4","台中市","外埔區",4.31
"103Q4","台中市","大安區",4.85
"103Q4","台中市","烏日區",3.86
"103Q4","台中市","大肚區",4.07
"103Q4","台中市","龍井區",4.36
"103Q4","台中市","霧峰區",4.06
"103Q4","台中市","太平區",3.63
"103Q4","台中市","大里區",3.73
"103Q4","台中市","和平區",3.52
"103Q4","台南市","",3.50
"103Q4","台南市","新營區",3.25
"103Q4","台南市","鹽水區",3.65
"103Q4","台南市","白河區",4.04
"103Q4","台南市","柳營區",3.83
"103Q4","台南市","後壁區",3.78
"103Q4","台南市","東山區",4.25
"103Q4","台南市","麻豆區",3.68
"103Q4","台南市","下營區",3.90
"103Q4","台南市","六甲區",3.83
"103Q4","台南市","官田區",3.72
"103Q4","台南市","大內區",4.02
"103Q4","台南市","佳里區",3.62
"103Q4","台南市","學甲區",3.76
"103Q4","台南市","西港區",4.05
"103Q4","台南市","七股區",4.50
"103Q4","台南市","將軍區",4.28
"103Q4","台南市","北門區",4.45
"103Q4","台南市","新化區",3.78
"103Q4","台南市","善化區",3.44
"103Q4","台南市","新市區",3.63
"103Q4","台南市","安定區",3.90
"103Q4","台南市","山上區",4.13
"103Q4","台南市","玉井區",3.78
"103Q4","台南市","楠西區",3.95
"103Q4","台南市","南化區",4.50
"103Q4","台南市","左鎮區",3.85
"103Q4","台南市","仁德區",3.37
"103Q4","台南市","歸仁區",3.72
"103Q4","台南市","關廟區",4.03
"103Q4","台南市","龍崎區",4.45
"103Q4","台南市","永康區",3.30
"103Q4","台南市","東區",3.18
"103Q4","台南市","南區",3.39
"103Q4","台南市","北區",3.16
"103Q4","台南市","安南區",3.80
"103Q4","台南市","安平區",3.11
"103Q4","台南市","中西區",3.11
"103Q4","高雄市","",3.28
"103Q4","高雄市","鹽埕區",2.91
"103Q4","高雄市","鼓山區",2.89
"103Q4","高雄市","左營區",2.96
"103Q4","高雄市","楠梓區",3.17
"103Q4","高雄市","三民區",3.14
"103Q4","高雄市","新興區",2.78
"103Q4","高雄市","前金區",2.60
"103Q4","高雄市","苓雅區",3.00
"103Q4","高雄市","前鎮區",3.12
"103Q4","高雄市","旗津區",4.19
"103Q4","高雄市","小港區",3.74
"103Q4","高雄市","鳳山區",3.17
"103Q4","高雄市","林園區",3.93
"103Q4","高雄市","大寮區",3.37
"103Q4","高雄市","大樹區",4.15
"103Q4","高雄市","大社區",3.35
"103Q4","高雄市","仁武區",3.19
"103Q4","高雄市","鳥松區",3.07
"103Q4","高雄市","岡山區",3.43
"103Q4","高雄市","橋頭區",3.44
"103Q4","高雄市","燕巢區",4.02
"103Q4","高雄市","田寮區",4.05
"103Q4","高雄市","阿蓮區",4.03
"103Q4","高雄市","路竹區",3.94
"103Q4","高雄市","湖內區",3.43
"103Q4","高雄市","茄萣區",4.27
"103Q4","高雄市","永安區",4.30
"103Q4","高雄市","彌陀區",4.52
"103Q4","高雄市","梓官區",3.74
"103Q4","高雄市","旗山區",3.63
"103Q4","高雄市","美濃區",4.63
"103Q4","高雄市","六龜區",3.53
"103Q4","高雄市","甲仙區",3.55
"103Q4","高雄市","杉林區",3.82
"103Q4","高雄市","內門區",5.26
"103Q4","高雄市","茂林區",4.90
"103Q4","高雄市","桃源區",4.64
"103Q4","高雄市","那瑪夏區",4.82
"103Q4","宜蘭縣","",3.47
"103Q4","宜蘭縣","宜蘭市",3.21
"103Q4","宜蘭縣","羅東鎮",3.47
"103Q4","宜蘭縣","蘇澳鎮",3.59
"103Q4","宜蘭縣","頭城鎮",3.78
"103Q4","宜蘭縣","礁溪鄉",3.42
"103Q4","宜蘭縣","壯圍鄉",3.90
"103Q4","宜蘭縣","員山鄉",3.58
"103Q4","宜蘭縣","冬山鄉",3.38
"103Q4","宜蘭縣","五結鄉",3.31
"103Q4","宜蘭縣","三星鄉",3.45
"103Q4","宜蘭縣","大同鄉",4.52
"103Q4","宜蘭縣","南澳鄉",5.46
"103Q4","新竹縣","",3.66
"103Q4","新竹縣","竹北市",3.27
"103Q4","新竹縣","關西鎮",4.68
"103Q4","新竹縣","新埔鎮",4.10
"103Q4","新竹縣","竹東鎮",3.54
"103Q4","新竹縣","湖口鄉",3.69
"103Q4","新竹縣","橫山鄉",4.05
"103Q4","新竹縣","新豐鄉",3.92
"103Q4","新竹縣","芎林鄉",4.08
"103Q4","新竹縣","寶山鄉",3.52
"103Q4","新竹縣","北埔鄉",4.50
"103Q4","新竹縣","峨眉鄉",4.63
"103Q4","新竹縣","尖石鄉",4.45
"103Q4","新竹縣","五峰鄉",4.15
"103Q4","苗栗縣","",3.96
"103Q4","苗栗縣","苗栗市",3.44
"103Q4","苗栗縣","苑裡鎮",4.53
"103Q4","苗栗縣","通霄鎮",4.67
"103Q4","苗栗縣","竹南鎮",3.67
"103Q4","苗栗縣","頭份鎮",3.62
"103Q4","苗栗縣","後龍鎮",4.53
"103Q4","苗栗縣","卓蘭鎮",4.73
"103Q4","苗栗縣","大湖鄉",4.46
"103Q4","苗栗縣","公館鄉",3.98
"103Q4","苗栗縣","銅鑼鄉",4.26
"103Q4","苗栗縣","南庄鄉",3.96
"103Q4","苗栗縣","頭屋鄉",4.29
"103Q4","苗栗縣","三義鄉",4.25
"103Q4","苗栗縣","西湖鄉",5.29
"103Q4","苗栗縣","造橋鄉",4.18
"103Q4","苗栗縣","三灣鄉",4.24
"103Q4","苗栗縣","獅潭鄉",3.98
"103Q4","苗栗縣","泰安鄉",6.21
"103Q4","彰化縣","",4.44
"103Q4","彰化縣","彰化市",3.74
"103Q4","彰化縣","鹿港鎮",4.60
"103Q4","彰化縣","和美鎮",4.14
"103Q4","彰化縣","北斗鎮",3.87
"103Q4","彰化縣","員林鎮",4.12
"103Q4","彰化縣","溪湖鎮",4.78
"103Q4","彰化縣","田中鎮",4.07
"103Q4","彰化縣","二林鎮",5.30
"103Q4","彰化縣","線西鄉",5.30
"103Q4","彰化縣","伸港鄉",4.98
"103Q4","彰化縣","福興鄉",5.39
"103Q4","彰化縣","秀水鄉",4.68
"103Q4","彰化縣","花壇鄉",4.12
"103Q4","彰化縣","芬園鄉",4.85
"103Q4","彰化縣","大村鄉",5.46
"103Q4","彰化縣","埔鹽鄉",6.31
"103Q4","彰化縣","埔心鄉",4.10
"103Q4","彰化縣","永靖鄉",5.18
"103Q4","彰化縣","社頭鄉",5.09
"103Q4","彰化縣","二水鄉",4.17
"103Q4","彰化縣","田尾鄉",4.22
"103Q4","彰化縣","埤頭鄉",4.54
"103Q4","彰化縣","芳苑鄉",5.16
"103Q4","彰化縣","大城鄉",6.13
"103Q4","彰化縣","竹塘鄉",4.70
"103Q4","彰化縣","溪州鄉",5.17
"103Q4","南投縣","",3.91
"103Q4","南投縣","南投市",3.59
"103Q4","南投縣","埔里鎮",3.74
"103Q4","南投縣","草屯鎮",3.95
"103Q4","南投縣","竹山鎮",3.70
"103Q4","南投縣","集集鎮",3.89
"103Q4","南投縣","名間鄉",4.65
"103Q4","南投縣","鹿谷鄉",4.31
"103Q4","南投縣","中寮鄉",4.43
"103Q4","南投縣","魚池鄉",4.65
"103Q4","南投縣","國姓鄉",3.90
"103Q4","南投縣","水里鄉",3.57
"103Q4","南投縣","信義鄉",4.98
"103Q4","南投縣","仁愛鄉",4.26
"103Q4","雲林縣","",4.20
"103Q4","雲林縣","斗六市",3.47
"103Q4","雲林縣","斗南鎮",3.71
"103Q4","雲林縣","虎尾鎮",3.59
"103Q4","雲林縣","西螺鎮",4.32
"103Q4","雲林縣","土庫鎮",4.41
"103Q4","雲林縣","北港鎮",3.62
"103Q4","雲林縣","古坑鄉",4.34
"103Q4","雲林縣","大埤鄉",4.37
"103Q4","雲林縣","莿桐鄉",4.47
"103Q4","雲林縣","林內鄉",4.26
"103Q4","雲林縣","二崙鄉",4.90
"103Q4","雲林縣","崙背鄉",4.54
"103Q4","雲林縣","麥寮鄉",5.74
"103Q4","雲林縣","東勢鄉",4.68
"103Q4","雲林縣","褒忠鄉",4.59
"103Q4","雲林縣","台西鄉",5.04
"103Q4","雲林縣","元長鄉",4.71
"103Q4","雲林縣","四湖鄉",4.65
"103Q4","雲林縣","口湖鄉",5.29
"103Q4","雲林縣","水林鄉",4.96
"103Q4","嘉義縣","",4.20
"103Q4","嘉義縣","太保市",3.86
"103Q4","嘉義縣","朴子市",3.82
"103Q4","嘉義縣","布袋鎮",4.38
"103Q4","嘉義縣","大林鎮",3.89
"103Q4","嘉義縣","民雄鄉",3.83
"103Q4","嘉義縣","溪口鄉",5.13
"103Q4","嘉義縣","新港鄉",4.84
"103Q4","嘉義縣","六腳鄉",4.94
"103Q4","嘉義縣","東石鄉",5.09
"103Q4","嘉義縣","義竹鄉",4.58
"103Q4","嘉義縣","鹿草鄉",4.75
"103Q4","嘉義縣","水上鄉",3.67
"103Q4","嘉義縣","中埔鄉",4.17
"103Q4","嘉義縣","竹崎鄉",4.65
"103Q4","嘉義縣","梅山鄉",4.36
"103Q4","嘉義縣","番路鄉",3.92
"103Q4","嘉義縣","大埔鄉",5.16
"103Q4","嘉義縣","阿里山鄉",4.52
"103Q4","屏東縣","",3.86
"103Q4","屏東縣","屏東市",3.27
"103Q4","屏東縣","潮州鎮",3.39
"103Q4","屏東縣","東港鎮",3.96
"103Q4","屏東縣","恆春鎮",3.82
"103Q4","屏東縣","萬丹鄉",4.14
"103Q4","屏東縣","長治鄉",3.88
"103Q4","屏東縣","麟洛鄉",3.59
"103Q4","屏東縣","九如鄉",4.08
"103Q4","屏東縣","里港鄉",4.41
"103Q4","屏東縣","鹽埔鄉",4.72
"103Q4","屏東縣","高樹鄉",4.58
"103Q4","屏東縣","萬巒鄉",4.64
"103Q4","屏東縣","內埔鄉",3.90
"103Q4","屏東縣","竹田鄉",3.94
"103Q4","屏東縣","新埤鄉",4.30
"103Q4","屏東縣","枋寮鄉",3.85
"103Q4","屏東縣","新園鄉",4.29
"103Q4","屏東縣","崁頂鄉",5.52
"103Q4","屏東縣","林邊鄉",4.04
"103Q4","屏東縣","南州鄉",4.01
"103Q4","屏東縣","佳冬鄉",4.44
"103Q4","屏東縣","琉球鄉",4.87
"103Q4","屏東縣","車城鄉",3.79
"103Q4","屏東縣","滿州鄉",3.87
"103Q4","屏東縣","枋山鄉",4.03
"103Q4","屏東縣","三地門鄉",4.75
"103Q4","屏東縣","霧台鄉",3.97
"103Q4","屏東縣","瑪家鄉",4.87
"103Q4","屏東縣","泰武鄉",5.70
"103Q4","屏東縣","來義鄉",4.38
"103Q4","屏東縣","春日鄉",4.75
"103Q4","屏東縣","獅子鄉",4.24
"103Q4","屏東縣","牡丹鄉",3.78
"103Q4","台東縣","",3.47
"103Q4","台東縣","台東市",3.42
"103Q4","台東縣","成功鎮",3.36
"103Q4","台東縣","關山鎮",3.58
"103Q4","台東縣","卑南鄉",3.44
"103Q4","台東縣","大武鄉",3.37
"103Q4","台東縣","太麻里鄉",3.29
"103Q4","台東縣","東河鄉",3.08
"103Q4","台東縣","長濱鄉",2.91
"103Q4","台東縣","鹿野鄉",3.46
"103Q4","台東縣","池上鄉",3.43
"103Q4","台東縣","綠島鄉",6.03
"103Q4","台東縣","延平鄉",4.63
"103Q4","台東縣","海端鄉",4.78
"103Q4","台東縣","達仁鄉",3.42
"103Q4","台東縣","金峰鄉",4.83
"103Q4","台東縣","蘭嶼鄉",4.18
"103Q4","花蓮縣","",3.35
"103Q4","花蓮縣","花蓮市",3.30
"103Q4","花蓮縣","鳳林鎮",3.08
"103Q4","花蓮縣","玉里鎮",3.41
"103Q4","花蓮縣","新城鄉",3.26
"103Q4","花蓮縣","吉安鄉",3.17
"103Q4","花蓮縣","壽豐鄉",3.25
"103Q4","花蓮縣","光復鄉",3.27
"103Q4","花蓮縣","豐濱鄉",3.26
"103Q4","花蓮縣","瑞穗鄉",3.25
"103Q4","花蓮縣","富里鄉",3.32
"103Q4","花蓮縣","秀林鄉",4.98
"103Q4","花蓮縣","萬榮鄉",4.74
"103Q4","花蓮縣","卓溪鄉",4.47
"103Q4","澎湖縣","",4.07
"103Q4","澎湖縣","馬公市",3.83
"103Q4","澎湖縣","湖西鄉",4.24
"103Q4","澎湖縣","白沙鄉",4.68
"103Q4","澎湖縣","西嶼鄉",4.02
"103Q4","澎湖縣","望安鄉",5.56
"103Q4","澎湖縣","七美鄉",5.15
"103Q4","基隆市","",2.89
"103Q4","基隆市","中正區",2.73
"103Q4","基隆市","七堵區",2.96
"103Q4","基隆市","暖暖區",2.86
"103Q4","基隆市","仁愛區",3.12
"103Q4","基隆市","中山區",2.94
"103Q4","基隆市","安樂區",2.88
"103Q4","基隆市","信義區",2.80
"103Q4","新竹市","",3.33
"103Q4","新竹市","新竹市",3.33
"103Q4","嘉義市","",3.35
"103Q4","嘉義市","嘉義市",3.35
"103Q4","金門縣","",7.58
"103Q4","金門縣","金城鎮",7.27
"103Q4","金門縣","金湖鎮",7.13
"103Q4","金門縣","金沙鎮",7.13
"103Q4","金門縣","金寧鄉",8.33
"103Q4","金門縣","烈嶼鄉",9.33
"103Q4","金門縣","烏坵鄉",8.52
"103Q4","連江縣","",5.69
"103Q4","連江縣","南竿鄉",5.81
"103Q4","連江縣","北竿鄉",5.89
"103Q4","連江縣","莒光鄉",5.75
"103Q4","連江縣","東引鄉",4.76
"104Q1","全國","",3.48
"104Q1","新北市","",3.14
"104Q1","新北市","板橋區",3.23
"104Q1","新北市","三重區",3.15
"104Q1","新北市","中和區",2.96
"104Q1","新北市","永和區",2.99
"104Q1","新北市","新莊區",3.29
"104Q1","新北市","新店區",2.81
"104Q1","新北市","樹林區",3.36
"104Q1","新北市","鶯歌區",3.66
"104Q1","新北市","三峽區",3.32
"104Q1","新北市","淡水區",2.64
"104Q1","新北市","汐止區",2.67
"104Q1","新北市","瑞芳區",3.25
"104Q1","新北市","土城區",3.33
"104Q1","新北市","蘆洲區",3.42
"104Q1","新北市","五股區",3.35
"104Q1","新北市","泰山區",3.27
"104Q1","新北市","林口區",3.12
"104Q1","新北市","深坑區",2.93
"104Q1","新北市","石碇區",3.39
"104Q1","新北市","坪林區",3.69
"104Q1","新北市","三芝區",3.17
"104Q1","新北市","石門區",5.06
"104Q1","新北市","八里區",3.35
"104Q1","新北市","平溪區",2.91
"104Q1","新北市","雙溪區",3.76
"104Q1","新北市","貢寮區",4.60
"104Q1","新北市","金山區",4.18
"104Q1","新北市","萬里區",4.17
"104Q1","新北市","烏來區",5.22
"104Q1","台北市","",3.39
"104Q1","台北市","松山區",3.44
"104Q1","台北市","信義區",3.30
"104Q1","台北市","大安區",3.41
"104Q1","台北市","中山區",2.94
"104Q1","台北市","中正區",3.49
"104Q1","台北市","大同區",3.46
"104Q1","台北市","萬華區",3.28
"104Q1","台北市","文山區",3.37
"104Q1","台北市","南港區",3.45
"104Q1","台北市","內湖區",3.46
"104Q1","台北市","士林區",3.57
"104Q1","台北市","北投區",3.58
"104Q1","桃園市","",3.36
"104Q1","桃園市","桃園區",3.16
"104Q1","桃園市","中壢區",3.26
"104Q1","桃園市","平鎮區",3.41
"104Q1","桃園市","八德區",3.32
"104Q1","桃園市","楊梅區",3.43
"104Q1","桃園市","大溪區",3.60
"104Q1","桃園市","蘆竹區",3.30
"104Q1","桃園市","大園區",3.78
"104Q1","桃園市","龜山區",3.11
"104Q1","桃園市","龍潭區",3.47
"104Q1","桃園市","新屋區",4.63
"104Q1","桃園市","觀音區",4.21
"104Q1","桃園市","復興區",4.04
"104Q1","台中市","",3.61
"104Q1","台中市","中區",3.60
"104Q1","台中市","東區",3.36
"104Q1","台中市","南區",3.03
"104Q1","台中市","西區",3.13
"104Q1","台中市","北區",3.06
"104Q1","台中市","西屯區",3.20
"104Q1","台中市","南屯區",3.31
"104Q1","台中市","北屯區",3.33
"104Q1","台中市","豐原區",3.99
"104Q1","台中市","東勢區",4.05
"104Q1","台中市","大甲區",4.34
"104Q1","台中市","清水區",4.22
"104Q1","台中市","沙鹿區",3.83
"104Q1","台中市","梧棲區",4.12
"104Q1","台中市","后里區",4.52
"104Q1","台中市","神岡區",4.31
"104Q1","台中市","潭子區",3.61
"104Q1","台中市","大雅區",3.97
"104Q1","台中市","新社區",4.08
"104Q1","台中市","石岡區",4.18
"104Q1","台中市","外埔區",4.30
"104Q1","台中市","大安區",4.83
"104Q1","台中市","烏日區",3.85
"104Q1","台中市","大肚區",4.05
"104Q1","台中市","龍井區",4.35
"104Q1","台中市","霧峰區",4.06
"104Q1","台中市","太平區",3.62
"104Q1","台中市","大里區",3.72
"104Q1","台中市","和平區",3.51
"104Q1","台南市","",3.49
"104Q1","台南市","新營區",3.25
"104Q1","台南市","鹽水區",3.64
"104Q1","台南市","白河區",4.02
"104Q1","台南市","柳營區",3.80
"104Q1","台南市","後壁區",3.76
"104Q1","台南市","東山區",4.24
"104Q1","台南市","麻豆區",3.68
"104Q1","台南市","下營區",3.88
"104Q1","台南市","六甲區",3.82
"104Q1","台南市","官田區",3.70
"104Q1","台南市","大內區",4.01
"104Q1","台南市","佳里區",3.61
"104Q1","台南市","學甲區",3.74
"104Q1","台南市","西港區",4.05
"104Q1","台南市","七股區",4.48
"104Q1","台南市","將軍區",4.25
"104Q1","台南市","北門區",4.42
"104Q1","台南市","新化區",3.78
"104Q1","台南市","善化區",3.43
"104Q1","台南市","新市區",3.62
"104Q1","台南市","安定區",3.88
"104Q1","台南市","山上區",4.13
"104Q1","台南市","玉井區",3.77
"104Q1","台南市","楠西區",3.94
"104Q1","台南市","南化區",4.47
"104Q1","台南市","左鎮區",3.82
"104Q1","台南市","仁德區",3.36
"104Q1","台南市","歸仁區",3.73
"104Q1","台南市","關廟區",4.02
"104Q1","台南市","龍崎區",4.41
"104Q1","台南市","永康區",3.29
"104Q1","台南市","東區",3.18
"104Q1","台南市","南區",3.39
"104Q1","台南市","北區",3.16
"104Q1","台南市","安南區",3.79
"104Q1","台南市","安平區",3.11
"104Q1","台南市","中西區",3.10
"104Q1","高雄市","",3.27
"104Q1","高雄市","鹽埕區",2.91
"104Q1","高雄市","鼓山區",2.89
"104Q1","高雄市","左營區",2.96
"104Q1","高雄市","楠梓區",3.16
"104Q1","高雄市","三民區",3.14
"104Q1","高雄市","新興區",2.77
"104Q1","高雄市","前金區",2.59
"104Q1","高雄市","苓雅區",2.99
"104Q1","高雄市","前鎮區",3.11
"104Q1","高雄市","旗津區",4.17
"104Q1","高雄市","小港區",3.73
"104Q1","高雄市","鳳山區",3.17
"104Q1","高雄市","林園區",3.92
"104Q1","高雄市","大寮區",3.37
"104Q1","高雄市","大樹區",4.14
"104Q1","高雄市","大社區",3.35
"104Q1","高雄市","仁武區",3.19
"104Q1","高雄市","鳥松區",3.06
"104Q1","高雄市","岡山區",3.42
"104Q1","高雄市","橋頭區",3.43
"104Q1","高雄市","燕巢區",4.01
"104Q1","高雄市","田寮區",4.01
"104Q1","高雄市","阿蓮區",4.01
"104Q1","高雄市","路竹區",3.93
"104Q1","高雄市","湖內區",3.42
"104Q1","高雄市","茄萣區",4.26
"104Q1","高雄市","永安區",4.28
"104Q1","高雄市","彌陀區",4.49
"104Q1","高雄市","梓官區",3.73
"104Q1","高雄市","旗山區",3.62
"104Q1","高雄市","美濃區",4.60
"104Q1","高雄市","六龜區",3.52
"104Q1","高雄市","甲仙區",3.53
"104Q1","高雄市","杉林區",3.80
"104Q1","高雄市","內門區",5.24
"104Q1","高雄市","茂林區",4.86
"104Q1","高雄市","桃源區",4.62
"104Q1","高雄市","那瑪夏區",4.77
"104Q1","宜蘭縣","",3.45
"104Q1","宜蘭縣","宜蘭市",3.20
"104Q1","宜蘭縣","羅東鎮",3.46
"104Q1","宜蘭縣","蘇澳鎮",3.58
"104Q1","宜蘭縣","頭城鎮",3.78
"104Q1","宜蘭縣","礁溪鄉",3.39
"104Q1","宜蘭縣","壯圍鄉",3.88
"104Q1","宜蘭縣","員山鄉",3.56
"104Q1","宜蘭縣","冬山鄉",3.37
"104Q1","宜蘭縣","五結鄉",3.29
"104Q1","宜蘭縣","三星鄉",3.42
"104Q1","宜蘭縣","大同鄉",4.51
"104Q1","宜蘭縣","南澳鄉",5.42
"104Q1","新竹縣","",3.64
"104Q1","新竹縣","竹北市",3.26
"104Q1","新竹縣","關西鎮",4.64
"104Q1","新竹縣","新埔鎮",4.07
"104Q1","新竹縣","竹東鎮",3.53
"104Q1","新竹縣","湖口鄉",3.68
"104Q1","新竹縣","橫山鄉",4.04
"104Q1","新竹縣","新豐鄉",3.90
"104Q1","新竹縣","芎林鄉",4.07
"104Q1","新竹縣","寶山鄉",3.49
"104Q1","新竹縣","北埔鄉",4.48
"104Q1","新竹縣","峨眉鄉",4.59
"104Q1","新竹縣","尖石鄉",4.40
"104Q1","新竹縣","五峰鄉",4.11
"104Q1","苗栗縣","",3.95
"104Q1","苗栗縣","苗栗市",3.43
"104Q1","苗栗縣","苑裡鎮",4.50
"104Q1","苗栗縣","通霄鎮",4.64
"104Q1","苗栗縣","竹南鎮",3.66
"104Q1","苗栗縣","頭份鎮",3.62
"104Q1","苗栗縣","後龍鎮",4.52
"104Q1","苗栗縣","卓蘭鎮",4.71
"104Q1","苗栗縣","大湖鄉",4.43
"104Q1","苗栗縣","公館鄉",3.96
"104Q1","苗栗縣","銅鑼鄉",4.24
"104Q1","苗栗縣","南庄鄉",3.95
"104Q1","苗栗縣","頭屋鄉",4.28
"104Q1","苗栗縣","三義鄉",4.23
"104Q1","苗栗縣","西湖鄉",5.28
"104Q1","苗栗縣","造橋鄉",4.17
"104Q1","苗栗縣","三灣鄉",4.22
"104Q1","苗栗縣","獅潭鄉",3.95
"104Q1","苗栗縣","泰安鄉",6.18
"104Q1","彰化縣","",4.43
"104Q1","彰化縣","彰化市",3.74
"104Q1","彰化縣","鹿港鎮",4.58
"104Q1","彰化縣","和美鎮",4.13
"104Q1","彰化縣","北斗鎮",3.85
"104Q1","彰化縣","員林鎮",4.10
"104Q1","彰化縣","溪湖鎮",4.77
"104Q1","彰化縣","田中鎮",4.05
"104Q1","彰化縣","二林鎮",5.29
"104Q1","彰化縣","線西鄉",5.27
"104Q1","彰化縣","伸港鄉",4.96
"104Q1","彰化縣","福興鄉",5.37
"104Q1","彰化縣","秀水鄉",4.67
"104Q1","彰化縣","花壇鄉",4.11
"104Q1","彰化縣","芬園鄉",4.82
"104Q1","彰化縣","大村鄉",5.42
"104Q1","彰化縣","埔鹽鄉",6.28
"104Q1","彰化縣","埔心鄉",4.09
"104Q1","彰化縣","永靖鄉",5.17
"104Q1","彰化縣","社頭鄉",5.07
"104Q1","彰化縣","二水鄉",4.15
"104Q1","彰化縣","田尾鄉",4.20
"104Q1","彰化縣","埤頭鄉",4.52
"104Q1","彰化縣","芳苑鄉",5.13
"104Q1","彰化縣","大城鄉",6.11
"104Q1","彰化縣","竹塘鄉",4.68
"104Q1","彰化縣","溪州鄉",5.15
"104Q1","南投縣","",3.90
"104Q1","南投縣","南投市",3.58
"104Q1","南投縣","埔里鎮",3.72
"104Q1","南投縣","草屯鎮",3.93
"104Q1","南投縣","竹山鎮",3.69
"104Q1","南投縣","集集鎮",3.87
"104Q1","南投縣","名間鄉",4.63
"104Q1","南投縣","鹿谷鄉",4.27
"104Q1","南投縣","中寮鄉",4.41
"104Q1","南投縣","魚池鄉",4.63
"104Q1","南投縣","國姓鄉",3.88
"104Q1","南投縣","水里鄉",3.54
"104Q1","南投縣","信義鄉",4.92
"104Q1","南投縣","仁愛鄉",4.24
"104Q1","雲林縣","",4.18
"104Q1","雲林縣","斗六市",3.46
"104Q1","雲林縣","斗南鎮",3.69
"104Q1","雲林縣","虎尾鎮",3.57
"104Q1","雲林縣","西螺鎮",4.30
"104Q1","雲林縣","土庫鎮",4.39
"104Q1","雲林縣","北港鎮",3.60
"104Q1","雲林縣","古坑鄉",4.33
"104Q1","雲林縣","大埤鄉",4.35
"104Q1","雲林縣","莿桐鄉",4.45
"104Q1","雲林縣","林內鄉",4.23
"104Q1","雲林縣","二崙鄉",4.89
"104Q1","雲林縣","崙背鄉",4.52
"104Q1","雲林縣","麥寮鄉",5.74
"104Q1","雲林縣","東勢鄉",4.64
"104Q1","雲林縣","褒忠鄉",4.55
"104Q1","雲林縣","台西鄉",5.01
"104Q1","雲林縣","元長鄉",4.68
"104Q1","雲林縣","四湖鄉",4.62
"104Q1","雲林縣","口湖鄉",5.26
"104Q1","雲林縣","水林鄉",4.93
"104Q1","嘉義縣","",4.18
"104Q1","嘉義縣","太保市",3.85
"104Q1","嘉義縣","朴子市",3.81
"104Q1","嘉義縣","布袋鎮",4.36
"104Q1","嘉義縣","大林鎮",3.87
"104Q1","嘉義縣","民雄鄉",3.81
"104Q1","嘉義縣","溪口鄉",5.09
"104Q1","嘉義縣","新港鄉",4.81
"104Q1","嘉義縣","六腳鄉",4.92
"104Q1","嘉義縣","東石鄉",5.05
"104Q1","嘉義縣","義竹鄉",4.56
"104Q1","嘉義縣","鹿草鄉",4.74
"104Q1","嘉義縣","水上鄉",3.65
"104Q1","嘉義縣","中埔鄉",4.15
"104Q1","嘉義縣","竹崎鄉",4.61
"104Q1","嘉義縣","梅山鄉",4.33
"104Q1","嘉義縣","番路鄉",3.89
"104Q1","嘉義縣","大埔鄉",5.12
"104Q1","嘉義縣","阿里山鄉",4.48
"104Q1","屏東縣","",3.84
"104Q1","屏東縣","屏東市",3.26
"104Q1","屏東縣","潮州鎮",3.38
"104Q1","屏東縣","東港鎮",3.93
"104Q1","屏東縣","恆春鎮",3.80
"104Q1","屏東縣","萬丹鄉",4.12
"104Q1","屏東縣","長治鄉",3.86
"104Q1","屏東縣","麟洛鄉",3.57
"104Q1","屏東縣","九如鄉",4.05
"104Q1","屏東縣","里港鄉",4.40
"104Q1","屏東縣","鹽埔鄉",4.71
"104Q1","屏東縣","高樹鄉",4.56
"104Q1","屏東縣","萬巒鄉",4.62
"104Q1","屏東縣","內埔鄉",3.89
"104Q1","屏東縣","竹田鄉",3.92
"104Q1","屏東縣","新埤鄉",4.27
"104Q1","屏東縣","枋寮鄉",3.84
"104Q1","屏東縣","新園鄉",4.27
"104Q1","屏東縣","崁頂鄉",5.49
"104Q1","屏東縣","林邊鄉",4.02
"104Q1","屏東縣","南州鄉",3.99
"104Q1","屏東縣","佳冬鄉",4.43
"104Q1","屏東縣","琉球鄉",4.81
"104Q1","屏東縣","車城鄉",3.78
"104Q1","屏東縣","滿州鄉",3.87
"104Q1","屏東縣","枋山鄉",3.99
"104Q1","屏東縣","三地門鄉",4.72
"104Q1","屏東縣","霧台鄉",3.94
"104Q1","屏東縣","瑪家鄉",4.83
"104Q1","屏東縣","泰武鄉",5.64
"104Q1","屏東縣","來義鄉",4.33
"104Q1","屏東縣","春日鄉",4.72
"104Q1","屏東縣","獅子鄉",4.21
"104Q1","屏東縣","牡丹鄉",3.76
"104Q1","台東縣","",3.45
"104Q1","台東縣","台東市",3.40
"104Q1","台東縣","成功鎮",3.34
"104Q1","台東縣","關山鎮",3.57
"104Q1","台東縣","卑南鄉",3.41
"104Q1","台東縣","大武鄉",3.34
"104Q1","台東縣","太麻里鄉",3.27
"104Q1","台東縣","東河鄉",3.07
"104Q1","台東縣","長濱鄉",2.90
"104Q1","台東縣","鹿野鄉",3.46
"104Q1","台東縣","池上鄉",3.41
"104Q1","台東縣","綠島鄉",6.04
"104Q1","台東縣","延平鄉",4.61
"104Q1","台東縣","海端鄉",4.74
"104Q1","台東縣","達仁鄉",3.38
"104Q1","台東縣","金峰鄉",4.78
"104Q1","台東縣","蘭嶼鄉",4.16
"104Q1","花蓮縣","",3.34
"104Q1","花蓮縣","花蓮市",3.30
"104Q1","花蓮縣","鳳林鎮",3.07
"104Q1","花蓮縣","玉里鎮",3.40
"104Q1","花蓮縣","新城鄉",3.24
"104Q1","花蓮縣","吉安鄉",3.17
"104Q1","花蓮縣","壽豐鄉",3.23
"104Q1","花蓮縣","光復鄉",3.25
"104Q1","花蓮縣","豐濱鄉",3.24
"104Q1","花蓮縣","瑞穗鄉",3.23
"104Q1","花蓮縣","富里鄉",3.30
"104Q1","花蓮縣","秀林鄉",4.97
"104Q1","花蓮縣","萬榮鄉",4.73
"104Q1","花蓮縣","卓溪鄉",4.42
"104Q1","澎湖縣","",4.07
"104Q1","澎湖縣","馬公市",3.82
"104Q1","澎湖縣","湖西鄉",4.23
"104Q1","澎湖縣","白沙鄉",4.67
"104Q1","澎湖縣","西嶼鄉",4.02
"104Q1","澎湖縣","望安鄉",5.58
"104Q1","澎湖縣","七美鄉",5.15
"104Q1","基隆市","",2.89
"104Q1","基隆市","中正區",2.73
"104Q1","基隆市","七堵區",2.95
"104Q1","基隆市","暖暖區",2.85
"104Q1","基隆市","仁愛區",3.11
"104Q1","基隆市","中山區",2.93
"104Q1","基隆市","安樂區",2.88
"104Q1","基隆市","信義區",2.80
"104Q1","新竹市","",3.32
"104Q1","新竹市","新竹市",3.32
"104Q1","嘉義市","",3.35
"104Q1","嘉義市","嘉義市",3.35
"104Q1","金門縣","",7.59
"104Q1","金門縣","金城鎮",7.29
"104Q1","金門縣","金湖鎮",7.15
"104Q1","金門縣","金沙鎮",7.16
"104Q1","金門縣","金寧鄉",8.28
"104Q1","金門縣","烈嶼鄉",9.38
"104Q1","金門縣","烏坵鄉",8.48
"104Q1","連江縣","",5.65
"104Q1","連江縣","南竿鄉",5.78
"104Q1","連江縣","北竿鄉",5.83
"104Q1","連江縣","莒光鄉",5.77
"104Q1","連江縣","東引鄉",4.69
"104Q2","全國","",3.47
"104Q2","新北市","",3.13
"104Q2","新北市","板橋區",3.23
"104Q2","新北市","三重區",3.15
"104Q2","新北市","中和區",2.96
"104Q2","新北市","永和區",2.98
"104Q2","新北市","新莊區",3.28
"104Q2","新北市","新店區",2.80
"104Q2","新北市","樹林區",3.35
"104Q2","新北市","鶯歌區",3.64
"104Q2","新北市","三峽區",3.31
"104Q2","新北市","淡水區",2.63
"104Q2","新北市","汐止區",2.67
"104Q2","新北市","瑞芳區",3.24
"104Q2","新北市","土城區",3.32
"104Q2","新北市","蘆洲區",3.41
"104Q2","新北市","五股區",3.33
"104Q2","新北市","泰山區",3.27
"104Q2","新北市","林口區",3.11
"104Q2","新北市","深坑區",2.93
"104Q2","新北市","石碇區",3.39
"104Q2","新北市","坪林區",3.68
"104Q2","新北市","三芝區",3.16
"104Q2","新北市","石門區",5.07
"104Q2","新北市","八里區",3.34
"104Q2","新北市","平溪區",2.89
"104Q2","新北市","雙溪區",3.74
"104Q2","新北市","貢寮區",4.57
"104Q2","新北市","金山區",4.18
"104Q2","新北市","萬里區",4.17
"104Q2","新北市","烏來區",5.20
"104Q2","台北市","",3.38
"104Q2","台北市","松山區",3.43
"104Q2","台北市","信義區",3.29
"104Q2","台北市","大安區",3.41
"104Q2","台北市","中山區",2.93
"104Q2","台北市","中正區",3.48
"104Q2","台北市","大同區",3.45
"104Q2","台北市","萬華區",3.27
"104Q2","台北市","文山區",3.37
"104Q2","台北市","南港區",3.44
"104Q2","台北市","內湖區",3.45
"104Q2","台北市","士林區",3.56
"104Q2","台北市","北投區",3.57
"104Q2","桃園市","",3.36
"104Q2","桃園市","桃園區",3.16
"104Q2","桃園市","中壢區",3.26
"104Q2","桃園市","平鎮區",3.41
"104Q2","桃園市","八德區",3.32
"104Q2","桃園市","楊梅區",3.42
"104Q2","桃園市","大溪區",3.60
"104Q2","桃園市","蘆竹區",3.31
"104Q2","桃園市","大園區",3.76
"104Q2","桃園市","龜山區",3.12
"104Q2","桃園市","龍潭區",3.47
"104Q2","桃園市","新屋區",4.61
"104Q2","桃園市","觀音區",4.15
"104Q2","桃園市","復興區",4.05
"104Q2","台中市","",3.60
"104Q2","台中市","中區",3.57
"104Q2","台中市","東區",3.35
"104Q2","台中市","南區",3.02
"104Q2","台中市","西區",3.12
"104Q2","台中市","北區",3.05
"104Q2","台中市","西屯區",3.19
"104Q2","台中市","南屯區",3.30
"104Q2","台中市","北屯區",3.31
"104Q2","台中市","豐原區",3.98
"104Q2","台中市","東勢區",4.02
"104Q2","台中市","大甲區",4.34
"104Q2","台中市","清水區",4.20
"104Q2","台中市","沙鹿區",3.81
"104Q2","台中市","梧棲區",4.12
"104Q2","台中市","后里區",4.51
"104Q2","台中市","神岡區",4.29
"104Q2","台中市","潭子區",3.61
"104Q2","台中市","大雅區",3.97
"104Q2","台中市","新社區",4.06
"104Q2","台中市","石岡區",4.17
"104Q2","台中市","外埔區",4.28
"104Q2","台中市","大安區",4.82
"104Q2","台中市","烏日區",3.83
"104Q2","台中市","大肚區",4.04
"104Q2","台中市","龍井區",4.34
"104Q2","台中市","霧峰區",4.05
"104Q2","台中市","太平區",3.62
"104Q2","台中市","大里區",3.72
"104Q2","台中市","和平區",3.49
"104Q2","台南市","",3.48
"104Q2","台南市","新營區",3.24
"104Q2","台南市","鹽水區",3.62
"104Q2","台南市","白河區",4.01
"104Q2","台南市","柳營區",3.79
"104Q2","台南市","後壁區",3.75
"104Q2","台南市","東山區",4.23
"104Q2","台南市","麻豆區",3.66
"104Q2","台南市","下營區",3.87
"104Q2","台南市","六甲區",3.80
"104Q2","台南市","官田區",3.70
"104Q2","台南市","大內區",3.99
"104Q2","台南市","佳里區",3.60
"104Q2","台南市","學甲區",3.72
"104Q2","台南市","西港區",4.03
"104Q2","台南市","七股區",4.47
"104Q2","台南市","將軍區",4.25
"104Q2","台南市","北門區",4.41
"104Q2","台南市","新化區",3.77
"104Q2","台南市","善化區",3.42
"104Q2","台南市","新市區",3.60
"104Q2","台南市","安定區",3.86
"104Q2","台南市","山上區",4.12
"104Q2","台南市","玉井區",3.74
"104Q2","台南市","楠西區",3.91
"104Q2","台南市","南化區",4.48
"104Q2","台南市","左鎮區",3.80
"104Q2","台南市","仁德區",3.36
"104Q2","台南市","歸仁區",3.72
"104Q2","台南市","關廟區",4.01
"104Q2","台南市","龍崎區",4.42
"104Q2","台南市","永康區",3.29
"104Q2","台南市","東區",3.17
"104Q2","台南市","南區",3.38
"104Q2","台南市","北區",3.16
"104Q2","台南市","安南區",3.78
"104Q2","台南市","安平區",3.11
"104Q2","台南市","中西區",3.10
"104Q2","高雄市","",3.27
"104Q2","高雄市","鹽埕區",2.90
"104Q2","高雄市","鼓山區",2.88
"104Q2","高雄市","左營區",2.95
"104Q2","高雄市","楠梓區",3.14
"104Q2","高雄市","三民區",3.13
"104Q2","高雄市","新興區",2.76
"104Q2","高雄市","前金區",2.58
"104Q2","高雄市","苓雅區",2.99
"104Q2","高雄市","前鎮區",3.10
"104Q2","高雄市","旗津區",4.17
"104Q2","高雄市","小港區",3.71
"104Q2","高雄市","鳳山區",3.16
"104Q2","高雄市","林園區",3.91
"104Q2","高雄市","大寮區",3.37
"104Q2","高雄市","大樹區",4.13
"104Q2","高雄市","大社區",3.35
"104Q2","高雄市","仁武區",3.19
"104Q2","高雄市","鳥松區",3.05
"104Q2","高雄市","岡山區",3.41
"104Q2","高雄市","橋頭區",3.43
"104Q2","高雄市","燕巢區",4.00
"104Q2","高雄市","田寮區",3.99
"104Q2","高雄市","阿蓮區",3.99
"104Q2","高雄市","路竹區",3.92
"104Q2","高雄市","湖內區",3.41
"104Q2","高雄市","茄萣區",4.25
"104Q2","高雄市","永安區",4.29
"104Q2","高雄市","彌陀區",4.45
"104Q2","高雄市","梓官區",3.73
"104Q2","高雄市","旗山區",3.61
"104Q2","高雄市","美濃區",4.58
"104Q2","高雄市","六龜區",3.51
"104Q2","高雄市","甲仙區",3.52
"104Q2","高雄市","杉林區",3.79
"104Q2","高雄市","內門區",5.22
"104Q2","高雄市","茂林區",4.85
"104Q2","高雄市","桃源區",4.58
"104Q2","高雄市","那瑪夏區",4.76
"104Q2","宜蘭縣","",3.44
"104Q2","宜蘭縣","宜蘭市",3.19
"104Q2","宜蘭縣","羅東鎮",3.45
"104Q2","宜蘭縣","蘇澳鎮",3.56
"104Q2","宜蘭縣","頭城鎮",3.76
"104Q2","宜蘭縣","礁溪鄉",3.37
"104Q2","宜蘭縣","壯圍鄉",3.86
"104Q2","宜蘭縣","員山鄉",3.54
"104Q2","宜蘭縣","冬山鄉",3.35
"104Q2","宜蘭縣","五結鄉",3.27
"104Q2","宜蘭縣","三星鄉",3.39
"104Q2","宜蘭縣","大同鄉",4.47
"104Q2","宜蘭縣","南澳鄉",5.37
"104Q2","新竹縣","",3.62
"104Q2","新竹縣","竹北市",3.25
"104Q2","新竹縣","關西鎮",4.60
"104Q2","新竹縣","新埔鎮",4.06
"104Q2","新竹縣","竹東鎮",3.52
"104Q2","新竹縣","湖口鄉",3.66
"104Q2","新竹縣","橫山鄉",4.01
"104Q2","新竹縣","新豐鄉",3.88
"104Q2","新竹縣","芎林鄉",4.06
"104Q2","新竹縣","寶山鄉",3.48
"104Q2","新竹縣","北埔鄉",4.44
"104Q2","新竹縣","峨眉鄉",4.60
"104Q2","新竹縣","尖石鄉",4.37
"104Q2","新竹縣","五峰鄉",4.06
"104Q2","苗栗縣","",3.93
"104Q2","苗栗縣","苗栗市",3.42
"104Q2","苗栗縣","苑裡鎮",4.47
"104Q2","苗栗縣","通霄鎮",4.62
"104Q2","苗栗縣","竹南鎮",3.65
"104Q2","苗栗縣","頭份鎮",3.60
"104Q2","苗栗縣","後龍鎮",4.50
"104Q2","苗栗縣","卓蘭鎮",4.70
"104Q2","苗栗縣","大湖鄉",4.40
"104Q2","苗栗縣","公館鄉",3.94
"104Q2","苗栗縣","銅鑼鄉",4.22
"104Q2","苗栗縣","南庄鄉",3.95
"104Q2","苗栗縣","頭屋鄉",4.26
"104Q2","苗栗縣","三義鄉",4.21
"104Q2","苗栗縣","西湖鄉",5.24
"104Q2","苗栗縣","造橋鄉",4.14
"104Q2","苗栗縣","三灣鄉",4.21
"104Q2","苗栗縣","獅潭鄉",3.92
"104Q2","苗栗縣","泰安鄉",6.11
"104Q2","彰化縣","",4.41
"104Q2","彰化縣","彰化市",3.73
"104Q2","彰化縣","鹿港鎮",4.56
"104Q2","彰化縣","和美鎮",4.12
"104Q2","彰化縣","北斗鎮",3.84
"104Q2","彰化縣","員林鎮",4.09
"104Q2","彰化縣","溪湖鎮",4.75
"104Q2","彰化縣","田中鎮",4.04
"104Q2","彰化縣","二林鎮",5.26
"104Q2","彰化縣","線西鄉",5.26
"104Q2","彰化縣","伸港鄉",4.94
"104Q2","彰化縣","福興鄉",5.36
"104Q2","彰化縣","秀水鄉",4.64
"104Q2","彰化縣","花壇鄉",4.11
"104Q2","彰化縣","芬園鄉",4.80
"104Q2","彰化縣","大村鄉",5.39
"104Q2","彰化縣","埔鹽鄉",6.24
"104Q2","彰化縣","埔心鄉",4.08
"104Q2","彰化縣","永靖鄉",5.15
"104Q2","彰化縣","社頭鄉",5.05
"104Q2","彰化縣","二水鄉",4.14
"104Q2","彰化縣","田尾鄉",4.19
"104Q2","彰化縣","埤頭鄉",4.50
"104Q2","彰化縣","芳苑鄉",5.11
"104Q2","彰化縣","大城鄉",6.07
"104Q2","彰化縣","竹塘鄉",4.65
"104Q2","彰化縣","溪州鄉",5.13
"104Q2","南投縣","",3.88
"104Q2","南投縣","南投市",3.57
"104Q2","南投縣","埔里鎮",3.71
"104Q2","南投縣","草屯鎮",3.91
"104Q2","南投縣","竹山鎮",3.67
"104Q2","南投縣","集集鎮",3.86
"104Q2","南投縣","名間鄉",4.61
"104Q2","南投縣","鹿谷鄉",4.24
"104Q2","南投縣","中寮鄉",4.40
"104Q2","南投縣","魚池鄉",4.59
"104Q2","南投縣","國姓鄉",3.86
"104Q2","南投縣","水里鄉",3.53
"104Q2","南投縣","信義鄉",4.88
"104Q2","南投縣","仁愛鄉",4.21
"104Q2","雲林縣","",4.16
"104Q2","雲林縣","斗六市",3.45
"104Q2","雲林縣","斗南鎮",3.68
"104Q2","雲林縣","虎尾鎮",3.56
"104Q2","雲林縣","西螺鎮",4.28
"104Q2","雲林縣","土庫鎮",4.37
"104Q2","雲林縣","北港鎮",3.59
"104Q2","雲林縣","古坑鄉",4.31
"104Q2","雲林縣","大埤鄉",4.33
"104Q2","雲林縣","莿桐鄉",4.42
"104Q2","雲林縣","林內鄉",4.23
"104Q2","雲林縣","二崙鄉",4.86
"104Q2","雲林縣","崙背鄉",4.49
"104Q2","雲林縣","麥寮鄉",5.73
"104Q2","雲林縣","東勢鄉",4.61
"104Q2","雲林縣","褒忠鄉",4.50
"104Q2","雲林縣","台西鄉",4.99
"104Q2","雲林縣","元長鄉",4.67
"104Q2","雲林縣","四湖鄉",4.59
"104Q2","雲林縣","口湖鄉",5.24
"104Q2","雲林縣","水林鄉",4.92
"104Q2","嘉義縣","",4.16
"104Q2","嘉義縣","太保市",3.82
"104Q2","嘉義縣","朴子市",3.79
"104Q2","嘉義縣","布袋鎮",4.34
"104Q2","嘉義縣","大林鎮",3.85
"104Q2","嘉義縣","民雄鄉",3.79
"104Q2","嘉義縣","溪口鄉",5.07
"104Q2","嘉義縣","新港鄉",4.78
"104Q2","嘉義縣","六腳鄉",4.89
"104Q2","嘉義縣","東石鄉",5.04
"104Q2","嘉義縣","義竹鄉",4.53
"104Q2","嘉義縣","鹿草鄉",4.70
"104Q2","嘉義縣","水上鄉",3.65
"104Q2","嘉義縣","中埔鄉",4.13
"104Q2","嘉義縣","竹崎鄉",4.59
"104Q2","嘉義縣","梅山鄉",4.32
"104Q2","嘉義縣","番路鄉",3.86
"104Q2","嘉義縣","大埔鄉",5.09
"104Q2","嘉義縣","阿里山鄉",4.43
"104Q2","屏東縣","",3.83
"104Q2","屏東縣","屏東市",3.25
"104Q2","屏東縣","潮州鎮",3.37
"104Q2","屏東縣","東港鎮",3.92
"104Q2","屏東縣","恆春鎮",3.79
"104Q2","屏東縣","萬丹鄉",4.11
"104Q2","屏東縣","長治鄉",3.84
"104Q2","屏東縣","麟洛鄉",3.55
"104Q2","屏東縣","九如鄉",4.03
"104Q2","屏東縣","里港鄉",4.41
"104Q2","屏東縣","鹽埔鄉",4.69
"104Q2","屏東縣","高樹鄉",4.54
"104Q2","屏東縣","萬巒鄉",4.60
"104Q2","屏東縣","內埔鄉",3.87
"104Q2","屏東縣","竹田鄉",3.91
"104Q2","屏東縣","新埤鄉",4.23
"104Q2","屏東縣","枋寮鄉",3.82
"104Q2","屏東縣","新園鄉",4.25
"104Q2","屏東縣","崁頂鄉",5.44
"104Q2","屏東縣","林邊鄉",4.01
"104Q2","屏東縣","南州鄉",3.98
"104Q2","屏東縣","佳冬鄉",4.41
"104Q2","屏東縣","琉球鄉",4.78
"104Q2","屏東縣","車城鄉",3.77
"104Q2","屏東縣","滿州鄉",3.87
"104Q2","屏東縣","枋山鄉",3.98
"104Q2","屏東縣","三地門鄉",4.70
"104Q2","屏東縣","霧台鄉",3.90
"104Q2","屏東縣","瑪家鄉",4.76
"104Q2","屏東縣","泰武鄉",5.55
"104Q2","屏東縣","來義鄉",4.33
"104Q2","屏東縣","春日鄉",4.70
"104Q2","屏東縣","獅子鄉",4.17
"104Q2","屏東縣","牡丹鄉",3.72
"104Q2","台東縣","",3.44
"104Q2","台東縣","台東市",3.39
"104Q2","台東縣","成功鎮",3.32
"104Q2","台東縣","關山鎮",3.56
"104Q2","台東縣","卑南鄉",3.41
"104Q2","台東縣","大武鄉",3.31
"104Q2","台東縣","太麻里鄉",3.27
"104Q2","台東縣","東河鄉",3.05
"104Q2","台東縣","長濱鄉",2.88
"104Q2","台東縣","鹿野鄉",3.45
"104Q2","台東縣","池上鄉",3.38
"104Q2","台東縣","綠島鄉",6.01
"104Q2","台東縣","延平鄉",4.58
"104Q2","台東縣","海端鄉",4.71
"104Q2","台東縣","達仁鄉",3.36
"104Q2","台東縣","金峰鄉",4.74
"104Q2","台東縣","蘭嶼鄉",4.16
"104Q2","花蓮縣","",3.33
"104Q2","花蓮縣","花蓮市",3.28
"104Q2","花蓮縣","鳳林鎮",3.05
"104Q2","花蓮縣","玉里鎮",3.38
"104Q2","花蓮縣","新城鄉",3.23
"104Q2","花蓮縣","吉安鄉",3.16
"104Q2","花蓮縣","壽豐鄉",3.22
"104Q2","花蓮縣","光復鄉",3.25
"104Q2","花蓮縣","豐濱鄉",3.21
"104Q2","花蓮縣","瑞穗鄉",3.21
"104Q2","花蓮縣","富里鄉",3.29
"104Q2","花蓮縣","秀林鄉",4.96
"104Q2","花蓮縣","萬榮鄉",4.70
"104Q2","花蓮縣","卓溪鄉",4.37
"104Q2","澎湖縣","",4.05
"104Q2","澎湖縣","馬公市",3.80
"104Q2","澎湖縣","湖西鄉",4.24
"104Q2","澎湖縣","白沙鄉",4.65
"104Q2","澎湖縣","西嶼鄉",4.01
"104Q2","澎湖縣","望安鄉",5.55
"104Q2","澎湖縣","七美鄉",5.18
"104Q2","基隆市","",2.88
"104Q2","基隆市","中正區",2.72
"104Q2","基隆市","七堵區",2.95
"104Q2","基隆市","暖暖區",2.84
"104Q2","基隆市","仁愛區",3.11
"104Q2","基隆市","中山區",2.92
"104Q2","基隆市","安樂區",2.87
"104Q2","基隆市","信義區",2.80
"104Q2","新竹市","",3.31
"104Q2","新竹市","新竹市",3.31
"104Q2","嘉義市","",3.34
"104Q2","嘉義市","嘉義市",3.34
"104Q2","金門縣","",7.59
"104Q2","金門縣","金城鎮",7.31
"104Q2","金門縣","金湖鎮",7.16
"104Q2","金門縣","金沙鎮",7.19
"104Q2","金門縣","金寧鄉",8.20
"104Q2","金門縣","烈嶼鄉",9.43
"104Q2","金門縣","烏坵鄉",8.47
"104Q2","連江縣","",5.63
"104Q2","連江縣","南竿鄉",5.74
"104Q2","連江縣","北竿鄉",5.75
"104Q2","連江縣","莒光鄉",5.86
"104Q2","連江縣","東引鄉",4.72
"104Q3","全國","",3.46
"104Q3","新北市","",3.12
"104Q3","新北市","板橋區",3.21
"104Q3","新北市","三重區",3.14
"104Q3","新北市","中和區",2.95
"104Q3","新北市","永和區",2.96
"104Q3","新北市","新莊區",3.27
"104Q3","新北市","新店區",2.79
"104Q3","新北市","樹林區",3.34
"104Q3","新北市","鶯歌區",3.62
"104Q3","新北市","三峽區",3.30
"104Q3","新北市","淡水區",2.61
"104Q3","新北市","汐止區",2.66
"104Q3","新北市","瑞芳區",3.23
"104Q3","新北市","土城區",3.31
"104Q3","新北市","蘆洲區",3.41
"104Q3","新北市","五股區",3.32
"104Q3","新北市","泰山區",3.26
"104Q3","新北市","林口區",3.08
"104Q3","新北市","深坑區",2.91
"104Q3","新北市","石碇區",3.40
"104Q3","新北市","坪林區",3.67
"104Q3","新北市","三芝區",3.15
"104Q3","新北市","石門區",5.06
"104Q3","新北市","八里區",3.34
"104Q3","新北市","平溪區",2.88
"104Q3","新北市","雙溪區",3.73
"104Q3","新北市","貢寮區",4.56
"104Q3","新北市","金山區",4.16
"104Q3","新北市","萬里區",4.18
"104Q3","新北市","烏來區",5.22
"104Q3","台北市","",3.36
"104Q3","台北市","松山區",3.41
"104Q3","台北市","信義區",3.28
"104Q3","台北市","大安區",3.39
"104Q3","台北市","中山區",2.92
"104Q3","台北市","中正區",3.45
"104Q3","台北市","大同區",3.44
"104Q3","台北市","萬華區",3.27
"104Q3","台北市","文山區",3.36
"104Q3","台北市","南港區",3.43
"104Q3","台北市","內湖區",3.44
"104Q3","台北市","士林區",3.55
"104Q3","台北市","北投區",3.55
"104Q3","桃園市","",3.34
"104Q3","桃園市","桃園區",3.14
"104Q3","桃園市","中壢區",3.25
"104Q3","桃園市","平鎮區",3.40
"104Q3","桃園市","八德區",3.30
"104Q3","桃園市","楊梅區",3.41
"104Q3","桃園市","大溪區",3.57
"104Q3","桃園市","蘆竹區",3.30
"104Q3","桃園市","大園區",3.72
"104Q3","桃園市","龜山區",3.12
"104Q3","桃園市","龍潭區",3.45
"104Q3","桃園市","新屋區",4.58
"104Q3","桃園市","觀音區",4.13
"104Q3","桃園市","復興區",4.03
"104Q3","台中市","",3.59
"104Q3","台中市","中區",3.55
"104Q3","台中市","東區",3.34
"104Q3","台中市","南區",3.02
"104Q3","台中市","西區",3.10
"104Q3","台中市","北區",3.05
"104Q3","台中市","西屯區",3.17
"104Q3","台中市","南屯區",3.29
"104Q3","台中市","北屯區",3.29
"104Q3","台中市","豐原區",3.97
"104Q3","台中市","東勢區",4.00
"104Q3","台中市","大甲區",4.33
"104Q3","台中市","清水區",4.17
"104Q3","台中市","沙鹿區",3.79
"104Q3","台中市","梧棲區",4.10
"104Q3","台中市","后里區",4.50
"104Q3","台中市","神岡區",4.29
"104Q3","台中市","潭子區",3.59
"104Q3","台中市","大雅區",3.96
"104Q3","台中市","新社區",4.04
"104Q3","台中市","石岡區",4.16
"104Q3","台中市","外埔區",4.27
"104Q3","台中市","大安區",4.82
"104Q3","台中市","烏日區",3.82
"104Q3","台中市","大肚區",4.02
"104Q3","台中市","龍井區",4.33
"104Q3","台中市","霧峰區",4.04
"104Q3","台中市","太平區",3.61
"104Q3","台中市","大里區",3.71
"104Q3","台中市","和平區",3.49
"104Q3","台南市","",3.47
"104Q3","台南市","新營區",3.21
"104Q3","台南市","鹽水區",3.61
"104Q3","台南市","白河區",3.99
"104Q3","台南市","柳營區",3.78
"104Q3","台南市","後壁區",3.73
"104Q3","台南市","東山區",4.22
"104Q3","台南市","麻豆區",3.64
"104Q3","台南市","下營區",3.86
"104Q3","台南市","六甲區",3.77
"104Q3","台南市","官田區",3.67
"104Q3","台南市","大內區",3.97
"104Q3","台南市","佳里區",3.59
"104Q3","台南市","學甲區",3.71
"104Q3","台南市","西港區",4.01
"104Q3","台南市","七股區",4.46
"104Q3","台南市","將軍區",4.23
"104Q3","台南市","北門區",4.42
"104Q3","台南市","新化區",3.75
"104Q3","台南市","善化區",3.39
"104Q3","台南市","新市區",3.59
"104Q3","台南市","安定區",3.84
"104Q3","台南市","山上區",4.11
"104Q3","台南市","玉井區",3.72
"104Q3","台南市","楠西區",3.91
"104Q3","台南市","南化區",4.47
"104Q3","台南市","左鎮區",3.78
"104Q3","台南市","仁德區",3.35
"104Q3","台南市","歸仁區",3.71
"104Q3","台南市","關廟區",3.97
"104Q3","台南市","龍崎區",4.38
"104Q3","台南市","永康區",3.28
"104Q3","台南市","東區",3.15
"104Q3","台南市","南區",3.37
"104Q3","台南市","北區",3.15
"104Q3","台南市","安南區",3.77
"104Q3","台南市","安平區",3.10
"104Q3","台南市","中西區",3.08
"104Q3","高雄市","",3.25
"104Q3","高雄市","鹽埕區",2.88
"104Q3","高雄市","鼓山區",2.87
"104Q3","高雄市","左營區",2.94
"104Q3","高雄市","楠梓區",3.12
"104Q3","高雄市","三民區",3.12
"104Q3","高雄市","新興區",2.74
"104Q3","高雄市","前金區",2.57
"104Q3","高雄市","苓雅區",2.98
"104Q3","高雄市","前鎮區",3.08
"104Q3","高雄市","旗津區",4.19
"104Q3","高雄市","小港區",3.70
"104Q3","高雄市","鳳山區",3.14
"104Q3","高雄市","林園區",3.90
"104Q3","高雄市","大寮區",3.36
"104Q3","高雄市","大樹區",4.12
"104Q3","高雄市","大社區",3.33
"104Q3","高雄市","仁武區",3.18
"104Q3","高雄市","鳥松區",3.04
"104Q3","高雄市","岡山區",3.40
"104Q3","高雄市","橋頭區",3.41
"104Q3","高雄市","燕巢區",3.98
"104Q3","高雄市","田寮區",3.97
"104Q3","高雄市","阿蓮區",3.99
"104Q3","高雄市","路竹區",3.90
"104Q3","高雄市","湖內區",3.40
"104Q3","高雄市","茄萣區",4.24
"104Q3","高雄市","永安區",4.32
"104Q3","高雄市","彌陀區",4.43
"104Q3","高雄市","梓官區",3.73
"104Q3","高雄市","旗山區",3.59
"104Q3","高雄市","美濃區",4.57
"104Q3","高雄市","六龜區",3.48
"104Q3","高雄市","甲仙區",3.50
"104Q3","高雄市","杉林區",3.78
"104Q3","高雄市","內門區",5.20
"104Q3","高雄市","茂林區",4.81
"104Q3","高雄市","桃源區",4.59
"104Q3","高雄市","那瑪夏區",4.73
"104Q3","宜蘭縣","",3.42
"104Q3","宜蘭縣","宜蘭市",3.18
"104Q3","宜蘭縣","羅東鎮",3.44
"104Q3","宜蘭縣","蘇澳鎮",3.55
"104Q3","宜蘭縣","頭城鎮",3.74
"104Q3","宜蘭縣","礁溪鄉",3.34
"104Q3","宜蘭縣","壯圍鄉",3.83
"104Q3","宜蘭縣","員山鄉",3.51
"104Q3","宜蘭縣","冬山鄉",3.34
"104Q3","宜蘭縣","五結鄉",3.25
"104Q3","宜蘭縣","三星鄉",3.38
"104Q3","宜蘭縣","大同鄉",4.44
"104Q3","宜蘭縣","南澳鄉",5.35
"104Q3","新竹縣","",3.60
"104Q3","新竹縣","竹北市",3.23
"104Q3","新竹縣","關西鎮",4.56
"104Q3","新竹縣","新埔鎮",4.03
"104Q3","新竹縣","竹東鎮",3.50
"104Q3","新竹縣","湖口鄉",3.63
"104Q3","新竹縣","橫山鄉",4.00
"104Q3","新竹縣","新豐鄉",3.86
"104Q3","新竹縣","芎林鄉",4.04
"104Q3","新竹縣","寶山鄉",3.48
"104Q3","新竹縣","北埔鄉",4.42
"104Q3","新竹縣","峨眉鄉",4.57
"104Q3","新竹縣","尖石鄉",4.39
"104Q3","新竹縣","五峰鄉",4.06
"104Q3","苗栗縣","",3.90
"104Q3","苗栗縣","苗栗市",3.39
"104Q3","苗栗縣","苑裡鎮",4.43
"104Q3","苗栗縣","通霄鎮",4.58
"104Q3","苗栗縣","竹南鎮",3.62
"104Q3","苗栗縣","頭份鎮",3.59
"104Q3","苗栗縣","後龍鎮",4.48
"104Q3","苗栗縣","卓蘭鎮",4.66
"104Q3","苗栗縣","大湖鄉",4.39
"104Q3","苗栗縣","公館鄉",3.93
"104Q3","苗栗縣","銅鑼鄉",4.20
"104Q3","苗栗縣","南庄鄉",3.94
"104Q3","苗栗縣","頭屋鄉",4.23
"104Q3","苗栗縣","三義鄉",4.17
"104Q3","苗栗縣","西湖鄉",5.23
"104Q3","苗栗縣","造橋鄉",4.13
"104Q3","苗栗縣","三灣鄉",4.18
"104Q3","苗栗縣","獅潭鄉",3.91
"104Q3","苗栗縣","泰安鄉",6.07
"104Q3","彰化縣","",4.39
"104Q3","彰化縣","彰化市",3.71
"104Q3","彰化縣","鹿港鎮",4.54
"104Q3","彰化縣","和美鎮",4.09
"104Q3","彰化縣","北斗鎮",3.82
"104Q3","彰化縣","員林鎮",4.07
"104Q3","彰化縣","溪湖鎮",4.74
"104Q3","彰化縣","田中鎮",4.01
"104Q3","彰化縣","二林鎮",5.22
"104Q3","彰化縣","線西鄉",5.23
"104Q3","彰化縣","伸港鄉",4.90
"104Q3","彰化縣","福興鄉",5.33
"104Q3","彰化縣","秀水鄉",4.63
"104Q3","彰化縣","花壇鄉",4.08
"104Q3","彰化縣","芬園鄉",4.79
"104Q3","彰化縣","大村鄉",5.36
"104Q3","彰化縣","埔鹽鄉",6.18
"104Q3","彰化縣","埔心鄉",4.07
"104Q3","彰化縣","永靖鄉",5.12
"104Q3","彰化縣","社頭鄉",5.03
"104Q3","彰化縣","二水鄉",4.13
"104Q3","彰化縣","田尾鄉",4.17
"104Q3","彰化縣","埤頭鄉",4.48
"104Q3","彰化縣","芳苑鄉",5.08
"104Q3","彰化縣","大城鄉",6.05
"104Q3","彰化縣","竹塘鄉",4.62
"104Q3","彰化縣","溪州鄉",5.11
"104Q3","南投縣","",3.86
"104Q3","南投縣","南投市",3.55
"104Q3","南投縣","埔里鎮",3.68
"104Q3","南投縣","草屯鎮",3.89
"104Q3","南投縣","竹山鎮",3.65
"104Q3","南投縣","集集鎮",3.85
"104Q3","南投縣","名間鄉",4.59
"104Q3","南投縣","鹿谷鄉",4.23
"104Q3","南投縣","中寮鄉",4.37
"104Q3","南投縣","魚池鄉",4.58
"104Q3","南投縣","國姓鄉",3.84
"104Q3","南投縣","水里鄉",3.51
"104Q3","南投縣","信義鄉",4.86
"104Q3","南投縣","仁愛鄉",4.23
"104Q3","雲林縣","",4.14
"104Q3","雲林縣","斗六市",3.43
"104Q3","雲林縣","斗南鎮",3.66
"104Q3","雲林縣","虎尾鎮",3.53
"104Q3","雲林縣","西螺鎮",4.26
"104Q3","雲林縣","土庫鎮",4.36
"104Q3","雲林縣","北港鎮",3.57
"104Q3","雲林縣","古坑鄉",4.29
"104Q3","雲林縣","大埤鄉",4.31
"104Q3","雲林縣","莿桐鄉",4.39
"104Q3","雲林縣","林內鄉",4.19
"104Q3","雲林縣","二崙鄉",4.83
"104Q3","雲林縣","崙背鄉",4.47
"104Q3","雲林縣","麥寮鄉",5.74
"104Q3","雲林縣","東勢鄉",4.59
"104Q3","雲林縣","褒忠鄉",4.47
"104Q3","雲林縣","台西鄉",4.97
"104Q3","雲林縣","元長鄉",4.65
"104Q3","雲林縣","四湖鄉",4.56
"104Q3","雲林縣","口湖鄉",5.22
"104Q3","雲林縣","水林鄉",4.90
"104Q3","嘉義縣","",4.14
"104Q3","嘉義縣","太保市",3.79
"104Q3","嘉義縣","朴子市",3.75
"104Q3","嘉義縣","布袋鎮",4.34
"104Q3","嘉義縣","大林鎮",3.83
"104Q3","嘉義縣","民雄鄉",3.77
"104Q3","嘉義縣","溪口鄉",5.05
"104Q3","嘉義縣","新港鄉",4.75
"104Q3","嘉義縣","六腳鄉",4.87
"104Q3","嘉義縣","東石鄉",5.03
"104Q3","嘉義縣","義竹鄉",4.51
"104Q3","嘉義縣","鹿草鄉",4.68
"104Q3","嘉義縣","水上鄉",3.63
"104Q3","嘉義縣","中埔鄉",4.12
"104Q3","嘉義縣","竹崎鄉",4.57
"104Q3","嘉義縣","梅山鄉",4.29
"104Q3","嘉義縣","番路鄉",3.84
"104Q3","嘉義縣","大埔鄉",5.13
"104Q3","嘉義縣","阿里山鄉",4.42
"104Q3","屏東縣","",3.81
"104Q3","屏東縣","屏東市",3.23
"104Q3","屏東縣","潮州鎮",3.36
"104Q3","屏東縣","東港鎮",3.90
"104Q3","屏東縣","恆春鎮",3.77
"104Q3","屏東縣","萬丹鄉",4.09
"104Q3","屏東縣","長治鄉",3.83
"104Q3","屏東縣","麟洛鄉",3.54
"104Q3","屏東縣","九如鄉",4.02
"104Q3","屏東縣","里港鄉",4.40
"104Q3","屏東縣","鹽埔鄉",4.66
"104Q3","屏東縣","高樹鄉",4.53
"104Q3","屏東縣","萬巒鄉",4.59
"104Q3","屏東縣","內埔鄉",3.84
"104Q3","屏東縣","竹田鄉",3.90
"104Q3","屏東縣","新埤鄉",4.21
"104Q3","屏東縣","枋寮鄉",3.80
"104Q3","屏東縣","新園鄉",4.23
"104Q3","屏東縣","崁頂鄉",5.41
"104Q3","屏東縣","林邊鄉",3.99
"104Q3","屏東縣","南州鄉",3.94
"104Q3","屏東縣","佳冬鄉",4.39
"104Q3","屏東縣","琉球鄉",4.75
"104Q3","屏東縣","車城鄉",3.75
"104Q3","屏東縣","滿州鄉",3.86
"104Q3","屏東縣","枋山鄉",3.96
"104Q3","屏東縣","三地門鄉",4.69
"104Q3","屏東縣","霧台鄉",3.89
"104Q3","屏東縣","瑪家鄉",4.78
"104Q3","屏東縣","泰武鄉",5.49
"104Q3","屏東縣","來義鄉",4.28
"104Q3","屏東縣","春日鄉",4.66
"104Q3","屏東縣","獅子鄉",4.15
"104Q3","屏東縣","牡丹鄉",3.70
"104Q3","台東縣","",3.43
"104Q3","台東縣","台東市",3.38
"104Q3","台東縣","成功鎮",3.32
"104Q3","台東縣","關山鎮",3.54
"104Q3","台東縣","卑南鄉",3.40
"104Q3","台東縣","大武鄉",3.28
"104Q3","台東縣","太麻里鄉",3.26
"104Q3","台東縣","東河鄉",3.05
"104Q3","台東縣","長濱鄉",2.87
"104Q3","台東縣","鹿野鄉",3.44
"104Q3","台東縣","池上鄉",3.39
"104Q3","台東縣","綠島鄉",6.02
"104Q3","台東縣","延平鄉",4.59
"104Q3","台東縣","海端鄉",4.70
"104Q3","台東縣","達仁鄉",3.33
"104Q3","台東縣","金峰鄉",4.73
"104Q3","台東縣","蘭嶼鄉",4.17
"104Q3","花蓮縣","",3.32
"104Q3","花蓮縣","花蓮市",3.27
"104Q3","花蓮縣","鳳林鎮",3.04
"104Q3","花蓮縣","玉里鎮",3.37
"104Q3","花蓮縣","新城鄉",3.23
"104Q3","花蓮縣","吉安鄉",3.16
"104Q3","花蓮縣","壽豐鄉",3.22
"104Q3","花蓮縣","光復鄉",3.25
"104Q3","花蓮縣","豐濱鄉",3.19
"104Q3","花蓮縣","瑞穗鄉",3.20
"104Q3","花蓮縣","富里鄉",3.26
"104Q3","花蓮縣","秀林鄉",5.01
"104Q3","花蓮縣","萬榮鄉",4.66
"104Q3","花蓮縣","卓溪鄉",4.37
"104Q3","澎湖縣","",4.06
"104Q3","澎湖縣","馬公市",3.82
"104Q3","澎湖縣","湖西鄉",4.25
"104Q3","澎湖縣","白沙鄉",4.65
"104Q3","澎湖縣","西嶼鄉",4.02
"104Q3","澎湖縣","望安鄉",5.52
"104Q3","澎湖縣","七美鄉",5.15
"104Q3","基隆市","",2.87
"104Q3","基隆市","中正區",2.71
"104Q3","基隆市","七堵區",2.94
"104Q3","基隆市","暖暖區",2.83
"104Q3","基隆市","仁愛區",3.08
"104Q3","基隆市","中山區",2.92
"104Q3","基隆市","安樂區",2.86
"104Q3","基隆市","信義區",2.81
"104Q3","新竹市","",3.29
"104Q3","新竹市","新竹市",3.29
"104Q3","嘉義市","",3.32
"104Q3","嘉義市","嘉義市",3.32
"104Q3","金門縣","",7.66
"104Q3","金門縣","金城鎮",7.38
"104Q3","金門縣","金湖鎮",7.13
"104Q3","金門縣","金沙鎮",7.24
"104Q3","金門縣","金寧鄉",8.38
"104Q3","金門縣","烈嶼鄉",9.50
"104Q3","金門縣","烏坵鄉",8.43
"104Q3","連江縣","",5.61
"104Q3","連江縣","南竿鄉",5.68
"104Q3","連江縣","北竿鄉",5.77
"104Q3","連江縣","莒光鄉",6.00
"104Q3","連江縣","東引鄉",4.66
"104Q4","全國","",3.46
"104Q4","新北市","",3.12
"104Q4","新北市","板橋區",3.21
"104Q4","新北市","三重區",3.13
"104Q4","新北市","中和區",2.95
"104Q4","新北市","永和區",2.96
"104Q4","新北市","新莊區",3.27
"104Q4","新北市","新店區",2.80
"104Q4","新北市","樹林區",3.35
"104Q4","新北市","鶯歌區",3.60
"104Q4","新北市","三峽區",3.29
"104Q4","新北市","淡水區",2.61
"104Q4","新北市","汐止區",2.66
"104Q4","新北市","瑞芳區",3.22
"104Q4","新北市","土城區",3.31
"104Q4","新北市","蘆洲區",3.41
"104Q4","新北市","五股區",3.31
"104Q4","新北市","泰山區",3.26
"104Q4","新北市","林口區",3.09
"104Q4","新北市","深坑區",2.91
"104Q4","新北市","石碇區",3.40
"104Q4","新北市","坪林區",3.68
"104Q4","新北市","三芝區",3.15
"104Q4","新北市","石門區",5.07
"104Q4","新北市","八里區",3.34
"104Q4","新北市","平溪區",2.87
"104Q4","新北市","雙溪區",3.72
"104Q4","新北市","貢寮區",4.56
"104Q4","新北市","金山區",4.16
"104Q4","新北市","萬里區",4.17
"104Q4","新北市","烏來區",5.19
"104Q4","台北市","",3.37
"104Q4","台北市","松山區",3.42
"104Q4","台北市","信義區",3.28
"104Q4","台北市","大安區",3.40
"104Q4","台北市","中山區",2.92
"104Q4","台北市","中正區",3.46
"104Q4","台北市","大同區",3.44
"104Q4","台北市","萬華區",3.27
"104Q4","台北市","文山區",3.36
"104Q4","台北市","南港區",3.44
"104Q4","台北市","內湖區",3.45
"104Q4","台北市","士林區",3.55
"104Q4","台北市","北投區",3.55
"104Q4","桃園市","",3.35
"104Q4","桃園市","桃園區",3.15
"104Q4","桃園市","中壢區",3.26
"104Q4","桃園市","平鎮區",3.40
"104Q4","桃園市","八德區",3.30
"104Q4","桃園市","楊梅區",3.42
"104Q4","桃園市","大溪區",3.57
"104Q4","桃園市","蘆竹區",3.30
"104Q4","桃園市","大園區",3.71
"104Q4","桃園市","龜山區",3.13
"104Q4","桃園市","龍潭區",3.45
"104Q4","桃園市","新屋區",4.54
"104Q4","桃園市","觀音區",4.13
"104Q4","桃園市","復興區",4.03
"104Q4","台中市","",3.59
"104Q4","台中市","中區",3.52
"104Q4","台中市","東區",3.34
"104Q4","台中市","南區",3.02
"104Q4","台中市","西區",3.10
"104Q4","台中市","北區",3.05
"104Q4","台中市","西屯區",3.17
"104Q4","台中市","南屯區",3.29
"104Q4","台中市","北屯區",3.30
"104Q4","台中市","豐原區",3.97
"104Q4","台中市","東勢區",4.00
"104Q4","台中市","大甲區",4.33
"104Q4","台中市","清水區",4.16
"104Q4","台中市","沙鹿區",3.79
"104Q4","台中市","梧棲區",4.09
"104Q4","台中市","后里區",4.49
"104Q4","台中市","神岡區",4.28
"104Q4","台中市","潭子區",3.60
"104Q4","台中市","大雅區",3.95
"104Q4","台中市","新社區",4.03
"104Q4","台中市","石岡區",4.16
"104Q4","台中市","外埔區",4.26
"104Q4","台中市","大安區",4.80
"104Q4","台中市","烏日區",3.82
"104Q4","台中市","大肚區",4.01
"104Q4","台中市","龍井區",4.33
"104Q4","台中市","霧峰區",4.04
"104Q4","台中市","太平區",3.61
"104Q4","台中市","大里區",3.71
"104Q4","台中市","和平區",3.48
"104Q4","台南市","",3.47
"104Q4","台南市","新營區",3.21
"104Q4","台南市","鹽水區",3.60
"104Q4","台南市","白河區",3.98
"104Q4","台南市","柳營區",3.77
"104Q4","台南市","後壁區",3.71
"104Q4","台南市","東山區",4.19
"104Q4","台南市","麻豆區",3.63
"104Q4","台南市","下營區",3.83
"104Q4","台南市","六甲區",3.76
"104Q4","台南市","官田區",3.66
"104Q4","台南市","大內區",3.97
"104Q4","台南市","佳里區",3.58
"104Q4","台南市","學甲區",3.70
"104Q4","台南市","西港區",4.00
"104Q4","台南市","七股區",4.45
"104Q4","台南市","將軍區",4.22
"104Q4","台南市","北門區",4.41
"104Q4","台南市","新化區",3.75
"104Q4","台南市","善化區",3.38
"104Q4","台南市","新市區",3.58
"104Q4","台南市","安定區",3.85
"104Q4","台南市","山上區",4.07
"104Q4","台南市","玉井區",3.71
"104Q4","台南市","楠西區",3.90
"104Q4","台南市","南化區",4.45
"104Q4","台南市","左鎮區",3.76
"104Q4","台南市","仁德區",3.36
"104Q4","台南市","歸仁區",3.70
"104Q4","台南市","關廟區",3.95
"104Q4","台南市","龍崎區",4.38
"104Q4","台南市","永康區",3.28
"104Q4","台南市","東區",3.15
"104Q4","台南市","南區",3.37
"104Q4","台南市","北區",3.15
"104Q4","台南市","安南區",3.76
"104Q4","台南市","安平區",3.09
"104Q4","台南市","中西區",3.09
"104Q4","高雄市","",3.25
"104Q4","高雄市","鹽埕區",2.87
"104Q4","高雄市","鼓山區",2.87
"104Q4","高雄市","左營區",2.94
"104Q4","高雄市","楠梓區",3.12
"104Q4","高雄市","三民區",3.11
"104Q4","高雄市","新興區",2.74
"104Q4","高雄市","前金區",2.57
"104Q4","高雄市","苓雅區",2.97
"104Q4","高雄市","前鎮區",3.08
"104Q4","高雄市","旗津區",4.19
"104Q4","高雄市","小港區",3.69
"104Q4","高雄市","鳳山區",3.15
"104Q4","高雄市","林園區",3.89
"104Q4","高雄市","大寮區",3.35
"104Q4","高雄市","大樹區",4.10
"104Q4","高雄市","大社區",3.33
"104Q4","高雄市","仁武區",3.18
"104Q4","高雄市","鳥松區",3.03
"104Q4","高雄市","岡山區",3.40
"104Q4","高雄市","橋頭區",3.40
"104Q4","高雄市","燕巢區",3.96
"104Q4","高雄市","田寮區",3.94
"104Q4","高雄市","阿蓮區",3.96
"104Q4","高雄市","路竹區",3.89
"104Q4","高雄市","湖內區",3.39
"104Q4","高雄市","茄萣區",4.23
"104Q4","高雄市","永安區",4.32
"104Q4","高雄市","彌陀區",4.42
"104Q4","高雄市","梓官區",3.72
"104Q4","高雄市","旗山區",3.58
"104Q4","高雄市","美濃區",4.54
"104Q4","高雄市","六龜區",3.47
"104Q4","高雄市","甲仙區",3.49
"104Q4","高雄市","杉林區",3.77
"104Q4","高雄市","內門區",5.17
"104Q4","高雄市","茂林區",4.86
"104Q4","高雄市","桃源區",4.58
"104Q4","高雄市","那瑪夏區",4.74
"104Q4","宜蘭縣","",3.41
"104Q4","宜蘭縣","宜蘭市",3.18
"104Q4","宜蘭縣","羅東鎮",3.44
"104Q4","宜蘭縣","蘇澳鎮",3.54
"104Q4","宜蘭縣","頭城鎮",3.74
"104Q4","宜蘭縣","礁溪鄉",3.32
"104Q4","宜蘭縣","壯圍鄉",3.82
"104Q4","宜蘭縣","員山鄉",3.49
"104Q4","宜蘭縣","冬山鄉",3.33
"104Q4","宜蘭縣","五結鄉",3.24
"104Q4","宜蘭縣","三星鄉",3.37
"104Q4","宜蘭縣","大同鄉",4.43
"104Q4","宜蘭縣","南澳鄉",5.34
"104Q4","新竹縣","",3.59
"104Q4","新竹縣","竹北市",3.24
"104Q4","新竹縣","關西鎮",4.52
"104Q4","新竹縣","新埔鎮",4.02
"104Q4","新竹縣","竹東鎮",3.47
"104Q4","新竹縣","湖口鄉",3.62
"104Q4","新竹縣","橫山鄉",3.97
"104Q4","新竹縣","新豐鄉",3.84
"104Q4","新竹縣","芎林鄉",4.03
"104Q4","新竹縣","寶山鄉",3.46
"104Q4","新竹縣","北埔鄉",4.41
"104Q4","新竹縣","峨眉鄉",4.55
"104Q4","新竹縣","尖石鄉",4.41
"104Q4","新竹縣","五峰鄉",4.05
"104Q4","苗栗縣","",3.89
"104Q4","苗栗縣","苗栗市",3.38
"104Q4","苗栗縣","苑裡鎮",4.41
"104Q4","苗栗縣","通霄鎮",4.55
"104Q4","苗栗縣","竹南鎮",3.61
"104Q4","苗栗縣","頭份鎮",3.58
"104Q4","苗栗縣","後龍鎮",4.46
"104Q4","苗栗縣","卓蘭鎮",4.64
"104Q4","苗栗縣","大湖鄉",4.36
"104Q4","苗栗縣","公館鄉",3.92
"104Q4","苗栗縣","銅鑼鄉",4.17
"104Q4","苗栗縣","南庄鄉",3.93
"104Q4","苗栗縣","頭屋鄉",4.22
"104Q4","苗栗縣","三義鄉",4.16
"104Q4","苗栗縣","西湖鄉",5.22
"104Q4","苗栗縣","造橋鄉",4.11
"104Q4","苗栗縣","三灣鄉",4.17
"104Q4","苗栗縣","獅潭鄉",3.88
"104Q4","苗栗縣","泰安鄉",5.98
"104Q4","彰化縣","",4.38
"104Q4","彰化縣","彰化市",3.71
"104Q4","彰化縣","鹿港鎮",4.54
"104Q4","彰化縣","和美鎮",4.09
"104Q4","彰化縣","北斗鎮",3.81
"104Q4","彰化縣","員林鎮",4.07
"104Q4","彰化縣","溪湖鎮",4.73
"104Q4","彰化縣","田中鎮",4.00
"104Q4","彰化縣","二林鎮",5.20
"104Q4","彰化縣","線西鄉",5.22
"104Q4","彰化縣","伸港鄉",4.90
"104Q4","彰化縣","福興鄉",5.32
"104Q4","彰化縣","秀水鄉",4.61
"104Q4","彰化縣","花壇鄉",4.07
"104Q4","彰化縣","芬園鄉",4.80
"104Q4","彰化縣","大村鄉",5.33
"104Q4","彰化縣","埔鹽鄉",6.16
"104Q4","彰化縣","埔心鄉",4.06
"104Q4","彰化縣","永靖鄉",5.10
"104Q4","彰化縣","社頭鄉",5.03
"104Q4","彰化縣","二水鄉",4.12
"104Q4","彰化縣","田尾鄉",4.16
"104Q4","彰化縣","埤頭鄉",4.48
"104Q4","彰化縣","芳苑鄉",5.07
"104Q4","彰化縣","大城鄉",6.04
"104Q4","彰化縣","竹塘鄉",4.62
"104Q4","彰化縣","溪州鄉",5.10
"104Q4","南投縣","",3.85
"104Q4","南投縣","南投市",3.53
"104Q4","南投縣","埔里鎮",3.67
"104Q4","南投縣","草屯鎮",3.88
"104Q4","南投縣","竹山鎮",3.64
"104Q4","南投縣","集集鎮",3.84
"104Q4","南投縣","名間鄉",4.56
"104Q4","南投縣","鹿谷鄉",4.21
"104Q4","南投縣","中寮鄉",4.35
"104Q4","南投縣","魚池鄉",4.55
"104Q4","南投縣","國姓鄉",3.82
"104Q4","南投縣","水里鄉",3.50
"104Q4","南投縣","信義鄉",4.86
"104Q4","南投縣","仁愛鄉",4.23
"104Q4","雲林縣","",4.13
"104Q4","雲林縣","斗六市",3.42
"104Q4","雲林縣","斗南鎮",3.64
"104Q4","雲林縣","虎尾鎮",3.53
"104Q4","雲林縣","西螺鎮",4.25
"104Q4","雲林縣","土庫鎮",4.35
"104Q4","雲林縣","北港鎮",3.56
"104Q4","雲林縣","古坑鄉",4.28
"104Q4","雲林縣","大埤鄉",4.30
"104Q4","雲林縣","莿桐鄉",4.38
"104Q4","雲林縣","林內鄉",4.16
"104Q4","雲林縣","二崙鄉",4.80
"104Q4","雲林縣","崙背鄉",4.45
"104Q4","雲林縣","麥寮鄉",5.76
"104Q4","雲林縣","東勢鄉",4.55
"104Q4","雲林縣","褒忠鄉",4.46
"104Q4","雲林縣","台西鄉",4.95
"104Q4","雲林縣","元長鄉",4.62
"104Q4","雲林縣","四湖鄉",4.53
"104Q4","雲林縣","口湖鄉",5.21
"104Q4","雲林縣","水林鄉",4.89
"104Q4","嘉義縣","",4.12
"104Q4","嘉義縣","太保市",3.79
"104Q4","嘉義縣","朴子市",3.74
"104Q4","嘉義縣","布袋鎮",4.33
"104Q4","嘉義縣","大林鎮",3.82
"104Q4","嘉義縣","民雄鄉",3.75
"104Q4","嘉義縣","溪口鄉",5.03
"104Q4","嘉義縣","新港鄉",4.72
"104Q4","嘉義縣","六腳鄉",4.85
"104Q4","嘉義縣","東石鄉",5.02
"104Q4","嘉義縣","義竹鄉",4.50
"104Q4","嘉義縣","鹿草鄉",4.67
"104Q4","嘉義縣","水上鄉",3.62
"104Q4","嘉義縣","中埔鄉",4.11
"104Q4","嘉義縣","竹崎鄉",4.55
"104Q4","嘉義縣","梅山鄉",4.27
"104Q4","嘉義縣","番路鄉",3.83
"104Q4","嘉義縣","大埔鄉",5.16
"104Q4","嘉義縣","阿里山鄉",4.41
"104Q4","屏東縣","",3.80
"104Q4","屏東縣","屏東市",3.22
"104Q4","屏東縣","潮州鎮",3.35
"104Q4","屏東縣","東港鎮",3.89
"104Q4","屏東縣","恆春鎮",3.75
"104Q4","屏東縣","萬丹鄉",4.07
"104Q4","屏東縣","長治鄉",3.81
"104Q4","屏東縣","麟洛鄉",3.53
"104Q4","屏東縣","九如鄉",4.01
"104Q4","屏東縣","里港鄉",4.41
"104Q4","屏東縣","鹽埔鄉",4.65
"104Q4","屏東縣","高樹鄉",4.51
"104Q4","屏東縣","萬巒鄉",4.57
"104Q4","屏東縣","內埔鄉",3.82
"104Q4","屏東縣","竹田鄉",3.88
"104Q4","屏東縣","新埤鄉",4.21
"104Q4","屏東縣","枋寮鄉",3.79
"104Q4","屏東縣","新園鄉",4.21
"104Q4","屏東縣","崁頂鄉",5.38
"104Q4","屏東縣","林邊鄉",3.99
"104Q4","屏東縣","南州鄉",3.92
"104Q4","屏東縣","佳冬鄉",4.37
"104Q4","屏東縣","琉球鄉",4.70
"104Q4","屏東縣","車城鄉",3.72
"104Q4","屏東縣","滿州鄉",3.84
"104Q4","屏東縣","枋山鄉",3.95
"104Q4","屏東縣","三地門鄉",4.69
"104Q4","屏東縣","霧台鄉",3.87
"104Q4","屏東縣","瑪家鄉",4.77
"104Q4","屏東縣","泰武鄉",5.43
"104Q4","屏東縣","來義鄉",4.26
"104Q4","屏東縣","春日鄉",4.64
"104Q4","屏東縣","獅子鄉",4.12
"104Q4","屏東縣","牡丹鄉",3.65
"104Q4","台東縣","",3.42
"104Q4","台東縣","台東市",3.37
"104Q4","台東縣","成功鎮",3.29
"104Q4","台東縣","關山鎮",3.52
"104Q4","台東縣","卑南鄉",3.39
"104Q4","台東縣","大武鄉",3.27
"104Q4","台東縣","太麻里鄉",3.25
"104Q4","台東縣","東河鄉",3.03
"104Q4","台東縣","長濱鄉",2.86
"104Q4","台東縣","鹿野鄉",3.42
"104Q4","台東縣","池上鄉",3.37
"104Q4","台東縣","綠島鄉",5.97
"104Q4","台東縣","延平鄉",4.56
"104Q4","台東縣","海端鄉",4.69
"104Q4","台東縣","達仁鄉",3.31
"104Q4","台東縣","金峰鄉",4.70
"104Q4","台東縣","蘭嶼鄉",4.18
"104Q4","花蓮縣","",3.31
"104Q4","花蓮縣","花蓮市",3.27
"104Q4","花蓮縣","鳳林鎮",3.05
"104Q4","花蓮縣","玉里鎮",3.36
"104Q4","花蓮縣","新城鄉",3.22
"104Q4","花蓮縣","吉安鄉",3.16
"104Q4","花蓮縣","壽豐鄉",3.21
"104Q4","花蓮縣","光復鄉",3.22
"104Q4","花蓮縣","豐濱鄉",3.18
"104Q4","花蓮縣","瑞穗鄉",3.19
"104Q4","花蓮縣","富里鄉",3.25
"104Q4","花蓮縣","秀林鄉",5.03
"104Q4","花蓮縣","萬榮鄉",4.64
"104Q4","花蓮縣","卓溪鄉",4.36
"104Q4","澎湖縣","",4.06
"104Q4","澎湖縣","馬公市",3.82
"104Q4","澎湖縣","湖西鄉",4.26
"104Q4","澎湖縣","白沙鄉",4.64
"104Q4","澎湖縣","西嶼鄉",4.02
"104Q4","澎湖縣","望安鄉",5.53
"104Q4","澎湖縣","七美鄉",5.13
"104Q4","基隆市","",2.87
"104Q4","基隆市","中正區",2.71
"104Q4","基隆市","七堵區",2.94
"104Q4","基隆市","暖暖區",2.83
"104Q4","基隆市","仁愛區",3.08
"104Q4","基隆市","中山區",2.92
"104Q4","基隆市","安樂區",2.86
"104Q4","基隆市","信義區",2.81
"104Q4","新竹市","",3.29
"104Q4","新竹市","新竹市",3.29
"104Q4","嘉義市","",3.32
"104Q4","嘉義市","嘉義市",3.32
"104Q4","金門縣","",7.65
"104Q4","金門縣","金城鎮",7.38
"104Q4","金門縣","金湖鎮",7.11
"104Q4","金門縣","金沙鎮",7.25
"104Q4","金門縣","金寧鄉",8.31
"104Q4","金門縣","烈嶼鄉",9.52
"104Q4","金門縣","烏坵鄉",8.35
"104Q4","連江縣","",5.52
"104Q4","連江縣","南竿鄉",5.55
"104Q4","連江縣","北竿鄉",5.72
"104Q4","連江縣","莒光鄉",6.00
"104Q4","連江縣","東引鄉",4.66
"105Q1","全國","",3.45
"105Q1","新北市","",3.11
"105Q1","新北市","板橋區",3.21
"105Q1","新北市","三重區",3.13
"105Q1","新北市","中和區",2.94
"105Q1","新北市","永和區",2.96
"105Q1","新北市","新莊區",3.27
"105Q1","新北市","新店區",2.79
"105Q1","新北市","樹林區",3.34
"105Q1","新北市","鶯歌區",3.60
"105Q1","新北市","三峽區",3.29
"105Q1","新北市","淡水區",2.61
"105Q1","新北市","汐止區",2.66
"105Q1","新北市","瑞芳區",3.22
"105Q1","新北市","土城區",3.31
"105Q1","新北市","蘆洲區",3.41
"105Q1","新北市","五股區",3.31
"105Q1","新北市","泰山區",3.26
"105Q1","新北市","林口區",3.09
"105Q1","新北市","深坑區",2.90
"105Q1","新北市","石碇區",3.40
"105Q1","新北市","坪林區",3.67
"105Q1","新北市","三芝區",3.15
"105Q1","新北市","石門區",5.05
"105Q1","新北市","八里區",3.34
"105Q1","新北市","平溪區",2.86
"105Q1","新北市","雙溪區",3.71
"105Q1","新北市","貢寮區",4.54
"105Q1","新北市","金山區",4.16
"105Q1","新北市","萬里區",4.15
"105Q1","新北市","烏來區",5.18
"105Q1","台北市","",3.37
"105Q1","台北市","松山區",3.42
"105Q1","台北市","信義區",3.28
"105Q1","台北市","大安區",3.40
"105Q1","台北市","中山區",2.92
"105Q1","台北市","中正區",3.46
"105Q1","台北市","大同區",3.45
"105Q1","台北市","萬華區",3.26
"105Q1","台北市","文山區",3.36
"105Q1","台北市","南港區",3.44
"105Q1","台北市","內湖區",3.45
"105Q1","台北市","士林區",3.55
"105Q1","台北市","北投區",3.55
"105Q1","桃園市","",3.35
"105Q1","桃園市","桃園區",3.16
"105Q1","桃園市","中壢區",3.25
"105Q1","桃園市","平鎮區",3.40
"105Q1","桃園市","八德區",3.30
"105Q1","桃園市","楊梅區",3.41
"105Q1","桃園市","大溪區",3.57
"105Q1","桃園市","蘆竹區",3.30
"105Q1","桃園市","大園區",3.70
"105Q1","桃園市","龜山區",3.13
"105Q1","桃園市","龍潭區",3.44
"105Q1","桃園市","新屋區",4.54
"105Q1","桃園市","觀音區",4.12
"105Q1","桃園市","復興區",4.05
"105Q1","台中市","",3.59
"105Q1","台中市","中區",3.50
"105Q1","台中市","東區",3.33
"105Q1","台中市","南區",3.02
"105Q1","台中市","西區",3.10
"105Q1","台中市","北區",3.04
"105Q1","台中市","西屯區",3.17
"105Q1","台中市","南屯區",3.29
"105Q1","台中市","北屯區",3.29
"105Q1","台中市","豐原區",3.97
"105Q1","台中市","東勢區",3.99
"105Q1","台中市","大甲區",4.33
"105Q1","台中市","清水區",4.16
"105Q1","台中市","沙鹿區",3.78
"105Q1","台中市","梧棲區",4.08
"105Q1","台中市","后里區",4.48
"105Q1","台中市","神岡區",4.27
"105Q1","台中市","潭子區",3.60
"105Q1","台中市","大雅區",3.94
"105Q1","台中市","新社區",4.03
"105Q1","台中市","石岡區",4.15
"105Q1","台中市","外埔區",4.25
"105Q1","台中市","大安區",4.78
"105Q1","台中市","烏日區",3.81
"105Q1","台中市","大肚區",4.01
"105Q1","台中市","龍井區",4.33
"105Q1","台中市","霧峰區",4.04
"105Q1","台中市","太平區",3.61
"105Q1","台中市","大里區",3.71
"105Q1","台中市","和平區",3.47
"105Q1","台南市","",3.46
"105Q1","台南市","新營區",3.20
"105Q1","台南市","鹽水區",3.58
"105Q1","台南市","白河區",3.97
"105Q1","台南市","柳營區",3.76
"105Q1","台南市","後壁區",3.71
"105Q1","台南市","東山區",4.18
"105Q1","台南市","麻豆區",3.62
"105Q1","台南市","下營區",3.82
"105Q1","台南市","六甲區",3.76
"105Q1","台南市","官田區",3.64
"105Q1","台南市","大內區",3.95
"105Q1","台南市","佳里區",3.58
"105Q1","台南市","學甲區",3.69
"105Q1","台南市","西港區",4.00
"105Q1","台南市","七股區",4.44
"105Q1","台南市","將軍區",4.21
"105Q1","台南市","北門區",4.39
"105Q1","台南市","新化區",3.75
"105Q1","台南市","善化區",3.37
"105Q1","台南市","新市區",3.58
"105Q1","台南市","安定區",3.84
"105Q1","台南市","山上區",4.03
"105Q1","台南市","玉井區",3.69
"105Q1","台南市","楠西區",3.88
"105Q1","台南市","南化區",4.44
"105Q1","台南市","左鎮區",3.75
"105Q1","台南市","仁德區",3.35
"105Q1","台南市","歸仁區",3.70
"105Q1","台南市","關廟區",3.94
"105Q1","台南市","龍崎區",4.36
"105Q1","台南市","永康區",3.28
"105Q1","台南市","東區",3.15
"105Q1","台南市","南區",3.36
"105Q1","台南市","北區",3.14
"105Q1","台南市","安南區",3.76
"105Q1","台南市","安平區",3.09
"105Q1","台南市","中西區",3.09
"105Q1","高雄市","",3.24
"105Q1","高雄市","鹽埕區",2.86
"105Q1","高雄市","鼓山區",2.87
"105Q1","高雄市","左營區",2.94
"105Q1","高雄市","楠梓區",3.11
"105Q1","高雄市","三民區",3.11
"105Q1","高雄市","新興區",2.73
"105Q1","高雄市","前金區",2.56
"105Q1","高雄市","苓雅區",2.96
"105Q1","高雄市","前鎮區",3.07
"105Q1","高雄市","旗津區",4.17
"105Q1","高雄市","小港區",3.69
"105Q1","高雄市","鳳山區",3.15
"105Q1","高雄市","林園區",3.89
"105Q1","高雄市","大寮區",3.35
"105Q1","高雄市","大樹區",4.10
"105Q1","高雄市","大社區",3.33
"105Q1","高雄市","仁武區",3.18
"105Q1","高雄市","鳥松區",3.03
"105Q1","高雄市","岡山區",3.39
"105Q1","高雄市","橋頭區",3.40
"105Q1","高雄市","燕巢區",3.94
"105Q1","高雄市","田寮區",3.92
"105Q1","高雄市","阿蓮區",3.95
"105Q1","高雄市","路竹區",3.89
"105Q1","高雄市","湖內區",3.38
"105Q1","高雄市","茄萣區",4.22
"105Q1","高雄市","永安區",4.31
"105Q1","高雄市","彌陀區",4.41
"105Q1","高雄市","梓官區",3.72
"105Q1","高雄市","旗山區",3.58
"105Q1","高雄市","美濃區",4.53
"105Q1","高雄市","六龜區",3.46
"105Q1","高雄市","甲仙區",3.49
"105Q1","高雄市","杉林區",3.75
"105Q1","高雄市","內門區",5.12
"105Q1","高雄市","茂林區",4.84
"105Q1","高雄市","桃源區",4.56
"105Q1","高雄市","那瑪夏區",4.75
"105Q1","宜蘭縣","",3.40
"105Q1","宜蘭縣","宜蘭市",3.17
"105Q1","宜蘭縣","羅東鎮",3.43
"105Q1","宜蘭縣","蘇澳鎮",3.52
"105Q1","宜蘭縣","頭城鎮",3.73
"105Q1","宜蘭縣","礁溪鄉",3.31
"105Q1","宜蘭縣","壯圍鄉",3.80
"105Q1","宜蘭縣","員山鄉",3.49
"105Q1","宜蘭縣","冬山鄉",3.32
"105Q1","宜蘭縣","五結鄉",3.22
"105Q1","宜蘭縣","三星鄉",3.36
"105Q1","宜蘭縣","大同鄉",4.41
"105Q1","宜蘭縣","南澳鄉",5.32
"105Q1","新竹縣","",3.58
"105Q1","新竹縣","竹北市",3.23
"105Q1","新竹縣","關西鎮",4.51
"105Q1","新竹縣","新埔鎮",4.01
"105Q1","新竹縣","竹東鎮",3.45
"105Q1","新竹縣","湖口鄉",3.60
"105Q1","新竹縣","橫山鄉",3.95
"105Q1","新竹縣","新豐鄉",3.83
"105Q1","新竹縣","芎林鄉",4.02
"105Q1","新竹縣","寶山鄉",3.44
"105Q1","新竹縣","北埔鄉",4.40
"105Q1","新竹縣","峨眉鄉",4.55
"105Q1","新竹縣","尖石鄉",4.37
"105Q1","新竹縣","五峰鄉",4.03
"105Q1","苗栗縣","",3.88
"105Q1","苗栗縣","苗栗市",3.38
"105Q1","苗栗縣","苑裡鎮",4.38
"105Q1","苗栗縣","通霄鎮",4.53
"105Q1","苗栗縣","竹南鎮",3.60
"105Q1","苗栗縣","頭份鎮",3.57
"105Q1","苗栗縣","後龍鎮",4.45
"105Q1","苗栗縣","卓蘭鎮",4.61
"105Q1","苗栗縣","大湖鄉",4.35
"105Q1","苗栗縣","公館鄉",3.91
"105Q1","苗栗縣","銅鑼鄉",4.16
"105Q1","苗栗縣","南庄鄉",3.90
"105Q1","苗栗縣","頭屋鄉",4.20
"105Q1","苗栗縣","三義鄉",4.14
"105Q1","苗栗縣","西湖鄉",5.19
"105Q1","苗栗縣","造橋鄉",4.10
"105Q1","苗栗縣","三灣鄉",4.16
"105Q1","苗栗縣","獅潭鄉",3.85
"105Q1","苗栗縣","泰安鄉",5.93
"105Q1","彰化縣","",4.37
"105Q1","彰化縣","彰化市",3.71
"105Q1","彰化縣","鹿港鎮",4.53
"105Q1","彰化縣","和美鎮",4.09
"105Q1","彰化縣","北斗鎮",3.82
"105Q1","彰化縣","員林鎮",4.07
"105Q1","彰化縣","溪湖鎮",4.72
"105Q1","彰化縣","田中鎮",3.98
"105Q1","彰化縣","二林鎮",5.18
"105Q1","彰化縣","線西鄉",5.21
"105Q1","彰化縣","伸港鄉",4.88
"105Q1","彰化縣","福興鄉",5.30
"105Q1","彰化縣","秀水鄉",4.60
"105Q1","彰化縣","花壇鄉",4.06
"105Q1","彰化縣","芬園鄉",4.79
"105Q1","彰化縣","大村鄉",5.31
"105Q1","彰化縣","埔鹽鄉",6.14
"105Q1","彰化縣","埔心鄉",4.05
"105Q1","彰化縣","永靖鄉",5.09
"105Q1","彰化縣","社頭鄉",4.99
"105Q1","彰化縣","二水鄉",4.11
"105Q1","彰化縣","田尾鄉",4.15
"105Q1","彰化縣","埤頭鄉",4.48
"105Q1","彰化縣","芳苑鄉",5.05
"105Q1","彰化縣","大城鄉",6.03
"105Q1","彰化縣","竹塘鄉",4.61
"105Q1","彰化縣","溪州鄉",5.08
"105Q1","南投縣","",3.84
"105Q1","南投縣","南投市",3.53
"105Q1","南投縣","埔里鎮",3.67
"105Q1","南投縣","草屯鎮",3.87
"105Q1","南投縣","竹山鎮",3.63
"105Q1","南投縣","集集鎮",3.83
"105Q1","南投縣","名間鄉",4.54
"105Q1","南投縣","鹿谷鄉",4.20
"105Q1","南投縣","中寮鄉",4.33
"105Q1","南投縣","魚池鄉",4.53
"105Q1","南投縣","國姓鄉",3.80
"105Q1","南投縣","水里鄉",3.48
"105Q1","南投縣","信義鄉",4.85
"105Q1","南投縣","仁愛鄉",4.23
"105Q1","雲林縣","",4.11
"105Q1","雲林縣","斗六市",3.42
"105Q1","雲林縣","斗南鎮",3.63
"105Q1","雲林縣","虎尾鎮",3.52
"105Q1","雲林縣","西螺鎮",4.23
"105Q1","雲林縣","土庫鎮",4.33
"105Q1","雲林縣","北港鎮",3.55
"105Q1","雲林縣","古坑鄉",4.26
"105Q1","雲林縣","大埤鄉",4.28
"105Q1","雲林縣","莿桐鄉",4.37
"105Q1","雲林縣","林內鄉",4.16
"105Q1","雲林縣","二崙鄉",4.79
"105Q1","雲林縣","崙背鄉",4.43
"105Q1","雲林縣","麥寮鄉",5.75
"105Q1","雲林縣","東勢鄉",4.54
"105Q1","雲林縣","褒忠鄉",4.44
"105Q1","雲林縣","台西鄉",4.93
"105Q1","雲林縣","元長鄉",4.61
"105Q1","雲林縣","四湖鄉",4.51
"105Q1","雲林縣","口湖鄉",5.20
"105Q1","雲林縣","水林鄉",4.87
"105Q1","嘉義縣","",4.11
"105Q1","嘉義縣","太保市",3.78
"105Q1","嘉義縣","朴子市",3.73
"105Q1","嘉義縣","布袋鎮",4.32
"105Q1","嘉義縣","大林鎮",3.81
"105Q1","嘉義縣","民雄鄉",3.74
"105Q1","嘉義縣","溪口鄉",5.00
"105Q1","嘉義縣","新港鄉",4.71
"105Q1","嘉義縣","六腳鄉",4.83
"105Q1","嘉義縣","東石鄉",5.00
"105Q1","嘉義縣","義竹鄉",4.48
"105Q1","嘉義縣","鹿草鄉",4.64
"105Q1","嘉義縣","水上鄉",3.61
"105Q1","嘉義縣","中埔鄉",4.09
"105Q1","嘉義縣","竹崎鄉",4.54
"105Q1","嘉義縣","梅山鄉",4.26
"105Q1","嘉義縣","番路鄉",3.82
"105Q1","嘉義縣","大埔鄉",5.15
"105Q1","嘉義縣","阿里山鄉",4.40
"105Q1","屏東縣","",3.79
"105Q1","屏東縣","屏東市",3.22
"105Q1","屏東縣","潮州鎮",3.34
"105Q1","屏東縣","東港鎮",3.87
"105Q1","屏東縣","恆春鎮",3.74
"105Q1","屏東縣","萬丹鄉",4.06
"105Q1","屏東縣","長治鄉",3.79
"105Q1","屏東縣","麟洛鄉",3.52
"105Q1","屏東縣","九如鄉",3.99
"105Q1","屏東縣","里港鄉",4.41
"105Q1","屏東縣","鹽埔鄉",4.64
"105Q1","屏東縣","高樹鄉",4.49
"105Q1","屏東縣","萬巒鄉",4.57
"105Q1","屏東縣","內埔鄉",3.81
"105Q1","屏東縣","竹田鄉",3.87
"105Q1","屏東縣","新埤鄉",4.19
"105Q1","屏東縣","枋寮鄉",3.78
"105Q1","屏東縣","新園鄉",4.19
"105Q1","屏東縣","崁頂鄉",5.33
"105Q1","屏東縣","林邊鄉",4.01
"105Q1","屏東縣","南州鄉",3.92
"105Q1","屏東縣","佳冬鄉",4.35
"105Q1","屏東縣","琉球鄉",4.66
"105Q1","屏東縣","車城鄉",3.71
"105Q1","屏東縣","滿州鄉",3.82
"105Q1","屏東縣","枋山鄉",3.92
"105Q1","屏東縣","三地門鄉",4.67
"105Q1","屏東縣","霧台鄉",3.84
"105Q1","屏東縣","瑪家鄉",4.75
"105Q1","屏東縣","泰武鄉",5.37
"105Q1","屏東縣","來義鄉",4.26
"105Q1","屏東縣","春日鄉",4.64
"105Q1","屏東縣","獅子鄉",4.13
"105Q1","屏東縣","牡丹鄉",3.63
"105Q1","台東縣","",3.41
"105Q1","台東縣","台東市",3.36
"105Q1","台東縣","成功鎮",3.29
"105Q1","台東縣","關山鎮",3.52
"105Q1","台東縣","卑南鄉",3.38
"105Q1","台東縣","大武鄉",3.25
"105Q1","台東縣","太麻里鄉",3.24
"105Q1","台東縣","東河鄉",3.03
"105Q1","台東縣","長濱鄉",2.85
"105Q1","台東縣","鹿野鄉",3.41
"105Q1","台東縣","池上鄉",3.36
"105Q1","台東縣","綠島鄉",5.89
"105Q1","台東縣","延平鄉",4.58
"105Q1","台東縣","海端鄉",4.67
"105Q1","台東縣","達仁鄉",3.30
"105Q1","台東縣","金峰鄉",4.72
"105Q1","台東縣","蘭嶼鄉",4.14
"105Q1","花蓮縣","",3.31
"105Q1","花蓮縣","花蓮市",3.27
"105Q1","花蓮縣","鳳林鎮",3.04
"105Q1","花蓮縣","玉里鎮",3.35
"105Q1","花蓮縣","新城鄉",3.22
"105Q1","花蓮縣","吉安鄉",3.16
"105Q1","花蓮縣","壽豐鄉",3.20
"105Q1","花蓮縣","光復鄉",3.22
"105Q1","花蓮縣","豐濱鄉",3.15
"105Q1","花蓮縣","瑞穗鄉",3.19
"105Q1","花蓮縣","富里鄉",3.25
"105Q1","花蓮縣","秀林鄉",5.06
"105Q1","花蓮縣","萬榮鄉",4.67
"105Q1","花蓮縣","卓溪鄉",4.35
"105Q1","澎湖縣","",4.05
"105Q1","澎湖縣","馬公市",3.81
"105Q1","澎湖縣","湖西鄉",4.25
"105Q1","澎湖縣","白沙鄉",4.62
"105Q1","澎湖縣","西嶼鄉",4.01
"105Q1","澎湖縣","望安鄉",5.52
"105Q1","澎湖縣","七美鄉",5.10
"105Q1","基隆市","",2.87
"105Q1","基隆市","中正區",2.70
"105Q1","基隆市","七堵區",2.94
"105Q1","基隆市","暖暖區",2.83
"105Q1","基隆市","仁愛區",3.08
"105Q1","基隆市","中山區",2.91
"105Q1","基隆市","安樂區",2.86
"105Q1","基隆市","信義區",2.81
"105Q1","新竹市","",3.28
"105Q1","新竹市","新竹市",3.28
"105Q1","嘉義市","",3.32
"105Q1","嘉義市","嘉義市",3.32
"105Q1","金門縣","",7.62
"105Q1","金門縣","金城鎮",7.35
"105Q1","金門縣","金湖鎮",7.09
"105Q1","金門縣","金沙鎮",7.24
"105Q1","金門縣","金寧鄉",8.25
"105Q1","金門縣","烈嶼鄉",9.51
"105Q1","金門縣","烏坵鄉",8.35
"105Q1","連江縣","",5.45
"105Q1","連江縣","南竿鄉",5.46
"105Q1","連江縣","北竿鄉",5.59
"105Q1","連江縣","莒光鄉",5.94
"105Q1","連江縣","東引鄉",4.66
"105Q2","全國","",3.44
"105Q2","新北市","",3.11
"105Q2","新北市","板橋區",3.21
"105Q2","新北市","三重區",3.13
"105Q2","新北市","中和區",2.94
"105Q2","新北市","永和區",2.96
"105Q2","新北市","新莊區",3.26
"105Q2","新北市","新店區",2.79
"105Q2","新北市","樹林區",3.34
"105Q2","新北市","鶯歌區",3.59
"105Q2","新北市","三峽區",3.29
"105Q2","新北市","淡水區",2.61
"105Q2","新北市","汐止區",2.66
"105Q2","新北市","瑞芳區",3.21
"105Q2","新北市","土城區",3.31
"105Q2","新北市","蘆洲區",3.40
"105Q2","新北市","五股區",3.30
"105Q2","新北市","泰山區",3.26
"105Q2","新北市","林口區",3.09
"105Q2","新北市","深坑區",2.90
"105Q2","新北市","石碇區",3.38
"105Q2","新北市","坪林區",3.68
"105Q2","新北市","三芝區",3.14
"105Q2","新北市","石門區",5.04
"105Q2","新北市","八里區",3.33
"105Q2","新北市","平溪區",2.84
"105Q2","新北市","雙溪區",3.69
"105Q2","新北市","貢寮區",4.54
"105Q2","新北市","金山區",4.16
"105Q2","新北市","萬里區",4.16
"105Q2","新北市","烏來區",5.16
"105Q2","台北市","",3.37
"105Q2","台北市","松山區",3.41
"105Q2","台北市","信義區",3.27
"105Q2","台北市","大安區",3.40
"105Q2","台北市","中山區",2.92
"105Q2","台北市","中正區",3.46
"105Q2","台北市","大同區",3.44
"105Q2","台北市","萬華區",3.25
"105Q2","台北市","文山區",3.36
"105Q2","台北市","南港區",3.44
"105Q2","台北市","內湖區",3.44
"105Q2","台北市","士林區",3.55
"105Q2","台北市","北投區",3.54
"105Q2","桃園市","",3.34
"105Q2","桃園市","桃園區",3.16
"105Q2","桃園市","中壢區",3.25
"105Q2","桃園市","平鎮區",3.40
"105Q2","桃園市","八德區",3.30
"105Q2","桃園市","楊梅區",3.41
"105Q2","桃園市","大溪區",3.56
"105Q2","桃園市","蘆竹區",3.30
"105Q2","桃園市","大園區",3.68
"105Q2","桃園市","龜山區",3.11
"105Q2","桃園市","龍潭區",3.44
"105Q2","桃園市","新屋區",4.48
"105Q2","桃園市","觀音區",4.06
"105Q2","桃園市","復興區",4.06
"105Q2","台中市","",3.58
"105Q2","台中市","中區",3.47
"105Q2","台中市","東區",3.33
"105Q2","台中市","南區",3.02
"105Q2","台中市","西區",3.09
"105Q2","台中市","北區",3.04
"105Q2","台中市","西屯區",3.17
"105Q2","台中市","南屯區",3.29
"105Q2","台中市","北屯區",3.29
"105Q2","台中市","豐原區",3.96
"105Q2","台中市","東勢區",3.98
"105Q2","台中市","大甲區",4.32
"105Q2","台中市","清水區",4.15
"105Q2","台中市","沙鹿區",3.78
"105Q2","台中市","梧棲區",4.07
"105Q2","台中市","后里區",4.47
"105Q2","台中市","神岡區",4.25
"105Q2","台中市","潭子區",3.60
"105Q2","台中市","大雅區",3.93
"105Q2","台中市","新社區",4.01
"105Q2","台中市","石岡區",4.14
"105Q2","台中市","外埔區",4.23
"105Q2","台中市","大安區",4.78
"105Q2","台中市","烏日區",3.78
"105Q2","台中市","大肚區",3.99
"105Q2","台中市","龍井區",4.32
"105Q2","台中市","霧峰區",4.03
"105Q2","台中市","太平區",3.61
"105Q2","台中市","大里區",3.70
"105Q2","台中市","和平區",3.47
"105Q2","台南市","",3.45
"105Q2","台南市","新營區",3.19
"105Q2","台南市","鹽水區",3.57
"105Q2","台南市","白河區",3.95
"105Q2","台南市","柳營區",3.74
"105Q2","台南市","後壁區",3.70
"105Q2","台南市","東山區",4.15
"105Q2","台南市","麻豆區",3.60
"105Q2","台南市","下營區",3.81
"105Q2","台南市","六甲區",3.75
"105Q2","台南市","官田區",3.63
"105Q2","台南市","大內區",3.93
"105Q2","台南市","佳里區",3.56
"105Q2","台南市","學甲區",3.68
"105Q2","台南市","西港區",4.00
"105Q2","台南市","七股區",4.42
"105Q2","台南市","將軍區",4.19
"105Q2","台南市","北門區",4.38
"105Q2","台南市","新化區",3.74
"105Q2","台南市","善化區",3.35
"105Q2","台南市","新市區",3.56
"105Q2","台南市","安定區",3.83
"105Q2","台南市","山上區",4.01
"105Q2","台南市","玉井區",3.68
"105Q2","台南市","楠西區",3.86
"105Q2","台南市","南化區",4.43
"105Q2","台南市","左鎮區",3.73
"105Q2","台南市","仁德區",3.35
"105Q2","台南市","歸仁區",3.69
"105Q2","台南市","關廟區",3.92
"105Q2","台南市","龍崎區",4.34
"105Q2","台南市","永康區",3.28
"105Q2","台南市","東區",3.14
"105Q2","台南市","南區",3.35
"105Q2","台南市","北區",3.13
"105Q2","台南市","安南區",3.75
"105Q2","台南市","安平區",3.08
"105Q2","台南市","中西區",3.08
"105Q2","高雄市","",3.24
"105Q2","高雄市","鹽埕區",2.85
"105Q2","高雄市","鼓山區",2.87
"105Q2","高雄市","左營區",2.94
"105Q2","高雄市","楠梓區",3.09
"105Q2","高雄市","三民區",3.10
"105Q2","高雄市","新興區",2.72
"105Q2","高雄市","前金區",2.55
"105Q2","高雄市","苓雅區",2.96
"105Q2","高雄市","前鎮區",3.07
"105Q2","高雄市","旗津區",4.18
"105Q2","高雄市","小港區",3.67
"105Q2","高雄市","鳳山區",3.14
"105Q2","高雄市","林園區",3.87
"105Q2","高雄市","大寮區",3.34
"105Q2","高雄市","大樹區",4.07
"105Q2","高雄市","大社區",3.33
"105Q2","高雄市","仁武區",3.17
"105Q2","高雄市","鳥松區",3.03
"105Q2","高雄市","岡山區",3.39
"105Q2","高雄市","橋頭區",3.38
"105Q2","高雄市","燕巢區",3.93
"105Q2","高雄市","田寮區",3.91
"105Q2","高雄市","阿蓮區",3.93
"105Q2","高雄市","路竹區",3.88
"105Q2","高雄市","湖內區",3.37
"105Q2","高雄市","茄萣區",4.21
"105Q2","高雄市","永安區",4.30
"105Q2","高雄市","彌陀區",4.38
"105Q2","高雄市","梓官區",3.71
"105Q2","高雄市","旗山區",3.57
"105Q2","高雄市","美濃區",4.51
"105Q2","高雄市","六龜區",3.45
"105Q2","高雄市","甲仙區",3.48
"105Q2","高雄市","杉林區",3.74
"105Q2","高雄市","內門區",5.09
"105Q2","高雄市","茂林區",4.82
"105Q2","高雄市","桃源區",4.58
"105Q2","高雄市","那瑪夏區",4.77
"105Q2","宜蘭縣","",3.39
"105Q2","宜蘭縣","宜蘭市",3.17
"105Q2","宜蘭縣","羅東鎮",3.43
"105Q2","宜蘭縣","蘇澳鎮",3.51
"105Q2","宜蘭縣","頭城鎮",3.73
"105Q2","宜蘭縣","礁溪鄉",3.29
"105Q2","宜蘭縣","壯圍鄉",3.78
"105Q2","宜蘭縣","員山鄉",3.48
"105Q2","宜蘭縣","冬山鄉",3.30
"105Q2","宜蘭縣","五結鄉",3.21
"105Q2","宜蘭縣","三星鄉",3.34
"105Q2","宜蘭縣","大同鄉",4.38
"105Q2","宜蘭縣","南澳鄉",5.20
"105Q2","新竹縣","",3.56
"105Q2","新竹縣","竹北市",3.22
"105Q2","新竹縣","關西鎮",4.49
"105Q2","新竹縣","新埔鎮",3.99
"105Q2","新竹縣","竹東鎮",3.44
"105Q2","新竹縣","湖口鄉",3.59
"105Q2","新竹縣","橫山鄉",3.93
"105Q2","新竹縣","新豐鄉",3.81
"105Q2","新竹縣","芎林鄉",4.00
"105Q2","新竹縣","寶山鄉",3.43
"105Q2","新竹縣","北埔鄉",4.38
"105Q2","新竹縣","峨眉鄉",4.54
"105Q2","新竹縣","尖石鄉",4.37
"105Q2","新竹縣","五峰鄉",4.01
"105Q2","苗栗縣","",3.86
"105Q2","苗栗縣","苗栗市",3.36
"105Q2","苗栗縣","苑裡鎮",4.36
"105Q2","苗栗縣","通霄鎮",4.51
"105Q2","苗栗縣","竹南鎮",3.58
"105Q2","苗栗縣","頭份鎮",3.55
"105Q2","苗栗縣","後龍鎮",4.42
"105Q2","苗栗縣","卓蘭鎮",4.58
"105Q2","苗栗縣","大湖鄉",4.35
"105Q2","苗栗縣","公館鄉",3.90
"105Q2","苗栗縣","銅鑼鄉",4.14
"105Q2","苗栗縣","南庄鄉",3.89
"105Q2","苗栗縣","頭屋鄉",4.19
"105Q2","苗栗縣","三義鄉",4.13
"105Q2","苗栗縣","西湖鄉",5.15
"105Q2","苗栗縣","造橋鄉",4.08
"105Q2","苗栗縣","三灣鄉",4.13
"105Q2","苗栗縣","獅潭鄉",3.82
"105Q2","苗栗縣","泰安鄉",5.90
"105Q2","彰化縣","",4.36
"105Q2","彰化縣","彰化市",3.70
"105Q2","彰化縣","鹿港鎮",4.51
"105Q2","彰化縣","和美鎮",4.08
"105Q2","彰化縣","北斗鎮",3.81
"105Q2","彰化縣","員林鎮",4.04
"105Q2","彰化縣","溪湖鎮",4.70
"105Q2","彰化縣","田中鎮",3.98
"105Q2","彰化縣","二林鎮",5.16
"105Q2","彰化縣","線西鄉",5.19
"105Q2","彰化縣","伸港鄉",4.86
"105Q2","彰化縣","福興鄉",5.28
"105Q2","彰化縣","秀水鄉",4.59
"105Q2","彰化縣","花壇鄉",4.05
"105Q2","彰化縣","芬園鄉",4.78
"105Q2","彰化縣","大村鄉",5.30
"105Q2","彰化縣","埔鹽鄉",6.12
"105Q2","彰化縣","埔心鄉",4.04
"105Q2","彰化縣","永靖鄉",5.08
"105Q2","彰化縣","社頭鄉",4.97
"105Q2","彰化縣","二水鄉",4.10
"105Q2","彰化縣","田尾鄉",4.16
"105Q2","彰化縣","埤頭鄉",4.46
"105Q2","彰化縣","芳苑鄉",5.04
"105Q2","彰化縣","大城鄉",6.01
"105Q2","彰化縣","竹塘鄉",4.60
"105Q2","彰化縣","溪州鄉",5.06
"105Q2","南投縣","",3.83
"105Q2","南投縣","南投市",3.52
"105Q2","南投縣","埔里鎮",3.66
"105Q2","南投縣","草屯鎮",3.86
"105Q2","南投縣","竹山鎮",3.63
"105Q2","南投縣","集集鎮",3.80
"105Q2","南投縣","名間鄉",4.53
"105Q2","南投縣","鹿谷鄉",4.18
"105Q2","南投縣","中寮鄉",4.32
"105Q2","南投縣","魚池鄉",4.51
"105Q2","南投縣","國姓鄉",3.79
"105Q2","南投縣","水里鄉",3.47
"105Q2","南投縣","信義鄉",4.84
"105Q2","南投縣","仁愛鄉",4.21
"105Q2","雲林縣","",4.10
"105Q2","雲林縣","斗六市",3.41
"105Q2","雲林縣","斗南鎮",3.62
"105Q2","雲林縣","虎尾鎮",3.51
"105Q2","雲林縣","西螺鎮",4.22
"105Q2","雲林縣","土庫鎮",4.31
"105Q2","雲林縣","北港鎮",3.54
"105Q2","雲林縣","古坑鄉",4.25
"105Q2","雲林縣","大埤鄉",4.26
"105Q2","雲林縣","莿桐鄉",4.34
"105Q2","雲林縣","林內鄉",4.14
"105Q2","雲林縣","二崙鄉",4.77
"105Q2","雲林縣","崙背鄉",4.42
"105Q2","雲林縣","麥寮鄉",5.75
"105Q2","雲林縣","東勢鄉",4.50
"105Q2","雲林縣","褒忠鄉",4.41
"105Q2","雲林縣","台西鄉",4.91
"105Q2","雲林縣","元長鄉",4.59
"105Q2","雲林縣","四湖鄉",4.49
"105Q2","雲林縣","口湖鄉",5.18
"105Q2","雲林縣","水林鄉",4.87
"105Q2","嘉義縣","",4.09
"105Q2","嘉義縣","太保市",3.75
"105Q2","嘉義縣","朴子市",3.71
"105Q2","嘉義縣","布袋鎮",4.30
"105Q2","嘉義縣","大林鎮",3.81
"105Q2","嘉義縣","民雄鄉",3.73
"105Q2","嘉義縣","溪口鄉",5.00
"105Q2","嘉義縣","新港鄉",4.69
"105Q2","嘉義縣","六腳鄉",4.81
"105Q2","嘉義縣","東石鄉",4.98
"105Q2","嘉義縣","義竹鄉",4.46
"105Q2","嘉義縣","鹿草鄉",4.62
"105Q2","嘉義縣","水上鄉",3.60
"105Q2","嘉義縣","中埔鄉",4.08
"105Q2","嘉義縣","竹崎鄉",4.53
"105Q2","嘉義縣","梅山鄉",4.24
"105Q2","嘉義縣","番路鄉",3.80
"105Q2","嘉義縣","大埔鄉",5.14
"105Q2","嘉義縣","阿里山鄉",4.38
"105Q2","屏東縣","",3.77
"105Q2","屏東縣","屏東市",3.21
"105Q2","屏東縣","潮州鎮",3.34
"105Q2","屏東縣","東港鎮",3.85
"105Q2","屏東縣","恆春鎮",3.72
"105Q2","屏東縣","萬丹鄉",4.05
"105Q2","屏東縣","長治鄉",3.78
"105Q2","屏東縣","麟洛鄉",3.50
"105Q2","屏東縣","九如鄉",3.97
"105Q2","屏東縣","里港鄉",4.41
"105Q2","屏東縣","鹽埔鄉",4.63
"105Q2","屏東縣","高樹鄉",4.48
"105Q2","屏東縣","萬巒鄉",4.54
"105Q2","屏東縣","內埔鄉",3.79
"105Q2","屏東縣","竹田鄉",3.85
"105Q2","屏東縣","新埤鄉",4.17
"105Q2","屏東縣","枋寮鄉",3.76
"105Q2","屏東縣","新園鄉",4.17
"105Q2","屏東縣","崁頂鄉",5.31
"105Q2","屏東縣","林邊鄉",4.01
"105Q2","屏東縣","南州鄉",3.92
"105Q2","屏東縣","佳冬鄉",4.33
"105Q2","屏東縣","琉球鄉",4.62
"105Q2","屏東縣","車城鄉",3.71
"105Q2","屏東縣","滿州鄉",3.81
"105Q2","屏東縣","枋山鄉",3.88
"105Q2","屏東縣","三地門鄉",4.64
"105Q2","屏東縣","霧台鄉",3.83
"105Q2","屏東縣","瑪家鄉",4.69
"105Q2","屏東縣","泰武鄉",5.35
"105Q2","屏東縣","來義鄉",4.25
"105Q2","屏東縣","春日鄉",4.64
"105Q2","屏東縣","獅子鄉",4.12
"105Q2","屏東縣","牡丹鄉",3.63
"105Q2","台東縣","",3.40
"105Q2","台東縣","台東市",3.35
"105Q2","台東縣","成功鎮",3.27
"105Q2","台東縣","關山鎮",3.52
"105Q2","台東縣","卑南鄉",3.37
"105Q2","台東縣","大武鄉",3.23
"105Q2","台東縣","太麻里鄉",3.23
"105Q2","台東縣","東河鄉",3.01
"105Q2","台東縣","長濱鄉",2.83
"105Q2","台東縣","鹿野鄉",3.41
"105Q2","台東縣","池上鄉",3.36
"105Q2","台東縣","綠島鄉",5.81
"105Q2","台東縣","延平鄉",4.54
"105Q2","台東縣","海端鄉",4.65
"105Q2","台東縣","達仁鄉",3.29
"105Q2","台東縣","金峰鄉",4.72
"105Q2","台東縣","蘭嶼鄉",4.15
"105Q2","花蓮縣","",3.31
"105Q2","花蓮縣","花蓮市",3.26
"105Q2","花蓮縣","鳳林鎮",3.04
"105Q2","花蓮縣","玉里鎮",3.34
"105Q2","花蓮縣","新城鄉",3.23
"105Q2","花蓮縣","吉安鄉",3.16
"105Q2","花蓮縣","壽豐鄉",3.19
"105Q2","花蓮縣","光復鄉",3.21
"105Q2","花蓮縣","豐濱鄉",3.15
"105Q2","花蓮縣","瑞穗鄉",3.18
"105Q2","花蓮縣","富里鄉",3.24
"105Q2","花蓮縣","秀林鄉",5.06
"105Q2","花蓮縣","萬榮鄉",4.66
"105Q2","花蓮縣","卓溪鄉",4.32
"105Q2","澎湖縣","",4.04
"105Q2","澎湖縣","馬公市",3.78
"105Q2","澎湖縣","湖西鄉",4.24
"105Q2","澎湖縣","白沙鄉",4.62
"105Q2","澎湖縣","西嶼鄉",4.00
"105Q2","澎湖縣","望安鄉",5.53
"105Q2","澎湖縣","七美鄉",5.13
"105Q2","基隆市","",2.87
"105Q2","基隆市","中正區",2.70
"105Q2","基隆市","七堵區",2.93
"105Q2","基隆市","暖暖區",2.82
"105Q2","基隆市","仁愛區",3.07
"105Q2","基隆市","中山區",2.91
"105Q2","基隆市","安樂區",2.86
"105Q2","基隆市","信義區",2.82
"105Q2","新竹市","",3.27
"105Q2","新竹市","新竹市",3.27
"105Q2","嘉義市","",3.31
"105Q2","嘉義市","嘉義市",3.31
"105Q2","金門縣","",7.57
"105Q2","金門縣","金城鎮",7.36
"105Q2","金門縣","金湖鎮",7.03
"105Q2","金門縣","金沙鎮",7.23
"105Q2","金門縣","金寧鄉",8.09
"105Q2","金門縣","烈嶼鄉",9.45
"105Q2","金門縣","烏坵鄉",8.34
"105Q2","連江縣","",5.41
"105Q2","連江縣","南竿鄉",5.39
"105Q2","連江縣","北竿鄉",5.52
"105Q2","連江縣","莒光鄉",6.04
"105Q2","連江縣","東引鄉",4.72
"105Q3","全國","",3.43
"105Q3","新北市","",3.10
"105Q3","新北市","板橋區",3.19
"105Q3","新北市","三重區",3.12
"105Q3","新北市","中和區",2.93
"105Q3","新北市","永和區",2.94
"105Q3","新北市","新莊區",3.25
"105Q3","新北市","新店區",2.78
"105Q3","新北市","樹林區",3.33
"105Q3","新北市","鶯歌區",3.57
"105Q3","新北市","三峽區",3.28
"105Q3","新北市","淡水區",2.60
"105Q3","新北市","汐止區",2.66
"105Q3","新北市","瑞芳區",3.21
"105Q3","新北市","土城區",3.29
"105Q3","新北市","蘆洲區",3.40
"105Q3","新北市","五股區",3.28
"105Q3","新北市","泰山區",3.23
"105Q3","新北市","林口區",3.07
"105Q3","新北市","深坑區",2.89
"105Q3","新北市","石碇區",3.39
"105Q3","新北市","坪林區",3.68
"105Q3","新北市","三芝區",3.12
"105Q3","新北市","石門區",5.03
"105Q3","新北市","八里區",3.33
"105Q3","新北市","平溪區",2.84
"105Q3","新北市","雙溪區",3.68
"105Q3","新北市","貢寮區",4.53
"105Q3","新北市","金山區",4.14
"105Q3","新北市","萬里區",4.14
"105Q3","新北市","烏來區",5.15
"105Q3","台北市","",3.35
"105Q3","台北市","松山區",3.39
"105Q3","台北市","信義區",3.26
"105Q3","台北市","大安區",3.38
"105Q3","台北市","中山區",2.90
"105Q3","台北市","中正區",3.42
"105Q3","台北市","大同區",3.42
"105Q3","台北市","萬華區",3.24
"105Q3","台北市","文山區",3.34
"105Q3","台北市","南港區",3.42
"105Q3","台北市","內湖區",3.42
"105Q3","台北市","士林區",3.53
"105Q3","台北市","北投區",3.52
"105Q3","桃園市","",3.32
"105Q3","桃園市","桃園區",3.15
"105Q3","桃園市","中壢區",3.23
"105Q3","桃園市","平鎮區",3.39
"105Q3","桃園市","八德區",3.28
"105Q3","桃園市","楊梅區",3.40
"105Q3","桃園市","大溪區",3.55
"105Q3","桃園市","蘆竹區",3.29
"105Q3","桃園市","大園區",3.65
"105Q3","桃園市","龜山區",3.06
"105Q3","桃園市","龍潭區",3.42
"105Q3","桃園市","新屋區",4.47
"105Q3","桃園市","觀音區",4.05
"105Q3","桃園市","復興區",4.08
"105Q3","台中市","",3.56
"105Q3","台中市","中區",3.44
"105Q3","台中市","東區",3.32
"105Q3","台中市","南區",3.02
"105Q3","台中市","西區",3.07
"105Q3","台中市","北區",3.03
"105Q3","台中市","西屯區",3.15
"105Q3","台中市","南屯區",3.28
"105Q3","台中市","北屯區",3.27
"105Q3","台中市","豐原區",3.94
"105Q3","台中市","東勢區",3.90
"105Q3","台中市","大甲區",4.31
"105Q3","台中市","清水區",4.11
"105Q3","台中市","沙鹿區",3.77
"105Q3","台中市","梧棲區",4.05
"105Q3","台中市","后里區",4.42
"105Q3","台中市","神岡區",4.23
"105Q3","台中市","潭子區",3.60
"105Q3","台中市","大雅區",3.92
"105Q3","台中市","新社區",4.01
"105Q3","台中市","石岡區",4.12
"105Q3","台中市","外埔區",4.21
"105Q3","台中市","大安區",4.75
"105Q3","台中市","烏日區",3.77
"105Q3","台中市","大肚區",3.97
"105Q3","台中市","龍井區",4.31
"105Q3","台中市","霧峰區",4.02
"105Q3","台中市","太平區",3.60
"105Q3","台中市","大里區",3.69
"105Q3","台中市","和平區",3.48
"105Q3","台南市","",3.44
"105Q3","台南市","新營區",3.18
"105Q3","台南市","鹽水區",3.56
"105Q3","台南市","白河區",3.94
"105Q3","台南市","柳營區",3.72
"105Q3","台南市","後壁區",3.68
"105Q3","台南市","東山區",4.13
"105Q3","台南市","麻豆區",3.59
"105Q3","台南市","下營區",3.80
"105Q3","台南市","六甲區",3.73
"105Q3","台南市","官田區",3.60
"105Q3","台南市","大內區",3.93
"105Q3","台南市","佳里區",3.55
"105Q3","台南市","學甲區",3.66
"105Q3","台南市","西港區",3.99
"105Q3","台南市","七股區",4.40
"105Q3","台南市","將軍區",4.18
"105Q3","台南市","北門區",4.38
"105Q3","台南市","新化區",3.74
"105Q3","台南市","善化區",3.34
"105Q3","台南市","新市區",3.54
"105Q3","台南市","安定區",3.81
"105Q3","台南市","山上區",4.00
"105Q3","台南市","玉井區",3.66
"105Q3","台南市","楠西區",3.85
"105Q3","台南市","南化區",4.42
"105Q3","台南市","左鎮區",3.72
"105Q3","台南市","仁德區",3.34
"105Q3","台南市","歸仁區",3.68
"105Q3","台南市","關廟區",3.91
"105Q3","台南市","龍崎區",4.33
"105Q3","台南市","永康區",3.27
"105Q3","台南市","東區",3.12
"105Q3","台南市","南區",3.34
"105Q3","台南市","北區",3.11
"105Q3","台南市","安南區",3.74
"105Q3","台南市","安平區",3.07
"105Q3","台南市","中西區",3.07
"105Q3","高雄市","",3.22
"105Q3","高雄市","鹽埕區",2.83
"105Q3","高雄市","鼓山區",2.85
"105Q3","高雄市","左營區",2.92
"105Q3","高雄市","楠梓區",3.07
"105Q3","高雄市","三民區",3.09
"105Q3","高雄市","新興區",2.70
"105Q3","高雄市","前金區",2.54
"105Q3","高雄市","苓雅區",2.94
"105Q3","高雄市","前鎮區",3.05
"105Q3","高雄市","旗津區",4.18
"105Q3","高雄市","小港區",3.66
"105Q3","高雄市","鳳山區",3.13
"105Q3","高雄市","林園區",3.86
"105Q3","高雄市","大寮區",3.34
"105Q3","高雄市","大樹區",4.06
"105Q3","高雄市","大社區",3.32
"105Q3","高雄市","仁武區",3.17
"105Q3","高雄市","鳥松區",3.01
"105Q3","高雄市","岡山區",3.37
"105Q3","高雄市","橋頭區",3.36
"105Q3","高雄市","燕巢區",3.91
"105Q3","高雄市","田寮區",3.91
"105Q3","高雄市","阿蓮區",3.91
"105Q3","高雄市","路竹區",3.87
"105Q3","高雄市","湖內區",3.36
"105Q3","高雄市","茄萣區",4.20
"105Q3","高雄市","永安區",4.29
"105Q3","高雄市","彌陀區",4.37
"105Q3","高雄市","梓官區",3.70
"105Q3","高雄市","旗山區",3.55
"105Q3","高雄市","美濃區",4.48
"105Q3","高雄市","六龜區",3.44
"105Q3","高雄市","甲仙區",3.48
"105Q3","高雄市","杉林區",3.72
"105Q3","高雄市","內門區",5.05
"105Q3","高雄市","茂林區",4.82
"105Q3","高雄市","桃源區",4.57
"105Q3","高雄市","那瑪夏區",4.73
"105Q3","宜蘭縣","",3.37
"105Q3","宜蘭縣","宜蘭市",3.14
"105Q3","宜蘭縣","羅東鎮",3.42
"105Q3","宜蘭縣","蘇澳鎮",3.50
"105Q3","宜蘭縣","頭城鎮",3.73
"105Q3","宜蘭縣","礁溪鄉",3.26
"105Q3","宜蘭縣","壯圍鄉",3.76
"105Q3","宜蘭縣","員山鄉",3.46
"105Q3","宜蘭縣","冬山鄉",3.28
"105Q3","宜蘭縣","五結鄉",3.19
"105Q3","宜蘭縣","三星鄉",3.32
"105Q3","宜蘭縣","大同鄉",4.39
"105Q3","宜蘭縣","南澳鄉",5.17
"105Q3","新竹縣","",3.54
"105Q3","新竹縣","竹北市",3.20
"105Q3","新竹縣","關西鎮",4.47
"105Q3","新竹縣","新埔鎮",3.95
"105Q3","新竹縣","竹東鎮",3.41
"105Q3","新竹縣","湖口鄉",3.56
"105Q3","新竹縣","橫山鄉",3.90
"105Q3","新竹縣","新豐鄉",3.78
"105Q3","新竹縣","芎林鄉",3.97
"105Q3","新竹縣","寶山鄉",3.41
"105Q3","新竹縣","北埔鄉",4.35
"105Q3","新竹縣","峨眉鄉",4.51
"105Q3","新竹縣","尖石鄉",4.40
"105Q3","新竹縣","五峰鄉",4.02
"105Q3","苗栗縣","",3.83
"105Q3","苗栗縣","苗栗市",3.34
"105Q3","苗栗縣","苑裡鎮",4.33
"105Q3","苗栗縣","通霄鎮",4.47
"105Q3","苗栗縣","竹南鎮",3.55
"105Q3","苗栗縣","頭份鎮",3.53
"105Q3","苗栗縣","後龍鎮",4.40
"105Q3","苗栗縣","卓蘭鎮",4.55
"105Q3","苗栗縣","大湖鄉",4.33
"105Q3","苗栗縣","公館鄉",3.87
"105Q3","苗栗縣","銅鑼鄉",4.12
"105Q3","苗栗縣","南庄鄉",3.87
"105Q3","苗栗縣","頭屋鄉",4.17
"105Q3","苗栗縣","三義鄉",4.11
"105Q3","苗栗縣","西湖鄉",5.12
"105Q3","苗栗縣","造橋鄉",4.07
"105Q3","苗栗縣","三灣鄉",4.11
"105Q3","苗栗縣","獅潭鄉",3.80
"105Q3","苗栗縣","泰安鄉",5.89
"105Q3","彰化縣","",4.34
"105Q3","彰化縣","彰化市",3.68
"105Q3","彰化縣","鹿港鎮",4.50
"105Q3","彰化縣","和美鎮",4.07
"105Q3","彰化縣","北斗鎮",3.80
"105Q3","彰化縣","員林鎮",4.02
"105Q3","彰化縣","溪湖鎮",4.67
"105Q3","彰化縣","田中鎮",3.97
"105Q3","彰化縣","二林鎮",5.13
"105Q3","彰化縣","線西鄉",5.15
"105Q3","彰化縣","伸港鄉",4.82
"105Q3","彰化縣","福興鄉",5.26
"105Q3","彰化縣","秀水鄉",4.58
"105Q3","彰化縣","花壇鄉",4.03
"105Q3","彰化縣","芬園鄉",4.77
"105Q3","彰化縣","大村鄉",5.27
"105Q3","彰化縣","埔鹽鄉",6.08
"105Q3","彰化縣","埔心鄉",4.03
"105Q3","彰化縣","永靖鄉",5.04
"105Q3","彰化縣","社頭鄉",4.95
"105Q3","彰化縣","二水鄉",4.09
"105Q3","彰化縣","田尾鄉",4.15
"105Q3","彰化縣","埤頭鄉",4.44
"105Q3","彰化縣","芳苑鄉",5.03
"105Q3","彰化縣","大城鄉",6.01
"105Q3","彰化縣","竹塘鄉",4.59
"105Q3","彰化縣","溪州鄉",5.04
"105Q3","南投縣","",3.81
"105Q3","南投縣","南投市",3.50
"105Q3","南投縣","埔里鎮",3.64
"105Q3","南投縣","草屯鎮",3.85
"105Q3","南投縣","竹山鎮",3.61
"105Q3","南投縣","集集鎮",3.80
"105Q3","南投縣","名間鄉",4.51
"105Q3","南投縣","鹿谷鄉",4.18
"105Q3","南投縣","中寮鄉",4.29
"105Q3","南投縣","魚池鄉",4.50
"105Q3","南投縣","國姓鄉",3.78
"105Q3","南投縣","水里鄉",3.46
"105Q3","南投縣","信義鄉",4.82
"105Q3","南投縣","仁愛鄉",4.22
"105Q3","雲林縣","",4.08
"105Q3","雲林縣","斗六市",3.39
"105Q3","雲林縣","斗南鎮",3.60
"105Q3","雲林縣","虎尾鎮",3.49
"105Q3","雲林縣","西螺鎮",4.19
"105Q3","雲林縣","土庫鎮",4.29
"105Q3","雲林縣","北港鎮",3.53
"105Q3","雲林縣","古坑鄉",4.24
"105Q3","雲林縣","大埤鄉",4.24
"105Q3","雲林縣","莿桐鄉",4.32
"105Q3","雲林縣","林內鄉",4.11
"105Q3","雲林縣","二崙鄉",4.74
"105Q3","雲林縣","崙背鄉",4.38
"105Q3","雲林縣","麥寮鄉",5.77
"105Q3","雲林縣","東勢鄉",4.48
"105Q3","雲林縣","褒忠鄉",4.39
"105Q3","雲林縣","台西鄉",4.89
"105Q3","雲林縣","元長鄉",4.57
"105Q3","雲林縣","四湖鄉",4.47
"105Q3","雲林縣","口湖鄉",5.17
"105Q3","雲林縣","水林鄉",4.85
"105Q3","嘉義縣","",4.08
"105Q3","嘉義縣","太保市",3.74
"105Q3","嘉義縣","朴子市",3.69
"105Q3","嘉義縣","布袋鎮",4.28
"105Q3","嘉義縣","大林鎮",3.79
"105Q3","嘉義縣","民雄鄉",3.71
"105Q3","嘉義縣","溪口鄉",4.99
"105Q3","嘉義縣","新港鄉",4.67
"105Q3","嘉義縣","六腳鄉",4.80
"105Q3","嘉義縣","東石鄉",4.97
"105Q3","嘉義縣","義竹鄉",4.43
"105Q3","嘉義縣","鹿草鄉",4.60
"105Q3","嘉義縣","水上鄉",3.58
"105Q3","嘉義縣","中埔鄉",4.07
"105Q3","嘉義縣","竹崎鄉",4.50
"105Q3","嘉義縣","梅山鄉",4.22
"105Q3","嘉義縣","番路鄉",3.79
"105Q3","嘉義縣","大埔鄉",5.13
"105Q3","嘉義縣","阿里山鄉",4.37
"105Q3","屏東縣","",3.76
"105Q3","屏東縣","屏東市",3.20
"105Q3","屏東縣","潮州鎮",3.32
"105Q3","屏東縣","東港鎮",3.83
"105Q3","屏東縣","恆春鎮",3.71
"105Q3","屏東縣","萬丹鄉",4.03
"105Q3","屏東縣","長治鄉",3.76
"105Q3","屏東縣","麟洛鄉",3.49
"105Q3","屏東縣","九如鄉",3.95
"105Q3","屏東縣","里港鄉",4.38
"105Q3","屏東縣","鹽埔鄉",4.61
"105Q3","屏東縣","高樹鄉",4.47
"105Q3","屏東縣","萬巒鄉",4.52
"105Q3","屏東縣","內埔鄉",3.78
"105Q3","屏東縣","竹田鄉",3.83
"105Q3","屏東縣","新埤鄉",4.15
"105Q3","屏東縣","枋寮鄉",3.75
"105Q3","屏東縣","新園鄉",4.15
"105Q3","屏東縣","崁頂鄉",5.28
"105Q3","屏東縣","林邊鄉",3.99
"105Q3","屏東縣","南州鄉",3.91
"105Q3","屏東縣","佳冬鄉",4.30
"105Q3","屏東縣","琉球鄉",4.59
"105Q3","屏東縣","車城鄉",3.68
"105Q3","屏東縣","滿州鄉",3.77
"105Q3","屏東縣","枋山鄉",3.88
"105Q3","屏東縣","三地門鄉",4.63
"105Q3","屏東縣","霧台鄉",3.81
"105Q3","屏東縣","瑪家鄉",4.70
"105Q3","屏東縣","泰武鄉",5.39
"105Q3","屏東縣","來義鄉",4.22
"105Q3","屏東縣","春日鄉",4.65
"105Q3","屏東縣","獅子鄉",4.14
"105Q3","屏東縣","牡丹鄉",3.63
"105Q3","台東縣","",3.39
"105Q3","台東縣","台東市",3.34
"105Q3","台東縣","成功鎮",3.27
"105Q3","台東縣","關山鎮",3.50
"105Q3","台東縣","卑南鄉",3.37
"105Q3","台東縣","大武鄉",3.23
"105Q3","台東縣","太麻里鄉",3.21
"105Q3","台東縣","東河鄉",2.99
"105Q3","台東縣","長濱鄉",2.82
"105Q3","台東縣","鹿野鄉",3.41
"105Q3","台東縣","池上鄉",3.34
"105Q3","台東縣","綠島鄉",5.75
"105Q3","台東縣","延平鄉",4.53
"105Q3","台東縣","海端鄉",4.66
"105Q3","台東縣","達仁鄉",3.27
"105Q3","台東縣","金峰鄉",4.72
"105Q3","台東縣","蘭嶼鄉",4.17
"105Q3","花蓮縣","",3.30
"105Q3","花蓮縣","花蓮市",3.25
"105Q3","花蓮縣","鳳林鎮",3.03
"105Q3","花蓮縣","玉里鎮",3.33
"105Q3","花蓮縣","新城鄉",3.22
"105Q3","花蓮縣","吉安鄉",3.15
"105Q3","花蓮縣","壽豐鄉",3.19
"105Q3","花蓮縣","光復鄉",3.20
"105Q3","花蓮縣","豐濱鄉",3.13
"105Q3","花蓮縣","瑞穗鄉",3.17
"105Q3","花蓮縣","富里鄉",3.24
"105Q3","花蓮縣","秀林鄉",5.07
"105Q3","花蓮縣","萬榮鄉",4.65
"105Q3","花蓮縣","卓溪鄉",4.34
"105Q3","澎湖縣","",4.05
"105Q3","澎湖縣","馬公市",3.80
"105Q3","澎湖縣","湖西鄉",4.23
"105Q3","澎湖縣","白沙鄉",4.64
"105Q3","澎湖縣","西嶼鄉",4.02
"105Q3","澎湖縣","望安鄉",5.55
"105Q3","澎湖縣","七美鄉",5.12
"105Q3","基隆市","",2.85
"105Q3","基隆市","中正區",2.69
"105Q3","基隆市","七堵區",2.92
"105Q3","基隆市","暖暖區",2.80
"105Q3","基隆市","仁愛區",3.06
"105Q3","基隆市","中山區",2.91
"105Q3","基隆市","安樂區",2.83
"105Q3","基隆市","信義區",2.81
"105Q3","新竹市","",3.25
"105Q3","新竹市","新竹市",3.25
"105Q3","嘉義市","",3.29
"105Q3","嘉義市","嘉義市",3.29
"105Q3","金門縣","",7.58
"105Q3","金門縣","金城鎮",7.33
"105Q3","金門縣","金湖鎮",7.00
"105Q3","金門縣","金沙鎮",7.22
"105Q3","金門縣","金寧鄉",8.20
"105Q3","金門縣","烈嶼鄉",9.44
"105Q3","金門縣","烏坵鄉",8.38
"105Q3","連江縣","",5.41
"105Q3","連江縣","南竿鄉",5.38
"105Q3","連江縣","北竿鄉",5.51
"105Q3","連江縣","莒光鄉",6.07
"105Q3","連江縣","東引鄉",4.80
"105Q4","全國","",3.42
"105Q4","新北市","",3.09
"105Q4","新北市","板橋區",3.18
"105Q4","新北市","三重區",3.10
"105Q4","新北市","中和區",2.93
"105Q4","新北市","永和區",2.93
"105Q4","新北市","新莊區",3.24
"105Q4","新北市","新店區",2.77
"105Q4","新北市","樹林區",3.32
"105Q4","新北市","鶯歌區",3.54
"105Q4","新北市","三峽區",3.27
"105Q4","新北市","淡水區",2.59
"105Q4","新北市","汐止區",2.66
"105Q4","新北市","瑞芳區",3.20
"105Q4","新北市","土城區",3.28
"105Q4","新北市","蘆洲區",3.39
"105Q4","新北市","五股區",3.27
"105Q4","新北市","泰山區",3.23
"105Q4","新北市","林口區",3.07
"105Q4","新北市","深坑區",2.89
"105Q4","新北市","石碇區",3.37
"105Q4","新北市","坪林區",3.68
"105Q4","新北市","三芝區",3.11
"105Q4","新北市","石門區",5.01
"105Q4","新北市","八里區",3.33
"105Q4","新北市","平溪區",2.83
"105Q4","新北市","雙溪區",3.64
"105Q4","新北市","貢寮區",4.51
"105Q4","新北市","金山區",4.13
"105Q4","新北市","萬里區",4.11
"105Q4","新北市","烏來區",5.18
"105Q4","台北市","",3.34
"105Q4","台北市","松山區",3.39
"105Q4","台北市","信義區",3.25
"105Q4","台北市","大安區",3.37
"105Q4","台北市","中山區",2.90
"105Q4","台北市","中正區",3.42
"105Q4","台北市","大同區",3.41
"105Q4","台北市","萬華區",3.23
"105Q4","台北市","文山區",3.34
"105Q4","台北市","南港區",3.41
"105Q4","台北市","內湖區",3.43
"105Q4","台北市","士林區",3.52
"105Q4","台北市","北投區",3.51
"105Q4","桃園市","",3.31
"105Q4","桃園市","桃園區",3.15
"105Q4","桃園市","中壢區",3.23
"105Q4","桃園市","平鎮區",3.39
"105Q4","桃園市","八德區",3.28
"105Q4","桃園市","楊梅區",3.39
"105Q4","桃園市","大溪區",3.54
"105Q4","桃園市","蘆竹區",3.29
"105Q4","桃園市","大園區",3.60
"105Q4","桃園市","龜山區",3.07
"105Q4","桃園市","龍潭區",3.41
"105Q4","桃園市","新屋區",4.42
"105Q4","桃園市","觀音區",4.00
"105Q4","桃園市","復興區",4.07
"105Q4","台中市","",3.55
"105Q4","台中市","中區",3.41
"105Q4","台中市","東區",3.32
"105Q4","台中市","南區",3.01
"105Q4","台中市","西區",3.07
"105Q4","台中市","北區",3.02
"105Q4","台中市","西屯區",3.13
"105Q4","台中市","南屯區",3.27
"105Q4","台中市","北屯區",3.26
"105Q4","台中市","豐原區",3.93
"105Q4","台中市","東勢區",3.87
"105Q4","台中市","大甲區",4.29
"105Q4","台中市","清水區",4.09
"105Q4","台中市","沙鹿區",3.76
"105Q4","台中市","梧棲區",4.04
"105Q4","台中市","后里區",4.40
"105Q4","台中市","神岡區",4.21
"105Q4","台中市","潭子區",3.60
"105Q4","台中市","大雅區",3.90
"105Q4","台中市","新社區",3.99
"105Q4","台中市","石岡區",4.11
"105Q4","台中市","外埔區",4.18
"105Q4","台中市","大安區",4.71
"105Q4","台中市","烏日區",3.73
"105Q4","台中市","大肚區",3.96
"105Q4","台中市","龍井區",4.30
"105Q4","台中市","霧峰區",4.01
"105Q4","台中市","太平區",3.59
"105Q4","台中市","大里區",3.69
"105Q4","台中市","和平區",3.47
"105Q4","台南市","",3.42
"105Q4","台南市","新營區",3.16
"105Q4","台南市","鹽水區",3.54
"105Q4","台南市","白河區",3.91
"105Q4","台南市","柳營區",3.69
"105Q4","台南市","後壁區",3.66
"105Q4","台南市","東山區",4.10
"105Q4","台南市","麻豆區",3.57
"105Q4","台南市","下營區",3.78
"105Q4","台南市","六甲區",3.71
"105Q4","台南市","官田區",3.55
"105Q4","台南市","大內區",3.91
"105Q4","台南市","佳里區",3.54
"105Q4","台南市","學甲區",3.63
"105Q4","台南市","西港區",3.96
"105Q4","台南市","七股區",4.40
"105Q4","台南市","將軍區",4.15
"105Q4","台南市","北門區",4.36
"105Q4","台南市","新化區",3.72
"105Q4","台南市","善化區",3.32
"105Q4","台南市","新市區",3.51
"105Q4","台南市","安定區",3.79
"105Q4","台南市","山上區",3.97
"105Q4","台南市","玉井區",3.63
"105Q4","台南市","楠西區",3.83
"105Q4","台南市","南化區",4.40
"105Q4","台南市","左鎮區",3.67
"105Q4","台南市","仁德區",3.32
"105Q4","台南市","歸仁區",3.67
"105Q4","台南市","關廟區",3.88
"105Q4","台南市","龍崎區",4.32
"105Q4","台南市","永康區",3.25
"105Q4","台南市","東區",3.12
"105Q4","台南市","南區",3.33
"105Q4","台南市","北區",3.10
"105Q4","台南市","安南區",3.73
"105Q4","台南市","安平區",3.06
"105Q4","台南市","中西區",3.08
"105Q4","高雄市","",3.21
"105Q4","高雄市","鹽埕區",2.81
"105Q4","高雄市","鼓山區",2.84
"105Q4","高雄市","左營區",2.92
"105Q4","高雄市","楠梓區",3.06
"105Q4","高雄市","三民區",3.07
"105Q4","高雄市","新興區",2.69
"105Q4","高雄市","前金區",2.53
"105Q4","高雄市","苓雅區",2.93
"105Q4","高雄市","前鎮區",3.04
"105Q4","高雄市","旗津區",4.17
"105Q4","高雄市","小港區",3.65
"105Q4","高雄市","鳳山區",3.11
"105Q4","高雄市","林園區",3.85
"105Q4","高雄市","大寮區",3.32
"105Q4","高雄市","大樹區",4.04
"105Q4","高雄市","大社區",3.30
"105Q4","高雄市","仁武區",3.15
"105Q4","高雄市","鳥松區",2.99
"105Q4","高雄市","岡山區",3.37
"105Q4","高雄市","橋頭區",3.35
"105Q4","高雄市","燕巢區",3.90
"105Q4","高雄市","田寮區",3.88
"105Q4","高雄市","阿蓮區",3.87
"105Q4","高雄市","路竹區",3.84
"105Q4","高雄市","湖內區",3.36
"105Q4","高雄市","茄萣區",4.16
"105Q4","高雄市","永安區",4.27
"105Q4","高雄市","彌陀區",4.33
"105Q4","高雄市","梓官區",3.69
"105Q4","高雄市","旗山區",3.54
"105Q4","高雄市","美濃區",4.45
"105Q4","高雄市","六龜區",3.42
"105Q4","高雄市","甲仙區",3.47
"105Q4","高雄市","杉林區",3.70
"105Q4","高雄市","內門區",4.99
"105Q4","高雄市","茂林區",4.80
"105Q4","高雄市","桃源區",4.58
"105Q4","高雄市","那瑪夏區",4.71
"105Q4","宜蘭縣","",3.35
"105Q4","宜蘭縣","宜蘭市",3.13
"105Q4","宜蘭縣","羅東鎮",3.41
"105Q4","宜蘭縣","蘇澳鎮",3.49
"105Q4","宜蘭縣","頭城鎮",3.70
"105Q4","宜蘭縣","礁溪鄉",3.22
"105Q4","宜蘭縣","壯圍鄉",3.71
"105Q4","宜蘭縣","員山鄉",3.43
"105Q4","宜蘭縣","冬山鄉",3.26
"105Q4","宜蘭縣","五結鄉",3.17
"105Q4","宜蘭縣","三星鄉",3.28
"105Q4","宜蘭縣","大同鄉",4.36
"105Q4","宜蘭縣","南澳鄉",5.12
"105Q4","新竹縣","",3.52
"105Q4","新竹縣","竹北市",3.19
"105Q4","新竹縣","關西鎮",4.42
"105Q4","新竹縣","新埔鎮",3.92
"105Q4","新竹縣","竹東鎮",3.39
"105Q4","新竹縣","湖口鄉",3.54
"105Q4","新竹縣","橫山鄉",3.88
"105Q4","新竹縣","新豐鄉",3.76
"105Q4","新竹縣","芎林鄉",3.96
"105Q4","新竹縣","寶山鄉",3.39
"105Q4","新竹縣","北埔鄉",4.32
"105Q4","新竹縣","峨眉鄉",4.49
"105Q4","新竹縣","尖石鄉",4.41
"105Q4","新竹縣","五峰鄉",4.01
"105Q4","苗栗縣","",3.80
"105Q4","苗栗縣","苗栗市",3.31
"105Q4","苗栗縣","苑裡鎮",4.26
"105Q4","苗栗縣","通霄鎮",4.42
"105Q4","苗栗縣","竹南鎮",3.53
"105Q4","苗栗縣","頭份鎮",3.50
"105Q4","苗栗縣","後龍鎮",4.36
"105Q4","苗栗縣","卓蘭鎮",4.49
"105Q4","苗栗縣","大湖鄉",4.30
"105Q4","苗栗縣","公館鄉",3.85
"105Q4","苗栗縣","銅鑼鄉",4.09
"105Q4","苗栗縣","南庄鄉",3.85
"105Q4","苗栗縣","頭屋鄉",4.11
"105Q4","苗栗縣","三義鄉",4.07
"105Q4","苗栗縣","西湖鄉",5.09
"105Q4","苗栗縣","造橋鄉",4.03
"105Q4","苗栗縣","三灣鄉",4.05
"105Q4","苗栗縣","獅潭鄉",3.75
"105Q4","苗栗縣","泰安鄉",5.87
"105Q4","彰化縣","",4.32
"105Q4","彰化縣","彰化市",3.67
"105Q4","彰化縣","鹿港鎮",4.48
"105Q4","彰化縣","和美鎮",4.05
"105Q4","彰化縣","北斗鎮",3.78
"105Q4","彰化縣","員林鎮",4.00
"105Q4","彰化縣","溪湖鎮",4.66
"105Q4","彰化縣","田中鎮",3.94
"105Q4","彰化縣","二林鎮",5.10
"105Q4","彰化縣","線西鄉",5.11
"105Q4","彰化縣","伸港鄉",4.80
"105Q4","彰化縣","福興鄉",5.22
"105Q4","彰化縣","秀水鄉",4.56
"105Q4","彰化縣","花壇鄉",4.02
"105Q4","彰化縣","芬園鄉",4.75
"105Q4","彰化縣","大村鄉",5.24
"105Q4","彰化縣","埔鹽鄉",6.03
"105Q4","彰化縣","埔心鄉",4.01
"105Q4","彰化縣","永靖鄉",5.01
"105Q4","彰化縣","社頭鄉",4.93
"105Q4","彰化縣","二水鄉",4.07
"105Q4","彰化縣","田尾鄉",4.13
"105Q4","彰化縣","埤頭鄉",4.42
"105Q4","彰化縣","芳苑鄉",5.00
"105Q4","彰化縣","大城鄉",5.96
"105Q4","彰化縣","竹塘鄉",4.57
"105Q4","彰化縣","溪州鄉",5.01
"105Q4","南投縣","",3.79
"105Q4","南投縣","南投市",3.49
"105Q4","南投縣","埔里鎮",3.63
"105Q4","南投縣","草屯鎮",3.83
"105Q4","南投縣","竹山鎮",3.59
"105Q4","南投縣","集集鎮",3.78
"105Q4","南投縣","名間鄉",4.48
"105Q4","南投縣","鹿谷鄉",4.15
"105Q4","南投縣","中寮鄉",4.25
"105Q4","南投縣","魚池鄉",4.45
"105Q4","南投縣","國姓鄉",3.75
"105Q4","南投縣","水里鄉",3.45
"105Q4","南投縣","信義鄉",4.79
"105Q4","南投縣","仁愛鄉",4.21
"105Q4","雲林縣","",4.06
"105Q4","雲林縣","斗六市",3.38
"105Q4","雲林縣","斗南鎮",3.58
"105Q4","雲林縣","虎尾鎮",3.47
"105Q4","雲林縣","西螺鎮",4.16
"105Q4","雲林縣","土庫鎮",4.26
"105Q4","雲林縣","北港鎮",3.51
"105Q4","雲林縣","古坑鄉",4.20
"105Q4","雲林縣","大埤鄉",4.22
"105Q4","雲林縣","莿桐鄉",4.29
"105Q4","雲林縣","林內鄉",4.05
"105Q4","雲林縣","二崙鄉",4.69
"105Q4","雲林縣","崙背鄉",4.34
"105Q4","雲林縣","麥寮鄉",5.78
"105Q4","雲林縣","東勢鄉",4.44
"105Q4","雲林縣","褒忠鄉",4.35
"105Q4","雲林縣","台西鄉",4.86
"105Q4","雲林縣","元長鄉",4.54
"105Q4","雲林縣","四湖鄉",4.42
"105Q4","雲林縣","口湖鄉",5.15
"105Q4","雲林縣","水林鄉",4.81
"105Q4","嘉義縣","",4.05
"105Q4","嘉義縣","太保市",3.71
"105Q4","嘉義縣","朴子市",3.67
"105Q4","嘉義縣","布袋鎮",4.26
"105Q4","嘉義縣","大林鎮",3.77
"105Q4","嘉義縣","民雄鄉",3.69
"105Q4","嘉義縣","溪口鄉",4.95
"105Q4","嘉義縣","新港鄉",4.64
"105Q4","嘉義縣","六腳鄉",4.76
"105Q4","嘉義縣","東石鄉",4.93
"105Q4","嘉義縣","義竹鄉",4.40
"105Q4","嘉義縣","鹿草鄉",4.57
"105Q4","嘉義縣","水上鄉",3.56
"105Q4","嘉義縣","中埔鄉",4.05
"105Q4","嘉義縣","竹崎鄉",4.48
"105Q4","嘉義縣","梅山鄉",4.21
"105Q4","嘉義縣","番路鄉",3.78
"105Q4","嘉義縣","大埔鄉",5.11
"105Q4","嘉義縣","阿里山鄉",4.36
"105Q4","屏東縣","",3.74
"105Q4","屏東縣","屏東市",3.18
"105Q4","屏東縣","潮州鎮",3.30
"105Q4","屏東縣","東港鎮",3.81
"105Q4","屏東縣","恆春鎮",3.68
"105Q4","屏東縣","萬丹鄉",4.00
"105Q4","屏東縣","長治鄉",3.74
"105Q4","屏東縣","麟洛鄉",3.48
"105Q4","屏東縣","九如鄉",3.95
"105Q4","屏東縣","里港鄉",4.34
"105Q4","屏東縣","鹽埔鄉",4.60
"105Q4","屏東縣","高樹鄉",4.45
"105Q4","屏東縣","萬巒鄉",4.50
"105Q4","屏東縣","內埔鄉",3.76
"105Q4","屏東縣","竹田鄉",3.81
"105Q4","屏東縣","新埤鄉",4.12
"105Q4","屏東縣","枋寮鄉",3.74
"105Q4","屏東縣","新園鄉",4.11
"105Q4","屏東縣","崁頂鄉",5.27
"105Q4","屏東縣","林邊鄉",3.97
"105Q4","屏東縣","南州鄉",3.89
"105Q4","屏東縣","佳冬鄉",4.28
"105Q4","屏東縣","琉球鄉",4.55
"105Q4","屏東縣","車城鄉",3.63
"105Q4","屏東縣","滿州鄉",3.74
"105Q4","屏東縣","枋山鄉",3.86
"105Q4","屏東縣","三地門鄉",4.62
"105Q4","屏東縣","霧台鄉",3.81
"105Q4","屏東縣","瑪家鄉",4.67
"105Q4","屏東縣","泰武鄉",5.38
"105Q4","屏東縣","來義鄉",4.24
"105Q4","屏東縣","春日鄉",4.66
"105Q4","屏東縣","獅子鄉",4.13
"105Q4","屏東縣","牡丹鄉",3.62
"105Q4","台東縣","",3.37
"105Q4","台東縣","台東市",3.32
"105Q4","台東縣","成功鎮",3.26
"105Q4","台東縣","關山鎮",3.49
"105Q4","台東縣","卑南鄉",3.36
"105Q4","台東縣","大武鄉",3.21
"105Q4","台東縣","太麻里鄉",3.19
"105Q4","台東縣","東河鄉",2.97
"105Q4","台東縣","長濱鄉",2.80
"105Q4","台東縣","鹿野鄉",3.40
"105Q4","台東縣","池上鄉",3.33
"105Q4","台東縣","綠島鄉",5.73
"105Q4","台東縣","延平鄉",4.53
"105Q4","台東縣","海端鄉",4.69
"105Q4","台東縣","達仁鄉",3.25
"105Q4","台東縣","金峰鄉",4.73
"105Q4","台東縣","蘭嶼鄉",4.15
"105Q4","花蓮縣","",3.29
"105Q4","花蓮縣","花蓮市",3.23
"105Q4","花蓮縣","鳳林鎮",3.03
"105Q4","花蓮縣","玉里鎮",3.32
"105Q4","花蓮縣","新城鄉",3.21
"105Q4","花蓮縣","吉安鄉",3.14
"105Q4","花蓮縣","壽豐鄉",3.16
"105Q4","花蓮縣","光復鄉",3.18
"105Q4","花蓮縣","豐濱鄉",3.12
"105Q4","花蓮縣","瑞穗鄉",3.15
"105Q4","花蓮縣","富里鄉",3.23
"105Q4","花蓮縣","秀林鄉",5.05
"105Q4","花蓮縣","萬榮鄉",4.61
"105Q4","花蓮縣","卓溪鄉",4.33
"105Q4","澎湖縣","",4.05
"105Q4","澎湖縣","馬公市",3.81
"105Q4","澎湖縣","湖西鄉",4.24
"105Q4","澎湖縣","白沙鄉",4.65
"105Q4","澎湖縣","西嶼鄉",4.00
"105Q4","澎湖縣","望安鄉",5.54
"105Q4","澎湖縣","七美鄉",5.16
"105Q4","基隆市","",2.84
"105Q4","基隆市","中正區",2.68
"105Q4","基隆市","七堵區",2.92
"105Q4","基隆市","暖暖區",2.80
"105Q4","基隆市","仁愛區",3.04
"105Q4","基隆市","中山區",2.89
"105Q4","基隆市","安樂區",2.82
"105Q4","基隆市","信義區",2.81
"105Q4","新竹市","",3.24
"105Q4","新竹市","新竹市",3.24
"105Q4","嘉義市","",3.28
"105Q4","嘉義市","嘉義市",3.28
"105Q4","金門縣","",7.53
"105Q4","金門縣","金城鎮",7.31
"105Q4","金門縣","金湖鎮",6.96
"105Q4","金門縣","金沙鎮",7.22
"105Q4","金門縣","金寧鄉",8.04
"105Q4","金門縣","烈嶼鄉",9.47
"105Q4","金門縣","烏坵鄉",8.53
"105Q4","連江縣","",5.35
"105Q4","連江縣","南竿鄉",5.26
"105Q4","連江縣","北竿鄉",5.53
"105Q4","連江縣","莒光鄉",6.14
"105Q4","連江縣","東引鄉",4.82
"106Q1","全國","",3.41
"106Q1","新北市","",3.09
"106Q1","新北市","板橋區",3.18
"106Q1","新北市","三重區",3.10
"106Q1","新北市","中和區",2.92
"106Q1","新北市","永和區",2.93
"106Q1","新北市","新莊區",3.24
"106Q1","新北市","新店區",2.77
"106Q1","新北市","樹林區",3.31
"106Q1","新北市","鶯歌區",3.53
"106Q1","新北市","三峽區",3.27
"106Q1","新北市","淡水區",2.59
"106Q1","新北市","汐止區",2.66
"106Q1","新北市","瑞芳區",3.20
"106Q1","新北市","土城區",3.28
"106Q1","新北市","蘆洲區",3.39
"106Q1","新北市","五股區",3.26
"106Q1","新北市","泰山區",3.23
"106Q1","新北市","林口區",3.06
"106Q1","新北市","深坑區",2.89
"106Q1","新北市","石碇區",3.37
"106Q1","新北市","坪林區",3.69
"106Q1","新北市","三芝區",3.10
"106Q1","新北市","石門區",5.01
"106Q1","新北市","八里區",3.32
"106Q1","新北市","平溪區",2.83
"106Q1","新北市","雙溪區",3.63
"106Q1","新北市","貢寮區",4.49
"106Q1","新北市","金山區",4.12
"106Q1","新北市","萬里區",4.11
"106Q1","新北市","烏來區",5.16
"106Q1","台北市","",3.34
"106Q1","台北市","松山區",3.39
"106Q1","台北市","信義區",3.25
"106Q1","台北市","大安區",3.38
"106Q1","台北市","中山區",2.90
"106Q1","台北市","中正區",3.42
"106Q1","台北市","大同區",3.41
"106Q1","台北市","萬華區",3.22
"106Q1","台北市","文山區",3.34
"106Q1","台北市","南港區",3.41
"106Q1","台北市","內湖區",3.43
"106Q1","台北市","士林區",3.52
"106Q1","台北市","北投區",3.51
"106Q1","桃園市","",3.31
"106Q1","桃園市","桃園區",3.15
"106Q1","桃園市","中壢區",3.22
"106Q1","桃園市","平鎮區",3.39
"106Q1","桃園市","八德區",3.28
"106Q1","桃園市","楊梅區",3.38
"106Q1","桃園市","大溪區",3.54
"106Q1","桃園市","蘆竹區",3.28
"106Q1","桃園市","大園區",3.58
"106Q1","桃園市","龜山區",3.07
"106Q1","桃園市","龍潭區",3.41
"106Q1","桃園市","新屋區",4.37
"106Q1","桃園市","觀音區",3.99
"106Q1","桃園市","復興區",4.06
"106Q1","台中市","",3.55
"106Q1","台中市","中區",3.41
"106Q1","台中市","東區",3.32
"106Q1","台中市","南區",3.01
"106Q1","台中市","西區",3.07
"106Q1","台中市","北區",3.02
"106Q1","台中市","西屯區",3.13
"106Q1","台中市","南屯區",3.27
"106Q1","台中市","北屯區",3.26
"106Q1","台中市","豐原區",3.93
"106Q1","台中市","東勢區",3.87
"106Q1","台中市","大甲區",4.29
"106Q1","台中市","清水區",4.08
"106Q1","台中市","沙鹿區",3.76
"106Q1","台中市","梧棲區",4.03
"106Q1","台中市","后里區",4.39
"106Q1","台中市","神岡區",4.20
"106Q1","台中市","潭子區",3.60
"106Q1","台中市","大雅區",3.90
"106Q1","台中市","新社區",3.99
"106Q1","台中市","石岡區",4.09
"106Q1","台中市","外埔區",4.17
"106Q1","台中市","大安區",4.71
"106Q1","台中市","烏日區",3.72
"106Q1","台中市","大肚區",3.96
"106Q1","台中市","龍井區",4.29
"106Q1","台中市","霧峰區",4.01
"106Q1","台中市","太平區",3.59
"106Q1","台中市","大里區",3.69
"106Q1","台中市","和平區",3.47
"106Q1","台南市","",3.42
"106Q1","台南市","新營區",3.16
"106Q1","台南市","鹽水區",3.54
"106Q1","台南市","白河區",3.90
"106Q1","台南市","柳營區",3.68
"106Q1","台南市","後壁區",3.66
"106Q1","台南市","東山區",4.09
"106Q1","台南市","麻豆區",3.57
"106Q1","台南市","下營區",3.77
"106Q1","台南市","六甲區",3.71
"106Q1","台南市","官田區",3.54
"106Q1","台南市","大內區",3.90
"106Q1","台南市","佳里區",3.54
"106Q1","台南市","學甲區",3.63
"106Q1","台南市","西港區",3.96
"106Q1","台南市","七股區",4.40
"106Q1","台南市","將軍區",4.15
"106Q1","台南市","北門區",4.35
"106Q1","台南市","新化區",3.72
"106Q1","台南市","善化區",3.32
"106Q1","台南市","新市區",3.50
"106Q1","台南市","安定區",3.79
"106Q1","台南市","山上區",3.97
"106Q1","台南市","玉井區",3.63
"106Q1","台南市","楠西區",3.83
"106Q1","台南市","南化區",4.40
"106Q1","台南市","左鎮區",3.65
"106Q1","台南市","仁德區",3.32
"106Q1","台南市","歸仁區",3.67
"106Q1","台南市","關廟區",3.88
"106Q1","台南市","龍崎區",4.31
"106Q1","台南市","永康區",3.24
"106Q1","台南市","東區",3.11
"106Q1","台南市","南區",3.33
"106Q1","台南市","北區",3.10
"106Q1","台南市","安南區",3.73
"106Q1","台南市","安平區",3.06
"106Q1","台南市","中西區",3.08
"106Q1","高雄市","",3.21
"106Q1","高雄市","鹽埕區",2.81
"106Q1","高雄市","鼓山區",2.84
"106Q1","高雄市","左營區",2.92
"106Q1","高雄市","楠梓區",3.06
"106Q1","高雄市","三民區",3.07
"106Q1","高雄市","新興區",2.69
"106Q1","高雄市","前金區",2.53
"106Q1","高雄市","苓雅區",2.93
"106Q1","高雄市","前鎮區",3.04
"106Q1","高雄市","旗津區",4.16
"106Q1","高雄市","小港區",3.64
"106Q1","高雄市","鳳山區",3.11
"106Q1","高雄市","林園區",3.84
"106Q1","高雄市","大寮區",3.32
"106Q1","高雄市","大樹區",4.03
"106Q1","高雄市","大社區",3.30
"106Q1","高雄市","仁武區",3.15
"106Q1","高雄市","鳥松區",2.99
"106Q1","高雄市","岡山區",3.36
"106Q1","高雄市","橋頭區",3.35
"106Q1","高雄市","燕巢區",3.89
"106Q1","高雄市","田寮區",3.87
"106Q1","高雄市","阿蓮區",3.86
"106Q1","高雄市","路竹區",3.83
"106Q1","高雄市","湖內區",3.35
"106Q1","高雄市","茄萣區",4.15
"106Q1","高雄市","永安區",4.26
"106Q1","高雄市","彌陀區",4.33
"106Q1","高雄市","梓官區",3.68
"106Q1","高雄市","旗山區",3.53
"106Q1","高雄市","美濃區",4.44
"106Q1","高雄市","六龜區",3.40
"106Q1","高雄市","甲仙區",3.46
"106Q1","高雄市","杉林區",3.69
"106Q1","高雄市","內門區",4.98
"106Q1","高雄市","茂林區",4.79
"106Q1","高雄市","桃源區",4.57
"106Q1","高雄市","那瑪夏區",4.68
"106Q1","宜蘭縣","",3.35
"106Q1","宜蘭縣","宜蘭市",3.13
"106Q1","宜蘭縣","羅東鎮",3.41
"106Q1","宜蘭縣","蘇澳鎮",3.48
"106Q1","宜蘭縣","頭城鎮",3.70
"106Q1","宜蘭縣","礁溪鄉",3.21
"106Q1","宜蘭縣","壯圍鄉",3.70
"106Q1","宜蘭縣","員山鄉",3.43
"106Q1","宜蘭縣","冬山鄉",3.26
"106Q1","宜蘭縣","五結鄉",3.16
"106Q1","宜蘭縣","三星鄉",3.27
"106Q1","宜蘭縣","大同鄉",4.37
"106Q1","宜蘭縣","南澳鄉",5.10
"106Q1","新竹縣","",3.51
"106Q1","新竹縣","竹北市",3.19
"106Q1","新竹縣","關西鎮",4.41
"106Q1","新竹縣","新埔鎮",3.91
"106Q1","新竹縣","竹東鎮",3.38
"106Q1","新竹縣","湖口鄉",3.53
"106Q1","新竹縣","橫山鄉",3.87
"106Q1","新竹縣","新豐鄉",3.76
"106Q1","新竹縣","芎林鄉",3.94
"106Q1","新竹縣","寶山鄉",3.37
"106Q1","新竹縣","北埔鄉",4.31
"106Q1","新竹縣","峨眉鄉",4.49
"106Q1","新竹縣","尖石鄉",4.42
"106Q1","新竹縣","五峰鄉",4.01
"106Q1","苗栗縣","",3.79
"106Q1","苗栗縣","苗栗市",3.31
"106Q1","苗栗縣","苑裡鎮",4.24
"106Q1","苗栗縣","通霄鎮",4.41
"106Q1","苗栗縣","竹南鎮",3.52
"106Q1","苗栗縣","頭份鎮",3.49
"106Q1","苗栗縣","後龍鎮",4.35
"106Q1","苗栗縣","卓蘭鎮",4.46
"106Q1","苗栗縣","大湖鄉",4.29
"106Q1","苗栗縣","公館鄉",3.84
"106Q1","苗栗縣","銅鑼鄉",4.08
"106Q1","苗栗縣","南庄鄉",3.84
"106Q1","苗栗縣","頭屋鄉",4.10
"106Q1","苗栗縣","三義鄉",4.06
"106Q1","苗栗縣","西湖鄉",5.07
"106Q1","苗栗縣","造橋鄉",4.03
"106Q1","苗栗縣","三灣鄉",4.03
"106Q1","苗栗縣","獅潭鄉",3.74
"106Q1","苗栗縣","泰安鄉",5.82
"106Q1","彰化縣","",4.32
"106Q1","彰化縣","彰化市",3.67
"106Q1","彰化縣","鹿港鎮",4.48
"106Q1","彰化縣","和美鎮",4.05
"106Q1","彰化縣","北斗鎮",3.78
"106Q1","彰化縣","員林鎮",3.99
"106Q1","彰化縣","溪湖鎮",4.65
"106Q1","彰化縣","田中鎮",3.94
"106Q1","彰化縣","二林鎮",5.09
"106Q1","彰化縣","線西鄉",5.10
"106Q1","彰化縣","伸港鄉",4.79
"106Q1","彰化縣","福興鄉",5.21
"106Q1","彰化縣","秀水鄉",4.55
"106Q1","彰化縣","花壇鄉",4.01
"106Q1","彰化縣","芬園鄉",4.75
"106Q1","彰化縣","大村鄉",5.23
"106Q1","彰化縣","埔鹽鄉",6.02
"106Q1","彰化縣","埔心鄉",4.00
"106Q1","彰化縣","永靖鄉",5.00
"106Q1","彰化縣","社頭鄉",4.92
"106Q1","彰化縣","二水鄉",4.06
"106Q1","彰化縣","田尾鄉",4.12
"106Q1","彰化縣","埤頭鄉",4.41
"106Q1","彰化縣","芳苑鄉",4.99
"106Q1","彰化縣","大城鄉",5.95
"106Q1","彰化縣","竹塘鄉",4.57
"106Q1","彰化縣","溪州鄉",5.00
"106Q1","南投縣","",3.79
"106Q1","南投縣","南投市",3.49
"106Q1","南投縣","埔里鎮",3.62
"106Q1","南投縣","草屯鎮",3.82
"106Q1","南投縣","竹山鎮",3.59
"106Q1","南投縣","集集鎮",3.77
"106Q1","南投縣","名間鄉",4.47
"106Q1","南投縣","鹿谷鄉",4.13
"106Q1","南投縣","中寮鄉",4.25
"106Q1","南投縣","魚池鄉",4.43
"106Q1","南投縣","國姓鄉",3.74
"106Q1","南投縣","水里鄉",3.44
"106Q1","南投縣","信義鄉",4.78
"106Q1","南投縣","仁愛鄉",4.22
"106Q1","雲林縣","",4.05
"106Q1","雲林縣","斗六市",3.38
"106Q1","雲林縣","斗南鎮",3.58
"106Q1","雲林縣","虎尾鎮",3.46
"106Q1","雲林縣","西螺鎮",4.16
"106Q1","雲林縣","土庫鎮",4.25
"106Q1","雲林縣","北港鎮",3.51
"106Q1","雲林縣","古坑鄉",4.20
"106Q1","雲林縣","大埤鄉",4.21
"106Q1","雲林縣","莿桐鄉",4.28
"106Q1","雲林縣","林內鄉",4.05
"106Q1","雲林縣","二崙鄉",4.68
"106Q1","雲林縣","崙背鄉",4.33
"106Q1","雲林縣","麥寮鄉",5.78
"106Q1","雲林縣","東勢鄉",4.44
"106Q1","雲林縣","褒忠鄉",4.35
"106Q1","雲林縣","台西鄉",4.85
"106Q1","雲林縣","元長鄉",4.53
"106Q1","雲林縣","四湖鄉",4.40
"106Q1","雲林縣","口湖鄉",5.14
"106Q1","雲林縣","水林鄉",4.81
"106Q1","嘉義縣","",4.04
"106Q1","嘉義縣","太保市",3.70
"106Q1","嘉義縣","朴子市",3.67
"106Q1","嘉義縣","布袋鎮",4.25
"106Q1","嘉義縣","大林鎮",3.75
"106Q1","嘉義縣","民雄鄉",3.69
"106Q1","嘉義縣","溪口鄉",4.94
"106Q1","嘉義縣","新港鄉",4.64
"106Q1","嘉義縣","六腳鄉",4.74
"106Q1","嘉義縣","東石鄉",4.91
"106Q1","嘉義縣","義竹鄉",4.39
"106Q1","嘉義縣","鹿草鄉",4.55
"106Q1","嘉義縣","水上鄉",3.55
"106Q1","嘉義縣","中埔鄉",4.04
"106Q1","嘉義縣","竹崎鄉",4.47
"106Q1","嘉義縣","梅山鄉",4.20
"106Q1","嘉義縣","番路鄉",3.78
"106Q1","嘉義縣","大埔鄉",5.10
"106Q1","嘉義縣","阿里山鄉",4.35
"106Q1","屏東縣","",3.73
"106Q1","屏東縣","屏東市",3.18
"106Q1","屏東縣","潮州鎮",3.30
"106Q1","屏東縣","東港鎮",3.81
"106Q1","屏東縣","恆春鎮",3.67
"106Q1","屏東縣","萬丹鄉",3.99
"106Q1","屏東縣","長治鄉",3.73
"106Q1","屏東縣","麟洛鄉",3.47
"106Q1","屏東縣","九如鄉",3.95
"106Q1","屏東縣","里港鄉",4.32
"106Q1","屏東縣","鹽埔鄉",4.59
"106Q1","屏東縣","高樹鄉",4.44
"106Q1","屏東縣","萬巒鄉",4.49
"106Q1","屏東縣","內埔鄉",3.75
"106Q1","屏東縣","竹田鄉",3.80
"106Q1","屏東縣","新埤鄉",4.12
"106Q1","屏東縣","枋寮鄉",3.74
"106Q1","屏東縣","新園鄉",4.10
"106Q1","屏東縣","崁頂鄉",5.25
"106Q1","屏東縣","林邊鄉",3.96
"106Q1","屏東縣","南州鄉",3.88
"106Q1","屏東縣","佳冬鄉",4.27
"106Q1","屏東縣","琉球鄉",4.54
"106Q1","屏東縣","車城鄉",3.62
"106Q1","屏東縣","滿州鄉",3.74
"106Q1","屏東縣","枋山鄉",3.86
"106Q1","屏東縣","三地門鄉",4.61
"106Q1","屏東縣","霧台鄉",3.80
"106Q1","屏東縣","瑪家鄉",4.66
"106Q1","屏東縣","泰武鄉",5.38
"106Q1","屏東縣","來義鄉",4.24
"106Q1","屏東縣","春日鄉",4.64
"106Q1","屏東縣","獅子鄉",4.11
"106Q1","屏東縣","牡丹鄉",3.63
"106Q1","台東縣","",3.36
"106Q1","台東縣","台東市",3.32
"106Q1","台東縣","成功鎮",3.25
"106Q1","台東縣","關山鎮",3.49
"106Q1","台東縣","卑南鄉",3.35
"106Q1","台東縣","大武鄉",3.19
"106Q1","台東縣","太麻里鄉",3.18
"106Q1","台東縣","東河鄉",2.95
"106Q1","台東縣","長濱鄉",2.79
"106Q1","台東縣","鹿野鄉",3.39
"106Q1","台東縣","池上鄉",3.31
"106Q1","台東縣","綠島鄉",5.73
"106Q1","台東縣","延平鄉",4.52
"106Q1","台東縣","海端鄉",4.68
"106Q1","台東縣","達仁鄉",3.24
"106Q1","台東縣","金峰鄉",4.75
"106Q1","台東縣","蘭嶼鄉",4.12
"106Q1","花蓮縣","",3.28
"106Q1","花蓮縣","花蓮市",3.23
"106Q1","花蓮縣","鳳林鎮",3.02
"106Q1","花蓮縣","玉里鎮",3.31
"106Q1","花蓮縣","新城鄉",3.20
"106Q1","花蓮縣","吉安鄉",3.14
"106Q1","花蓮縣","壽豐鄉",3.15
"106Q1","花蓮縣","光復鄉",3.17
"106Q1","花蓮縣","豐濱鄉",3.11
"106Q1","花蓮縣","瑞穗鄉",3.14
"106Q1","花蓮縣","富里鄉",3.22
"106Q1","花蓮縣","秀林鄉",5.04
"106Q1","花蓮縣","萬榮鄉",4.59
"106Q1","花蓮縣","卓溪鄉",4.35
"106Q1","澎湖縣","",4.05
"106Q1","澎湖縣","馬公市",3.81
"106Q1","澎湖縣","湖西鄉",4.23
"106Q1","澎湖縣","白沙鄉",4.65
"106Q1","澎湖縣","西嶼鄉",3.99
"106Q1","澎湖縣","望安鄉",5.54
"106Q1","澎湖縣","七美鄉",5.17
"106Q1","基隆市","",2.84
"106Q1","基隆市","中正區",2.68
"106Q1","基隆市","七堵區",2.91
"106Q1","基隆市","暖暖區",2.80
"106Q1","基隆市","仁愛區",3.04
"106Q1","基隆市","中山區",2.89
"106Q1","基隆市","安樂區",2.82
"106Q1","基隆市","信義區",2.81
"106Q1","新竹市","",3.24
"106Q1","新竹市","新竹市",3.24
"106Q1","嘉義市","",3.28
"106Q1","嘉義市","嘉義市",3.28
"106Q1","金門縣","",7.52
"106Q1","金門縣","金城鎮",7.31
"106Q1","金門縣","金湖鎮",6.93
"106Q1","金門縣","金沙鎮",7.21
"106Q1","金門縣","金寧鄉",8.03
"106Q1","金門縣","烈嶼鄉",9.47
"106Q1","金門縣","烏坵鄉",8.62
"106Q1","連江縣","",5.32
"106Q1","連江縣","南竿鄉",5.22
"106Q1","連江縣","北竿鄉",5.49
"106Q1","連江縣","莒光鄉",6.15
"106Q1","連江縣","東引鄉",4.81
"106Q2","全國","",3.40
"106Q2","新北市","",3.08
"106Q2","新北市","板橋區",3.18
"106Q2","新北市","三重區",3.09
"106Q2","新北市","中和區",2.92
"106Q2","新北市","永和區",2.92
"106Q2","新北市","新莊區",3.23
"106Q2","新北市","新店區",2.76
"106Q2","新北市","樹林區",3.31
"106Q2","新北市","鶯歌區",3.51
"106Q2","新北市","三峽區",3.27
"106Q2","新北市","淡水區",2.58
"106Q2","新北市","汐止區",2.65
"106Q2","新北市","瑞芳區",3.20
"106Q2","新北市","土城區",3.28
"106Q2","新北市","蘆洲區",3.38
"106Q2","新北市","五股區",3.26
"106Q2","新北市","泰山區",3.22
"106Q2","新北市","林口區",3.06
"106Q2","新北市","深坑區",2.88
"106Q2","新北市","石碇區",3.36
"106Q2","新北市","坪林區",3.70
"106Q2","新北市","三芝區",3.09
"106Q2","新北市","石門區",4.99
"106Q2","新北市","八里區",3.32
"106Q2","新北市","平溪區",2.83
"106Q2","新北市","雙溪區",3.61
"106Q2","新北市","貢寮區",4.48
"106Q2","新北市","金山區",4.10
"106Q2","新北市","萬里區",4.10
"106Q2","新北市","烏來區",5.14
"106Q2","台北市","",3.33
"106Q2","台北市","松山區",3.38
"106Q2","台北市","信義區",3.24
"106Q2","台北市","大安區",3.37
"106Q2","台北市","中山區",2.89
"106Q2","台北市","中正區",3.41
"106Q2","台北市","大同區",3.40
"106Q2","台北市","萬華區",3.21
"106Q2","台北市","文山區",3.33
"106Q2","台北市","南港區",3.41
"106Q2","台北市","內湖區",3.42
"106Q2","台北市","士林區",3.51
"106Q2","台北市","北投區",3.50
"106Q2","桃園市","",3.31
"106Q2","桃園市","桃園區",3.15
"106Q2","桃園市","中壢區",3.22
"106Q2","桃園市","平鎮區",3.39
"106Q2","桃園市","八德區",3.27
"106Q2","桃園市","楊梅區",3.38
"106Q2","桃園市","大溪區",3.52
"106Q2","桃園市","蘆竹區",3.28
"106Q2","桃園市","大園區",3.55
"106Q2","桃園市","龜山區",3.07
"106Q2","桃園市","龍潭區",3.41
"106Q2","桃園市","新屋區",4.35
"106Q2","桃園市","觀音區",3.94
"106Q2","桃園市","復興區",4.09
"106Q2","台中市","",3.54
"106Q2","台中市","中區",3.40
"106Q2","台中市","東區",3.31
"106Q2","台中市","南區",3.00
"106Q2","台中市","西區",3.06
"106Q2","台中市","北區",3.01
"106Q2","台中市","西屯區",3.12
"106Q2","台中市","南屯區",3.26
"106Q2","台中市","北屯區",3.25
"106Q2","台中市","豐原區",3.92
"106Q2","台中市","東勢區",3.86
"106Q2","台中市","大甲區",4.28
"106Q2","台中市","清水區",4.07
"106Q2","台中市","沙鹿區",3.74
"106Q2","台中市","梧棲區",4.02
"106Q2","台中市","后里區",4.37
"106Q2","台中市","神岡區",4.19
"106Q2","台中市","潭子區",3.59
"106Q2","台中市","大雅區",3.88
"106Q2","台中市","新社區",3.98
"106Q2","台中市","石岡區",4.08
"106Q2","台中市","外埔區",4.16
"106Q2","台中市","大安區",4.70
"106Q2","台中市","烏日區",3.70
"106Q2","台中市","大肚區",3.95
"106Q2","台中市","龍井區",4.28
"106Q2","台中市","霧峰區",4.01
"106Q2","台中市","太平區",3.58
"106Q2","台中市","大里區",3.68
"106Q2","台中市","和平區",3.46
"106Q2","台南市","",3.41
"106Q2","台南市","新營區",3.15
"106Q2","台南市","鹽水區",3.52
"106Q2","台南市","白河區",3.90
"106Q2","台南市","柳營區",3.66
"106Q2","台南市","後壁區",3.65
"106Q2","台南市","東山區",4.09
"106Q2","台南市","麻豆區",3.56
"106Q2","台南市","下營區",3.77
"106Q2","台南市","六甲區",3.69
"106Q2","台南市","官田區",3.53
"106Q2","台南市","大內區",3.88
"106Q2","台南市","佳里區",3.54
"106Q2","台南市","學甲區",3.63
"106Q2","台南市","西港區",3.94
"106Q2","台南市","七股區",4.37
"106Q2","台南市","將軍區",4.14
"106Q2","台南市","北門區",4.34
"106Q2","台南市","新化區",3.71
"106Q2","台南市","善化區",3.31
"106Q2","台南市","新市區",3.49
"106Q2","台南市","安定區",3.78
"106Q2","台南市","山上區",3.93
"106Q2","台南市","玉井區",3.60
"106Q2","台南市","楠西區",3.81
"106Q2","台南市","南化區",4.37
"106Q2","台南市","左鎮區",3.65
"106Q2","台南市","仁德區",3.32
"106Q2","台南市","歸仁區",3.67
"106Q2","台南市","關廟區",3.86
"106Q2","台南市","龍崎區",4.30
"106Q2","台南市","永康區",3.24
"106Q2","台南市","東區",3.10
"106Q2","台南市","南區",3.32
"106Q2","台南市","北區",3.09
"106Q2","台南市","安南區",3.72
"106Q2","台南市","安平區",3.05
"106Q2","台南市","中西區",3.08
"106Q2","高雄市","",3.20
"106Q2","高雄市","鹽埕區",2.80
"106Q2","高雄市","鼓山區",2.84
"106Q2","高雄市","左營區",2.91
"106Q2","高雄市","楠梓區",3.05
"106Q2","高雄市","三民區",3.06
"106Q2","高雄市","新興區",2.68
"106Q2","高雄市","前金區",2.52
"106Q2","高雄市","苓雅區",2.92
"106Q2","高雄市","前鎮區",3.03
"106Q2","高雄市","旗津區",4.16
"106Q2","高雄市","小港區",3.63
"106Q2","高雄市","鳳山區",3.10
"106Q2","高雄市","林園區",3.83
"106Q2","高雄市","大寮區",3.32
"106Q2","高雄市","大樹區",4.02
"106Q2","高雄市","大社區",3.28
"106Q2","高雄市","仁武區",3.15
"106Q2","高雄市","鳥松區",2.98
"106Q2","高雄市","岡山區",3.36
"106Q2","高雄市","橋頭區",3.34
"106Q2","高雄市","燕巢區",3.88
"106Q2","高雄市","田寮區",3.86
"106Q2","高雄市","阿蓮區",3.85
"106Q2","高雄市","路竹區",3.82
"106Q2","高雄市","湖內區",3.33
"106Q2","高雄市","茄萣區",4.15
"106Q2","高雄市","永安區",4.25
"106Q2","高雄市","彌陀區",4.30
"106Q2","高雄市","梓官區",3.67
"106Q2","高雄市","旗山區",3.53
"106Q2","高雄市","美濃區",4.42
"106Q2","高雄市","六龜區",3.38
"106Q2","高雄市","甲仙區",3.46
"106Q2","高雄市","杉林區",3.67
"106Q2","高雄市","內門區",4.95
"106Q2","高雄市","茂林區",4.82
"106Q2","高雄市","桃源區",4.56
"106Q2","高雄市","那瑪夏區",4.68
"106Q2","宜蘭縣","",3.33
"106Q2","宜蘭縣","宜蘭市",3.12
"106Q2","宜蘭縣","羅東鎮",3.40
"106Q2","宜蘭縣","蘇澳鎮",3.47
"106Q2","宜蘭縣","頭城鎮",3.70
"106Q2","宜蘭縣","礁溪鄉",3.19
"106Q2","宜蘭縣","壯圍鄉",3.69
"106Q2","宜蘭縣","員山鄉",3.43
"106Q2","宜蘭縣","冬山鄉",3.24
"106Q2","宜蘭縣","五結鄉",3.14
"106Q2","宜蘭縣","三星鄉",3.26
"106Q2","宜蘭縣","大同鄉",4.34
"106Q2","宜蘭縣","南澳鄉",5.08
"106Q2","新竹縣","",3.50
"106Q2","新竹縣","竹北市",3.18
"106Q2","新竹縣","關西鎮",4.38
"106Q2","新竹縣","新埔鎮",3.90
"106Q2","新竹縣","竹東鎮",3.36
"106Q2","新竹縣","湖口鄉",3.52
"106Q2","新竹縣","橫山鄉",3.84
"106Q2","新竹縣","新豐鄉",3.74
"106Q2","新竹縣","芎林鄉",3.93
"106Q2","新竹縣","寶山鄉",3.33
"106Q2","新竹縣","北埔鄉",4.30
"106Q2","新竹縣","峨眉鄉",4.50
"106Q2","新竹縣","尖石鄉",4.41
"106Q2","新竹縣","五峰鄉",3.94
"106Q2","苗栗縣","",3.76
"106Q2","苗栗縣","苗栗市",3.29
"106Q2","苗栗縣","苑裡鎮",4.20
"106Q2","苗栗縣","通霄鎮",4.38
"106Q2","苗栗縣","竹南鎮",3.50
"106Q2","苗栗縣","頭份鎮",3.47
"106Q2","苗栗縣","後龍鎮",4.32
"106Q2","苗栗縣","卓蘭鎮",4.43
"106Q2","苗栗縣","大湖鄉",4.26
"106Q2","苗栗縣","公館鄉",3.82
"106Q2","苗栗縣","銅鑼鄉",4.07
"106Q2","苗栗縣","南庄鄉",3.82
"106Q2","苗栗縣","頭屋鄉",4.09
"106Q2","苗栗縣","三義鄉",4.04
"106Q2","苗栗縣","西湖鄉",5.05
"106Q2","苗栗縣","造橋鄉",4.00
"106Q2","苗栗縣","三灣鄉",4.03
"106Q2","苗栗縣","獅潭鄉",3.74
"106Q2","苗栗縣","泰安鄉",5.79
"106Q2","彰化縣","",4.30
"106Q2","彰化縣","彰化市",3.66
"106Q2","彰化縣","鹿港鎮",4.47
"106Q2","彰化縣","和美鎮",4.03
"106Q2","彰化縣","北斗鎮",3.76
"106Q2","彰化縣","員林鎮",3.98
"106Q2","彰化縣","溪湖鎮",4.64
"106Q2","彰化縣","田中鎮",3.93
"106Q2","彰化縣","二林鎮",5.07
"106Q2","彰化縣","線西鄉",5.07
"106Q2","彰化縣","伸港鄉",4.78
"106Q2","彰化縣","福興鄉",5.18
"106Q2","彰化縣","秀水鄉",4.53
"106Q2","彰化縣","花壇鄉",4.00
"106Q2","彰化縣","芬園鄉",4.74
"106Q2","彰化縣","大村鄉",5.20
"106Q2","彰化縣","埔鹽鄉",5.99
"106Q2","彰化縣","埔心鄉",3.99
"106Q2","彰化縣","永靖鄉",4.99
"106Q2","彰化縣","社頭鄉",4.90
"106Q2","彰化縣","二水鄉",4.06
"106Q2","彰化縣","田尾鄉",4.11
"106Q2","彰化縣","埤頭鄉",4.39
"106Q2","彰化縣","芳苑鄉",4.97
"106Q2","彰化縣","大城鄉",5.93
"106Q2","彰化縣","竹塘鄉",4.55
"106Q2","彰化縣","溪州鄉",4.97
"106Q2","南投縣","",3.77
"106Q2","南投縣","南投市",3.48
"106Q2","南投縣","埔里鎮",3.62
"106Q2","南投縣","草屯鎮",3.80
"106Q2","南投縣","竹山鎮",3.57
"106Q2","南投縣","集集鎮",3.76
"106Q2","南投縣","名間鄉",4.46
"106Q2","南投縣","鹿谷鄉",4.12
"106Q2","南投縣","中寮鄉",4.24
"106Q2","南投縣","魚池鄉",4.40
"106Q2","南投縣","國姓鄉",3.72
"106Q2","南投縣","水里鄉",3.43
"106Q2","南投縣","信義鄉",4.76
"106Q2","南投縣","仁愛鄉",4.21
"106Q2","雲林縣","",4.04
"106Q2","雲林縣","斗六市",3.37
"106Q2","雲林縣","斗南鎮",3.57
"106Q2","雲林縣","虎尾鎮",3.45
"106Q2","雲林縣","西螺鎮",4.13
"106Q2","雲林縣","土庫鎮",4.23
"106Q2","雲林縣","北港鎮",3.50
"106Q2","雲林縣","古坑鄉",4.18
"106Q2","雲林縣","大埤鄉",4.20
"106Q2","雲林縣","莿桐鄉",4.27
"106Q2","雲林縣","林內鄉",4.05
"106Q2","雲林縣","二崙鄉",4.66
"106Q2","雲林縣","崙背鄉",4.31
"106Q2","雲林縣","麥寮鄉",5.78
"106Q2","雲林縣","東勢鄉",4.41
"106Q2","雲林縣","褒忠鄉",4.33
"106Q2","雲林縣","台西鄉",4.85
"106Q2","雲林縣","元長鄉",4.50
"106Q2","雲林縣","四湖鄉",4.39
"106Q2","雲林縣","口湖鄉",5.12
"106Q2","雲林縣","水林鄉",4.78
"106Q2","嘉義縣","",4.03
"106Q2","嘉義縣","太保市",3.68
"106Q2","嘉義縣","朴子市",3.66
"106Q2","嘉義縣","布袋鎮",4.24
"106Q2","嘉義縣","大林鎮",3.74
"106Q2","嘉義縣","民雄鄉",3.67
"106Q2","嘉義縣","溪口鄉",4.94
"106Q2","嘉義縣","新港鄉",4.62
"106Q2","嘉義縣","六腳鄉",4.71
"106Q2","嘉義縣","東石鄉",4.90
"106Q2","嘉義縣","義竹鄉",4.38
"106Q2","嘉義縣","鹿草鄉",4.53
"106Q2","嘉義縣","水上鄉",3.53
"106Q2","嘉義縣","中埔鄉",4.03
"106Q2","嘉義縣","竹崎鄉",4.45
"106Q2","嘉義縣","梅山鄉",4.20
"106Q2","嘉義縣","番路鄉",3.79
"106Q2","嘉義縣","大埔鄉",5.12
"106Q2","嘉義縣","阿里山鄉",4.34
"106Q2","屏東縣","",3.72
"106Q2","屏東縣","屏東市",3.18
"106Q2","屏東縣","潮州鎮",3.29
"106Q2","屏東縣","東港鎮",3.79
"106Q2","屏東縣","恆春鎮",3.66
"106Q2","屏東縣","萬丹鄉",3.98
"106Q2","屏東縣","長治鄉",3.70
"106Q2","屏東縣","麟洛鄉",3.45
"106Q2","屏東縣","九如鄉",3.93
"106Q2","屏東縣","里港鄉",4.29
"106Q2","屏東縣","鹽埔鄉",4.58
"106Q2","屏東縣","高樹鄉",4.42
"106Q2","屏東縣","萬巒鄉",4.48
"106Q2","屏東縣","內埔鄉",3.73
"106Q2","屏東縣","竹田鄉",3.80
"106Q2","屏東縣","新埤鄉",4.10
"106Q2","屏東縣","枋寮鄉",3.73
"106Q2","屏東縣","新園鄉",4.09
"106Q2","屏東縣","崁頂鄉",5.22
"106Q2","屏東縣","林邊鄉",3.95
"106Q2","屏東縣","南州鄉",3.87
"106Q2","屏東縣","佳冬鄉",4.24
"106Q2","屏東縣","琉球鄉",4.52
"106Q2","屏東縣","車城鄉",3.62
"106Q2","屏東縣","滿州鄉",3.73
"106Q2","屏東縣","枋山鄉",3.84
"106Q2","屏東縣","三地門鄉",4.58
"106Q2","屏東縣","霧台鄉",3.76
"106Q2","屏東縣","瑪家鄉",4.66
"106Q2","屏東縣","泰武鄉",5.37
"106Q2","屏東縣","來義鄉",4.23
"106Q2","屏東縣","春日鄉",4.60
"106Q2","屏東縣","獅子鄉",4.08
"106Q2","屏東縣","牡丹鄉",3.62
"106Q2","台東縣","",3.36
"106Q2","台東縣","台東市",3.31
"106Q2","台東縣","成功鎮",3.24
"106Q2","台東縣","關山鎮",3.47
"106Q2","台東縣","卑南鄉",3.35
"106Q2","台東縣","大武鄉",3.17
"106Q2","台東縣","太麻里鄉",3.18
"106Q2","台東縣","東河鄉",2.95
"106Q2","台東縣","長濱鄉",2.77
"106Q2","台東縣","鹿野鄉",3.38
"106Q2","台東縣","池上鄉",3.29
"106Q2","台東縣","綠島鄉",5.75
"106Q2","台東縣","延平鄉",4.52
"106Q2","台東縣","海端鄉",4.67
"106Q2","台東縣","達仁鄉",3.25
"106Q2","台東縣","金峰鄉",4.75
"106Q2","台東縣","蘭嶼鄉",4.10
"106Q2","花蓮縣","",3.27
"106Q2","花蓮縣","花蓮市",3.23
"106Q2","花蓮縣","鳳林鎮",3.02
"106Q2","花蓮縣","玉里鎮",3.30
"106Q2","花蓮縣","新城鄉",3.19
"106Q2","花蓮縣","吉安鄉",3.13
"106Q2","花蓮縣","壽豐鄉",3.14
"106Q2","花蓮縣","光復鄉",3.16
"106Q2","花蓮縣","豐濱鄉",3.09
"106Q2","花蓮縣","瑞穗鄉",3.13
"106Q2","花蓮縣","富里鄉",3.21
"106Q2","花蓮縣","秀林鄉",5.02
"106Q2","花蓮縣","萬榮鄉",4.58
"106Q2","花蓮縣","卓溪鄉",4.33
"106Q2","澎湖縣","",4.04
"106Q2","澎湖縣","馬公市",3.79
"106Q2","澎湖縣","湖西鄉",4.23
"106Q2","澎湖縣","白沙鄉",4.66
"106Q2","澎湖縣","西嶼鄉",4.01
"106Q2","澎湖縣","望安鄉",5.60
"106Q2","澎湖縣","七美鄉",5.23
"106Q2","基隆市","",2.84
"106Q2","基隆市","中正區",2.68
"106Q2","基隆市","七堵區",2.91
"106Q2","基隆市","暖暖區",2.80
"106Q2","基隆市","仁愛區",3.03
"106Q2","基隆市","中山區",2.89
"106Q2","基隆市","安樂區",2.81
"106Q2","基隆市","信義區",2.81
"106Q2","新竹市","",3.23
"106Q2","新竹市","新竹市",3.23
"106Q2","嘉義市","",3.27
"106Q2","嘉義市","嘉義市",3.27
"106Q2","金門縣","",7.49
"106Q2","金門縣","金城鎮",7.31
"106Q2","金門縣","金湖鎮",6.94
"106Q2","金門縣","金沙鎮",7.20
"106Q2","金門縣","金寧鄉",7.87
"106Q2","金門縣","烈嶼鄉",9.46
"106Q2","金門縣","烏坵鄉",8.68
"106Q2","連江縣","",5.26
"106Q2","連江縣","南竿鄉",5.14
"106Q2","連江縣","北竿鄉",5.43
"106Q2","連江縣","莒光鄉",6.09
"106Q2","連江縣","東引鄉",4.80
"106Q3","全國","",3.39
"106Q3","新北市","",3.07
"106Q3","新北市","板橋區",3.16
"106Q3","新北市","三重區",3.08
"106Q3","新北市","中和區",2.91
"106Q3","新北市","永和區",2.91
"106Q3","新北市","新莊區",3.21
"106Q3","新北市","新店區",2.75
"106Q3","新北市","樹林區",3.29
"106Q3","新北市","鶯歌區",3.50
"106Q3","新北市","三峽區",3.25
"106Q3","新北市","淡水區",2.57
"106Q3","新北市","汐止區",2.65
"106Q3","新北市","瑞芳區",3.18
"106Q3","新北市","土城區",3.27
"106Q3","新北市","蘆洲區",3.37
"106Q3","新北市","五股區",3.24
"106Q3","新北市","泰山區",3.21
"106Q3","新北市","林口區",3.05
"106Q3","新北市","深坑區",2.87
"106Q3","新北市","石碇區",3.35
"106Q3","新北市","坪林區",3.70
"106Q3","新北市","三芝區",3.08
"106Q3","新北市","石門區",4.97
"106Q3","新北市","八里區",3.31
"106Q3","新北市","平溪區",2.83
"106Q3","新北市","雙溪區",3.58
"106Q3","新北市","貢寮區",4.47
"106Q3","新北市","金山區",4.09
"106Q3","新北市","萬里區",4.10
"106Q3","新北市","烏來區",5.14
"106Q3","台北市","",3.32
"106Q3","台北市","松山區",3.36
"106Q3","台北市","信義區",3.23
"106Q3","台北市","大安區",3.36
"106Q3","台北市","中山區",2.88
"106Q3","台北市","中正區",3.38
"106Q3","台北市","大同區",3.39
"106Q3","台北市","萬華區",3.20
"106Q3","台北市","文山區",3.31
"106Q3","台北市","南港區",3.39
"106Q3","台北市","內湖區",3.41
"106Q3","台北市","士林區",3.49
"106Q3","台北市","北投區",3.48
"106Q3","桃園市","",3.30
"106Q3","桃園市","桃園區",3.14
"106Q3","桃園市","中壢區",3.20
"106Q3","桃園市","平鎮區",3.38
"106Q3","桃園市","八德區",3.26
"106Q3","桃園市","楊梅區",3.37
"106Q3","桃園市","大溪區",3.51
"106Q3","桃園市","蘆竹區",3.27
"106Q3","桃園市","大園區",3.52
"106Q3","桃園市","龜山區",3.06
"106Q3","桃園市","龍潭區",3.40
"106Q3","桃園市","新屋區",4.33
"106Q3","桃園市","觀音區",3.92
"106Q3","桃園市","復興區",4.10
"106Q3","台中市","",3.53
"106Q3","台中市","中區",3.36
"106Q3","台中市","東區",3.31
"106Q3","台中市","南區",2.99
"106Q3","台中市","西區",3.05
"106Q3","台中市","北區",3.00
"106Q3","台中市","西屯區",3.11
"106Q3","台中市","南屯區",3.24
"106Q3","台中市","北屯區",3.24
"106Q3","台中市","豐原區",3.90
"106Q3","台中市","東勢區",3.85
"106Q3","台中市","大甲區",4.27
"106Q3","台中市","清水區",4.06
"106Q3","台中市","沙鹿區",3.72
"106Q3","台中市","梧棲區",4.01
"106Q3","台中市","后里區",4.34
"106Q3","台中市","神岡區",4.18
"106Q3","台中市","潭子區",3.59
"106Q3","台中市","大雅區",3.87
"106Q3","台中市","新社區",3.96
"106Q3","台中市","石岡區",4.07
"106Q3","台中市","外埔區",4.14
"106Q3","台中市","大安區",4.66
"106Q3","台中市","烏日區",3.68
"106Q3","台中市","大肚區",3.94
"106Q3","台中市","龍井區",4.27
"106Q3","台中市","霧峰區",4.01
"106Q3","台中市","太平區",3.56
"106Q3","台中市","大里區",3.67
"106Q3","台中市","和平區",3.46
"106Q3","台南市","",3.40
"106Q3","台南市","新營區",3.14
"106Q3","台南市","鹽水區",3.51
"106Q3","台南市","白河區",3.89
"106Q3","台南市","柳營區",3.64
"106Q3","台南市","後壁區",3.63
"106Q3","台南市","東山區",4.08
"106Q3","台南市","麻豆區",3.54
"106Q3","台南市","下營區",3.75
"106Q3","台南市","六甲區",3.68
"106Q3","台南市","官田區",3.52
"106Q3","台南市","大內區",3.85
"106Q3","台南市","佳里區",3.51
"106Q3","台南市","學甲區",3.61
"106Q3","台南市","西港區",3.93
"106Q3","台南市","七股區",4.35
"106Q3","台南市","將軍區",4.13
"106Q3","台南市","北門區",4.34
"106Q3","台南市","新化區",3.70
"106Q3","台南市","善化區",3.29
"106Q3","台南市","新市區",3.46
"106Q3","台南市","安定區",3.77
"106Q3","台南市","山上區",3.90
"106Q3","台南市","玉井區",3.59
"106Q3","台南市","楠西區",3.78
"106Q3","台南市","南化區",4.37
"106Q3","台南市","左鎮區",3.64
"106Q3","台南市","仁德區",3.31
"106Q3","台南市","歸仁區",3.65
"106Q3","台南市","關廟區",3.85
"106Q3","台南市","龍崎區",4.29
"106Q3","台南市","永康區",3.22
"106Q3","台南市","東區",3.09
"106Q3","台南市","南區",3.30
"106Q3","台南市","北區",3.07
"106Q3","台南市","安南區",3.71
"106Q3","台南市","安平區",3.03
"106Q3","台南市","中西區",3.07
"106Q3","高雄市","",3.18
"106Q3","高雄市","鹽埕區",2.78
"106Q3","高雄市","鼓山區",2.82
"106Q3","高雄市","左營區",2.90
"106Q3","高雄市","楠梓區",3.03
"106Q3","高雄市","三民區",3.05
"106Q3","高雄市","新興區",2.67
"106Q3","高雄市","前金區",2.50
"106Q3","高雄市","苓雅區",2.90
"106Q3","高雄市","前鎮區",3.01
"106Q3","高雄市","旗津區",4.16
"106Q3","高雄市","小港區",3.62
"106Q3","高雄市","鳳山區",3.09
"106Q3","高雄市","林園區",3.81
"106Q3","高雄市","大寮區",3.30
"106Q3","高雄市","大樹區",4.00
"106Q3","高雄市","大社區",3.26
"106Q3","高雄市","仁武區",3.13
"106Q3","高雄市","鳥松區",2.96
"106Q3","高雄市","岡山區",3.35
"106Q3","高雄市","橋頭區",3.31
"106Q3","高雄市","燕巢區",3.87
"106Q3","高雄市","田寮區",3.86
"106Q3","高雄市","阿蓮區",3.84
"106Q3","高雄市","路竹區",3.80
"106Q3","高雄市","湖內區",3.31
"106Q3","高雄市","茄萣區",4.13
"106Q3","高雄市","永安區",4.25
"106Q3","高雄市","彌陀區",4.29
"106Q3","高雄市","梓官區",3.66
"106Q3","高雄市","旗山區",3.51
"106Q3","高雄市","美濃區",4.39
"106Q3","高雄市","六龜區",3.37
"106Q3","高雄市","甲仙區",3.46
"106Q3","高雄市","杉林區",3.67
"106Q3","高雄市","內門區",4.94
"106Q3","高雄市","茂林區",4.81
"106Q3","高雄市","桃源區",4.54
"106Q3","高雄市","那瑪夏區",4.69
"106Q3","宜蘭縣","",3.31
"106Q3","宜蘭縣","宜蘭市",3.10
"106Q3","宜蘭縣","羅東鎮",3.39
"106Q3","宜蘭縣","蘇澳鎮",3.45
"106Q3","宜蘭縣","頭城鎮",3.67
"106Q3","宜蘭縣","礁溪鄉",3.17
"106Q3","宜蘭縣","壯圍鄉",3.66
"106Q3","宜蘭縣","員山鄉",3.42
"106Q3","宜蘭縣","冬山鄉",3.22
"106Q3","宜蘭縣","五結鄉",3.11
"106Q3","宜蘭縣","三星鄉",3.24
"106Q3","宜蘭縣","大同鄉",4.32
"106Q3","宜蘭縣","南澳鄉",5.10
"106Q3","新竹縣","",3.48
"106Q3","新竹縣","竹北市",3.16
"106Q3","新竹縣","關西鎮",4.36
"106Q3","新竹縣","新埔鎮",3.87
"106Q3","新竹縣","竹東鎮",3.34
"106Q3","新竹縣","湖口鄉",3.49
"106Q3","新竹縣","橫山鄉",3.81
"106Q3","新竹縣","新豐鄉",3.72
"106Q3","新竹縣","芎林鄉",3.91
"106Q3","新竹縣","寶山鄉",3.31
"106Q3","新竹縣","北埔鄉",4.28
"106Q3","新竹縣","峨眉鄉",4.48
"106Q3","新竹縣","尖石鄉",4.42
"106Q3","新竹縣","五峰鄉",3.97
"106Q3","苗栗縣","",3.73
"106Q3","苗栗縣","苗栗市",3.27
"106Q3","苗栗縣","苑裡鎮",4.16
"106Q3","苗栗縣","通霄鎮",4.34
"106Q3","苗栗縣","竹南鎮",3.47
"106Q3","苗栗縣","頭份鎮",3.44
"106Q3","苗栗縣","後龍鎮",4.30
"106Q3","苗栗縣","卓蘭鎮",4.40
"106Q3","苗栗縣","大湖鄉",4.21
"106Q3","苗栗縣","公館鄉",3.80
"106Q3","苗栗縣","銅鑼鄉",4.03
"106Q3","苗栗縣","南庄鄉",3.80
"106Q3","苗栗縣","頭屋鄉",4.06
"106Q3","苗栗縣","三義鄉",4.02
"106Q3","苗栗縣","西湖鄉",5.04
"106Q3","苗栗縣","造橋鄉",3.98
"106Q3","苗栗縣","三灣鄉",4.00
"106Q3","苗栗縣","獅潭鄉",3.71
"106Q3","苗栗縣","泰安鄉",5.78
"106Q3","彰化縣","",4.28
"106Q3","彰化縣","彰化市",3.64
"106Q3","彰化縣","鹿港鎮",4.46
"106Q3","彰化縣","和美鎮",4.01
"106Q3","彰化縣","北斗鎮",3.76
"106Q3","彰化縣","員林鎮",3.95
"106Q3","彰化縣","溪湖鎮",4.62
"106Q3","彰化縣","田中鎮",3.90
"106Q3","彰化縣","二林鎮",5.03
"106Q3","彰化縣","線西鄉",5.05
"106Q3","彰化縣","伸港鄉",4.76
"106Q3","彰化縣","福興鄉",5.15
"106Q3","彰化縣","秀水鄉",4.51
"106Q3","彰化縣","花壇鄉",3.98
"106Q3","彰化縣","芬園鄉",4.73
"106Q3","彰化縣","大村鄉",5.19
"106Q3","彰化縣","埔鹽鄉",5.95
"106Q3","彰化縣","埔心鄉",3.98
"106Q3","彰化縣","永靖鄉",4.97
"106Q3","彰化縣","社頭鄉",4.87
"106Q3","彰化縣","二水鄉",4.04
"106Q3","彰化縣","田尾鄉",4.09
"106Q3","彰化縣","埤頭鄉",4.38
"106Q3","彰化縣","芳苑鄉",4.96
"106Q3","彰化縣","大城鄉",5.90
"106Q3","彰化縣","竹塘鄉",4.52
"106Q3","彰化縣","溪州鄉",4.96
"106Q3","南投縣","",3.75
"106Q3","南投縣","南投市",3.45
"106Q3","南投縣","埔里鎮",3.60
"106Q3","南投縣","草屯鎮",3.78
"106Q3","南投縣","竹山鎮",3.55
"106Q3","南投縣","集集鎮",3.74
"106Q3","南投縣","名間鄉",4.43
"106Q3","南投縣","鹿谷鄉",4.10
"106Q3","南投縣","中寮鄉",4.21
"106Q3","南投縣","魚池鄉",4.36
"106Q3","南投縣","國姓鄉",3.71
"106Q3","南投縣","水里鄉",3.42
"106Q3","南投縣","信義鄉",4.75
"106Q3","南投縣","仁愛鄉",4.23
"106Q3","雲林縣","",4.02
"106Q3","雲林縣","斗六市",3.35
"106Q3","雲林縣","斗南鎮",3.55
"106Q3","雲林縣","虎尾鎮",3.44
"106Q3","雲林縣","西螺鎮",4.11
"106Q3","雲林縣","土庫鎮",4.20
"106Q3","雲林縣","北港鎮",3.48
"106Q3","雲林縣","古坑鄉",4.16
"106Q3","雲林縣","大埤鄉",4.19
"106Q3","雲林縣","莿桐鄉",4.25
"106Q3","雲林縣","林內鄉",4.02
"106Q3","雲林縣","二崙鄉",4.64
"106Q3","雲林縣","崙背鄉",4.28
"106Q3","雲林縣","麥寮鄉",5.80
"106Q3","雲林縣","東勢鄉",4.39
"106Q3","雲林縣","褒忠鄉",4.30
"106Q3","雲林縣","台西鄉",4.84
"106Q3","雲林縣","元長鄉",4.48
"106Q3","雲林縣","四湖鄉",4.38
"106Q3","雲林縣","口湖鄉",5.09
"106Q3","雲林縣","水林鄉",4.76
"106Q3","嘉義縣","",4.01
"106Q3","嘉義縣","太保市",3.65
"106Q3","嘉義縣","朴子市",3.64
"106Q3","嘉義縣","布袋鎮",4.22
"106Q3","嘉義縣","大林鎮",3.71
"106Q3","嘉義縣","民雄鄉",3.65
"106Q3","嘉義縣","溪口鄉",4.92
"106Q3","嘉義縣","新港鄉",4.58
"106Q3","嘉義縣","六腳鄉",4.69
"106Q3","嘉義縣","東石鄉",4.88
"106Q3","嘉義縣","義竹鄉",4.36
"106Q3","嘉義縣","鹿草鄉",4.51
"106Q3","嘉義縣","水上鄉",3.52
"106Q3","嘉義縣","中埔鄉",4.01
"106Q3","嘉義縣","竹崎鄉",4.45
"106Q3","嘉義縣","梅山鄉",4.18
"106Q3","嘉義縣","番路鄉",3.78
"106Q3","嘉義縣","大埔鄉",5.12
"106Q3","嘉義縣","阿里山鄉",4.35
"106Q3","屏東縣","",3.71
"106Q3","屏東縣","屏東市",3.16
"106Q3","屏東縣","潮州鎮",3.28
"106Q3","屏東縣","東港鎮",3.78
"106Q3","屏東縣","恆春鎮",3.66
"106Q3","屏東縣","萬丹鄉",3.96
"106Q3","屏東縣","長治鄉",3.69
"106Q3","屏東縣","麟洛鄉",3.44
"106Q3","屏東縣","九如鄉",3.93
"106Q3","屏東縣","里港鄉",4.26
"106Q3","屏東縣","鹽埔鄉",4.57
"106Q3","屏東縣","高樹鄉",4.41
"106Q3","屏東縣","萬巒鄉",4.47
"106Q3","屏東縣","內埔鄉",3.72
"106Q3","屏東縣","竹田鄉",3.78
"106Q3","屏東縣","新埤鄉",4.14
"106Q3","屏東縣","枋寮鄉",3.71
"106Q3","屏東縣","新園鄉",4.07
"106Q3","屏東縣","崁頂鄉",5.20
"106Q3","屏東縣","林邊鄉",3.95
"106Q3","屏東縣","南州鄉",3.85
"106Q3","屏東縣","佳冬鄉",4.22
"106Q3","屏東縣","琉球鄉",4.48
"106Q3","屏東縣","車城鄉",3.60
"106Q3","屏東縣","滿州鄉",3.72
"106Q3","屏東縣","枋山鄉",3.84
"106Q3","屏東縣","三地門鄉",4.58
"106Q3","屏東縣","霧台鄉",3.75
"106Q3","屏東縣","瑪家鄉",4.66
"106Q3","屏東縣","泰武鄉",5.37
"106Q3","屏東縣","來義鄉",4.23
"106Q3","屏東縣","春日鄉",4.62
"106Q3","屏東縣","獅子鄉",4.08
"106Q3","屏東縣","牡丹鄉",3.62
"106Q3","台東縣","",3.35
"106Q3","台東縣","台東市",3.30
"106Q3","台東縣","成功鎮",3.23
"106Q3","台東縣","關山鎮",3.46
"106Q3","台東縣","卑南鄉",3.34
"106Q3","台東縣","大武鄉",3.16
"106Q3","台東縣","太麻里鄉",3.16
"106Q3","台東縣","東河鄉",2.94
"106Q3","台東縣","長濱鄉",2.77
"106Q3","台東縣","鹿野鄉",3.38
"106Q3","台東縣","池上鄉",3.29
"106Q3","台東縣","綠島鄉",5.87
"106Q3","台東縣","延平鄉",4.56
"106Q3","台東縣","海端鄉",4.64
"106Q3","台東縣","達仁鄉",3.25
"106Q3","台東縣","金峰鄉",4.76
"106Q3","台東縣","蘭嶼鄉",4.10
"106Q3","花蓮縣","",3.26
"106Q3","花蓮縣","花蓮市",3.21
"106Q3","花蓮縣","鳳林鎮",3.01
"106Q3","花蓮縣","玉里鎮",3.28
"106Q3","花蓮縣","新城鄉",3.20
"106Q3","花蓮縣","吉安鄉",3.12
"106Q3","花蓮縣","壽豐鄉",3.12
"106Q3","花蓮縣","光復鄉",3.16
"106Q3","花蓮縣","豐濱鄉",3.09
"106Q3","花蓮縣","瑞穗鄉",3.12
"106Q3","花蓮縣","富里鄉",3.21
"106Q3","花蓮縣","秀林鄉",5.03
"106Q3","花蓮縣","萬榮鄉",4.58
"106Q3","花蓮縣","卓溪鄉",4.34
"106Q3","澎湖縣","",4.05
"106Q3","澎湖縣","馬公市",3.80
"106Q3","澎湖縣","湖西鄉",4.23
"106Q3","澎湖縣","白沙鄉",4.64
"106Q3","澎湖縣","西嶼鄉",4.01
"106Q3","澎湖縣","望安鄉",5.58
"106Q3","澎湖縣","七美鄉",5.27
"106Q3","基隆市","",2.83
"106Q3","基隆市","中正區",2.66
"106Q3","基隆市","七堵區",2.90
"106Q3","基隆市","暖暖區",2.80
"106Q3","基隆市","仁愛區",3.01
"106Q3","基隆市","中山區",2.89
"106Q3","基隆市","安樂區",2.79
"106Q3","基隆市","信義區",2.81
"106Q3","新竹市","",3.21
"106Q3","新竹市","新竹市",3.21
"106Q3","嘉義市","",3.26
"106Q3","嘉義市","嘉義市",3.26
"106Q3","金門縣","",7.50
"106Q3","金門縣","金城鎮",7.30
"106Q3","金門縣","金湖鎮",6.94
"106Q3","金門縣","金沙鎮",7.19
"106Q3","金門縣","金寧鄉",7.94
"106Q3","金門縣","烈嶼鄉",9.50
"106Q3","金門縣","烏坵鄉",8.67
"106Q3","連江縣","",5.19
"106Q3","連江縣","南竿鄉",5.04
"106Q3","連江縣","北竿鄉",5.36
"106Q3","連江縣","莒光鄉",6.13
"106Q3","連江縣","東引鄉",4.82
"106Q4","全國","",3.38
"106Q4","新北市","",3.06
"106Q4","新北市","板橋區",3.15
"106Q4","新北市","三重區",3.07
"106Q4","新北市","中和區",2.91
"106Q4","新北市","永和區",2.90
"106Q4","新北市","新莊區",3.21
"106Q4","新北市","新店區",2.75
"106Q4","新北市","樹林區",3.29
"106Q4","新北市","鶯歌區",3.48
"106Q4","新北市","三峽區",3.24
"106Q4","新北市","淡水區",2.57
"106Q4","新北市","汐止區",2.65
"106Q4","新北市","瑞芳區",3.18
"106Q4","新北市","土城區",3.26
"106Q4","新北市","蘆洲區",3.37
"106Q4","新北市","五股區",3.23
"106Q4","新北市","泰山區",3.21
"106Q4","新北市","林口區",3.04
"106Q4","新北市","深坑區",2.87
"106Q4","新北市","石碇區",3.36
"106Q4","新北市","坪林區",3.69
"106Q4","新北市","三芝區",3.07
"106Q4","新北市","石門區",4.95
"106Q4","新北市","八里區",3.31
"106Q4","新北市","平溪區",2.84
"106Q4","新北市","雙溪區",3.59
"106Q4","新北市","貢寮區",4.49
"106Q4","新北市","金山區",4.09
"106Q4","新北市","萬里區",4.09
"106Q4","新北市","烏來區",5.16
"106Q4","台北市","",3.32
"106Q4","台北市","松山區",3.36
"106Q4","台北市","信義區",3.23
"106Q4","台北市","大安區",3.36
"106Q4","台北市","中山區",2.88
"106Q4","台北市","中正區",3.39
"106Q4","台北市","大同區",3.39
"106Q4","台北市","萬華區",3.20
"106Q4","台北市","文山區",3.31
"106Q4","台北市","南港區",3.39
"106Q4","台北市","內湖區",3.41
"106Q4","台北市","士林區",3.50
"106Q4","台北市","北投區",3.48
"106Q4","桃園市","",3.30
"106Q4","桃園市","桃園區",3.14
"106Q4","桃園市","中壢區",3.20
"106Q4","桃園市","平鎮區",3.38
"106Q4","桃園市","八德區",3.27
"106Q4","桃園市","楊梅區",3.36
"106Q4","桃園市","大溪區",3.50
"106Q4","桃園市","蘆竹區",3.27
"106Q4","桃園市","大園區",3.49
"106Q4","桃園市","龜山區",3.07
"106Q4","桃園市","龍潭區",3.40
"106Q4","桃園市","新屋區",4.29
"106Q4","桃園市","觀音區",3.89
"106Q4","桃園市","復興區",4.13
"106Q4","台中市","",3.52
"106Q4","台中市","中區",3.36
"106Q4","台中市","東區",3.30
"106Q4","台中市","南區",3.00
"106Q4","台中市","西區",3.05
"106Q4","台中市","北區",3.00
"106Q4","台中市","西屯區",3.11
"106Q4","台中市","南屯區",3.24
"106Q4","台中市","北屯區",3.23
"106Q4","台中市","豐原區",3.90
"106Q4","台中市","東勢區",3.84
"106Q4","台中市","大甲區",4.27
"106Q4","台中市","清水區",4.03
"106Q4","台中市","沙鹿區",3.72
"106Q4","台中市","梧棲區",4.00
"106Q4","台中市","后里區",4.34
"106Q4","台中市","神岡區",4.17
"106Q4","台中市","潭子區",3.59
"106Q4","台中市","大雅區",3.87
"106Q4","台中市","新社區",3.95
"106Q4","台中市","石岡區",4.08
"106Q4","台中市","外埔區",4.13
"106Q4","台中市","大安區",4.65
"106Q4","台中市","烏日區",3.68
"106Q4","台中市","大肚區",3.93
"106Q4","台中市","龍井區",4.27
"106Q4","台中市","霧峰區",3.99
"106Q4","台中市","太平區",3.55
"106Q4","台中市","大里區",3.67
"106Q4","台中市","和平區",3.46
"106Q4","台南市","",3.39
"106Q4","台南市","新營區",3.14
"106Q4","台南市","鹽水區",3.50
"106Q4","台南市","白河區",3.87
"106Q4","台南市","柳營區",3.62
"106Q4","台南市","後壁區",3.61
"106Q4","台南市","東山區",4.06
"106Q4","台南市","麻豆區",3.53
"106Q4","台南市","下營區",3.74
"106Q4","台南市","六甲區",3.66
"106Q4","台南市","官田區",3.50
"106Q4","台南市","大內區",3.84
"106Q4","台南市","佳里區",3.50
"106Q4","台南市","學甲區",3.60
"106Q4","台南市","西港區",3.91
"106Q4","台南市","七股區",4.34
"106Q4","台南市","將軍區",4.12
"106Q4","台南市","北門區",4.33
"106Q4","台南市","新化區",3.69
"106Q4","台南市","善化區",3.28
"106Q4","台南市","新市區",3.45
"106Q4","台南市","安定區",3.75
"106Q4","台南市","山上區",3.89
"106Q4","台南市","玉井區",3.58
"106Q4","台南市","楠西區",3.78
"106Q4","台南市","南化區",4.36
"106Q4","台南市","左鎮區",3.63
"106Q4","台南市","仁德區",3.31
"106Q4","台南市","歸仁區",3.65
"106Q4","台南市","關廟區",3.83
"106Q4","台南市","龍崎區",4.27
"106Q4","台南市","永康區",3.22
"106Q4","台南市","東區",3.09
"106Q4","台南市","南區",3.29
"106Q4","台南市","北區",3.07
"106Q4","台南市","安南區",3.71
"106Q4","台南市","安平區",3.03
"106Q4","台南市","中西區",3.08
"106Q4","高雄市","",3.18
"106Q4","高雄市","鹽埕區",2.78
"106Q4","高雄市","鼓山區",2.82
"106Q4","高雄市","左營區",2.90
"106Q4","高雄市","楠梓區",3.02
"106Q4","高雄市","三民區",3.04
"106Q4","高雄市","新興區",2.67
"106Q4","高雄市","前金區",2.50
"106Q4","高雄市","苓雅區",2.90
"106Q4","高雄市","前鎮區",3.01
"106Q4","高雄市","旗津區",4.15
"106Q4","高雄市","小港區",3.61
"106Q4","高雄市","鳳山區",3.08
"106Q4","高雄市","林園區",3.81
"106Q4","高雄市","大寮區",3.30
"106Q4","高雄市","大樹區",4.00
"106Q4","高雄市","大社區",3.26
"106Q4","高雄市","仁武區",3.13
"106Q4","高雄市","鳥松區",2.95
"106Q4","高雄市","岡山區",3.34
"106Q4","高雄市","橋頭區",3.30
"106Q4","高雄市","燕巢區",3.86
"106Q4","高雄市","田寮區",3.85
"106Q4","高雄市","阿蓮區",3.82
"106Q4","高雄市","路竹區",3.79
"106Q4","高雄市","湖內區",3.30
"106Q4","高雄市","茄萣區",4.10
"106Q4","高雄市","永安區",4.25
"106Q4","高雄市","彌陀區",4.27
"106Q4","高雄市","梓官區",3.65
"106Q4","高雄市","旗山區",3.50
"106Q4","高雄市","美濃區",4.37
"106Q4","高雄市","六龜區",3.34
"106Q4","高雄市","甲仙區",3.45
"106Q4","高雄市","杉林區",3.64
"106Q4","高雄市","內門區",4.91
"106Q4","高雄市","茂林區",4.81
"106Q4","高雄市","桃源區",4.54
"106Q4","高雄市","那瑪夏區",4.70
"106Q4","宜蘭縣","",3.31
"106Q4","宜蘭縣","宜蘭市",3.09
"106Q4","宜蘭縣","羅東鎮",3.40
"106Q4","宜蘭縣","蘇澳鎮",3.43
"106Q4","宜蘭縣","頭城鎮",3.65
"106Q4","宜蘭縣","礁溪鄉",3.15
"106Q4","宜蘭縣","壯圍鄉",3.64
"106Q4","宜蘭縣","員山鄉",3.42
"106Q4","宜蘭縣","冬山鄉",3.20
"106Q4","宜蘭縣","五結鄉",3.11
"106Q4","宜蘭縣","三星鄉",3.23
"106Q4","宜蘭縣","大同鄉",4.31
"106Q4","宜蘭縣","南澳鄉",5.11
"106Q4","新竹縣","",3.47
"106Q4","新竹縣","竹北市",3.16
"106Q4","新竹縣","關西鎮",4.33
"106Q4","新竹縣","新埔鎮",3.86
"106Q4","新竹縣","竹東鎮",3.34
"106Q4","新竹縣","湖口鄉",3.48
"106Q4","新竹縣","橫山鄉",3.79
"106Q4","新竹縣","新豐鄉",3.71
"106Q4","新竹縣","芎林鄉",3.90
"106Q4","新竹縣","寶山鄉",3.28
"106Q4","新竹縣","北埔鄉",4.26
"106Q4","新竹縣","峨眉鄉",4.46
"106Q4","新竹縣","尖石鄉",4.44
"106Q4","新竹縣","五峰鄉",3.98
"106Q4","苗栗縣","",3.71
"106Q4","苗栗縣","苗栗市",3.25
"106Q4","苗栗縣","苑裡鎮",4.13
"106Q4","苗栗縣","通霄鎮",4.32
"106Q4","苗栗縣","竹南鎮",3.45
"106Q4","苗栗縣","頭份鎮",3.42
"106Q4","苗栗縣","後龍鎮",4.27
"106Q4","苗栗縣","卓蘭鎮",4.36
"106Q4","苗栗縣","大湖鄉",4.17
"106Q4","苗栗縣","公館鄉",3.78
"106Q4","苗栗縣","銅鑼鄉",4.01
"106Q4","苗栗縣","南庄鄉",3.77
"106Q4","苗栗縣","頭屋鄉",4.04
"106Q4","苗栗縣","三義鄉",3.99
"106Q4","苗栗縣","西湖鄉",4.98
"106Q4","苗栗縣","造橋鄉",3.96
"106Q4","苗栗縣","三灣鄉",3.97
"106Q4","苗栗縣","獅潭鄉",3.70
"106Q4","苗栗縣","泰安鄉",5.75
"106Q4","彰化縣","",4.27
"106Q4","彰化縣","彰化市",3.63
"106Q4","彰化縣","鹿港鎮",4.45
"106Q4","彰化縣","和美鎮",4.01
"106Q4","彰化縣","北斗鎮",3.74
"106Q4","彰化縣","員林鎮",3.95
"106Q4","彰化縣","溪湖鎮",4.62
"106Q4","彰化縣","田中鎮",3.90
"106Q4","彰化縣","二林鎮",5.00
"106Q4","彰化縣","線西鄉",5.05
"106Q4","彰化縣","伸港鄉",4.76
"106Q4","彰化縣","福興鄉",5.13
"106Q4","彰化縣","秀水鄉",4.49
"106Q4","彰化縣","花壇鄉",3.98
"106Q4","彰化縣","芬園鄉",4.71
"106Q4","彰化縣","大村鄉",5.18
"106Q4","彰化縣","埔鹽鄉",5.91
"106Q4","彰化縣","埔心鄉",3.96
"106Q4","彰化縣","永靖鄉",4.95
"106Q4","彰化縣","社頭鄉",4.85
"106Q4","彰化縣","二水鄉",4.03
"106Q4","彰化縣","田尾鄉",4.08
"106Q4","彰化縣","埤頭鄉",4.37
"106Q4","彰化縣","芳苑鄉",4.95
"106Q4","彰化縣","大城鄉",5.87
"106Q4","彰化縣","竹塘鄉",4.50
"106Q4","彰化縣","溪州鄉",4.91
"106Q4","南投縣","",3.74
"106Q4","南投縣","南投市",3.45
"106Q4","南投縣","埔里鎮",3.59
"106Q4","南投縣","草屯鎮",3.77
"106Q4","南投縣","竹山鎮",3.54
"106Q4","南投縣","集集鎮",3.73
"106Q4","南投縣","名間鄉",4.41
"106Q4","南投縣","鹿谷鄉",4.08
"106Q4","南投縣","中寮鄉",4.17
"106Q4","南投縣","魚池鄉",4.33
"106Q4","南投縣","國姓鄉",3.70
"106Q4","南投縣","水里鄉",3.40
"106Q4","南投縣","信義鄉",4.74
"106Q4","南投縣","仁愛鄉",4.24
"106Q4","雲林縣","",4.00
"106Q4","雲林縣","斗六市",3.34
"106Q4","雲林縣","斗南鎮",3.54
"106Q4","雲林縣","虎尾鎮",3.43
"106Q4","雲林縣","西螺鎮",4.09
"106Q4","雲林縣","土庫鎮",4.18
"106Q4","雲林縣","北港鎮",3.47
"106Q4","雲林縣","古坑鄉",4.15
"106Q4","雲林縣","大埤鄉",4.18
"106Q4","雲林縣","莿桐鄉",4.24
"106Q4","雲林縣","林內鄉",3.99
"106Q4","雲林縣","二崙鄉",4.62
"106Q4","雲林縣","崙背鄉",4.26
"106Q4","雲林縣","麥寮鄉",5.82
"106Q4","雲林縣","東勢鄉",4.38
"106Q4","雲林縣","褒忠鄉",4.29
"106Q4","雲林縣","台西鄉",4.82
"106Q4","雲林縣","元長鄉",4.46
"106Q4","雲林縣","四湖鄉",4.35
"106Q4","雲林縣","口湖鄉",5.09
"106Q4","雲林縣","水林鄉",4.75
"106Q4","嘉義縣","",4.00
"106Q4","嘉義縣","太保市",3.63
"106Q4","嘉義縣","朴子市",3.63
"106Q4","嘉義縣","布袋鎮",4.21
"106Q4","嘉義縣","大林鎮",3.71
"106Q4","嘉義縣","民雄鄉",3.64
"106Q4","嘉義縣","溪口鄉",4.90
"106Q4","嘉義縣","新港鄉",4.56
"106Q4","嘉義縣","六腳鄉",4.68
"106Q4","嘉義縣","東石鄉",4.86
"106Q4","嘉義縣","義竹鄉",4.36
"106Q4","嘉義縣","鹿草鄉",4.50
"106Q4","嘉義縣","水上鄉",3.51
"106Q4","嘉義縣","中埔鄉",4.00
"106Q4","嘉義縣","竹崎鄉",4.44
"106Q4","嘉義縣","梅山鄉",4.15
"106Q4","嘉義縣","番路鄉",3.77
"106Q4","嘉義縣","大埔鄉",5.11
"106Q4","嘉義縣","阿里山鄉",4.37
"106Q4","屏東縣","",3.70
"106Q4","屏東縣","屏東市",3.16
"106Q4","屏東縣","潮州鎮",3.27
"106Q4","屏東縣","東港鎮",3.76
"106Q4","屏東縣","恆春鎮",3.66
"106Q4","屏東縣","萬丹鄉",3.95
"106Q4","屏東縣","長治鄉",3.68
"106Q4","屏東縣","麟洛鄉",3.43
"106Q4","屏東縣","九如鄉",3.92
"106Q4","屏東縣","里港鄉",4.23
"106Q4","屏東縣","鹽埔鄉",4.54
"106Q4","屏東縣","高樹鄉",4.40
"106Q4","屏東縣","萬巒鄉",4.45
"106Q4","屏東縣","內埔鄉",3.70
"106Q4","屏東縣","竹田鄉",3.77
"106Q4","屏東縣","新埤鄉",4.12
"106Q4","屏東縣","枋寮鄉",3.70
"106Q4","屏東縣","新園鄉",4.06
"106Q4","屏東縣","崁頂鄉",5.18
"106Q4","屏東縣","林邊鄉",3.94
"106Q4","屏東縣","南州鄉",3.84
"106Q4","屏東縣","佳冬鄉",4.18
"106Q4","屏東縣","琉球鄉",4.46
"106Q4","屏東縣","車城鄉",3.59
"106Q4","屏東縣","滿州鄉",3.73
"106Q4","屏東縣","枋山鄉",3.86
"106Q4","屏東縣","三地門鄉",4.57
"106Q4","屏東縣","霧台鄉",3.77
"106Q4","屏東縣","瑪家鄉",4.65
"106Q4","屏東縣","泰武鄉",5.36
"106Q4","屏東縣","來義鄉",4.21
"106Q4","屏東縣","春日鄉",4.61
"106Q4","屏東縣","獅子鄉",4.07
"106Q4","屏東縣","牡丹鄉",3.62
"106Q4","台東縣","",3.34
"106Q4","台東縣","台東市",3.29
"106Q4","台東縣","成功鎮",3.22
"106Q4","台東縣","關山鎮",3.46
"106Q4","台東縣","卑南鄉",3.33
"106Q4","台東縣","大武鄉",3.16
"106Q4","台東縣","太麻里鄉",3.16
"106Q4","台東縣","東河鄉",2.92
"106Q4","台東縣","長濱鄉",2.76
"106Q4","台東縣","鹿野鄉",3.36
"106Q4","台東縣","池上鄉",3.28
"106Q4","台東縣","綠島鄉",5.95
"106Q4","台東縣","延平鄉",4.57
"106Q4","台東縣","海端鄉",4.62
"106Q4","台東縣","達仁鄉",3.23
"106Q4","台東縣","金峰鄉",4.79
"106Q4","台東縣","蘭嶼鄉",4.11
"106Q4","花蓮縣","",3.26
"106Q4","花蓮縣","花蓮市",3.20
"106Q4","花蓮縣","鳳林鎮",2.99
"106Q4","花蓮縣","玉里鎮",3.27
"106Q4","花蓮縣","新城鄉",3.18
"106Q4","花蓮縣","吉安鄉",3.12
"106Q4","花蓮縣","壽豐鄉",3.10
"106Q4","花蓮縣","光復鄉",3.15
"106Q4","花蓮縣","豐濱鄉",3.09
"106Q4","花蓮縣","瑞穗鄉",3.13
"106Q4","花蓮縣","富里鄉",3.19
"106Q4","花蓮縣","秀林鄉",5.03
"106Q4","花蓮縣","萬榮鄉",4.56
"106Q4","花蓮縣","卓溪鄉",4.33
"106Q4","澎湖縣","",4.04
"106Q4","澎湖縣","馬公市",3.79
"106Q4","澎湖縣","湖西鄉",4.21
"106Q4","澎湖縣","白沙鄉",4.65
"106Q4","澎湖縣","西嶼鄉",4.01
"106Q4","澎湖縣","望安鄉",5.62
"106Q4","澎湖縣","七美鄉",5.28
"106Q4","基隆市","",2.82
"106Q4","基隆市","中正區",2.66
"106Q4","基隆市","七堵區",2.89
"106Q4","基隆市","暖暖區",2.80
"106Q4","基隆市","仁愛區",3.01
"106Q4","基隆市","中山區",2.89
"106Q4","基隆市","安樂區",2.79
"106Q4","基隆市","信義區",2.81
"106Q4","新竹市","",3.21
"106Q4","新竹市","新竹市",3.21
"106Q4","嘉義市","",3.25
"106Q4","嘉義市","嘉義市",3.25
"106Q4","金門縣","",7.49
"106Q4","金門縣","金城鎮",7.31
"106Q4","金門縣","金湖鎮",6.94
"106Q4","金門縣","金沙鎮",7.19
"106Q4","金門縣","金寧鄉",7.88
"106Q4","金門縣","烈嶼鄉",9.50
"106Q4","金門縣","烏坵鄉",8.70
"106Q4","連江縣","",5.16
"106Q4","連江縣","南竿鄉",4.99
"106Q4","連江縣","北竿鄉",5.28
"106Q4","連江縣","莒光鄉",6.13
"106Q4","連江縣","東引鄉",4.93
"107Q1","全國","",3.37
"107Q1","新北市","",3.05
"107Q1","新北市","板橋區",3.14
"107Q1","新北市","三重區",3.06
"107Q1","新北市","中和區",2.90
"107Q1","新北市","永和區",2.90
"107Q1","新北市","新莊區",3.20
"107Q1","新北市","新店區",2.74
"107Q1","新北市","樹林區",3.28
"107Q1","新北市","鶯歌區",3.45
"107Q1","新北市","三峽區",3.23
"107Q1","新北市","淡水區",2.56
"107Q1","新北市","汐止區",2.65
"107Q1","新北市","瑞芳區",3.17
"107Q1","新北市","土城區",3.26
"107Q1","新北市","蘆洲區",3.35
"107Q1","新北市","五股區",3.21
"107Q1","新北市","泰山區",3.20
"107Q1","新北市","林口區",3.04
"107Q1","新北市","深坑區",2.87
"107Q1","新北市","石碇區",3.38
"107Q1","新北市","坪林區",3.69
"107Q1","新北市","三芝區",3.05
"107Q1","新北市","石門區",4.91
"107Q1","新北市","八里區",3.30
"107Q1","新北市","平溪區",2.83
"107Q1","新北市","雙溪區",3.59
"107Q1","新北市","貢寮區",4.46
"107Q1","新北市","金山區",4.06
"107Q1","新北市","萬里區",4.06
"107Q1","新北市","烏來區",5.15
"107Q1","台北市","",3.31
"107Q1","台北市","松山區",3.35
"107Q1","台北市","信義區",3.21
"107Q1","台北市","大安區",3.36
"107Q1","台北市","中山區",2.87
"107Q1","台北市","中正區",3.39
"107Q1","台北市","大同區",3.38
"107Q1","台北市","萬華區",3.18
"107Q1","台北市","文山區",3.31
"107Q1","台北市","南港區",3.38
"107Q1","台北市","內湖區",3.41
"107Q1","台北市","士林區",3.49
"107Q1","台北市","北投區",3.47
"107Q1","桃園市","",3.29
"107Q1","桃園市","桃園區",3.15
"107Q1","桃園市","中壢區",3.20
"107Q1","桃園市","平鎮區",3.37
"107Q1","桃園市","八德區",3.27
"107Q1","桃園市","楊梅區",3.36
"107Q1","桃園市","大溪區",3.49
"107Q1","桃園市","蘆竹區",3.27
"107Q1","桃園市","大園區",3.49
"107Q1","桃園市","龜山區",3.07
"107Q1","桃園市","龍潭區",3.40
"107Q1","桃園市","新屋區",4.28
"107Q1","桃園市","觀音區",3.87
"107Q1","桃園市","復興區",4.19
"107Q1","台中市","",3.52
"107Q1","台中市","中區",3.36
"107Q1","台中市","東區",3.29
"107Q1","台中市","南區",2.99
"107Q1","台中市","西區",3.05
"107Q1","台中市","北區",3.00
"107Q1","台中市","西屯區",3.11
"107Q1","台中市","南屯區",3.24
"107Q1","台中市","北屯區",3.22
"107Q1","台中市","豐原區",3.88
"107Q1","台中市","東勢區",3.83
"107Q1","台中市","大甲區",4.26
"107Q1","台中市","清水區",4.01
"107Q1","台中市","沙鹿區",3.71
"107Q1","台中市","梧棲區",3.98
"107Q1","台中市","后里區",4.32
"107Q1","台中市","神岡區",4.16
"107Q1","台中市","潭子區",3.58
"107Q1","台中市","大雅區",3.85
"107Q1","台中市","新社區",3.93
"107Q1","台中市","石岡區",4.06
"107Q1","台中市","外埔區",4.12
"107Q1","台中市","大安區",4.63
"107Q1","台中市","烏日區",3.66
"107Q1","台中市","大肚區",3.92
"107Q1","台中市","龍井區",4.25
"107Q1","台中市","霧峰區",3.99
"107Q1","台中市","太平區",3.54
"107Q1","台中市","大里區",3.67
"107Q1","台中市","和平區",3.48
"107Q1","台南市","",3.38
"107Q1","台南市","新營區",3.13
"107Q1","台南市","鹽水區",3.49
"107Q1","台南市","白河區",3.85
"107Q1","台南市","柳營區",3.59
"107Q1","台南市","後壁區",3.60
"107Q1","台南市","東山區",4.05
"107Q1","台南市","麻豆區",3.52
"107Q1","台南市","下營區",3.72
"107Q1","台南市","六甲區",3.66
"107Q1","台南市","官田區",3.49
"107Q1","台南市","大內區",3.81
"107Q1","台南市","佳里區",3.49
"107Q1","台南市","學甲區",3.59
"107Q1","台南市","西港區",3.87
"107Q1","台南市","七股區",4.33
"107Q1","台南市","將軍區",4.10
"107Q1","台南市","北門區",4.33
"107Q1","台南市","新化區",3.69
"107Q1","台南市","善化區",3.27
"107Q1","台南市","新市區",3.43
"107Q1","台南市","安定區",3.74
"107Q1","台南市","山上區",3.87
"107Q1","台南市","玉井區",3.58
"107Q1","台南市","楠西區",3.77
"107Q1","台南市","南化區",4.36
"107Q1","台南市","左鎮區",3.62
"107Q1","台南市","仁德區",3.31
"107Q1","台南市","歸仁區",3.64
"107Q1","台南市","關廟區",3.82
"107Q1","台南市","龍崎區",4.27
"107Q1","台南市","永康區",3.21
"107Q1","台南市","東區",3.09
"107Q1","台南市","南區",3.27
"107Q1","台南市","北區",3.06
"107Q1","台南市","安南區",3.70
"107Q1","台南市","安平區",3.02
"107Q1","台南市","中西區",3.08
"107Q1","高雄市","",3.17
"107Q1","高雄市","鹽埕區",2.78
"107Q1","高雄市","鼓山區",2.82
"107Q1","高雄市","左營區",2.89
"107Q1","高雄市","楠梓區",3.01
"107Q1","高雄市","三民區",3.03
"107Q1","高雄市","新興區",2.66
"107Q1","高雄市","前金區",2.50
"107Q1","高雄市","苓雅區",2.89
"107Q1","高雄市","前鎮區",3.00
"107Q1","高雄市","旗津區",4.14
"107Q1","高雄市","小港區",3.60
"107Q1","高雄市","鳳山區",3.07
"107Q1","高雄市","林園區",3.80
"107Q1","高雄市","大寮區",3.29
"107Q1","高雄市","大樹區",3.98
"107Q1","高雄市","大社區",3.25
"107Q1","高雄市","仁武區",3.12
"107Q1","高雄市","鳥松區",2.94
"107Q1","高雄市","岡山區",3.34
"107Q1","高雄市","橋頭區",3.29
"107Q1","高雄市","燕巢區",3.84
"107Q1","高雄市","田寮區",3.82
"107Q1","高雄市","阿蓮區",3.81
"107Q1","高雄市","路竹區",3.77
"107Q1","高雄市","湖內區",3.29
"107Q1","高雄市","茄萣區",4.08
"107Q1","高雄市","永安區",4.24
"107Q1","高雄市","彌陀區",4.26
"107Q1","高雄市","梓官區",3.63
"107Q1","高雄市","旗山區",3.49
"107Q1","高雄市","美濃區",4.34
"107Q1","高雄市","六龜區",3.34
"107Q1","高雄市","甲仙區",3.45
"107Q1","高雄市","杉林區",3.62
"107Q1","高雄市","內門區",4.89
"107Q1","高雄市","茂林區",4.87
"107Q1","高雄市","桃源區",4.60
"107Q1","高雄市","那瑪夏區",4.72
"107Q1","宜蘭縣","",3.30
"107Q1","宜蘭縣","宜蘭市",3.09
"107Q1","宜蘭縣","羅東鎮",3.41
"107Q1","宜蘭縣","蘇澳鎮",3.43
"107Q1","宜蘭縣","頭城鎮",3.64
"107Q1","宜蘭縣","礁溪鄉",3.14
"107Q1","宜蘭縣","壯圍鄉",3.65
"107Q1","宜蘭縣","員山鄉",3.42
"107Q1","宜蘭縣","冬山鄉",3.18
"107Q1","宜蘭縣","五結鄉",3.09
"107Q1","宜蘭縣","三星鄉",3.22
"107Q1","宜蘭縣","大同鄉",4.34
"107Q1","宜蘭縣","南澳鄉",5.14
"107Q1","新竹縣","",3.45
"107Q1","新竹縣","竹北市",3.15
"107Q1","新竹縣","關西鎮",4.32
"107Q1","新竹縣","新埔鎮",3.84
"107Q1","新竹縣","竹東鎮",3.32
"107Q1","新竹縣","湖口鄉",3.46
"107Q1","新竹縣","橫山鄉",3.79
"107Q1","新竹縣","新豐鄉",3.68
"107Q1","新竹縣","芎林鄉",3.89
"107Q1","新竹縣","寶山鄉",3.28
"107Q1","新竹縣","北埔鄉",4.24
"107Q1","新竹縣","峨眉鄉",4.49
"107Q1","新竹縣","尖石鄉",4.46
"107Q1","新竹縣","五峰鄉",4.11
"107Q1","苗栗縣","",3.69
"107Q1","苗栗縣","苗栗市",3.23
"107Q1","苗栗縣","苑裡鎮",4.10
"107Q1","苗栗縣","通霄鎮",4.29
"107Q1","苗栗縣","竹南鎮",3.43
"107Q1","苗栗縣","頭份鎮",3.40
"107Q1","苗栗縣","後龍鎮",4.24
"107Q1","苗栗縣","卓蘭鎮",4.32
"107Q1","苗栗縣","大湖鄉",4.15
"107Q1","苗栗縣","公館鄉",3.75
"107Q1","苗栗縣","銅鑼鄉",3.98
"107Q1","苗栗縣","南庄鄉",3.76
"107Q1","苗栗縣","頭屋鄉",4.02
"107Q1","苗栗縣","三義鄉",3.97
"107Q1","苗栗縣","西湖鄉",4.97
"107Q1","苗栗縣","造橋鄉",3.93
"107Q1","苗栗縣","三灣鄉",3.95
"107Q1","苗栗縣","獅潭鄉",3.69
"107Q1","苗栗縣","泰安鄉",5.84
"107Q1","彰化縣","",4.25
"107Q1","彰化縣","彰化市",3.62
"107Q1","彰化縣","鹿港鎮",4.44
"107Q1","彰化縣","和美鎮",3.99
"107Q1","彰化縣","北斗鎮",3.73
"107Q1","彰化縣","員林鎮",3.93
"107Q1","彰化縣","溪湖鎮",4.59
"107Q1","彰化縣","田中鎮",3.88
"107Q1","彰化縣","二林鎮",4.99
"107Q1","彰化縣","線西鄉",5.04
"107Q1","彰化縣","伸港鄉",4.73
"107Q1","彰化縣","福興鄉",5.09
"107Q1","彰化縣","秀水鄉",4.46
"107Q1","彰化縣","花壇鄉",3.97
"107Q1","彰化縣","芬園鄉",4.69
"107Q1","彰化縣","大村鄉",5.15
"107Q1","彰化縣","埔鹽鄉",5.85
"107Q1","彰化縣","埔心鄉",3.93
"107Q1","彰化縣","永靖鄉",4.93
"107Q1","彰化縣","社頭鄉",4.81
"107Q1","彰化縣","二水鄉",4.01
"107Q1","彰化縣","田尾鄉",4.07
"107Q1","彰化縣","埤頭鄉",4.35
"107Q1","彰化縣","芳苑鄉",4.94
"107Q1","彰化縣","大城鄉",5.84
"107Q1","彰化縣","竹塘鄉",4.49
"107Q1","彰化縣","溪州鄉",4.89
"107Q1","南投縣","",3.73
"107Q1","南投縣","南投市",3.43
"107Q1","南投縣","埔里鎮",3.59
"107Q1","南投縣","草屯鎮",3.76
"107Q1","南投縣","竹山鎮",3.54
"107Q1","南投縣","集集鎮",3.72
"107Q1","南投縣","名間鄉",4.39
"107Q1","南投縣","鹿谷鄉",4.06
"107Q1","南投縣","中寮鄉",4.16
"107Q1","南投縣","魚池鄉",4.31
"107Q1","南投縣","國姓鄉",3.70
"107Q1","南投縣","水里鄉",3.39
"107Q1","南投縣","信義鄉",4.73
"107Q1","南投縣","仁愛鄉",4.26
"107Q1","雲林縣","",3.99
"107Q1","雲林縣","斗六市",3.33
"107Q1","雲林縣","斗南鎮",3.53
"107Q1","雲林縣","虎尾鎮",3.42
"107Q1","雲林縣","西螺鎮",4.07
"107Q1","雲林縣","土庫鎮",4.16
"107Q1","雲林縣","北港鎮",3.46
"107Q1","雲林縣","古坑鄉",4.12
"107Q1","雲林縣","大埤鄉",4.16
"107Q1","雲林縣","莿桐鄉",4.21
"107Q1","雲林縣","林內鄉",3.99
"107Q1","雲林縣","二崙鄉",4.60
"107Q1","雲林縣","崙背鄉",4.26
"107Q1","雲林縣","麥寮鄉",5.79
"107Q1","雲林縣","東勢鄉",4.38
"107Q1","雲林縣","褒忠鄉",4.30
"107Q1","雲林縣","台西鄉",4.83
"107Q1","雲林縣","元長鄉",4.44
"107Q1","雲林縣","四湖鄉",4.33
"107Q1","雲林縣","口湖鄉",5.08
"107Q1","雲林縣","水林鄉",4.75
"107Q1","嘉義縣","",3.98
"107Q1","嘉義縣","太保市",3.62
"107Q1","嘉義縣","朴子市",3.62
"107Q1","嘉義縣","布袋鎮",4.20
"107Q1","嘉義縣","大林鎮",3.70
"107Q1","嘉義縣","民雄鄉",3.62
"107Q1","嘉義縣","溪口鄉",4.91
"107Q1","嘉義縣","新港鄉",4.53
"107Q1","嘉義縣","六腳鄉",4.66
"107Q1","嘉義縣","東石鄉",4.85
"107Q1","嘉義縣","義竹鄉",4.34
"107Q1","嘉義縣","鹿草鄉",4.49
"107Q1","嘉義縣","水上鄉",3.50
"107Q1","嘉義縣","中埔鄉",3.97
"107Q1","嘉義縣","竹崎鄉",4.42
"107Q1","嘉義縣","梅山鄉",4.13
"107Q1","嘉義縣","番路鄉",3.75
"107Q1","嘉義縣","大埔鄉",5.13
"107Q1","嘉義縣","阿里山鄉",4.36
"107Q1","屏東縣","",3.69
"107Q1","屏東縣","屏東市",3.15
"107Q1","屏東縣","潮州鎮",3.25
"107Q1","屏東縣","東港鎮",3.75
"107Q1","屏東縣","恆春鎮",3.65
"107Q1","屏東縣","萬丹鄉",3.93
"107Q1","屏東縣","長治鄉",3.66
"107Q1","屏東縣","麟洛鄉",3.41
"107Q1","屏東縣","九如鄉",3.90
"107Q1","屏東縣","里港鄉",4.19
"107Q1","屏東縣","鹽埔鄉",4.51
"107Q1","屏東縣","高樹鄉",4.38
"107Q1","屏東縣","萬巒鄉",4.44
"107Q1","屏東縣","內埔鄉",3.69
"107Q1","屏東縣","竹田鄉",3.76
"107Q1","屏東縣","新埤鄉",4.19
"107Q1","屏東縣","枋寮鄉",3.69
"107Q1","屏東縣","新園鄉",4.03
"107Q1","屏東縣","崁頂鄉",5.13
"107Q1","屏東縣","林邊鄉",3.92
"107Q1","屏東縣","南州鄉",3.82
"107Q1","屏東縣","佳冬鄉",4.15
"107Q1","屏東縣","琉球鄉",4.46
"107Q1","屏東縣","車城鄉",3.60
"107Q1","屏東縣","滿州鄉",3.78
"107Q1","屏東縣","枋山鄉",3.89
"107Q1","屏東縣","三地門鄉",4.56
"107Q1","屏東縣","霧台鄉",3.86
"107Q1","屏東縣","瑪家鄉",4.66
"107Q1","屏東縣","泰武鄉",5.44
"107Q1","屏東縣","來義鄉",4.20
"107Q1","屏東縣","春日鄉",4.61
"107Q1","屏東縣","獅子鄉",4.16
"107Q1","屏東縣","牡丹鄉",3.62
"107Q1","台東縣","",3.35
"107Q1","台東縣","台東市",3.29
"107Q1","台東縣","成功鎮",3.21
"107Q1","台東縣","關山鎮",3.46
"107Q1","台東縣","卑南鄉",3.33
"107Q1","台東縣","大武鄉",3.17
"107Q1","台東縣","太麻里鄉",3.16
"107Q1","台東縣","東河鄉",2.92
"107Q1","台東縣","長濱鄉",2.76
"107Q1","台東縣","鹿野鄉",3.36
"107Q1","台東縣","池上鄉",3.26
"107Q1","台東縣","綠島鄉",6.13
"107Q1","台東縣","延平鄉",4.60
"107Q1","台東縣","海端鄉",4.59
"107Q1","台東縣","達仁鄉",3.31
"107Q1","台東縣","金峰鄉",4.84
"107Q1","台東縣","蘭嶼鄉",4.09
"107Q1","花蓮縣","",3.25
"107Q1","花蓮縣","花蓮市",3.20
"107Q1","花蓮縣","鳳林鎮",3.00
"107Q1","花蓮縣","玉里鎮",3.26
"107Q1","花蓮縣","新城鄉",3.18
"107Q1","花蓮縣","吉安鄉",3.11
"107Q1","花蓮縣","壽豐鄉",3.09
"107Q1","花蓮縣","光復鄉",3.15
"107Q1","花蓮縣","豐濱鄉",3.20
"107Q1","花蓮縣","瑞穗鄉",3.13
"107Q1","花蓮縣","富里鄉",3.19
"107Q1","花蓮縣","秀林鄉",5.01
"107Q1","花蓮縣","萬榮鄉",4.60
"107Q1","花蓮縣","卓溪鄉",4.36
"107Q1","澎湖縣","",4.03
"107Q1","澎湖縣","馬公市",3.79
"107Q1","澎湖縣","湖西鄉",4.18
"107Q1","澎湖縣","白沙鄉",4.62
"107Q1","澎湖縣","西嶼鄉",3.99
"107Q1","澎湖縣","望安鄉",5.63
"107Q1","澎湖縣","七美鄉",5.24
"107Q1","基隆市","",2.82
"107Q1","基隆市","中正區",2.65
"107Q1","基隆市","七堵區",2.89
"107Q1","基隆市","暖暖區",2.80
"107Q1","基隆市","仁愛區",3.01
"107Q1","基隆市","中山區",2.88
"107Q1","基隆市","安樂區",2.79
"107Q1","基隆市","信義區",2.79
"107Q1","新竹市","",3.21
"107Q1","新竹市","新竹市",3.21
"107Q1","嘉義市","",3.24
"107Q1","嘉義市","嘉義市",3.24
"107Q1","金門縣","",7.44
"107Q1","金門縣","金城鎮",7.26
"107Q1","金門縣","金湖鎮",6.88
"107Q1","金門縣","金沙鎮",7.17
"107Q1","金門縣","金寧鄉",7.80
"107Q1","金門縣","烈嶼鄉",9.52
"107Q1","金門縣","烏坵鄉",8.67
"107Q1","連江縣","",5.08
"107Q1","連江縣","南竿鄉",4.91
"107Q1","連江縣","北竿鄉",5.18
"107Q1","連江縣","莒光鄉",6.12
"107Q1","連江縣","東引鄉",4.84
"107Q2","全國","",3.37
"107Q2","新北市","",3.05
"107Q2","新北市","板橋區",3.14
"107Q2","新北市","三重區",3.06
"107Q2","新北市","中和區",2.89
"107Q2","新北市","永和區",2.89
"107Q2","新北市","新莊區",3.19
"107Q2","新北市","新店區",2.74
"107Q2","新北市","樹林區",3.28
"107Q2","新北市","鶯歌區",3.43
"107Q2","新北市","三峽區",3.23
"107Q2","新北市","淡水區",2.56
"107Q2","新北市","汐止區",2.65
"107Q2","新北市","瑞芳區",3.17
"107Q2","新北市","土城區",3.25
"107Q2","新北市","蘆洲區",3.35
"107Q2","新北市","五股區",3.19
"107Q2","新北市","泰山區",3.20
"107Q2","新北市","林口區",3.03
"107Q2","新北市","深坑區",2.86
"107Q2","新北市","石碇區",3.39
"107Q2","新北市","坪林區",3.69
"107Q2","新北市","三芝區",3.04
"107Q2","新北市","石門區",4.90
"107Q2","新北市","八里區",3.30
"107Q2","新北市","平溪區",2.84
"107Q2","新北市","雙溪區",3.58
"107Q2","新北市","貢寮區",4.45
"107Q2","新北市","金山區",4.04
"107Q2","新北市","萬里區",4.06
"107Q2","新北市","烏來區",5.14
"107Q2","台北市","",3.31
"107Q2","台北市","松山區",3.34
"107Q2","台北市","信義區",3.21
"107Q2","台北市","大安區",3.35
"107Q2","台北市","中山區",2.87
"107Q2","台北市","中正區",3.39
"107Q2","台北市","大同區",3.37
"107Q2","台北市","萬華區",3.18
"107Q2","台北市","文山區",3.30
"107Q2","台北市","南港區",3.37
"107Q2","台北市","內湖區",3.40
"107Q2","台北市","士林區",3.48
"107Q2","台北市","北投區",3.46
"107Q2","桃園市","",3.29
"107Q2","桃園市","桃園區",3.15
"107Q2","桃園市","中壢區",3.19
"107Q2","桃園市","平鎮區",3.37
"107Q2","桃園市","八德區",3.27
"107Q2","桃園市","楊梅區",3.35
"107Q2","桃園市","大溪區",3.49
"107Q2","桃園市","蘆竹區",3.27
"107Q2","桃園市","大園區",3.49
"107Q2","桃園市","龜山區",3.07
"107Q2","桃園市","龍潭區",3.39
"107Q2","桃園市","新屋區",4.26
"107Q2","桃園市","觀音區",3.84
"107Q2","桃園市","復興區",4.24
"107Q2","台中市","",3.51
"107Q2","台中市","中區",3.36
"107Q2","台中市","東區",3.28
"107Q2","台中市","南區",2.99
"107Q2","台中市","西區",3.04
"107Q2","台中市","北區",3.00
"107Q2","台中市","西屯區",3.10
"107Q2","台中市","南屯區",3.23
"107Q2","台中市","北屯區",3.22
"107Q2","台中市","豐原區",3.87
"107Q2","台中市","東勢區",3.82
"107Q2","台中市","大甲區",4.25
"107Q2","台中市","清水區",4.00
"107Q2","台中市","沙鹿區",3.71
"107Q2","台中市","梧棲區",3.98
"107Q2","台中市","后里區",4.32
"107Q2","台中市","神岡區",4.15
"107Q2","台中市","潭子區",3.58
"107Q2","台中市","大雅區",3.84
"107Q2","台中市","新社區",3.91
"107Q2","台中市","石岡區",4.06
"107Q2","台中市","外埔區",4.12
"107Q2","台中市","大安區",4.61
"107Q2","台中市","烏日區",3.65
"107Q2","台中市","大肚區",3.91
"107Q2","台中市","龍井區",4.24
"107Q2","台中市","霧峰區",3.98
"107Q2","台中市","太平區",3.53
"107Q2","台中市","大里區",3.66
"107Q2","台中市","和平區",3.49
"107Q2","台南市","",3.37
"107Q2","台南市","新營區",3.12
"107Q2","台南市","鹽水區",3.48
"107Q2","台南市","白河區",3.84
"107Q2","台南市","柳營區",3.58
"107Q2","台南市","後壁區",3.59
"107Q2","台南市","東山區",4.03
"107Q2","台南市","麻豆區",3.51
"107Q2","台南市","下營區",3.70
"107Q2","台南市","六甲區",3.65
"107Q2","台南市","官田區",3.48
"107Q2","台南市","大內區",3.79
"107Q2","台南市","佳里區",3.48
"107Q2","台南市","學甲區",3.57
"107Q2","台南市","西港區",3.87
"107Q2","台南市","七股區",4.32
"107Q2","台南市","將軍區",4.09
"107Q2","台南市","北門區",4.32
"107Q2","台南市","新化區",3.68
"107Q2","台南市","善化區",3.27
"107Q2","台南市","新市區",3.42
"107Q2","台南市","安定區",3.74
"107Q2","台南市","山上區",3.86
"107Q2","台南市","玉井區",3.57
"107Q2","台南市","楠西區",3.73
"107Q2","台南市","南化區",4.37
"107Q2","台南市","左鎮區",3.61
"107Q2","台南市","仁德區",3.30
"107Q2","台南市","歸仁區",3.63
"107Q2","台南市","關廟區",3.81
"107Q2","台南市","龍崎區",4.25
"107Q2","台南市","永康區",3.20
"107Q2","台南市","東區",3.08
"107Q2","台南市","南區",3.26
"107Q2","台南市","北區",3.06
"107Q2","台南市","安南區",3.69
"107Q2","台南市","安平區",3.01
"107Q2","台南市","中西區",3.08
"107Q2","高雄市","",3.16
"107Q2","高雄市","鹽埕區",2.78
"107Q2","高雄市","鼓山區",2.82
"107Q2","高雄市","左營區",2.89
"107Q2","高雄市","楠梓區",3.00
"107Q2","高雄市","三民區",3.03
"107Q2","高雄市","新興區",2.66
"107Q2","高雄市","前金區",2.49
"107Q2","高雄市","苓雅區",2.88
"107Q2","高雄市","前鎮區",2.99
"107Q2","高雄市","旗津區",4.13
"107Q2","高雄市","小港區",3.59
"107Q2","高雄市","鳳山區",3.07
"107Q2","高雄市","林園區",3.79
"107Q2","高雄市","大寮區",3.28
"107Q2","高雄市","大樹區",3.97
"107Q2","高雄市","大社區",3.24
"107Q2","高雄市","仁武區",3.11
"107Q2","高雄市","鳥松區",2.93
"107Q2","高雄市","岡山區",3.33
"107Q2","高雄市","橋頭區",3.29
"107Q2","高雄市","燕巢區",3.83
"107Q2","高雄市","田寮區",3.83
"107Q2","高雄市","阿蓮區",3.80
"107Q2","高雄市","路竹區",3.76
"107Q2","高雄市","湖內區",3.28
"107Q2","高雄市","茄萣區",4.08
"107Q2","高雄市","永安區",4.25
"107Q2","高雄市","彌陀區",4.25
"107Q2","高雄市","梓官區",3.63
"107Q2","高雄市","旗山區",3.49
"107Q2","高雄市","美濃區",4.32
"107Q2","高雄市","六龜區",3.34
"107Q2","高雄市","甲仙區",3.45
"107Q2","高雄市","杉林區",3.61
"107Q2","高雄市","內門區",4.87
"107Q2","高雄市","茂林區",4.92
"107Q2","高雄市","桃源區",4.58
"107Q2","高雄市","那瑪夏區",4.74
"107Q2","宜蘭縣","",3.29
"107Q2","宜蘭縣","宜蘭市",3.08
"107Q2","宜蘭縣","羅東鎮",3.41
"107Q2","宜蘭縣","蘇澳鎮",3.42
"107Q2","宜蘭縣","頭城鎮",3.63
"107Q2","宜蘭縣","礁溪鄉",3.13
"107Q2","宜蘭縣","壯圍鄉",3.64
"107Q2","宜蘭縣","員山鄉",3.41
"107Q2","宜蘭縣","冬山鄉",3.18
"107Q2","宜蘭縣","五結鄉",3.09
"107Q2","宜蘭縣","三星鄉",3.21
"107Q2","宜蘭縣","大同鄉",4.36
"107Q2","宜蘭縣","南澳鄉",5.17
"107Q2","新竹縣","",3.44
"107Q2","新竹縣","竹北市",3.15
"107Q2","新竹縣","關西鎮",4.31
"107Q2","新竹縣","新埔鎮",3.82
"107Q2","新竹縣","竹東鎮",3.31
"107Q2","新竹縣","湖口鄉",3.45
"107Q2","新竹縣","橫山鄉",3.79
"107Q2","新竹縣","新豐鄉",3.66
"107Q2","新竹縣","芎林鄉",3.88
"107Q2","新竹縣","寶山鄉",3.28
"107Q2","新竹縣","北埔鄉",4.23
"107Q2","新竹縣","峨眉鄉",4.55
"107Q2","新竹縣","尖石鄉",4.48
"107Q2","新竹縣","五峰鄉",4.17
"107Q2","苗栗縣","",3.67
"107Q2","苗栗縣","苗栗市",3.22
"107Q2","苗栗縣","苑裡鎮",4.08
"107Q2","苗栗縣","通霄鎮",4.28
"107Q2","苗栗縣","竹南鎮",3.42
"107Q2","苗栗縣","頭份鎮",3.38
"107Q2","苗栗縣","後龍鎮",4.21
"107Q2","苗栗縣","卓蘭鎮",4.31
"107Q2","苗栗縣","大湖鄉",4.14
"107Q2","苗栗縣","公館鄉",3.74
"107Q2","苗栗縣","銅鑼鄉",3.97
"107Q2","苗栗縣","南庄鄉",3.76
"107Q2","苗栗縣","頭屋鄉",4.02
"107Q2","苗栗縣","三義鄉",3.95
"107Q2","苗栗縣","西湖鄉",4.96
"107Q2","苗栗縣","造橋鄉",3.91
"107Q2","苗栗縣","三灣鄉",3.94
"107Q2","苗栗縣","獅潭鄉",3.69
"107Q2","苗栗縣","泰安鄉",5.91
"107Q2","彰化縣","",4.24
"107Q2","彰化縣","彰化市",3.62
"107Q2","彰化縣","鹿港鎮",4.43
"107Q2","彰化縣","和美鎮",3.98
"107Q2","彰化縣","北斗鎮",3.72
"107Q2","彰化縣","員林鎮",3.92
"107Q2","彰化縣","溪湖鎮",4.58
"107Q2","彰化縣","田中鎮",3.87
"107Q2","彰化縣","二林鎮",4.97
"107Q2","彰化縣","線西鄉",5.02
"107Q2","彰化縣","伸港鄉",4.71
"107Q2","彰化縣","福興鄉",5.06
"107Q2","彰化縣","秀水鄉",4.46
"107Q2","彰化縣","花壇鄉",3.96
"107Q2","彰化縣","芬園鄉",4.68
"107Q2","彰化縣","大村鄉",5.15
"107Q2","彰化縣","埔鹽鄉",5.83
"107Q2","彰化縣","埔心鄉",3.93
"107Q2","彰化縣","永靖鄉",4.92
"107Q2","彰化縣","社頭鄉",4.80
"107Q2","彰化縣","二水鄉",4.01
"107Q2","彰化縣","田尾鄉",4.07
"107Q2","彰化縣","埤頭鄉",4.33
"107Q2","彰化縣","芳苑鄉",4.94
"107Q2","彰化縣","大城鄉",5.84
"107Q2","彰化縣","竹塘鄉",4.48
"107Q2","彰化縣","溪州鄉",4.89
"107Q2","南投縣","",3.72
"107Q2","南投縣","南投市",3.42
"107Q2","南投縣","埔里鎮",3.58
"107Q2","南投縣","草屯鎮",3.74
"107Q2","南投縣","竹山鎮",3.53
"107Q2","南投縣","集集鎮",3.71
"107Q2","南投縣","名間鄉",4.38
"107Q2","南投縣","鹿谷鄉",4.04
"107Q2","南投縣","中寮鄉",4.15
"107Q2","南投縣","魚池鄉",4.30
"107Q2","南投縣","國姓鄉",3.69
"107Q2","南投縣","水里鄉",3.38
"107Q2","南投縣","信義鄉",4.73
"107Q2","南投縣","仁愛鄉",4.28
"107Q2","雲林縣","",3.98
"107Q2","雲林縣","斗六市",3.33
"107Q2","雲林縣","斗南鎮",3.52
"107Q2","雲林縣","虎尾鎮",3.41
"107Q2","雲林縣","西螺鎮",4.05
"107Q2","雲林縣","土庫鎮",4.14
"107Q2","雲林縣","北港鎮",3.46
"107Q2","雲林縣","古坑鄉",4.11
"107Q2","雲林縣","大埤鄉",4.16
"107Q2","雲林縣","莿桐鄉",4.20
"107Q2","雲林縣","林內鄉",3.99
"107Q2","雲林縣","二崙鄉",4.58
"107Q2","雲林縣","崙背鄉",4.24
"107Q2","雲林縣","麥寮鄉",5.78
"107Q2","雲林縣","東勢鄉",4.37
"107Q2","雲林縣","褒忠鄉",4.30
"107Q2","雲林縣","台西鄉",4.82
"107Q2","雲林縣","元長鄉",4.44
"107Q2","雲林縣","四湖鄉",4.33
"107Q2","雲林縣","口湖鄉",5.07
"107Q2","雲林縣","水林鄉",4.75
"107Q2","嘉義縣","",3.97
"107Q2","嘉義縣","太保市",3.62
"107Q2","嘉義縣","朴子市",3.61
"107Q2","嘉義縣","布袋鎮",4.20
"107Q2","嘉義縣","大林鎮",3.69
"107Q2","嘉義縣","民雄鄉",3.60
"107Q2","嘉義縣","溪口鄉",4.92
"107Q2","嘉義縣","新港鄉",4.52
"107Q2","嘉義縣","六腳鄉",4.65
"107Q2","嘉義縣","東石鄉",4.84
"107Q2","嘉義縣","義竹鄉",4.33
"107Q2","嘉義縣","鹿草鄉",4.47
"107Q2","嘉義縣","水上鄉",3.49
"107Q2","嘉義縣","中埔鄉",3.96
"107Q2","嘉義縣","竹崎鄉",4.41
"107Q2","嘉義縣","梅山鄉",4.13
"107Q2","嘉義縣","番路鄉",3.75
"107Q2","嘉義縣","大埔鄉",5.16
"107Q2","嘉義縣","阿里山鄉",4.37
"107Q2","屏東縣","",3.68
"107Q2","屏東縣","屏東市",3.14
"107Q2","屏東縣","潮州鎮",3.25
"107Q2","屏東縣","東港鎮",3.74
"107Q2","屏東縣","恆春鎮",3.64
"107Q2","屏東縣","萬丹鄉",3.91
"107Q2","屏東縣","長治鄉",3.65
"107Q2","屏東縣","麟洛鄉",3.41
"107Q2","屏東縣","九如鄉",3.89
"107Q2","屏東縣","里港鄉",4.17
"107Q2","屏東縣","鹽埔鄉",4.50
"107Q2","屏東縣","高樹鄉",4.37
"107Q2","屏東縣","萬巒鄉",4.45
"107Q2","屏東縣","內埔鄉",3.67
"107Q2","屏東縣","竹田鄉",3.77
"107Q2","屏東縣","新埤鄉",4.17
"107Q2","屏東縣","枋寮鄉",3.69
"107Q2","屏東縣","新園鄉",4.02
"107Q2","屏東縣","崁頂鄉",5.12
"107Q2","屏東縣","林邊鄉",3.91
"107Q2","屏東縣","南州鄉",3.81
"107Q2","屏東縣","佳冬鄉",4.12
"107Q2","屏東縣","琉球鄉",4.46
"107Q2","屏東縣","車城鄉",3.61
"107Q2","屏東縣","滿州鄉",3.81
"107Q2","屏東縣","枋山鄉",3.91
"107Q2","屏東縣","三地門鄉",4.56
"107Q2","屏東縣","霧台鄉",3.91
"107Q2","屏東縣","瑪家鄉",4.69
"107Q2","屏東縣","泰武鄉",5.47
"107Q2","屏東縣","來義鄉",4.20
"107Q2","屏東縣","春日鄉",4.60
"107Q2","屏東縣","獅子鄉",4.21
"107Q2","屏東縣","牡丹鄉",3.63
"107Q2","台東縣","",3.35
"107Q2","台東縣","台東市",3.29
"107Q2","台東縣","成功鎮",3.22
"107Q2","台東縣","關山鎮",3.46
"107Q2","台東縣","卑南鄉",3.31
"107Q2","台東縣","大武鄉",3.18
"107Q2","台東縣","太麻里鄉",3.16
"107Q2","台東縣","東河鄉",2.93
"107Q2","台東縣","長濱鄉",2.77
"107Q2","台東縣","鹿野鄉",3.36
"107Q2","台東縣","池上鄉",3.26
"107Q2","台東縣","綠島鄉",6.11
"107Q2","台東縣","延平鄉",4.64
"107Q2","台東縣","海端鄉",4.58
"107Q2","台東縣","達仁鄉",3.35
"107Q2","台東縣","金峰鄉",4.85
"107Q2","台東縣","蘭嶼鄉",4.07
"107Q2","花蓮縣","",3.25
"107Q2","花蓮縣","花蓮市",3.20
"107Q2","花蓮縣","鳳林鎮",3.02
"107Q2","花蓮縣","玉里鎮",3.26
"107Q2","花蓮縣","新城鄉",3.18
"107Q2","花蓮縣","吉安鄉",3.10
"107Q2","花蓮縣","壽豐鄉",3.09
"107Q2","花蓮縣","光復鄉",3.15
"107Q2","花蓮縣","豐濱鄉",3.38
"107Q2","花蓮縣","瑞穗鄉",3.14
"107Q2","花蓮縣","富里鄉",3.18
"107Q2","花蓮縣","秀林鄉",5.00
"107Q2","花蓮縣","萬榮鄉",4.59
"107Q2","花蓮縣","卓溪鄉",4.38
"107Q2","澎湖縣","",4.02
"107Q2","澎湖縣","馬公市",3.77
"107Q2","澎湖縣","湖西鄉",4.16
"107Q2","澎湖縣","白沙鄉",4.64
"107Q2","澎湖縣","西嶼鄉",4.00
"107Q2","澎湖縣","望安鄉",5.63
"107Q2","澎湖縣","七美鄉",5.29
"107Q2","基隆市","",2.81
"107Q2","基隆市","中正區",2.65
"107Q2","基隆市","七堵區",2.88
"107Q2","基隆市","暖暖區",2.79
"107Q2","基隆市","仁愛區",3.00
"107Q2","基隆市","中山區",2.88
"107Q2","基隆市","安樂區",2.78
"107Q2","基隆市","信義區",2.78
"107Q2","新竹市","",3.21
"107Q2","新竹市","新竹市",3.21
"107Q2","嘉義市","",3.24
"107Q2","嘉義市","嘉義市",3.24
"107Q2","金門縣","",7.41
"107Q2","金門縣","金城鎮",7.24
"107Q2","金門縣","金湖鎮",6.85
"107Q2","金門縣","金沙鎮",7.20
"107Q2","金門縣","金寧鄉",7.67
"107Q2","金門縣","烈嶼鄉",9.58
"107Q2","金門縣","烏坵鄉",8.65
"107Q2","連江縣","",5.08
"107Q2","連江縣","南竿鄉",4.91
"107Q2","連江縣","北竿鄉",5.18
"107Q2","連江縣","莒光鄉",6.13
"107Q2","連江縣","東引鄉",4.85
"107Q3","全國","",3.35
"107Q3","新北市","",3.03
"107Q3","新北市","板橋區",3.11
"107Q3","新北市","三重區",3.05
"107Q3","新北市","中和區",2.88
"107Q3","新北市","永和區",2.87
"107Q3","新北市","新莊區",3.18
"107Q3","新北市","新店區",2.73
"107Q3","新北市","樹林區",3.27
"107Q3","新北市","鶯歌區",3.40
"107Q3","新北市","三峽區",3.23
"107Q3","新北市","淡水區",2.54
"107Q3","新北市","汐止區",2.64
"107Q3","新北市","瑞芳區",3.17
"107Q3","新北市","土城區",3.24
"107Q3","新北市","蘆洲區",3.34
"107Q3","新北市","五股區",3.18
"107Q3","新北市","泰山區",3.19
"107Q3","新北市","林口區",3.01
"107Q3","新北市","深坑區",2.86
"107Q3","新北市","石碇區",3.39
"107Q3","新北市","坪林區",3.70
"107Q3","新北市","三芝區",3.03
"107Q3","新北市","石門區",4.90
"107Q3","新北市","八里區",3.29
"107Q3","新北市","平溪區",2.83
"107Q3","新北市","雙溪區",3.58
"107Q3","新北市","貢寮區",4.44
"107Q3","新北市","金山區",4.04
"107Q3","新北市","萬里區",4.05
"107Q3","新北市","烏來區",5.15
"107Q3","台北市","",3.29
"107Q3","台北市","松山區",3.33
"107Q3","台北市","信義區",3.19
"107Q3","台北市","大安區",3.34
"107Q3","台北市","中山區",2.86
"107Q3","台北市","中正區",3.36
"107Q3","台北市","大同區",3.35
"107Q3","台北市","萬華區",3.16
"107Q3","台北市","文山區",3.29
"107Q3","台北市","南港區",3.36
"107Q3","台北市","內湖區",3.39
"107Q3","台北市","士林區",3.47
"107Q3","台北市","北投區",3.44
"107Q3","桃園市","",3.28
"107Q3","桃園市","桃園區",3.13
"107Q3","桃園市","中壢區",3.18
"107Q3","桃園市","平鎮區",3.36
"107Q3","桃園市","八德區",3.26
"107Q3","桃園市","楊梅區",3.35
"107Q3","桃園市","大溪區",3.47
"107Q3","桃園市","蘆竹區",3.26
"107Q3","桃園市","大園區",3.48
"107Q3","桃園市","龜山區",3.07
"107Q3","桃園市","龍潭區",3.38
"107Q3","桃園市","新屋區",4.25
"107Q3","桃園市","觀音區",3.83
"107Q3","桃園市","復興區",4.24
"107Q3","台中市","",3.50
"107Q3","台中市","中區",3.34
"107Q3","台中市","東區",3.27
"107Q3","台中市","南區",2.98
"107Q3","台中市","西區",3.04
"107Q3","台中市","北區",2.98
"107Q3","台中市","西屯區",3.09
"107Q3","台中市","南屯區",3.22
"107Q3","台中市","北屯區",3.21
"107Q3","台中市","豐原區",3.85
"107Q3","台中市","東勢區",3.81
"107Q3","台中市","大甲區",4.23
"107Q3","台中市","清水區",3.97
"107Q3","台中市","沙鹿區",3.70
"107Q3","台中市","梧棲區",3.96
"107Q3","台中市","后里區",4.30
"107Q3","台中市","神岡區",4.14
"107Q3","台中市","潭子區",3.57
"107Q3","台中市","大雅區",3.84
"107Q3","台中市","新社區",3.89
"107Q3","台中市","石岡區",4.04
"107Q3","台中市","外埔區",4.11
"107Q3","台中市","大安區",4.61
"107Q3","台中市","烏日區",3.64
"107Q3","台中市","大肚區",3.90
"107Q3","台中市","龍井區",4.23
"107Q3","台中市","霧峰區",3.97
"107Q3","台中市","太平區",3.53
"107Q3","台中市","大里區",3.65
"107Q3","台中市","和平區",3.48
"107Q3","台南市","",3.36
"107Q3","台南市","新營區",3.10
"107Q3","台南市","鹽水區",3.46
"107Q3","台南市","白河區",3.81
"107Q3","台南市","柳營區",3.56
"107Q3","台南市","後壁區",3.57
"107Q3","台南市","東山區",4.01
"107Q3","台南市","麻豆區",3.49
"107Q3","台南市","下營區",3.69
"107Q3","台南市","六甲區",3.63
"107Q3","台南市","官田區",3.47
"107Q3","台南市","大內區",3.79
"107Q3","台南市","佳里區",3.45
"107Q3","台南市","學甲區",3.55
"107Q3","台南市","西港區",3.84
"107Q3","台南市","七股區",4.30
"107Q3","台南市","將軍區",4.08
"107Q3","台南市","北門區",4.32
"107Q3","台南市","新化區",3.67
"107Q3","台南市","善化區",3.25
"107Q3","台南市","新市區",3.39
"107Q3","台南市","安定區",3.72
"107Q3","台南市","山上區",3.85
"107Q3","台南市","玉井區",3.55
"107Q3","台南市","楠西區",3.71
"107Q3","台南市","南化區",4.36
"107Q3","台南市","左鎮區",3.62
"107Q3","台南市","仁德區",3.29
"107Q3","台南市","歸仁區",3.61
"107Q3","台南市","關廟區",3.79
"107Q3","台南市","龍崎區",4.26
"107Q3","台南市","永康區",3.19
"107Q3","台南市","東區",3.06
"107Q3","台南市","南區",3.24
"107Q3","台南市","北區",3.04
"107Q3","台南市","安南區",3.67
"107Q3","台南市","安平區",2.99
"107Q3","台南市","中西區",3.07
"107Q3","高雄市","",3.15
"107Q3","高雄市","鹽埕區",2.76
"107Q3","高雄市","鼓山區",2.81
"107Q3","高雄市","左營區",2.88
"107Q3","高雄市","楠梓區",2.98
"107Q3","高雄市","三民區",3.01
"107Q3","高雄市","新興區",2.64
"107Q3","高雄市","前金區",2.47
"107Q3","高雄市","苓雅區",2.87
"107Q3","高雄市","前鎮區",2.98
"107Q3","高雄市","旗津區",4.13
"107Q3","高雄市","小港區",3.58
"107Q3","高雄市","鳳山區",3.06
"107Q3","高雄市","林園區",3.78
"107Q3","高雄市","大寮區",3.27
"107Q3","高雄市","大樹區",3.94
"107Q3","高雄市","大社區",3.23
"107Q3","高雄市","仁武區",3.10
"107Q3","高雄市","鳥松區",2.92
"107Q3","高雄市","岡山區",3.32
"107Q3","高雄市","橋頭區",3.27
"107Q3","高雄市","燕巢區",3.82
"107Q3","高雄市","田寮區",3.82
"107Q3","高雄市","阿蓮區",3.79
"107Q3","高雄市","路竹區",3.74
"107Q3","高雄市","湖內區",3.28
"107Q3","高雄市","茄萣區",4.06
"107Q3","高雄市","永安區",4.25
"107Q3","高雄市","彌陀區",4.24
"107Q3","高雄市","梓官區",3.61
"107Q3","高雄市","旗山區",3.48
"107Q3","高雄市","美濃區",4.30
"107Q3","高雄市","六龜區",3.33
"107Q3","高雄市","甲仙區",3.43
"107Q3","高雄市","杉林區",3.58
"107Q3","高雄市","內門區",4.85
"107Q3","高雄市","茂林區",4.89
"107Q3","高雄市","桃源區",4.57
"107Q3","高雄市","那瑪夏區",4.73
"107Q3","宜蘭縣","",3.28
"107Q3","宜蘭縣","宜蘭市",3.06
"107Q3","宜蘭縣","羅東鎮",3.40
"107Q3","宜蘭縣","蘇澳鎮",3.40
"107Q3","宜蘭縣","頭城鎮",3.62
"107Q3","宜蘭縣","礁溪鄉",3.11
"107Q3","宜蘭縣","壯圍鄉",3.63
"107Q3","宜蘭縣","員山鄉",3.40
"107Q3","宜蘭縣","冬山鄉",3.16
"107Q3","宜蘭縣","五結鄉",3.08
"107Q3","宜蘭縣","三星鄉",3.20
"107Q3","宜蘭縣","大同鄉",4.35
"107Q3","宜蘭縣","南澳鄉",5.18
"107Q3","新竹縣","",3.42
"107Q3","新竹縣","竹北市",3.12
"107Q3","新竹縣","關西鎮",4.27
"107Q3","新竹縣","新埔鎮",3.80
"107Q3","新竹縣","竹東鎮",3.29
"107Q3","新竹縣","湖口鄉",3.43
"107Q3","新竹縣","橫山鄉",3.78
"107Q3","新竹縣","新豐鄉",3.64
"107Q3","新竹縣","芎林鄉",3.84
"107Q3","新竹縣","寶山鄉",3.24
"107Q3","新竹縣","北埔鄉",4.21
"107Q3","新竹縣","峨眉鄉",4.54
"107Q3","新竹縣","尖石鄉",4.51
"107Q3","新竹縣","五峰鄉",4.16
"107Q3","苗栗縣","",3.65
"107Q3","苗栗縣","苗栗市",3.20
"107Q3","苗栗縣","苑裡鎮",4.05
"107Q3","苗栗縣","通霄鎮",4.25
"107Q3","苗栗縣","竹南鎮",3.40
"107Q3","苗栗縣","頭份鎮",3.36
"107Q3","苗栗縣","後龍鎮",4.19
"107Q3","苗栗縣","卓蘭鎮",4.29
"107Q3","苗栗縣","大湖鄉",4.12
"107Q3","苗栗縣","公館鄉",3.72
"107Q3","苗栗縣","銅鑼鄉",3.94
"107Q3","苗栗縣","南庄鄉",3.75
"107Q3","苗栗縣","頭屋鄉",3.99
"107Q3","苗栗縣","三義鄉",3.94
"107Q3","苗栗縣","西湖鄉",4.94
"107Q3","苗栗縣","造橋鄉",3.88
"107Q3","苗栗縣","三灣鄉",3.93
"107Q3","苗栗縣","獅潭鄉",3.67
"107Q3","苗栗縣","泰安鄉",5.86
"107Q3","彰化縣","",4.23
"107Q3","彰化縣","彰化市",3.61
"107Q3","彰化縣","鹿港鎮",4.42
"107Q3","彰化縣","和美鎮",3.96
"107Q3","彰化縣","北斗鎮",3.71
"107Q3","彰化縣","員林鎮",3.89
"107Q3","彰化縣","溪湖鎮",4.56
"107Q3","彰化縣","田中鎮",3.85
"107Q3","彰化縣","二林鎮",4.94
"107Q3","彰化縣","線西鄉",4.99
"107Q3","彰化縣","伸港鄉",4.68
"107Q3","彰化縣","福興鄉",5.02
"107Q3","彰化縣","秀水鄉",4.45
"107Q3","彰化縣","花壇鄉",3.95
"107Q3","彰化縣","芬園鄉",4.67
"107Q3","彰化縣","大村鄉",5.13
"107Q3","彰化縣","埔鹽鄉",5.80
"107Q3","彰化縣","埔心鄉",3.91
"107Q3","彰化縣","永靖鄉",4.91
"107Q3","彰化縣","社頭鄉",4.78
"107Q3","彰化縣","二水鄉",4.00
"107Q3","彰化縣","田尾鄉",4.05
"107Q3","彰化縣","埤頭鄉",4.31
"107Q3","彰化縣","芳苑鄉",4.94
"107Q3","彰化縣","大城鄉",5.81
"107Q3","彰化縣","竹塘鄉",4.46
"107Q3","彰化縣","溪州鄉",4.88
"107Q3","南投縣","",3.71
"107Q3","南投縣","南投市",3.41
"107Q3","南投縣","埔里鎮",3.57
"107Q3","南投縣","草屯鎮",3.73
"107Q3","南投縣","竹山鎮",3.52
"107Q3","南投縣","集集鎮",3.70
"107Q3","南投縣","名間鄉",4.37
"107Q3","南投縣","鹿谷鄉",4.03
"107Q3","南投縣","中寮鄉",4.14
"107Q3","南投縣","魚池鄉",4.29
"107Q3","南投縣","國姓鄉",3.69
"107Q3","南投縣","水里鄉",3.37
"107Q3","南投縣","信義鄉",4.73
"107Q3","南投縣","仁愛鄉",4.29
"107Q3","雲林縣","",3.97
"107Q3","雲林縣","斗六市",3.31
"107Q3","雲林縣","斗南鎮",3.50
"107Q3","雲林縣","虎尾鎮",3.40
"107Q3","雲林縣","西螺鎮",4.03
"107Q3","雲林縣","土庫鎮",4.12
"107Q3","雲林縣","北港鎮",3.45
"107Q3","雲林縣","古坑鄉",4.08
"107Q3","雲林縣","大埤鄉",4.15
"107Q3","雲林縣","莿桐鄉",4.18
"107Q3","雲林縣","林內鄉",3.94
"107Q3","雲林縣","二崙鄉",4.55
"107Q3","雲林縣","崙背鄉",4.21
"107Q3","雲林縣","麥寮鄉",5.79
"107Q3","雲林縣","東勢鄉",4.35
"107Q3","雲林縣","褒忠鄉",4.28
"107Q3","雲林縣","台西鄉",4.80
"107Q3","雲林縣","元長鄉",4.44
"107Q3","雲林縣","四湖鄉",4.31
"107Q3","雲林縣","口湖鄉",5.05
"107Q3","雲林縣","水林鄉",4.72
"107Q3","嘉義縣","",3.95
"107Q3","嘉義縣","太保市",3.61
"107Q3","嘉義縣","朴子市",3.59
"107Q3","嘉義縣","布袋鎮",4.17
"107Q3","嘉義縣","大林鎮",3.68
"107Q3","嘉義縣","民雄鄉",3.59
"107Q3","嘉義縣","溪口鄉",4.90
"107Q3","嘉義縣","新港鄉",4.48
"107Q3","嘉義縣","六腳鄉",4.62
"107Q3","嘉義縣","東石鄉",4.81
"107Q3","嘉義縣","義竹鄉",4.32
"107Q3","嘉義縣","鹿草鄉",4.45
"107Q3","嘉義縣","水上鄉",3.47
"107Q3","嘉義縣","中埔鄉",3.94
"107Q3","嘉義縣","竹崎鄉",4.39
"107Q3","嘉義縣","梅山鄉",4.11
"107Q3","嘉義縣","番路鄉",3.74
"107Q3","嘉義縣","大埔鄉",5.16
"107Q3","嘉義縣","阿里山鄉",4.38
"107Q3","屏東縣","",3.66
"107Q3","屏東縣","屏東市",3.14
"107Q3","屏東縣","潮州鎮",3.23
"107Q3","屏東縣","東港鎮",3.71
"107Q3","屏東縣","恆春鎮",3.64
"107Q3","屏東縣","萬丹鄉",3.89
"107Q3","屏東縣","長治鄉",3.63
"107Q3","屏東縣","麟洛鄉",3.38
"107Q3","屏東縣","九如鄉",3.88
"107Q3","屏東縣","里港鄉",4.14
"107Q3","屏東縣","鹽埔鄉",4.48
"107Q3","屏東縣","高樹鄉",4.35
"107Q3","屏東縣","萬巒鄉",4.45
"107Q3","屏東縣","內埔鄉",3.65
"107Q3","屏東縣","竹田鄉",3.78
"107Q3","屏東縣","新埤鄉",4.15
"107Q3","屏東縣","枋寮鄉",3.68
"107Q3","屏東縣","新園鄉",3.99
"107Q3","屏東縣","崁頂鄉",5.11
"107Q3","屏東縣","林邊鄉",3.90
"107Q3","屏東縣","南州鄉",3.81
"107Q3","屏東縣","佳冬鄉",4.10
"107Q3","屏東縣","琉球鄉",4.45
"107Q3","屏東縣","車城鄉",3.59
"107Q3","屏東縣","滿州鄉",3.81
"107Q3","屏東縣","枋山鄉",3.92
"107Q3","屏東縣","三地門鄉",4.56
"107Q3","屏東縣","霧台鄉",3.91
"107Q3","屏東縣","瑪家鄉",4.69
"107Q3","屏東縣","泰武鄉",5.47
"107Q3","屏東縣","來義鄉",4.20
"107Q3","屏東縣","春日鄉",4.59
"107Q3","屏東縣","獅子鄉",4.21
"107Q3","屏東縣","牡丹鄉",3.61
"107Q3","台東縣","",3.33
"107Q3","台東縣","台東市",3.27
"107Q3","台東縣","成功鎮",3.20
"107Q3","台東縣","關山鎮",3.46
"107Q3","台東縣","卑南鄉",3.31
"107Q3","台東縣","大武鄉",3.16
"107Q3","台東縣","太麻里鄉",3.14
"107Q3","台東縣","東河鄉",2.92
"107Q3","台東縣","長濱鄉",2.76
"107Q3","台東縣","鹿野鄉",3.35
"107Q3","台東縣","池上鄉",3.26
"107Q3","台東縣","綠島鄉",6.11
"107Q3","台東縣","延平鄉",4.64
"107Q3","台東縣","海端鄉",4.60
"107Q3","台東縣","達仁鄉",3.34
"107Q3","台東縣","金峰鄉",4.85
"107Q3","台東縣","蘭嶼鄉",4.09
"107Q3","花蓮縣","",3.24
"107Q3","花蓮縣","花蓮市",3.19
"107Q3","花蓮縣","鳳林鎮",3.01
"107Q3","花蓮縣","玉里鎮",3.25
"107Q3","花蓮縣","新城鄉",3.16
"107Q3","花蓮縣","吉安鄉",3.09
"107Q3","花蓮縣","壽豐鄉",3.07
"107Q3","花蓮縣","光復鄉",3.15
"107Q3","花蓮縣","豐濱鄉",3.37
"107Q3","花蓮縣","瑞穗鄉",3.13
"107Q3","花蓮縣","富里鄉",3.18
"107Q3","花蓮縣","秀林鄉",5.00
"107Q3","花蓮縣","萬榮鄉",4.58
"107Q3","花蓮縣","卓溪鄉",4.38
"107Q3","澎湖縣","",4.02
"107Q3","澎湖縣","馬公市",3.78
"107Q3","澎湖縣","湖西鄉",4.14
"107Q3","澎湖縣","白沙鄉",4.64
"107Q3","澎湖縣","西嶼鄉",3.97
"107Q3","澎湖縣","望安鄉",5.66
"107Q3","澎湖縣","七美鄉",5.25
"107Q3","基隆市","",2.80
"107Q3","基隆市","中正區",2.64
"107Q3","基隆市","七堵區",2.87
"107Q3","基隆市","暖暖區",2.78
"107Q3","基隆市","仁愛區",2.99
"107Q3","基隆市","中山區",2.86
"107Q3","基隆市","安樂區",2.77
"107Q3","基隆市","信義區",2.76
"107Q3","新竹市","",3.20
"107Q3","新竹市","新竹市",3.20
"107Q3","嘉義市","",3.23
"107Q3","嘉義市","嘉義市",3.23
"107Q3","金門縣","",7.41
"107Q3","金門縣","金城鎮",7.20
"107Q3","金門縣","金湖鎮",6.82
"107Q3","金門縣","金沙鎮",7.20
"107Q3","金門縣","金寧鄉",7.78
"107Q3","金門縣","烈嶼鄉",9.58
"107Q3","金門縣","烏坵鄉",8.57
"107Q3","連江縣","",5.04
"107Q3","連江縣","南竿鄉",4.86
"107Q3","連江縣","北竿鄉",5.15
"107Q3","連江縣","莒光鄉",6.08
"107Q3","連江縣","東引鄉",4.84
"107Q4","全國","",3.35
"107Q4","新北市","",3.03
"107Q4","新北市","板橋區",3.11
"107Q4","新北市","三重區",3.04
"107Q4","新北市","中和區",2.88
"107Q4","新北市","永和區",2.87
"107Q4","新北市","新莊區",3.17
"107Q4","新北市","新店區",2.72
"107Q4","新北市","樹林區",3.27
"107Q4","新北市","鶯歌區",3.38
"107Q4","新北市","三峽區",3.22
"107Q4","新北市","淡水區",2.54
"107Q4","新北市","汐止區",2.64
"107Q4","新北市","瑞芳區",3.17
"107Q4","新北市","土城區",3.23
"107Q4","新北市","蘆洲區",3.33
"107Q4","新北市","五股區",3.17
"107Q4","新北市","泰山區",3.18
"107Q4","新北市","林口區",3.00
"107Q4","新北市","深坑區",2.86
"107Q4","新北市","石碇區",3.39
"107Q4","新北市","坪林區",3.73
"107Q4","新北市","三芝區",3.01
"107Q4","新北市","石門區",4.87
"107Q4","新北市","八里區",3.28
"107Q4","新北市","平溪區",2.81
"107Q4","新北市","雙溪區",3.55
"107Q4","新北市","貢寮區",4.42
"107Q4","新北市","金山區",4.02
"107Q4","新北市","萬里區",4.04
"107Q4","新北市","烏來區",5.20
"107Q4","台北市","",3.29
"107Q4","台北市","松山區",3.32
"107Q4","台北市","信義區",3.19
"107Q4","台北市","大安區",3.34
"107Q4","台北市","中山區",2.85
"107Q4","台北市","中正區",3.36
"107Q4","台北市","大同區",3.35
"107Q4","台北市","萬華區",3.14
"107Q4","台北市","文山區",3.28
"107Q4","台北市","南港區",3.35
"107Q4","台北市","內湖區",3.39
"107Q4","台北市","士林區",3.46
"107Q4","台北市","北投區",3.44
"107Q4","桃園市","",3.28
"107Q4","桃園市","桃園區",3.13
"107Q4","桃園市","中壢區",3.18
"107Q4","桃園市","平鎮區",3.36
"107Q4","桃園市","八德區",3.26
"107Q4","桃園市","楊梅區",3.35
"107Q4","桃園市","大溪區",3.46
"107Q4","桃園市","蘆竹區",3.26
"107Q4","桃園市","大園區",3.48
"107Q4","桃園市","龜山區",3.07
"107Q4","桃園市","龍潭區",3.37
"107Q4","桃園市","新屋區",4.23
"107Q4","桃園市","觀音區",3.81
"107Q4","桃園市","復興區",4.26
"107Q4","台中市","",3.49
"107Q4","台中市","中區",3.33
"107Q4","台中市","東區",3.27
"107Q4","台中市","南區",2.97
"107Q4","台中市","西區",3.04
"107Q4","台中市","北區",2.98
"107Q4","台中市","西屯區",3.09
"107Q4","台中市","南屯區",3.21
"107Q4","台中市","北屯區",3.21
"107Q4","台中市","豐原區",3.85
"107Q4","台中市","東勢區",3.79
"107Q4","台中市","大甲區",4.22
"107Q4","台中市","清水區",3.95
"107Q4","台中市","沙鹿區",3.70
"107Q4","台中市","梧棲區",3.92
"107Q4","台中市","后里區",4.29
"107Q4","台中市","神岡區",4.13
"107Q4","台中市","潭子區",3.57
"107Q4","台中市","大雅區",3.83
"107Q4","台中市","新社區",3.88
"107Q4","台中市","石岡區",4.03
"107Q4","台中市","外埔區",4.10
"107Q4","台中市","大安區",4.58
"107Q4","台中市","烏日區",3.63
"107Q4","台中市","大肚區",3.89
"107Q4","台中市","龍井區",4.22
"107Q4","台中市","霧峰區",3.96
"107Q4","台中市","太平區",3.51
"107Q4","台中市","大里區",3.65
"107Q4","台中市","和平區",3.44
"107Q4","台南市","",3.35
"107Q4","台南市","新營區",3.10
"107Q4","台南市","鹽水區",3.44
"107Q4","台南市","白河區",3.79
"107Q4","台南市","柳營區",3.54
"107Q4","台南市","後壁區",3.55
"107Q4","台南市","東山區",3.99
"107Q4","台南市","麻豆區",3.48
"107Q4","台南市","下營區",3.67
"107Q4","台南市","六甲區",3.62
"107Q4","台南市","官田區",3.44
"107Q4","台南市","大內區",3.77
"107Q4","台南市","佳里區",3.44
"107Q4","台南市","學甲區",3.53
"107Q4","台南市","西港區",3.82
"107Q4","台南市","七股區",4.27
"107Q4","台南市","將軍區",4.05
"107Q4","台南市","北門區",4.28
"107Q4","台南市","新化區",3.65
"107Q4","台南市","善化區",3.24
"107Q4","台南市","新市區",3.38
"107Q4","台南市","安定區",3.70
"107Q4","台南市","山上區",3.82
"107Q4","台南市","玉井區",3.53
"107Q4","台南市","楠西區",3.68
"107Q4","台南市","南化區",4.33
"107Q4","台南市","左鎮區",3.60
"107Q4","台南市","仁德區",3.29
"107Q4","台南市","歸仁區",3.61
"107Q4","台南市","關廟區",3.77
"107Q4","台南市","龍崎區",4.23
"107Q4","台南市","永康區",3.18
"107Q4","台南市","東區",3.06
"107Q4","台南市","南區",3.23
"107Q4","台南市","北區",3.04
"107Q4","台南市","安南區",3.67
"107Q4","台南市","安平區",2.99
"107Q4","台南市","中西區",3.07
"107Q4","高雄市","",3.14
"107Q4","高雄市","鹽埕區",2.75
"107Q4","高雄市","鼓山區",2.81
"107Q4","高雄市","左營區",2.88
"107Q4","高雄市","楠梓區",2.98
"107Q4","高雄市","三民區",3.01
"107Q4","高雄市","新興區",2.65
"107Q4","高雄市","前金區",2.46
"107Q4","高雄市","苓雅區",2.86
"107Q4","高雄市","前鎮區",2.97
"107Q4","高雄市","旗津區",4.12
"107Q4","高雄市","小港區",3.57
"107Q4","高雄市","鳳山區",3.05
"107Q4","高雄市","林園區",3.76
"107Q4","高雄市","大寮區",3.27
"107Q4","高雄市","大樹區",3.93
"107Q4","高雄市","大社區",3.22
"107Q4","高雄市","仁武區",3.09
"107Q4","高雄市","鳥松區",2.90
"107Q4","高雄市","岡山區",3.31
"107Q4","高雄市","橋頭區",3.25
"107Q4","高雄市","燕巢區",3.81
"107Q4","高雄市","田寮區",3.81
"107Q4","高雄市","阿蓮區",3.78
"107Q4","高雄市","路竹區",3.73
"107Q4","高雄市","湖內區",3.27
"107Q4","高雄市","茄萣區",4.06
"107Q4","高雄市","永安區",4.24
"107Q4","高雄市","彌陀區",4.22
"107Q4","高雄市","梓官區",3.61
"107Q4","高雄市","旗山區",3.47
"107Q4","高雄市","美濃區",4.28
"107Q4","高雄市","六龜區",3.30
"107Q4","高雄市","甲仙區",3.42
"107Q4","高雄市","杉林區",3.55
"107Q4","高雄市","內門區",4.83
"107Q4","高雄市","茂林區",4.83
"107Q4","高雄市","桃源區",4.58
"107Q4","高雄市","那瑪夏區",4.73
"107Q4","宜蘭縣","",3.27
"107Q4","宜蘭縣","宜蘭市",3.06
"107Q4","宜蘭縣","羅東鎮",3.40
"107Q4","宜蘭縣","蘇澳鎮",3.38
"107Q4","宜蘭縣","頭城鎮",3.61
"107Q4","宜蘭縣","礁溪鄉",3.09
"107Q4","宜蘭縣","壯圍鄉",3.62
"107Q4","宜蘭縣","員山鄉",3.39
"107Q4","宜蘭縣","冬山鄉",3.15
"107Q4","宜蘭縣","五結鄉",3.07
"107Q4","宜蘭縣","三星鄉",3.18
"107Q4","宜蘭縣","大同鄉",4.31
"107Q4","宜蘭縣","南澳鄉",5.14
"107Q4","新竹縣","",3.40
"107Q4","新竹縣","竹北市",3.11
"107Q4","新竹縣","關西鎮",4.24
"107Q4","新竹縣","新埔鎮",3.77
"107Q4","新竹縣","竹東鎮",3.28
"107Q4","新竹縣","湖口鄉",3.41
"107Q4","新竹縣","橫山鄉",3.76
"107Q4","新竹縣","新豐鄉",3.63
"107Q4","新竹縣","芎林鄉",3.80
"107Q4","新竹縣","寶山鄉",3.22
"107Q4","新竹縣","北埔鄉",4.19
"107Q4","新竹縣","峨眉鄉",4.47
"107Q4","新竹縣","尖石鄉",4.48
"107Q4","新竹縣","五峰鄉",4.08
"107Q4","苗栗縣","",3.63
"107Q4","苗栗縣","苗栗市",3.18
"107Q4","苗栗縣","苑裡鎮",4.01
"107Q4","苗栗縣","通霄鎮",4.22
"107Q4","苗栗縣","竹南鎮",3.39
"107Q4","苗栗縣","頭份鎮",3.33
"107Q4","苗栗縣","後龍鎮",4.16
"107Q4","苗栗縣","卓蘭鎮",4.25
"107Q4","苗栗縣","大湖鄉",4.09
"107Q4","苗栗縣","公館鄉",3.70
"107Q4","苗栗縣","銅鑼鄉",3.93
"107Q4","苗栗縣","南庄鄉",3.70
"107Q4","苗栗縣","頭屋鄉",3.96
"107Q4","苗栗縣","三義鄉",3.91
"107Q4","苗栗縣","西湖鄉",4.90
"107Q4","苗栗縣","造橋鄉",3.84
"107Q4","苗栗縣","三灣鄉",3.90
"107Q4","苗栗縣","獅潭鄉",3.63
"107Q4","苗栗縣","泰安鄉",5.79
"107Q4","彰化縣","",4.21
"107Q4","彰化縣","彰化市",3.60
"107Q4","彰化縣","鹿港鎮",4.41
"107Q4","彰化縣","和美鎮",3.95
"107Q4","彰化縣","北斗鎮",3.70
"107Q4","彰化縣","員林鎮",3.88
"107Q4","彰化縣","溪湖鎮",4.55
"107Q4","彰化縣","田中鎮",3.84
"107Q4","彰化縣","二林鎮",4.91
"107Q4","彰化縣","線西鄉",4.97
"107Q4","彰化縣","伸港鄉",4.67
"107Q4","彰化縣","福興鄉",4.99
"107Q4","彰化縣","秀水鄉",4.44
"107Q4","彰化縣","花壇鄉",3.94
"107Q4","彰化縣","芬園鄉",4.65
"107Q4","彰化縣","大村鄉",5.12
"107Q4","彰化縣","埔鹽鄉",5.75
"107Q4","彰化縣","埔心鄉",3.88
"107Q4","彰化縣","永靖鄉",4.88
"107Q4","彰化縣","社頭鄉",4.76
"107Q4","彰化縣","二水鄉",3.97
"107Q4","彰化縣","田尾鄉",4.03
"107Q4","彰化縣","埤頭鄉",4.31
"107Q4","彰化縣","芳苑鄉",4.92
"107Q4","彰化縣","大城鄉",5.78
"107Q4","彰化縣","竹塘鄉",4.45
"107Q4","彰化縣","溪州鄉",4.85
"107Q4","南投縣","",3.69
"107Q4","南投縣","南投市",3.40
"107Q4","南投縣","埔里鎮",3.55
"107Q4","南投縣","草屯鎮",3.71
"107Q4","南投縣","竹山鎮",3.50
"107Q4","南投縣","集集鎮",3.66
"107Q4","南投縣","名間鄉",4.34
"107Q4","南投縣","鹿谷鄉",4.03
"107Q4","南投縣","中寮鄉",4.11
"107Q4","南投縣","魚池鄉",4.26
"107Q4","南投縣","國姓鄉",3.67
"107Q4","南投縣","水里鄉",3.35
"107Q4","南投縣","信義鄉",4.69
"107Q4","南投縣","仁愛鄉",4.29
"107Q4","雲林縣","",3.95
"107Q4","雲林縣","斗六市",3.31
"107Q4","雲林縣","斗南鎮",3.48
"107Q4","雲林縣","虎尾鎮",3.39
"107Q4","雲林縣","西螺鎮",4.01
"107Q4","雲林縣","土庫鎮",4.08
"107Q4","雲林縣","北港鎮",3.43
"107Q4","雲林縣","古坑鄉",4.04
"107Q4","雲林縣","大埤鄉",4.13
"107Q4","雲林縣","莿桐鄉",4.18
"107Q4","雲林縣","林內鄉",3.91
"107Q4","雲林縣","二崙鄉",4.53
"107Q4","雲林縣","崙背鄉",4.18
"107Q4","雲林縣","麥寮鄉",5.78
"107Q4","雲林縣","東勢鄉",4.31
"107Q4","雲林縣","褒忠鄉",4.23
"107Q4","雲林縣","台西鄉",4.76
"107Q4","雲林縣","元長鄉",4.39
"107Q4","雲林縣","四湖鄉",4.28
"107Q4","雲林縣","口湖鄉",5.01
"107Q4","雲林縣","水林鄉",4.69
"107Q4","嘉義縣","",3.93
"107Q4","嘉義縣","太保市",3.60
"107Q4","嘉義縣","朴子市",3.58
"107Q4","嘉義縣","布袋鎮",4.14
"107Q4","嘉義縣","大林鎮",3.65
"107Q4","嘉義縣","民雄鄉",3.58
"107Q4","嘉義縣","溪口鄉",4.85
"107Q4","嘉義縣","新港鄉",4.47
"107Q4","嘉義縣","六腳鄉",4.59
"107Q4","嘉義縣","東石鄉",4.77
"107Q4","嘉義縣","義竹鄉",4.30
"107Q4","嘉義縣","鹿草鄉",4.42
"107Q4","嘉義縣","水上鄉",3.45
"107Q4","嘉義縣","中埔鄉",3.92
"107Q4","嘉義縣","竹崎鄉",4.37
"107Q4","嘉義縣","梅山鄉",4.09
"107Q4","嘉義縣","番路鄉",3.71
"107Q4","嘉義縣","大埔鄉",5.17
"107Q4","嘉義縣","阿里山鄉",4.36
"107Q4","屏東縣","",3.64
"107Q4","屏東縣","屏東市",3.12
"107Q4","屏東縣","潮州鎮",3.21
"107Q4","屏東縣","東港鎮",3.68
"107Q4","屏東縣","恆春鎮",3.62
"107Q4","屏東縣","萬丹鄉",3.87
"107Q4","屏東縣","長治鄉",3.62
"107Q4","屏東縣","麟洛鄉",3.35
"107Q4","屏東縣","九如鄉",3.86
"107Q4","屏東縣","里港鄉",4.11
"107Q4","屏東縣","鹽埔鄉",4.44
"107Q4","屏東縣","高樹鄉",4.33
"107Q4","屏東縣","萬巒鄉",4.43
"107Q4","屏東縣","內埔鄉",3.63
"107Q4","屏東縣","竹田鄉",3.76
"107Q4","屏東縣","新埤鄉",4.11
"107Q4","屏東縣","枋寮鄉",3.65
"107Q4","屏東縣","新園鄉",3.96
"107Q4","屏東縣","崁頂鄉",5.10
"107Q4","屏東縣","林邊鄉",3.87
"107Q4","屏東縣","南州鄉",3.80
"107Q4","屏東縣","佳冬鄉",4.06
"107Q4","屏東縣","琉球鄉",4.40
"107Q4","屏東縣","車城鄉",3.54
"107Q4","屏東縣","滿州鄉",3.74
"107Q4","屏東縣","枋山鄉",3.86
"107Q4","屏東縣","三地門鄉",4.56
"107Q4","屏東縣","霧台鄉",3.86
"107Q4","屏東縣","瑪家鄉",4.69
"107Q4","屏東縣","泰武鄉",5.45
"107Q4","屏東縣","來義鄉",4.20
"107Q4","屏東縣","春日鄉",4.60
"107Q4","屏東縣","獅子鄉",4.15
"107Q4","屏東縣","牡丹鄉",3.59
"107Q4","台東縣","",3.32
"107Q4","台東縣","台東市",3.26
"107Q4","台東縣","成功鎮",3.19
"107Q4","台東縣","關山鎮",3.44
"107Q4","台東縣","卑南鄉",3.30
"107Q4","台東縣","大武鄉",3.12
"107Q4","台東縣","太麻里鄉",3.12
"107Q4","台東縣","東河鄉",2.89
"107Q4","台東縣","長濱鄉",2.74
"107Q4","台東縣","鹿野鄉",3.35
"107Q4","台東縣","池上鄉",3.27
"107Q4","台東縣","綠島鄉",6.04
"107Q4","台東縣","延平鄉",4.56
"107Q4","台東縣","海端鄉",4.61
"107Q4","台東縣","達仁鄉",3.28
"107Q4","台東縣","金峰鄉",4.81
"107Q4","台東縣","蘭嶼鄉",4.12
"107Q4","花蓮縣","",3.23
"107Q4","花蓮縣","花蓮市",3.18
"107Q4","花蓮縣","鳳林鎮",3.00
"107Q4","花蓮縣","玉里鎮",3.23
"107Q4","花蓮縣","新城鄉",3.15
"107Q4","花蓮縣","吉安鄉",3.08
"107Q4","花蓮縣","壽豐鄉",3.07
"107Q4","花蓮縣","光復鄉",3.13
"107Q4","花蓮縣","豐濱鄉",3.29
"107Q4","花蓮縣","瑞穗鄉",3.09
"107Q4","花蓮縣","富里鄉",3.15
"107Q4","花蓮縣","秀林鄉",4.98
"107Q4","花蓮縣","萬榮鄉",4.55
"107Q4","花蓮縣","卓溪鄉",4.36
"107Q4","澎湖縣","",4.00
"107Q4","澎湖縣","馬公市",3.76
"107Q4","澎湖縣","湖西鄉",4.13
"107Q4","澎湖縣","白沙鄉",4.60
"107Q4","澎湖縣","西嶼鄉",3.95
"107Q4","澎湖縣","望安鄉",5.69
"107Q4","澎湖縣","七美鄉",5.22
"107Q4","基隆市","",2.79
"107Q4","基隆市","中正區",2.64
"107Q4","基隆市","七堵區",2.86
"107Q4","基隆市","暖暖區",2.77
"107Q4","基隆市","仁愛區",2.97
"107Q4","基隆市","中山區",2.86
"107Q4","基隆市","安樂區",2.77
"107Q4","基隆市","信義區",2.76
"107Q4","新竹市","",3.20
"107Q4","新竹市","新竹市",3.20
"107Q4","嘉義市","",3.22
"107Q4","嘉義市","嘉義市",3.22
"107Q4","金門縣","",7.38
"107Q4","金門縣","金城鎮",7.16
"107Q4","金門縣","金湖鎮",6.79
"107Q4","金門縣","金沙鎮",7.18
"107Q4","金門縣","金寧鄉",7.75
"107Q4","金門縣","烈嶼鄉",9.55
"107Q4","金門縣","烏坵鄉",8.55
"107Q4","連江縣","",4.97
"107Q4","連江縣","南竿鄉",4.78
"107Q4","連江縣","北竿鄉",5.16
"107Q4","連江縣","莒光鄉",5.91
"107Q4","連江縣","東引鄉",4.87
"108Q1","全國","",3.34
"108Q1","新北市","",3.02
"108Q1","新北市","板橋區",3.10
"108Q1","新北市","三重區",3.04
"108Q1","新北市","中和區",2.88
"108Q1","新北市","永和區",2.87
"108Q1","新北市","新莊區",3.17
"108Q1","新北市","新店區",2.72
"108Q1","新北市","樹林區",3.27
"108Q1","新北市","鶯歌區",3.37
"108Q1","新北市","三峽區",3.22
"108Q1","新北市","淡水區",2.53
"108Q1","新北市","汐止區",2.63
"108Q1","新北市","瑞芳區",3.16
"108Q1","新北市","土城區",3.23
"108Q1","新北市","蘆洲區",3.33
"108Q1","新北市","五股區",3.15
"108Q1","新北市","泰山區",3.18
"108Q1","新北市","林口區",2.99
"108Q1","新北市","深坑區",2.86
"108Q1","新北市","石碇區",3.36
"108Q1","新北市","坪林區",3.75
"108Q1","新北市","三芝區",3.01
"108Q1","新北市","石門區",4.85
"108Q1","新北市","八里區",3.26
"108Q1","新北市","平溪區",2.80
"108Q1","新北市","雙溪區",3.54
"108Q1","新北市","貢寮區",4.40
"108Q1","新北市","金山區",4.00
"108Q1","新北市","萬里區",4.02
"108Q1","新北市","烏來區",5.13
"108Q1","台北市","",3.28
"108Q1","台北市","松山區",3.32
"108Q1","台北市","信義區",3.18
"108Q1","台北市","大安區",3.34
"108Q1","台北市","中山區",2.84
"108Q1","台北市","中正區",3.36
"108Q1","台北市","大同區",3.34
"108Q1","台北市","萬華區",3.13
"108Q1","台北市","文山區",3.28
"108Q1","台北市","南港區",3.34
"108Q1","台北市","內湖區",3.38
"108Q1","台北市","士林區",3.45
"108Q1","台北市","北投區",3.43
"108Q1","桃園市","",3.27
"108Q1","桃園市","桃園區",3.13
"108Q1","桃園市","中壢區",3.17
"108Q1","桃園市","平鎮區",3.35
"108Q1","桃園市","八德區",3.26
"108Q1","桃園市","楊梅區",3.34
"108Q1","桃園市","大溪區",3.45
"108Q1","桃園市","蘆竹區",3.26
"108Q1","桃園市","大園區",3.47
"108Q1","桃園市","龜山區",3.06
"108Q1","桃園市","龍潭區",3.36
"108Q1","桃園市","新屋區",4.17
"108Q1","桃園市","觀音區",3.80
"108Q1","桃園市","復興區",4.26
"108Q1","台中市","",3.49
"108Q1","台中市","中區",3.34
"108Q1","台中市","東區",3.26
"108Q1","台中市","南區",2.97
"108Q1","台中市","西區",3.04
"108Q1","台中市","北區",2.97
"108Q1","台中市","西屯區",3.09
"108Q1","台中市","南屯區",3.21
"108Q1","台中市","北屯區",3.21
"108Q1","台中市","豐原區",3.84
"108Q1","台中市","東勢區",3.78
"108Q1","台中市","大甲區",4.20
"108Q1","台中市","清水區",3.94
"108Q1","台中市","沙鹿區",3.70
"108Q1","台中市","梧棲區",3.90
"108Q1","台中市","后里區",4.28
"108Q1","台中市","神岡區",4.11
"108Q1","台中市","潭子區",3.56
"108Q1","台中市","大雅區",3.82
"108Q1","台中市","新社區",3.87
"108Q1","台中市","石岡區",4.02
"108Q1","台中市","外埔區",4.09
"108Q1","台中市","大安區",4.57
"108Q1","台中市","烏日區",3.62
"108Q1","台中市","大肚區",3.88
"108Q1","台中市","龍井區",4.20
"108Q1","台中市","霧峰區",3.95
"108Q1","台中市","太平區",3.51
"108Q1","台中市","大里區",3.64
"108Q1","台中市","和平區",3.43
"108Q1","台南市","",3.34
"108Q1","台南市","新營區",3.09
"108Q1","台南市","鹽水區",3.43
"108Q1","台南市","白河區",3.78
"108Q1","台南市","柳營區",3.52
"108Q1","台南市","後壁區",3.54
"108Q1","台南市","東山區",3.97
"108Q1","台南市","麻豆區",3.47
"108Q1","台南市","下營區",3.66
"108Q1","台南市","六甲區",3.61
"108Q1","台南市","官田區",3.42
"108Q1","台南市","大內區",3.75
"108Q1","台南市","佳里區",3.43
"108Q1","台南市","學甲區",3.52
"108Q1","台南市","西港區",3.81
"108Q1","台南市","七股區",4.25
"108Q1","台南市","將軍區",4.03
"108Q1","台南市","北門區",4.26
"108Q1","台南市","新化區",3.65
"108Q1","台南市","善化區",3.22
"108Q1","台南市","新市區",3.37
"108Q1","台南市","安定區",3.69
"108Q1","台南市","山上區",3.78
"108Q1","台南市","玉井區",3.51
"108Q1","台南市","楠西區",3.66
"108Q1","台南市","南化區",4.31
"108Q1","台南市","左鎮區",3.58
"108Q1","台南市","仁德區",3.28
"108Q1","台南市","歸仁區",3.59
"108Q1","台南市","關廟區",3.75
"108Q1","台南市","龍崎區",4.23
"108Q1","台南市","永康區",3.17
"108Q1","台南市","東區",3.06
"108Q1","台南市","南區",3.22
"108Q1","台南市","北區",3.03
"108Q1","台南市","安南區",3.66
"108Q1","台南市","安平區",2.98
"108Q1","台南市","中西區",3.07
"108Q1","高雄市","",3.13
"108Q1","高雄市","鹽埕區",2.74
"108Q1","高雄市","鼓山區",2.80
"108Q1","高雄市","左營區",2.87
"108Q1","高雄市","楠梓區",2.97
"108Q1","高雄市","三民區",3.00
"108Q1","高雄市","新興區",2.64
"108Q1","高雄市","前金區",2.45
"108Q1","高雄市","苓雅區",2.85
"108Q1","高雄市","前鎮區",2.96
"108Q1","高雄市","旗津區",4.11
"108Q1","高雄市","小港區",3.55
"108Q1","高雄市","鳳山區",3.05
"108Q1","高雄市","林園區",3.76
"108Q1","高雄市","大寮區",3.26
"108Q1","高雄市","大樹區",3.92
"108Q1","高雄市","大社區",3.21
"108Q1","高雄市","仁武區",3.08
"108Q1","高雄市","鳥松區",2.89
"108Q1","高雄市","岡山區",3.30
"108Q1","高雄市","橋頭區",3.23
"108Q1","高雄市","燕巢區",3.80
"108Q1","高雄市","田寮區",3.80
"108Q1","高雄市","阿蓮區",3.78
"108Q1","高雄市","路竹區",3.72
"108Q1","高雄市","湖內區",3.27
"108Q1","高雄市","茄萣區",4.04
"108Q1","高雄市","永安區",4.23
"108Q1","高雄市","彌陀區",4.20
"108Q1","高雄市","梓官區",3.60
"108Q1","高雄市","旗山區",3.46
"108Q1","高雄市","美濃區",4.26
"108Q1","高雄市","六龜區",3.28
"108Q1","高雄市","甲仙區",3.40
"108Q1","高雄市","杉林區",3.55
"108Q1","高雄市","內門區",4.80
"108Q1","高雄市","茂林區",4.77
"108Q1","高雄市","桃源區",4.54
"108Q1","高雄市","那瑪夏區",4.73
"108Q1","宜蘭縣","",3.26
"108Q1","宜蘭縣","宜蘭市",3.05
"108Q1","宜蘭縣","羅東鎮",3.39
"108Q1","宜蘭縣","蘇澳鎮",3.37
"108Q1","宜蘭縣","頭城鎮",3.60
"108Q1","宜蘭縣","礁溪鄉",3.09
"108Q1","宜蘭縣","壯圍鄉",3.60
"108Q1","宜蘭縣","員山鄉",3.38
"108Q1","宜蘭縣","冬山鄉",3.15
"108Q1","宜蘭縣","五結鄉",3.06
"108Q1","宜蘭縣","三星鄉",3.18
"108Q1","宜蘭縣","大同鄉",4.26
"108Q1","宜蘭縣","南澳鄉",5.11
"108Q1","新竹縣","",3.39
"108Q1","新竹縣","竹北市",3.10
"108Q1","新竹縣","關西鎮",4.22
"108Q1","新竹縣","新埔鎮",3.76
"108Q1","新竹縣","竹東鎮",3.28
"108Q1","新竹縣","湖口鄉",3.40
"108Q1","新竹縣","橫山鄉",3.74
"108Q1","新竹縣","新豐鄉",3.62
"108Q1","新竹縣","芎林鄉",3.78
"108Q1","新竹縣","寶山鄉",3.19
"108Q1","新竹縣","北埔鄉",4.18
"108Q1","新竹縣","峨眉鄉",4.45
"108Q1","新竹縣","尖石鄉",4.47
"108Q1","新竹縣","五峰鄉",4.08
"108Q1","苗栗縣","",3.61
"108Q1","苗栗縣","苗栗市",3.18
"108Q1","苗栗縣","苑裡鎮",3.99
"108Q1","苗栗縣","通霄鎮",4.21
"108Q1","苗栗縣","竹南鎮",3.38
"108Q1","苗栗縣","頭份鎮",3.32
"108Q1","苗栗縣","後龍鎮",4.14
"108Q1","苗栗縣","卓蘭鎮",4.24
"108Q1","苗栗縣","大湖鄉",4.08
"108Q1","苗栗縣","公館鄉",3.69
"108Q1","苗栗縣","銅鑼鄉",3.92
"108Q1","苗栗縣","南庄鄉",3.68
"108Q1","苗栗縣","頭屋鄉",3.95
"108Q1","苗栗縣","三義鄉",3.90
"108Q1","苗栗縣","西湖鄉",4.87
"108Q1","苗栗縣","造橋鄉",3.83
"108Q1","苗栗縣","三灣鄉",3.88
"108Q1","苗栗縣","獅潭鄉",3.60
"108Q1","苗栗縣","泰安鄉",5.75
"108Q1","彰化縣","",4.20
"108Q1","彰化縣","彰化市",3.60
"108Q1","彰化縣","鹿港鎮",4.41
"108Q1","彰化縣","和美鎮",3.94
"108Q1","彰化縣","北斗鎮",3.69
"108Q1","彰化縣","員林鎮",3.86
"108Q1","彰化縣","溪湖鎮",4.53
"108Q1","彰化縣","田中鎮",3.82
"108Q1","彰化縣","二林鎮",4.88
"108Q1","彰化縣","線西鄉",4.96
"108Q1","彰化縣","伸港鄉",4.65
"108Q1","彰化縣","福興鄉",4.97
"108Q1","彰化縣","秀水鄉",4.42
"108Q1","彰化縣","花壇鄉",3.93
"108Q1","彰化縣","芬園鄉",4.63
"108Q1","彰化縣","大村鄉",5.11
"108Q1","彰化縣","埔鹽鄉",5.73
"108Q1","彰化縣","埔心鄉",3.86
"108Q1","彰化縣","永靖鄉",4.87
"108Q1","彰化縣","社頭鄉",4.75
"108Q1","彰化縣","二水鄉",3.96
"108Q1","彰化縣","田尾鄉",4.02
"108Q1","彰化縣","埤頭鄉",4.29
"108Q1","彰化縣","芳苑鄉",4.90
"108Q1","彰化縣","大城鄉",5.74
"108Q1","彰化縣","竹塘鄉",4.44
"108Q1","彰化縣","溪州鄉",4.82
"108Q1","南投縣","",3.68
"108Q1","南投縣","南投市",3.39
"108Q1","南投縣","埔里鎮",3.55
"108Q1","南投縣","草屯鎮",3.70
"108Q1","南投縣","竹山鎮",3.49
"108Q1","南投縣","集集鎮",3.65
"108Q1","南投縣","名間鄉",4.33
"108Q1","南投縣","鹿谷鄉",4.01
"108Q1","南投縣","中寮鄉",4.10
"108Q1","南投縣","魚池鄉",4.24
"108Q1","南投縣","國姓鄉",3.65
"108Q1","南投縣","水里鄉",3.34
"108Q1","南投縣","信義鄉",4.66
"108Q1","南投縣","仁愛鄉",4.28
"108Q1","雲林縣","",3.93
"108Q1","雲林縣","斗六市",3.30
"108Q1","雲林縣","斗南鎮",3.48
"108Q1","雲林縣","虎尾鎮",3.38
"108Q1","雲林縣","西螺鎮",4.00
"108Q1","雲林縣","土庫鎮",4.06
"108Q1","雲林縣","北港鎮",3.42
"108Q1","雲林縣","古坑鄉",4.03
"108Q1","雲林縣","大埤鄉",4.11
"108Q1","雲林縣","莿桐鄉",4.16
"108Q1","雲林縣","林內鄉",3.93
"108Q1","雲林縣","二崙鄉",4.50
"108Q1","雲林縣","崙背鄉",4.17
"108Q1","雲林縣","麥寮鄉",5.77
"108Q1","雲林縣","東勢鄉",4.27
"108Q1","雲林縣","褒忠鄉",4.22
"108Q1","雲林縣","台西鄉",4.74
"108Q1","雲林縣","元長鄉",4.36
"108Q1","雲林縣","四湖鄉",4.27
"108Q1","雲林縣","口湖鄉",5.00
"108Q1","雲林縣","水林鄉",4.67
"108Q1","嘉義縣","",3.92
"108Q1","嘉義縣","太保市",3.59
"108Q1","嘉義縣","朴子市",3.58
"108Q1","嘉義縣","布袋鎮",4.13
"108Q1","嘉義縣","大林鎮",3.64
"108Q1","嘉義縣","民雄鄉",3.57
"108Q1","嘉義縣","溪口鄉",4.82
"108Q1","嘉義縣","新港鄉",4.46
"108Q1","嘉義縣","六腳鄉",4.57
"108Q1","嘉義縣","東石鄉",4.74
"108Q1","嘉義縣","義竹鄉",4.29
"108Q1","嘉義縣","鹿草鄉",4.41
"108Q1","嘉義縣","水上鄉",3.45
"108Q1","嘉義縣","中埔鄉",3.91
"108Q1","嘉義縣","竹崎鄉",4.36
"108Q1","嘉義縣","梅山鄉",4.07
"108Q1","嘉義縣","番路鄉",3.70
"108Q1","嘉義縣","大埔鄉",5.17
"108Q1","嘉義縣","阿里山鄉",4.37
"108Q1","屏東縣","",3.63
"108Q1","屏東縣","屏東市",3.12
"108Q1","屏東縣","潮州鎮",3.20
"108Q1","屏東縣","東港鎮",3.68
"108Q1","屏東縣","恆春鎮",3.60
"108Q1","屏東縣","萬丹鄉",3.85
"108Q1","屏東縣","長治鄉",3.60
"108Q1","屏東縣","麟洛鄉",3.34
"108Q1","屏東縣","九如鄉",3.84
"108Q1","屏東縣","里港鄉",4.10
"108Q1","屏東縣","鹽埔鄉",4.43
"108Q1","屏東縣","高樹鄉",4.31
"108Q1","屏東縣","萬巒鄉",4.43
"108Q1","屏東縣","內埔鄉",3.62
"108Q1","屏東縣","竹田鄉",3.74
"108Q1","屏東縣","新埤鄉",4.07
"108Q1","屏東縣","枋寮鄉",3.63
"108Q1","屏東縣","新園鄉",3.94
"108Q1","屏東縣","崁頂鄉",5.07
"108Q1","屏東縣","林邊鄉",3.85
"108Q1","屏東縣","南州鄉",3.79
"108Q1","屏東縣","佳冬鄉",4.05
"108Q1","屏東縣","琉球鄉",4.37
"108Q1","屏東縣","車城鄉",3.52
"108Q1","屏東縣","滿州鄉",3.72
"108Q1","屏東縣","枋山鄉",3.82
"108Q1","屏東縣","三地門鄉",4.55
"108Q1","屏東縣","霧台鄉",3.84
"108Q1","屏東縣","瑪家鄉",4.66
"108Q1","屏東縣","泰武鄉",5.43
"108Q1","屏東縣","來義鄉",4.20
"108Q1","屏東縣","春日鄉",4.60
"108Q1","屏東縣","獅子鄉",4.14
"108Q1","屏東縣","牡丹鄉",3.55
"108Q1","台東縣","",3.31
"108Q1","台東縣","台東市",3.25
"108Q1","台東縣","成功鎮",3.17
"108Q1","台東縣","關山鎮",3.44
"108Q1","台東縣","卑南鄉",3.28
"108Q1","台東縣","大武鄉",3.10
"108Q1","台東縣","太麻里鄉",3.11
"108Q1","台東縣","東河鄉",2.88
"108Q1","台東縣","長濱鄉",2.73
"108Q1","台東縣","鹿野鄉",3.33
"108Q1","台東縣","池上鄉",3.27
"108Q1","台東縣","綠島鄉",6.03
"108Q1","台東縣","延平鄉",4.52
"108Q1","台東縣","海端鄉",4.57
"108Q1","台東縣","達仁鄉",3.28
"108Q1","台東縣","金峰鄉",4.82
"108Q1","台東縣","蘭嶼鄉",4.14
"108Q1","花蓮縣","",3.23
"108Q1","花蓮縣","花蓮市",3.18
"108Q1","花蓮縣","鳳林鎮",3.00
"108Q1","花蓮縣","玉里鎮",3.22
"108Q1","花蓮縣","新城鄉",3.15
"108Q1","花蓮縣","吉安鄉",3.09
"108Q1","花蓮縣","壽豐鄉",3.06
"108Q1","花蓮縣","光復鄉",3.11
"108Q1","花蓮縣","豐濱鄉",3.26
"108Q1","花蓮縣","瑞穗鄉",3.07
"108Q1","花蓮縣","富里鄉",3.15
"108Q1","花蓮縣","秀林鄉",4.97
"108Q1","花蓮縣","萬榮鄉",4.52
"108Q1","花蓮縣","卓溪鄉",4.34
"108Q1","澎湖縣","",4.00
"108Q1","澎湖縣","馬公市",3.76
"108Q1","澎湖縣","湖西鄉",4.12
"108Q1","澎湖縣","白沙鄉",4.60
"108Q1","澎湖縣","西嶼鄉",3.94
"108Q1","澎湖縣","望安鄉",5.71
"108Q1","澎湖縣","七美鄉",5.22
"108Q1","基隆市","",2.79
"108Q1","基隆市","中正區",2.63
"108Q1","基隆市","七堵區",2.86
"108Q1","基隆市","暖暖區",2.77
"108Q1","基隆市","仁愛區",2.97
"108Q1","基隆市","中山區",2.86
"108Q1","基隆市","安樂區",2.77
"108Q1","基隆市","信義區",2.75
"108Q1","新竹市","",3.19
"108Q1","新竹市","新竹市",3.19
"108Q1","嘉義市","",3.22
"108Q1","嘉義市","嘉義市",3.22
"108Q1","金門縣","",7.35
"108Q1","金門縣","金城鎮",7.12
"108Q1","金門縣","金湖鎮",6.77
"108Q1","金門縣","金沙鎮",7.15
"108Q1","金門縣","金寧鄉",7.70
"108Q1","金門縣","烈嶼鄉",9.50
"108Q1","金門縣","烏坵鄉",8.51
"108Q1","連江縣","",4.94
"108Q1","連江縣","南竿鄉",4.74
"108Q1","連江縣","北竿鄉",5.17
"108Q1","連江縣","莒光鄉",5.82
"108Q1","連江縣","東引鄉",4.82
"108Q2","全國","",3.32
"108Q2","新北市","",3.02
"108Q2","新北市","板橋區",3.10
"108Q2","新北市","三重區",3.03
"108Q2","新北市","中和區",2.87
"108Q2","新北市","永和區",2.87
"108Q2","新北市","新莊區",3.16
"108Q2","新北市","新店區",2.71
"108Q2","新北市","樹林區",3.26
"108Q2","新北市","鶯歌區",3.36
"108Q2","新北市","三峽區",3.20
"108Q2","新北市","淡水區",2.53
"108Q2","新北市","汐止區",2.63
"108Q2","新北市","瑞芳區",3.15
"108Q2","新北市","土城區",3.22
"108Q2","新北市","蘆洲區",3.32
"108Q2","新北市","五股區",3.14
"108Q2","新北市","泰山區",3.17
"108Q2","新北市","林口區",2.98
"108Q2","新北市","深坑區",2.86
"108Q2","新北市","石碇區",3.35
"108Q2","新北市","坪林區",3.75
"108Q2","新北市","三芝區",2.99
"108Q2","新北市","石門區",4.83
"108Q2","新北市","八里區",3.26
"108Q2","新北市","平溪區",2.78
"108Q2","新北市","雙溪區",3.52
"108Q2","新北市","貢寮區",4.37
"108Q2","新北市","金山區",3.98
"108Q2","新北市","萬里區",4.02
"108Q2","新北市","烏來區",5.17
"108Q2","台北市","",3.26
"108Q2","台北市","松山區",3.31
"108Q2","台北市","信義區",3.16
"108Q2","台北市","大安區",3.34
"108Q2","台北市","中山區",2.83
"108Q2","台北市","中正區",3.34
"108Q2","台北市","大同區",3.32
"108Q2","台北市","萬華區",3.11
"108Q2","台北市","文山區",3.26
"108Q2","台北市","南港區",3.33
"108Q2","台北市","內湖區",3.36
"108Q2","台北市","士林區",3.44
"108Q2","台北市","北投區",3.41
"108Q2","桃園市","",3.26
"108Q2","桃園市","桃園區",3.11
"108Q2","桃園市","中壢區",3.17
"108Q2","桃園市","平鎮區",3.34
"108Q2","桃園市","八德區",3.25
"108Q2","桃園市","楊梅區",3.32
"108Q2","桃園市","大溪區",3.44
"108Q2","桃園市","蘆竹區",3.26
"108Q2","桃園市","大園區",3.45
"108Q2","桃園市","龜山區",3.06
"108Q2","桃園市","龍潭區",3.36
"108Q2","桃園市","新屋區",4.11
"108Q2","桃園市","觀音區",3.76
"108Q2","桃園市","復興區",4.28
"108Q2","台中市","",3.47
"108Q2","台中市","中區",3.32
"108Q2","台中市","東區",3.24
"108Q2","台中市","南區",2.96
"108Q2","台中市","西區",3.02
"108Q2","台中市","北區",2.96
"108Q2","台中市","西屯區",3.07
"108Q2","台中市","南屯區",3.20
"108Q2","台中市","北屯區",3.20
"108Q2","台中市","豐原區",3.83
"108Q2","台中市","東勢區",3.76
"108Q2","台中市","大甲區",4.18
"108Q2","台中市","清水區",3.91
"108Q2","台中市","沙鹿區",3.68
"108Q2","台中市","梧棲區",3.87
"108Q2","台中市","后里區",4.26
"108Q2","台中市","神岡區",4.09
"108Q2","台中市","潭子區",3.55
"108Q2","台中市","大雅區",3.81
"108Q2","台中市","新社區",3.85
"108Q2","台中市","石岡區",4.01
"108Q2","台中市","外埔區",4.07
"108Q2","台中市","大安區",4.54
"108Q2","台中市","烏日區",3.59
"108Q2","台中市","大肚區",3.87
"108Q2","台中市","龍井區",4.17
"108Q2","台中市","霧峰區",3.94
"108Q2","台中市","太平區",3.50
"108Q2","台中市","大里區",3.63
"108Q2","台中市","和平區",3.42
"108Q2","台南市","",3.32
"108Q2","台南市","新營區",3.07
"108Q2","台南市","鹽水區",3.42
"108Q2","台南市","白河區",3.75
"108Q2","台南市","柳營區",3.50
"108Q2","台南市","後壁區",3.52
"108Q2","台南市","東山區",3.96
"108Q2","台南市","麻豆區",3.45
"108Q2","台南市","下營區",3.64
"108Q2","台南市","六甲區",3.60
"108Q2","台南市","官田區",3.40
"108Q2","台南市","大內區",3.73
"108Q2","台南市","佳里區",3.41
"108Q2","台南市","學甲區",3.50
"108Q2","台南市","西港區",3.80
"108Q2","台南市","七股區",4.22
"108Q2","台南市","將軍區",4.00
"108Q2","台南市","北門區",4.24
"108Q2","台南市","新化區",3.63
"108Q2","台南市","善化區",3.19
"108Q2","台南市","新市區",3.35
"108Q2","台南市","安定區",3.66
"108Q2","台南市","山上區",3.76
"108Q2","台南市","玉井區",3.49
"108Q2","台南市","楠西區",3.64
"108Q2","台南市","南化區",4.30
"108Q2","台南市","左鎮區",3.56
"108Q2","台南市","仁德區",3.26
"108Q2","台南市","歸仁區",3.58
"108Q2","台南市","關廟區",3.73
"108Q2","台南市","龍崎區",4.20
"108Q2","台南市","永康區",3.16
"108Q2","台南市","東區",3.04
"108Q2","台南市","南區",3.20
"108Q2","台南市","北區",3.02
"108Q2","台南市","安南區",3.65
"108Q2","台南市","安平區",2.97
"108Q2","台南市","中西區",3.05
"108Q2","高雄市","",3.12
"108Q2","高雄市","鹽埕區",2.72
"108Q2","高雄市","鼓山區",2.80
"108Q2","高雄市","左營區",2.86
"108Q2","高雄市","楠梓區",2.96
"108Q2","高雄市","三民區",2.99
"108Q2","高雄市","新興區",2.63
"108Q2","高雄市","前金區",2.44
"108Q2","高雄市","苓雅區",2.84
"108Q2","高雄市","前鎮區",2.95
"108Q2","高雄市","旗津區",4.10
"108Q2","高雄市","小港區",3.54
"108Q2","高雄市","鳳山區",3.04
"108Q2","高雄市","林園區",3.74
"108Q2","高雄市","大寮區",3.25
"108Q2","高雄市","大樹區",3.90
"108Q2","高雄市","大社區",3.21
"108Q2","高雄市","仁武區",3.07
"108Q2","高雄市","鳥松區",2.87
"108Q2","高雄市","岡山區",3.29
"108Q2","高雄市","橋頭區",3.19
"108Q2","高雄市","燕巢區",3.78
"108Q2","高雄市","田寮區",3.80
"108Q2","高雄市","阿蓮區",3.76
"108Q2","高雄市","路竹區",3.70
"108Q2","高雄市","湖內區",3.26
"108Q2","高雄市","茄萣區",4.03
"108Q2","高雄市","永安區",4.22
"108Q2","高雄市","彌陀區",4.18
"108Q2","高雄市","梓官區",3.59
"108Q2","高雄市","旗山區",3.45
"108Q2","高雄市","美濃區",4.23
"108Q2","高雄市","六龜區",3.26
"108Q2","高雄市","甲仙區",3.40
"108Q2","高雄市","杉林區",3.55
"108Q2","高雄市","內門區",4.77
"108Q2","高雄市","茂林區",4.74
"108Q2","高雄市","桃源區",4.50
"108Q2","高雄市","那瑪夏區",4.74
"108Q2","宜蘭縣","",3.25
"108Q2","宜蘭縣","宜蘭市",3.04
"108Q2","宜蘭縣","羅東鎮",3.38
"108Q2","宜蘭縣","蘇澳鎮",3.35
"108Q2","宜蘭縣","頭城鎮",3.58
"108Q2","宜蘭縣","礁溪鄉",3.08
"108Q2","宜蘭縣","壯圍鄉",3.59
"108Q2","宜蘭縣","員山鄉",3.37
"108Q2","宜蘭縣","冬山鄉",3.15
"108Q2","宜蘭縣","五結鄉",3.07
"108Q2","宜蘭縣","三星鄉",3.17
"108Q2","宜蘭縣","大同鄉",4.23
"108Q2","宜蘭縣","南澳鄉",5.09
"108Q2","新竹縣","",3.37
"108Q2","新竹縣","竹北市",3.09
"108Q2","新竹縣","關西鎮",4.20
"108Q2","新竹縣","新埔鎮",3.74
"108Q2","新竹縣","竹東鎮",3.25
"108Q2","新竹縣","湖口鄉",3.38
"108Q2","新竹縣","橫山鄉",3.72
"108Q2","新竹縣","新豐鄉",3.60
"108Q2","新竹縣","芎林鄉",3.74
"108Q2","新竹縣","寶山鄉",3.17
"108Q2","新竹縣","北埔鄉",4.15
"108Q2","新竹縣","峨眉鄉",4.41
"108Q2","新竹縣","尖石鄉",4.45
"108Q2","新竹縣","五峰鄉",3.98
"108Q2","苗栗縣","",3.59
"108Q2","苗栗縣","苗栗市",3.16
"108Q2","苗栗縣","苑裡鎮",3.96
"108Q2","苗栗縣","通霄鎮",4.16
"108Q2","苗栗縣","竹南鎮",3.36
"108Q2","苗栗縣","頭份鎮",3.30
"108Q2","苗栗縣","後龍鎮",4.09
"108Q2","苗栗縣","卓蘭鎮",4.22
"108Q2","苗栗縣","大湖鄉",4.06
"108Q2","苗栗縣","公館鄉",3.66
"108Q2","苗栗縣","銅鑼鄉",3.90
"108Q2","苗栗縣","南庄鄉",3.66
"108Q2","苗栗縣","頭屋鄉",3.93
"108Q2","苗栗縣","三義鄉",3.88
"108Q2","苗栗縣","西湖鄉",4.85
"108Q2","苗栗縣","造橋鄉",3.81
"108Q2","苗栗縣","三灣鄉",3.86
"108Q2","苗栗縣","獅潭鄉",3.59
"108Q2","苗栗縣","泰安鄉",5.65
"108Q2","彰化縣","",4.18
"108Q2","彰化縣","彰化市",3.59
"108Q2","彰化縣","鹿港鎮",4.39
"108Q2","彰化縣","和美鎮",3.92
"108Q2","彰化縣","北斗鎮",3.68
"108Q2","彰化縣","員林鎮",3.85
"108Q2","彰化縣","溪湖鎮",4.49
"108Q2","彰化縣","田中鎮",3.80
"108Q2","彰化縣","二林鎮",4.86
"108Q2","彰化縣","線西鄉",4.94
"108Q2","彰化縣","伸港鄉",4.64
"108Q2","彰化縣","福興鄉",4.94
"108Q2","彰化縣","秀水鄉",4.40
"108Q2","彰化縣","花壇鄉",3.91
"108Q2","彰化縣","芬園鄉",4.62
"108Q2","彰化縣","大村鄉",5.08
"108Q2","彰化縣","埔鹽鄉",5.70
"108Q2","彰化縣","埔心鄉",3.84
"108Q2","彰化縣","永靖鄉",4.85
"108Q2","彰化縣","社頭鄉",4.73
"108Q2","彰化縣","二水鄉",3.93
"108Q2","彰化縣","田尾鄉",4.00
"108Q2","彰化縣","埤頭鄉",4.28
"108Q2","彰化縣","芳苑鄉",4.88
"108Q2","彰化縣","大城鄉",5.71
"108Q2","彰化縣","竹塘鄉",4.42
"108Q2","彰化縣","溪州鄉",4.79
"108Q2","南投縣","",3.67
"108Q2","南投縣","南投市",3.38
"108Q2","南投縣","埔里鎮",3.54
"108Q2","南投縣","草屯鎮",3.69
"108Q2","南投縣","竹山鎮",3.47
"108Q2","南投縣","集集鎮",3.63
"108Q2","南投縣","名間鄉",4.32
"108Q2","南投縣","鹿谷鄉",4.00
"108Q2","南投縣","中寮鄉",4.10
"108Q2","南投縣","魚池鄉",4.21
"108Q2","南投縣","國姓鄉",3.64
"108Q2","南投縣","水里鄉",3.34
"108Q2","南投縣","信義鄉",4.64
"108Q2","南投縣","仁愛鄉",4.25
"108Q2","雲林縣","",3.92
"108Q2","雲林縣","斗六市",3.29
"108Q2","雲林縣","斗南鎮",3.46
"108Q2","雲林縣","虎尾鎮",3.36
"108Q2","雲林縣","西螺鎮",3.97
"108Q2","雲林縣","土庫鎮",4.05
"108Q2","雲林縣","北港鎮",3.40
"108Q2","雲林縣","古坑鄉",4.00
"108Q2","雲林縣","大埤鄉",4.09
"108Q2","雲林縣","莿桐鄉",4.14
"108Q2","雲林縣","林內鄉",3.92
"108Q2","雲林縣","二崙鄉",4.48
"108Q2","雲林縣","崙背鄉",4.14
"108Q2","雲林縣","麥寮鄉",5.80
"108Q2","雲林縣","東勢鄉",4.25
"108Q2","雲林縣","褒忠鄉",4.20
"108Q2","雲林縣","台西鄉",4.72
"108Q2","雲林縣","元長鄉",4.32
"108Q2","雲林縣","四湖鄉",4.25
"108Q2","雲林縣","口湖鄉",4.96
"108Q2","雲林縣","水林鄉",4.65
"108Q2","嘉義縣","",3.90
"108Q2","嘉義縣","太保市",3.57
"108Q2","嘉義縣","朴子市",3.56
"108Q2","嘉義縣","布袋鎮",4.12
"108Q2","嘉義縣","大林鎮",3.64
"108Q2","嘉義縣","民雄鄉",3.56
"108Q2","嘉義縣","溪口鄉",4.79
"108Q2","嘉義縣","新港鄉",4.43
"108Q2","嘉義縣","六腳鄉",4.54
"108Q2","嘉義縣","東石鄉",4.72
"108Q2","嘉義縣","義竹鄉",4.27
"108Q2","嘉義縣","鹿草鄉",4.39
"108Q2","嘉義縣","水上鄉",3.43
"108Q2","嘉義縣","中埔鄉",3.89
"108Q2","嘉義縣","竹崎鄉",4.34
"108Q2","嘉義縣","梅山鄉",4.06
"108Q2","嘉義縣","番路鄉",3.69
"108Q2","嘉義縣","大埔鄉",5.17
"108Q2","嘉義縣","阿里山鄉",4.37
"108Q2","屏東縣","",3.61
"108Q2","屏東縣","屏東市",3.11
"108Q2","屏東縣","潮州鎮",3.17
"108Q2","屏東縣","東港鎮",3.65
"108Q2","屏東縣","恆春鎮",3.58
"108Q2","屏東縣","萬丹鄉",3.82
"108Q2","屏東縣","長治鄉",3.58
"108Q2","屏東縣","麟洛鄉",3.32
"108Q2","屏東縣","九如鄉",3.80
"108Q2","屏東縣","里港鄉",4.07
"108Q2","屏東縣","鹽埔鄉",4.40
"108Q2","屏東縣","高樹鄉",4.29
"108Q2","屏東縣","萬巒鄉",4.42
"108Q2","屏東縣","內埔鄉",3.60
"108Q2","屏東縣","竹田鄉",3.71
"108Q2","屏東縣","新埤鄉",4.03
"108Q2","屏東縣","枋寮鄉",3.62
"108Q2","屏東縣","新園鄉",3.92
"108Q2","屏東縣","崁頂鄉",5.05
"108Q2","屏東縣","林邊鄉",3.83
"108Q2","屏東縣","南州鄉",3.76
"108Q2","屏東縣","佳冬鄉",4.02
"108Q2","屏東縣","琉球鄉",4.33
"108Q2","屏東縣","車城鄉",3.51
"108Q2","屏東縣","滿州鄉",3.66
"108Q2","屏東縣","枋山鄉",3.80
"108Q2","屏東縣","三地門鄉",4.53
"108Q2","屏東縣","霧台鄉",3.82
"108Q2","屏東縣","瑪家鄉",4.64
"108Q2","屏東縣","泰武鄉",5.41
"108Q2","屏東縣","來義鄉",4.19
"108Q2","屏東縣","春日鄉",4.60
"108Q2","屏東縣","獅子鄉",4.09
"108Q2","屏東縣","牡丹鄉",3.51
"108Q2","台東縣","",3.30
"108Q2","台東縣","台東市",3.25
"108Q2","台東縣","成功鎮",3.15
"108Q2","台東縣","關山鎮",3.41
"108Q2","台東縣","卑南鄉",3.28
"108Q2","台東縣","大武鄉",3.07
"108Q2","台東縣","太麻里鄉",3.09
"108Q2","台東縣","東河鄉",2.88
"108Q2","台東縣","長濱鄉",2.72
"108Q2","台東縣","鹿野鄉",3.31
"108Q2","台東縣","池上鄉",3.27
"108Q2","台東縣","綠島鄉",6.01
"108Q2","台東縣","延平鄉",4.48
"108Q2","台東縣","海端鄉",4.51
"108Q2","台東縣","達仁鄉",3.25
"108Q2","台東縣","金峰鄉",4.81
"108Q2","台東縣","蘭嶼鄉",4.10
"108Q2","花蓮縣","",3.22
"108Q2","花蓮縣","花蓮市",3.17
"108Q2","花蓮縣","鳳林鎮",3.00
"108Q2","花蓮縣","玉里鎮",3.20
"108Q2","花蓮縣","新城鄉",3.14
"108Q2","花蓮縣","吉安鄉",3.08
"108Q2","花蓮縣","壽豐鄉",3.04
"108Q2","花蓮縣","光復鄉",3.10
"108Q2","花蓮縣","豐濱鄉",3.21
"108Q2","花蓮縣","瑞穗鄉",3.05
"108Q2","花蓮縣","富里鄉",3.14
"108Q2","花蓮縣","秀林鄉",4.98
"108Q2","花蓮縣","萬榮鄉",4.49
"108Q2","花蓮縣","卓溪鄉",4.33
"108Q2","澎湖縣","",3.99
"108Q2","澎湖縣","馬公市",3.73
"108Q2","澎湖縣","湖西鄉",4.13
"108Q2","澎湖縣","白沙鄉",4.61
"108Q2","澎湖縣","西嶼鄉",3.94
"108Q2","澎湖縣","望安鄉",5.71
"108Q2","澎湖縣","七美鄉",5.21
"108Q2","基隆市","",2.78
"108Q2","基隆市","中正區",2.63
"108Q2","基隆市","七堵區",2.85
"108Q2","基隆市","暖暖區",2.75
"108Q2","基隆市","仁愛區",2.96
"108Q2","基隆市","中山區",2.85
"108Q2","基隆市","安樂區",2.75
"108Q2","基隆市","信義區",2.74
"108Q2","新竹市","",3.18
"108Q2","新竹市","新竹市",3.18
"108Q2","嘉義市","",3.20
"108Q2","嘉義市","嘉義市",3.20
"108Q2","金門縣","",7.29
"108Q2","金門縣","金城鎮",7.10
"108Q2","金門縣","金湖鎮",6.72
"108Q2","金門縣","金沙鎮",7.14
"108Q2","金門縣","金寧鄉",7.52
"108Q2","金門縣","烈嶼鄉",9.50
"108Q2","金門縣","烏坵鄉",8.55
"108Q2","連江縣","",4.93
"108Q2","連江縣","南竿鄉",4.73
"108Q2","連江縣","北竿鄉",5.23
"108Q2","連江縣","莒光鄉",5.69
"108Q2","連江縣","東引鄉",4.80
"108Q3","全國","",3.31
"108Q3","新北市","",3.01
"108Q3","新北市","板橋區",3.09
"108Q3","新北市","三重區",3.02
"108Q3","新北市","中和區",2.86
"108Q3","新北市","永和區",2.86
"108Q3","新北市","新莊區",3.15
"108Q3","新北市","新店區",2.71
"108Q3","新北市","樹林區",3.25
"108Q3","新北市","鶯歌區",3.34
"108Q3","新北市","三峽區",3.19
"108Q3","新北市","淡水區",2.52
"108Q3","新北市","汐止區",2.62
"108Q3","新北市","瑞芳區",3.14
"108Q3","新北市","土城區",3.21
"108Q3","新北市","蘆洲區",3.31
"108Q3","新北市","五股區",3.13
"108Q3","新北市","泰山區",3.17
"108Q3","新北市","林口區",2.97
"108Q3","新北市","深坑區",2.85
"108Q3","新北市","石碇區",3.35
"108Q3","新北市","坪林區",3.76
"108Q3","新北市","三芝區",2.98
"108Q3","新北市","石門區",4.80
"108Q3","新北市","八里區",3.27
"108Q3","新北市","平溪區",2.77
"108Q3","新北市","雙溪區",3.52
"108Q3","新北市","貢寮區",4.36
"108Q3","新北市","金山區",3.96
"108Q3","新北市","萬里區",4.02
"108Q3","新北市","烏來區",5.18
"108Q3","台北市","",3.25
"108Q3","台北市","松山區",3.29
"108Q3","台北市","信義區",3.15
"108Q3","台北市","大安區",3.32
"108Q3","台北市","中山區",2.82
"108Q3","台北市","中正區",3.32
"108Q3","台北市","大同區",3.30
"108Q3","台北市","萬華區",3.09
"108Q3","台北市","文山區",3.24
"108Q3","台北市","南港區",3.32
"108Q3","台北市","內湖區",3.35
"108Q3","台北市","士林區",3.42
"108Q3","台北市","北投區",3.39
"108Q3","桃園市","",3.25
"108Q3","桃園市","桃園區",3.10
"108Q3","桃園市","中壢區",3.16
"108Q3","桃園市","平鎮區",3.34
"108Q3","桃園市","八德區",3.24
"108Q3","桃園市","楊梅區",3.30
"108Q3","桃園市","大溪區",3.42
"108Q3","桃園市","蘆竹區",3.26
"108Q3","桃園市","大園區",3.44
"108Q3","桃園市","龜山區",3.06
"108Q3","桃園市","龍潭區",3.35
"108Q3","桃園市","新屋區",4.09
"108Q3","桃園市","觀音區",3.74
"108Q3","桃園市","復興區",4.28
"108Q3","台中市","",3.46
"108Q3","台中市","中區",3.32
"108Q3","台中市","東區",3.24
"108Q3","台中市","南區",2.95
"108Q3","台中市","西區",3.01
"108Q3","台中市","北區",2.95
"108Q3","台中市","西屯區",3.07
"108Q3","台中市","南屯區",3.19
"108Q3","台中市","北屯區",3.18
"108Q3","台中市","豐原區",3.82
"108Q3","台中市","東勢區",3.75
"108Q3","台中市","大甲區",4.15
"108Q3","台中市","清水區",3.88
"108Q3","台中市","沙鹿區",3.67
"108Q3","台中市","梧棲區",3.85
"108Q3","台中市","后里區",4.26
"108Q3","台中市","神岡區",4.07
"108Q3","台中市","潭子區",3.55
"108Q3","台中市","大雅區",3.81
"108Q3","台中市","新社區",3.84
"108Q3","台中市","石岡區",4.01
"108Q3","台中市","外埔區",4.07
"108Q3","台中市","大安區",4.53
"108Q3","台中市","烏日區",3.58
"108Q3","台中市","大肚區",3.86
"108Q3","台中市","龍井區",4.15
"108Q3","台中市","霧峰區",3.92
"108Q3","台中市","太平區",3.50
"108Q3","台中市","大里區",3.62
"108Q3","台中市","和平區",3.43
"108Q3","台南市","",3.31
"108Q3","台南市","新營區",3.06
"108Q3","台南市","鹽水區",3.40
"108Q3","台南市","白河區",3.74
"108Q3","台南市","柳營區",3.49
"108Q3","台南市","後壁區",3.52
"108Q3","台南市","東山區",3.94
"108Q3","台南市","麻豆區",3.43
"108Q3","台南市","下營區",3.63
"108Q3","台南市","六甲區",3.58
"108Q3","台南市","官田區",3.40
"108Q3","台南市","大內區",3.72
"108Q3","台南市","佳里區",3.39
"108Q3","台南市","學甲區",3.48
"108Q3","台南市","西港區",3.78
"108Q3","台南市","七股區",4.20
"108Q3","台南市","將軍區",3.98
"108Q3","台南市","北門區",4.23
"108Q3","台南市","新化區",3.62
"108Q3","台南市","善化區",3.18
"108Q3","台南市","新市區",3.33
"108Q3","台南市","安定區",3.64
"108Q3","台南市","山上區",3.74
"108Q3","台南市","玉井區",3.48
"108Q3","台南市","楠西區",3.62
"108Q3","台南市","南化區",4.28
"108Q3","台南市","左鎮區",3.55
"108Q3","台南市","仁德區",3.25
"108Q3","台南市","歸仁區",3.57
"108Q3","台南市","關廟區",3.72
"108Q3","台南市","龍崎區",4.17
"108Q3","台南市","永康區",3.14
"108Q3","台南市","東區",3.03
"108Q3","台南市","南區",3.19
"108Q3","台南市","北區",3.01
"108Q3","台南市","安南區",3.63
"108Q3","台南市","安平區",2.96
"108Q3","台南市","中西區",3.05
"108Q3","高雄市","",3.11
"108Q3","高雄市","鹽埕區",2.70
"108Q3","高雄市","鼓山區",2.79
"108Q3","高雄市","左營區",2.86
"108Q3","高雄市","楠梓區",2.95
"108Q3","高雄市","三民區",2.98
"108Q3","高雄市","新興區",2.62
"108Q3","高雄市","前金區",2.43
"108Q3","高雄市","苓雅區",2.83
"108Q3","高雄市","前鎮區",2.93
"108Q3","高雄市","旗津區",4.09
"108Q3","高雄市","小港區",3.52
"108Q3","高雄市","鳳山區",3.03
"108Q3","高雄市","林園區",3.73
"108Q3","高雄市","大寮區",3.24
"108Q3","高雄市","大樹區",3.89
"108Q3","高雄市","大社區",3.21
"108Q3","高雄市","仁武區",3.06
"108Q3","高雄市","鳥松區",2.86
"108Q3","高雄市","岡山區",3.29
"108Q3","高雄市","橋頭區",3.16
"108Q3","高雄市","燕巢區",3.77
"108Q3","高雄市","田寮區",3.78
"108Q3","高雄市","阿蓮區",3.75
"108Q3","高雄市","路竹區",3.68
"108Q3","高雄市","湖內區",3.25
"108Q3","高雄市","茄萣區",4.02
"108Q3","高雄市","永安區",4.22
"108Q3","高雄市","彌陀區",4.16
"108Q3","高雄市","梓官區",3.58
"108Q3","高雄市","旗山區",3.43
"108Q3","高雄市","美濃區",4.22
"108Q3","高雄市","六龜區",3.24
"108Q3","高雄市","甲仙區",3.40
"108Q3","高雄市","杉林區",3.55
"108Q3","高雄市","內門區",4.75
"108Q3","高雄市","茂林區",4.69
"108Q3","高雄市","桃源區",4.51
"108Q3","高雄市","那瑪夏區",4.74
"108Q3","宜蘭縣","",3.24
"108Q3","宜蘭縣","宜蘭市",3.03
"108Q3","宜蘭縣","羅東鎮",3.36
"108Q3","宜蘭縣","蘇澳鎮",3.33
"108Q3","宜蘭縣","頭城鎮",3.56
"108Q3","宜蘭縣","礁溪鄉",3.07
"108Q3","宜蘭縣","壯圍鄉",3.58
"108Q3","宜蘭縣","員山鄉",3.35
"108Q3","宜蘭縣","冬山鄉",3.14
"108Q3","宜蘭縣","五結鄉",3.06
"108Q3","宜蘭縣","三星鄉",3.16
"108Q3","宜蘭縣","大同鄉",4.20
"108Q3","宜蘭縣","南澳鄉",5.04
"108Q3","新竹縣","",3.35
"108Q3","新竹縣","竹北市",3.08
"108Q3","新竹縣","關西鎮",4.19
"108Q3","新竹縣","新埔鎮",3.72
"108Q3","新竹縣","竹東鎮",3.22
"108Q3","新竹縣","湖口鄉",3.37
"108Q3","新竹縣","橫山鄉",3.71
"108Q3","新竹縣","新豐鄉",3.59
"108Q3","新竹縣","芎林鄉",3.72
"108Q3","新竹縣","寶山鄉",3.16
"108Q3","新竹縣","北埔鄉",4.13
"108Q3","新竹縣","峨眉鄉",4.38
"108Q3","新竹縣","尖石鄉",4.49
"108Q3","新竹縣","五峰鄉",3.96
"108Q3","苗栗縣","",3.57
"108Q3","苗栗縣","苗栗市",3.14
"108Q3","苗栗縣","苑裡鎮",3.94
"108Q3","苗栗縣","通霄鎮",4.14
"108Q3","苗栗縣","竹南鎮",3.35
"108Q3","苗栗縣","頭份鎮",3.29
"108Q3","苗栗縣","後龍鎮",4.07
"108Q3","苗栗縣","卓蘭鎮",4.22
"108Q3","苗栗縣","大湖鄉",4.04
"108Q3","苗栗縣","公館鄉",3.65
"108Q3","苗栗縣","銅鑼鄉",3.87
"108Q3","苗栗縣","南庄鄉",3.65
"108Q3","苗栗縣","頭屋鄉",3.91
"108Q3","苗栗縣","三義鄉",3.87
"108Q3","苗栗縣","西湖鄉",4.85
"108Q3","苗栗縣","造橋鄉",3.80
"108Q3","苗栗縣","三灣鄉",3.84
"108Q3","苗栗縣","獅潭鄉",3.59
"108Q3","苗栗縣","泰安鄉",5.62
"108Q3","彰化縣","",4.17
"108Q3","彰化縣","彰化市",3.58
"108Q3","彰化縣","鹿港鎮",4.38
"108Q3","彰化縣","和美鎮",3.91
"108Q3","彰化縣","北斗鎮",3.67
"108Q3","彰化縣","員林鎮",3.82
"108Q3","彰化縣","溪湖鎮",4.47
"108Q3","彰化縣","田中鎮",3.79
"108Q3","彰化縣","二林鎮",4.84
"108Q3","彰化縣","線西鄉",4.91
"108Q3","彰化縣","伸港鄉",4.62
"108Q3","彰化縣","福興鄉",4.92
"108Q3","彰化縣","秀水鄉",4.38
"108Q3","彰化縣","花壇鄉",3.90
"108Q3","彰化縣","芬園鄉",4.61
"108Q3","彰化縣","大村鄉",5.06
"108Q3","彰化縣","埔鹽鄉",5.68
"108Q3","彰化縣","埔心鄉",3.83
"108Q3","彰化縣","永靖鄉",4.82
"108Q3","彰化縣","社頭鄉",4.71
"108Q3","彰化縣","二水鄉",3.92
"108Q3","彰化縣","田尾鄉",3.99
"108Q3","彰化縣","埤頭鄉",4.28
"108Q3","彰化縣","芳苑鄉",4.87
"108Q3","彰化縣","大城鄉",5.69
"108Q3","彰化縣","竹塘鄉",4.42
"108Q3","彰化縣","溪州鄉",4.78
"108Q3","南投縣","",3.66
"108Q3","南投縣","南投市",3.36
"108Q3","南投縣","埔里鎮",3.53
"108Q3","南投縣","草屯鎮",3.68
"108Q3","南投縣","竹山鎮",3.45
"108Q3","南投縣","集集鎮",3.62
"108Q3","南投縣","名間鄉",4.31
"108Q3","南投縣","鹿谷鄉",3.99
"108Q3","南投縣","中寮鄉",4.09
"108Q3","南投縣","魚池鄉",4.20
"108Q3","南投縣","國姓鄉",3.62
"108Q3","南投縣","水里鄉",3.33
"108Q3","南投縣","信義鄉",4.63
"108Q3","南投縣","仁愛鄉",4.26
"108Q3","雲林縣","",3.90
"108Q3","雲林縣","斗六市",3.28
"108Q3","雲林縣","斗南鎮",3.44
"108Q3","雲林縣","虎尾鎮",3.35
"108Q3","雲林縣","西螺鎮",3.95
"108Q3","雲林縣","土庫鎮",4.03
"108Q3","雲林縣","北港鎮",3.39
"108Q3","雲林縣","古坑鄉",3.98
"108Q3","雲林縣","大埤鄉",4.09
"108Q3","雲林縣","莿桐鄉",4.12
"108Q3","雲林縣","林內鄉",3.89
"108Q3","雲林縣","二崙鄉",4.46
"108Q3","雲林縣","崙背鄉",4.12
"108Q3","雲林縣","麥寮鄉",5.83
"108Q3","雲林縣","東勢鄉",4.23
"108Q3","雲林縣","褒忠鄉",4.18
"108Q3","雲林縣","台西鄉",4.71
"108Q3","雲林縣","元長鄉",4.31
"108Q3","雲林縣","四湖鄉",4.25
"108Q3","雲林縣","口湖鄉",4.95
"108Q3","雲林縣","水林鄉",4.62
"108Q3","嘉義縣","",3.89
"108Q3","嘉義縣","太保市",3.56
"108Q3","嘉義縣","朴子市",3.55
"108Q3","嘉義縣","布袋鎮",4.11
"108Q3","嘉義縣","大林鎮",3.62
"108Q3","嘉義縣","民雄鄉",3.55
"108Q3","嘉義縣","溪口鄉",4.77
"108Q3","嘉義縣","新港鄉",4.41
"108Q3","嘉義縣","六腳鄉",4.52
"108Q3","嘉義縣","東石鄉",4.72
"108Q3","嘉義縣","義竹鄉",4.25
"108Q3","嘉義縣","鹿草鄉",4.36
"108Q3","嘉義縣","水上鄉",3.42
"108Q3","嘉義縣","中埔鄉",3.88
"108Q3","嘉義縣","竹崎鄉",4.33
"108Q3","嘉義縣","梅山鄉",4.05
"108Q3","嘉義縣","番路鄉",3.68
"108Q3","嘉義縣","大埔鄉",5.16
"108Q3","嘉義縣","阿里山鄉",4.37
"108Q3","屏東縣","",3.60
"108Q3","屏東縣","屏東市",3.10
"108Q3","屏東縣","潮州鎮",3.14
"108Q3","屏東縣","東港鎮",3.64
"108Q3","屏東縣","恆春鎮",3.58
"108Q3","屏東縣","萬丹鄉",3.80
"108Q3","屏東縣","長治鄉",3.57
"108Q3","屏東縣","麟洛鄉",3.31
"108Q3","屏東縣","九如鄉",3.79
"108Q3","屏東縣","里港鄉",4.06
"108Q3","屏東縣","鹽埔鄉",4.38
"108Q3","屏東縣","高樹鄉",4.27
"108Q3","屏東縣","萬巒鄉",4.41
"108Q3","屏東縣","內埔鄉",3.58
"108Q3","屏東縣","竹田鄉",3.70
"108Q3","屏東縣","新埤鄉",4.01
"108Q3","屏東縣","枋寮鄉",3.61
"108Q3","屏東縣","新園鄉",3.90
"108Q3","屏東縣","崁頂鄉",5.05
"108Q3","屏東縣","林邊鄉",3.81
"108Q3","屏東縣","南州鄉",3.75
"108Q3","屏東縣","佳冬鄉",4.01
"108Q3","屏東縣","琉球鄉",4.32
"108Q3","屏東縣","車城鄉",3.50
"108Q3","屏東縣","滿州鄉",3.65
"108Q3","屏東縣","枋山鄉",3.77
"108Q3","屏東縣","三地門鄉",4.53
"108Q3","屏東縣","霧台鄉",3.81
"108Q3","屏東縣","瑪家鄉",4.65
"108Q3","屏東縣","泰武鄉",5.42
"108Q3","屏東縣","來義鄉",4.20
"108Q3","屏東縣","春日鄉",4.57
"108Q3","屏東縣","獅子鄉",4.09
"108Q3","屏東縣","牡丹鄉",3.50
"108Q3","台東縣","",3.29
"108Q3","台東縣","台東市",3.24
"108Q3","台東縣","成功鎮",3.14
"108Q3","台東縣","關山鎮",3.39
"108Q3","台東縣","卑南鄉",3.26
"108Q3","台東縣","大武鄉",3.07
"108Q3","台東縣","太麻里鄉",3.07
"108Q3","台東縣","東河鄉",2.87
"108Q3","台東縣","長濱鄉",2.72
"108Q3","台東縣","鹿野鄉",3.31
"108Q3","台東縣","池上鄉",3.25
"108Q3","台東縣","綠島鄉",5.98
"108Q3","台東縣","延平鄉",4.50
"108Q3","台東縣","海端鄉",4.50
"108Q3","台東縣","達仁鄉",3.25
"108Q3","台東縣","金峰鄉",4.80
"108Q3","台東縣","蘭嶼鄉",4.09
"108Q3","花蓮縣","",3.21
"108Q3","花蓮縣","花蓮市",3.16
"108Q3","花蓮縣","鳳林鎮",2.99
"108Q3","花蓮縣","玉里鎮",3.19
"108Q3","花蓮縣","新城鄉",3.14
"108Q3","花蓮縣","吉安鄉",3.08
"108Q3","花蓮縣","壽豐鄉",3.03
"108Q3","花蓮縣","光復鄉",3.09
"108Q3","花蓮縣","豐濱鄉",3.17
"108Q3","花蓮縣","瑞穗鄉",3.04
"108Q3","花蓮縣","富里鄉",3.14
"108Q3","花蓮縣","秀林鄉",4.98
"108Q3","花蓮縣","萬榮鄉",4.48
"108Q3","花蓮縣","卓溪鄉",4.31
"108Q3","澎湖縣","",3.99
"108Q3","澎湖縣","馬公市",3.74
"108Q3","澎湖縣","湖西鄉",4.13
"108Q3","澎湖縣","白沙鄉",4.62
"108Q3","澎湖縣","西嶼鄉",3.93
"108Q3","澎湖縣","望安鄉",5.69
"108Q3","澎湖縣","七美鄉",5.18
"108Q3","基隆市","",2.77
"108Q3","基隆市","中正區",2.62
"108Q3","基隆市","七堵區",2.84
"108Q3","基隆市","暖暖區",2.74
"108Q3","基隆市","仁愛區",2.94
"108Q3","基隆市","中山區",2.84
"108Q3","基隆市","安樂區",2.74
"108Q3","基隆市","信義區",2.73
"108Q3","新竹市","",3.17
"108Q3","新竹市","新竹市",3.17
"108Q3","嘉義市","",3.19
"108Q3","嘉義市","嘉義市",3.19
"108Q3","金門縣","",7.28
"108Q3","金門縣","金城鎮",7.08
"108Q3","金門縣","金湖鎮",6.65
"108Q3","金門縣","金沙鎮",7.11
"108Q3","金門縣","金寧鄉",7.62
"108Q3","金門縣","烈嶼鄉",9.47
"108Q3","金門縣","烏坵鄉",8.47
"108Q3","連江縣","",4.92
"108Q3","連江縣","南竿鄉",4.70
"108Q3","連江縣","北竿鄉",5.29
"108Q3","連江縣","莒光鄉",5.60
"108Q3","連江縣","東引鄉",4.81
"108Q4","全國","",3.31
"108Q4","新北市","",3.01
"108Q4","新北市","板橋區",3.09
"108Q4","新北市","三重區",3.02
"108Q4","新北市","中和區",2.86
"108Q4","新北市","永和區",2.86
"108Q4","新北市","新莊區",3.15
"108Q4","新北市","新店區",2.71
"108Q4","新北市","樹林區",3.25
"108Q4","新北市","鶯歌區",3.33
"108Q4","新北市","三峽區",3.19
"108Q4","新北市","淡水區",2.52
"108Q4","新北市","汐止區",2.62
"108Q4","新北市","瑞芳區",3.14
"108Q4","新北市","土城區",3.20
"108Q4","新北市","蘆洲區",3.31
"108Q4","新北市","五股區",3.13
"108Q4","新北市","泰山區",3.17
"108Q4","新北市","林口區",2.97
"108Q4","新北市","深坑區",2.85
"108Q4","新北市","石碇區",3.36
"108Q4","新北市","坪林區",3.77
"108Q4","新北市","三芝區",2.98
"108Q4","新北市","石門區",4.79
"108Q4","新北市","八里區",3.27
"108Q4","新北市","平溪區",2.76
"108Q4","新北市","雙溪區",3.51
"108Q4","新北市","貢寮區",4.34
"108Q4","新北市","金山區",3.95
"108Q4","新北市","萬里區",4.00
"108Q4","新北市","烏來區",5.20
"108Q4","台北市","",3.25
"108Q4","台北市","松山區",3.30
"108Q4","台北市","信義區",3.15
"108Q4","台北市","大安區",3.33
"108Q4","台北市","中山區",2.82
"108Q4","台北市","中正區",3.32
"108Q4","台北市","大同區",3.30
"108Q4","台北市","萬華區",3.08
"108Q4","台北市","文山區",3.24
"108Q4","台北市","南港區",3.32
"108Q4","台北市","內湖區",3.34
"108Q4","台北市","士林區",3.42
"108Q4","台北市","北投區",3.39
"108Q4","桃園市","",3.25
"108Q4","桃園市","桃園區",3.10
"108Q4","桃園市","中壢區",3.16
"108Q4","桃園市","平鎮區",3.33
"108Q4","桃園市","八德區",3.23
"108Q4","桃園市","楊梅區",3.30
"108Q4","桃園市","大溪區",3.42
"108Q4","桃園市","蘆竹區",3.26
"108Q4","桃園市","大園區",3.43
"108Q4","桃園市","龜山區",3.05
"108Q4","桃園市","龍潭區",3.35
"108Q4","桃園市","新屋區",4.07
"108Q4","桃園市","觀音區",3.72
"108Q4","桃園市","復興區",4.30
"108Q4","台中市","",3.46
"108Q4","台中市","中區",3.32
"108Q4","台中市","東區",3.23
"108Q4","台中市","南區",2.95
"108Q4","台中市","西區",3.01
"108Q4","台中市","北區",2.95
"108Q4","台中市","西屯區",3.07
"108Q4","台中市","南屯區",3.18
"108Q4","台中市","北屯區",3.18
"108Q4","台中市","豐原區",3.81
"108Q4","台中市","東勢區",3.74
"108Q4","台中市","大甲區",4.14
"108Q4","台中市","清水區",3.87
"108Q4","台中市","沙鹿區",3.66
"108Q4","台中市","梧棲區",3.84
"108Q4","台中市","后里區",4.24
"108Q4","台中市","神岡區",4.07
"108Q4","台中市","潭子區",3.54
"108Q4","台中市","大雅區",3.80
"108Q4","台中市","新社區",3.83
"108Q4","台中市","石岡區",3.99
"108Q4","台中市","外埔區",4.06
"108Q4","台中市","大安區",4.51
"108Q4","台中市","烏日區",3.57
"108Q4","台中市","大肚區",3.85
"108Q4","台中市","龍井區",4.15
"108Q4","台中市","霧峰區",3.91
"108Q4","台中市","太平區",3.49
"108Q4","台中市","大里區",3.61
"108Q4","台中市","和平區",3.43
"108Q4","台南市","",3.30
"108Q4","台南市","新營區",3.05
"108Q4","台南市","鹽水區",3.39
"108Q4","台南市","白河區",3.73
"108Q4","台南市","柳營區",3.48
"108Q4","台南市","後壁區",3.51
"108Q4","台南市","東山區",3.92
"108Q4","台南市","麻豆區",3.42
"108Q4","台南市","下營區",3.63
"108Q4","台南市","六甲區",3.57
"108Q4","台南市","官田區",3.39
"108Q4","台南市","大內區",3.71
"108Q4","台南市","佳里區",3.39
"108Q4","台南市","學甲區",3.47
"108Q4","台南市","西港區",3.78
"108Q4","台南市","七股區",4.20
"108Q4","台南市","將軍區",3.97
"108Q4","台南市","北門區",4.22
"108Q4","台南市","新化區",3.61
"108Q4","台南市","善化區",3.17
"108Q4","台南市","新市區",3.32
"108Q4","台南市","安定區",3.62
"108Q4","台南市","山上區",3.71
"108Q4","台南市","玉井區",3.47
"108Q4","台南市","楠西區",3.61
"108Q4","台南市","南化區",4.28
"108Q4","台南市","左鎮區",3.55
"108Q4","台南市","仁德區",3.25
"108Q4","台南市","歸仁區",3.56
"108Q4","台南市","關廟區",3.71
"108Q4","台南市","龍崎區",4.15
"108Q4","台南市","永康區",3.14
"108Q4","台南市","東區",3.03
"108Q4","台南市","南區",3.18
"108Q4","台南市","北區",3.01
"108Q4","台南市","安南區",3.63
"108Q4","台南市","安平區",2.96
"108Q4","台南市","中西區",3.05
"108Q4","高雄市","",3.11
"108Q4","高雄市","鹽埕區",2.71
"108Q4","高雄市","鼓山區",2.80
"108Q4","高雄市","左營區",2.86
"108Q4","高雄市","楠梓區",2.96
"108Q4","高雄市","三民區",2.98
"108Q4","高雄市","新興區",2.62
"108Q4","高雄市","前金區",2.43
"108Q4","高雄市","苓雅區",2.83
"108Q4","高雄市","前鎮區",2.93
"108Q4","高雄市","旗津區",4.08
"108Q4","高雄市","小港區",3.53
"108Q4","高雄市","鳳山區",3.03
"108Q4","高雄市","林園區",3.73
"108Q4","高雄市","大寮區",3.24
"108Q4","高雄市","大樹區",3.87
"108Q4","高雄市","大社區",3.20
"108Q4","高雄市","仁武區",3.07
"108Q4","高雄市","鳥松區",2.86
"108Q4","高雄市","岡山區",3.28
"108Q4","高雄市","橋頭區",3.15
"108Q4","高雄市","燕巢區",3.76
"108Q4","高雄市","田寮區",3.75
"108Q4","高雄市","阿蓮區",3.74
"108Q4","高雄市","路竹區",3.68
"108Q4","高雄市","湖內區",3.25
"108Q4","高雄市","茄萣區",4.01
"108Q4","高雄市","永安區",4.21
"108Q4","高雄市","彌陀區",4.15
"108Q4","高雄市","梓官區",3.58
"108Q4","高雄市","旗山區",3.43
"108Q4","高雄市","美濃區",4.20
"108Q4","高雄市","六龜區",3.23
"108Q4","高雄市","甲仙區",3.39
"108Q4","高雄市","杉林區",3.54
"108Q4","高雄市","內門區",4.73
"108Q4","高雄市","茂林區",4.67
"108Q4","高雄市","桃源區",4.49
"108Q4","高雄市","那瑪夏區",4.73
"108Q4","宜蘭縣","",3.24
"108Q4","宜蘭縣","宜蘭市",3.03
"108Q4","宜蘭縣","羅東鎮",3.36
"108Q4","宜蘭縣","蘇澳鎮",3.32
"108Q4","宜蘭縣","頭城鎮",3.56
"108Q4","宜蘭縣","礁溪鄉",3.06
"108Q4","宜蘭縣","壯圍鄉",3.57
"108Q4","宜蘭縣","員山鄉",3.35
"108Q4","宜蘭縣","冬山鄉",3.13
"108Q4","宜蘭縣","五結鄉",3.07
"108Q4","宜蘭縣","三星鄉",3.14
"108Q4","宜蘭縣","大同鄉",4.18
"108Q4","宜蘭縣","南澳鄉",5.02
"108Q4","新竹縣","",3.35
"108Q4","新竹縣","竹北市",3.09
"108Q4","新竹縣","關西鎮",4.17
"108Q4","新竹縣","新埔鎮",3.71
"108Q4","新竹縣","竹東鎮",3.22
"108Q4","新竹縣","湖口鄉",3.35
"108Q4","新竹縣","橫山鄉",3.70
"108Q4","新竹縣","新豐鄉",3.58
"108Q4","新竹縣","芎林鄉",3.70
"108Q4","新竹縣","寶山鄉",3.14
"108Q4","新竹縣","北埔鄉",4.14
"108Q4","新竹縣","峨眉鄉",4.34
"108Q4","新竹縣","尖石鄉",4.49
"108Q4","新竹縣","五峰鄉",3.95
"108Q4","苗栗縣","",3.57
"108Q4","苗栗縣","苗栗市",3.14
"108Q4","苗栗縣","苑裡鎮",3.92
"108Q4","苗栗縣","通霄鎮",4.13
"108Q4","苗栗縣","竹南鎮",3.34
"108Q4","苗栗縣","頭份鎮",3.29
"108Q4","苗栗縣","後龍鎮",4.06
"108Q4","苗栗縣","卓蘭鎮",4.20
"108Q4","苗栗縣","大湖鄉",4.03
"108Q4","苗栗縣","公館鄉",3.64
"108Q4","苗栗縣","銅鑼鄉",3.86
"108Q4","苗栗縣","南庄鄉",3.65
"108Q4","苗栗縣","頭屋鄉",3.90
"108Q4","苗栗縣","三義鄉",3.86
"108Q4","苗栗縣","西湖鄉",4.82
"108Q4","苗栗縣","造橋鄉",3.79
"108Q4","苗栗縣","三灣鄉",3.84
"108Q4","苗栗縣","獅潭鄉",3.56
"108Q4","苗栗縣","泰安鄉",5.61
"108Q4","彰化縣","",4.16
"108Q4","彰化縣","彰化市",3.58
"108Q4","彰化縣","鹿港鎮",4.38
"108Q4","彰化縣","和美鎮",3.90
"108Q4","彰化縣","北斗鎮",3.66
"108Q4","彰化縣","員林鎮",3.82
"108Q4","彰化縣","溪湖鎮",4.46
"108Q4","彰化縣","田中鎮",3.78
"108Q4","彰化縣","二林鎮",4.82
"108Q4","彰化縣","線西鄉",4.89
"108Q4","彰化縣","伸港鄉",4.61
"108Q4","彰化縣","福興鄉",4.91
"108Q4","彰化縣","秀水鄉",4.37
"108Q4","彰化縣","花壇鄉",3.90
"108Q4","彰化縣","芬園鄉",4.60
"108Q4","彰化縣","大村鄉",5.05
"108Q4","彰化縣","埔鹽鄉",5.65
"108Q4","彰化縣","埔心鄉",3.82
"108Q4","彰化縣","永靖鄉",4.80
"108Q4","彰化縣","社頭鄉",4.70
"108Q4","彰化縣","二水鄉",3.90
"108Q4","彰化縣","田尾鄉",3.99
"108Q4","彰化縣","埤頭鄉",4.28
"108Q4","彰化縣","芳苑鄉",4.85
"108Q4","彰化縣","大城鄉",5.68
"108Q4","彰化縣","竹塘鄉",4.41
"108Q4","彰化縣","溪州鄉",4.77
"108Q4","南投縣","",3.65
"108Q4","南投縣","南投市",3.36
"108Q4","南投縣","埔里鎮",3.52
"108Q4","南投縣","草屯鎮",3.67
"108Q4","南投縣","竹山鎮",3.45
"108Q4","南投縣","集集鎮",3.61
"108Q4","南投縣","名間鄉",4.30
"108Q4","南投縣","鹿谷鄉",3.97
"108Q4","南投縣","中寮鄉",4.08
"108Q4","南投縣","魚池鄉",4.20
"108Q4","南投縣","國姓鄉",3.61
"108Q4","南投縣","水里鄉",3.31
"108Q4","南投縣","信義鄉",4.61
"108Q4","南投縣","仁愛鄉",4.28
"108Q4","雲林縣","",3.89
"108Q4","雲林縣","斗六市",3.28
"108Q4","雲林縣","斗南鎮",3.44
"108Q4","雲林縣","虎尾鎮",3.34
"108Q4","雲林縣","西螺鎮",3.95
"108Q4","雲林縣","土庫鎮",4.02
"108Q4","雲林縣","北港鎮",3.38
"108Q4","雲林縣","古坑鄉",3.95
"108Q4","雲林縣","大埤鄉",4.07
"108Q4","雲林縣","莿桐鄉",4.11
"108Q4","雲林縣","林內鄉",3.87
"108Q4","雲林縣","二崙鄉",4.44
"108Q4","雲林縣","崙背鄉",4.11
"108Q4","雲林縣","麥寮鄉",5.85
"108Q4","雲林縣","東勢鄉",4.21
"108Q4","雲林縣","褒忠鄉",4.18
"108Q4","雲林縣","台西鄉",4.68
"108Q4","雲林縣","元長鄉",4.29
"108Q4","雲林縣","四湖鄉",4.23
"108Q4","雲林縣","口湖鄉",4.94
"108Q4","雲林縣","水林鄉",4.61
"108Q4","嘉義縣","",3.88
"108Q4","嘉義縣","太保市",3.55
"108Q4","嘉義縣","朴子市",3.54
"108Q4","嘉義縣","布袋鎮",4.11
"108Q4","嘉義縣","大林鎮",3.61
"108Q4","嘉義縣","民雄鄉",3.54
"108Q4","嘉義縣","溪口鄉",4.76
"108Q4","嘉義縣","新港鄉",4.40
"108Q4","嘉義縣","六腳鄉",4.51
"108Q4","嘉義縣","東石鄉",4.70
"108Q4","嘉義縣","義竹鄉",4.23
"108Q4","嘉義縣","鹿草鄉",4.35
"108Q4","嘉義縣","水上鄉",3.41
"108Q4","嘉義縣","中埔鄉",3.87
"108Q4","嘉義縣","竹崎鄉",4.31
"108Q4","嘉義縣","梅山鄉",4.03
"108Q4","嘉義縣","番路鄉",3.66
"108Q4","嘉義縣","大埔鄉",5.16
"108Q4","嘉義縣","阿里山鄉",4.37
"108Q4","屏東縣","",3.59
"108Q4","屏東縣","屏東市",3.10
"108Q4","屏東縣","潮州鎮",3.13
"108Q4","屏東縣","東港鎮",3.63
"108Q4","屏東縣","恆春鎮",3.57
"108Q4","屏東縣","萬丹鄉",3.79
"108Q4","屏東縣","長治鄉",3.57
"108Q4","屏東縣","麟洛鄉",3.31
"108Q4","屏東縣","九如鄉",3.77
"108Q4","屏東縣","里港鄉",4.06
"108Q4","屏東縣","鹽埔鄉",4.37
"108Q4","屏東縣","高樹鄉",4.26
"108Q4","屏東縣","萬巒鄉",4.39
"108Q4","屏東縣","內埔鄉",3.56
"108Q4","屏東縣","竹田鄉",3.69
"108Q4","屏東縣","新埤鄉",3.99
"108Q4","屏東縣","枋寮鄉",3.59
"108Q4","屏東縣","新園鄉",3.88
"108Q4","屏東縣","崁頂鄉",5.05
"108Q4","屏東縣","林邊鄉",3.79
"108Q4","屏東縣","南州鄉",3.72
"108Q4","屏東縣","佳冬鄉",4.00
"108Q4","屏東縣","琉球鄉",4.30
"108Q4","屏東縣","車城鄉",3.47
"108Q4","屏東縣","滿州鄉",3.64
"108Q4","屏東縣","枋山鄉",3.75
"108Q4","屏東縣","三地門鄉",4.52
"108Q4","屏東縣","霧台鄉",3.81
"108Q4","屏東縣","瑪家鄉",4.65
"108Q4","屏東縣","泰武鄉",5.40
"108Q4","屏東縣","來義鄉",4.20
"108Q4","屏東縣","春日鄉",4.56
"108Q4","屏東縣","獅子鄉",4.10
"108Q4","屏東縣","牡丹鄉",3.47
"108Q4","台東縣","",3.28
"108Q4","台東縣","台東市",3.24
"108Q4","台東縣","成功鎮",3.13
"108Q4","台東縣","關山鎮",3.37
"108Q4","台東縣","卑南鄉",3.25
"108Q4","台東縣","大武鄉",3.06
"108Q4","台東縣","太麻里鄉",3.07
"108Q4","台東縣","東河鄉",2.86
"108Q4","台東縣","長濱鄉",2.70
"108Q4","台東縣","鹿野鄉",3.31
"108Q4","台東縣","池上鄉",3.26
"108Q4","台東縣","綠島鄉",5.97
"108Q4","台東縣","延平鄉",4.48
"108Q4","台東縣","海端鄉",4.50
"108Q4","台東縣","達仁鄉",3.25
"108Q4","台東縣","金峰鄉",4.74
"108Q4","台東縣","蘭嶼鄉",4.08
"108Q4","花蓮縣","",3.21
"108Q4","花蓮縣","花蓮市",3.16
"108Q4","花蓮縣","鳳林鎮",3.00
"108Q4","花蓮縣","玉里鎮",3.18
"108Q4","花蓮縣","新城鄉",3.13
"108Q4","花蓮縣","吉安鄉",3.08
"108Q4","花蓮縣","壽豐鄉",3.02
"108Q4","花蓮縣","光復鄉",3.08
"108Q4","花蓮縣","豐濱鄉",3.14
"108Q4","花蓮縣","瑞穗鄉",3.04
"108Q4","花蓮縣","富里鄉",3.13
"108Q4","花蓮縣","秀林鄉",4.96
"108Q4","花蓮縣","萬榮鄉",4.46
"108Q4","花蓮縣","卓溪鄉",4.31
"108Q4","澎湖縣","",3.99
"108Q4","澎湖縣","馬公市",3.73
"108Q4","澎湖縣","湖西鄉",4.14
"108Q4","澎湖縣","白沙鄉",4.62
"108Q4","澎湖縣","西嶼鄉",3.95
"108Q4","澎湖縣","望安鄉",5.66
"108Q4","澎湖縣","七美鄉",5.16
"108Q4","基隆市","",2.77
"108Q4","基隆市","中正區",2.61
"108Q4","基隆市","七堵區",2.84
"108Q4","基隆市","暖暖區",2.74
"108Q4","基隆市","仁愛區",2.95
"108Q4","基隆市","中山區",2.84
"108Q4","基隆市","安樂區",2.74
"108Q4","基隆市","信義區",2.73
"108Q4","新竹市","",3.17
"108Q4","新竹市","新竹市",3.17
"108Q4","嘉義市","",3.18
"108Q4","嘉義市","嘉義市",3.18
"108Q4","金門縣","",7.26
"108Q4","金門縣","金城鎮",7.06
"108Q4","金門縣","金湖鎮",6.64
"108Q4","金門縣","金沙鎮",7.09
"108Q4","金門縣","金寧鄉",7.58
"108Q4","金門縣","烈嶼鄉",9.48
"108Q4","金門縣","烏坵鄉",8.46
"108Q4","連江縣","",4.87
"108Q4","連江縣","南竿鄉",4.64
"108Q4","連江縣","北竿鄉",5.27
"108Q4","連江縣","莒光鄉",5.51
"108Q4","連江縣","東引鄉",4.85
"109Q1","全國","",3.30
"109Q1","新北市","",3.00
"109Q1","新北市","板橋區",3.08
"109Q1","新北市","三重區",3.02
"109Q1","新北市","中和區",2.86
"109Q1","新北市","永和區",2.86
"109Q1","新北市","新莊區",3.14
"109Q1","新北市","新店區",2.71
"109Q1","新北市","樹林區",3.25
"109Q1","新北市","鶯歌區",3.32
"109Q1","新北市","三峽區",3.19
"109Q1","新北市","淡水區",2.52
"109Q1","新北市","汐止區",2.62
"109Q1","新北市","瑞芳區",3.13
"109Q1","新北市","土城區",3.20
"109Q1","新北市","蘆洲區",3.31
"109Q1","新北市","五股區",3.12
"109Q1","新北市","泰山區",3.16
"109Q1","新北市","林口區",2.97
"109Q1","新北市","深坑區",2.85
"109Q1","新北市","石碇區",3.34
"109Q1","新北市","坪林區",3.78
"109Q1","新北市","三芝區",2.97
"109Q1","新北市","石門區",4.74
"109Q1","新北市","八里區",3.25
"109Q1","新北市","平溪區",2.74
"109Q1","新北市","雙溪區",3.50
"109Q1","新北市","貢寮區",4.33
"109Q1","新北市","金山區",3.93
"109Q1","新北市","萬里區",3.98
"109Q1","新北市","烏來區",5.19
"109Q1","台北市","",3.23
"109Q1","台北市","松山區",3.29
"109Q1","台北市","信義區",3.13
"109Q1","台北市","大安區",3.32
"109Q1","台北市","中山區",2.81
"109Q1","台北市","中正區",3.32
"109Q1","台北市","大同區",3.29
"109Q1","台北市","萬華區",3.07
"109Q1","台北市","文山區",3.23
"109Q1","台北市","南港區",3.28
"109Q1","台北市","內湖區",3.34
"109Q1","台北市","士林區",3.41
"109Q1","台北市","北投區",3.39
"109Q1","桃園市","",3.24
"109Q1","桃園市","桃園區",3.10
"109Q1","桃園市","中壢區",3.15
"109Q1","桃園市","平鎮區",3.33
"109Q1","桃園市","八德區",3.23
"109Q1","桃園市","楊梅區",3.30
"109Q1","桃園市","大溪區",3.41
"109Q1","桃園市","蘆竹區",3.24
"109Q1","桃園市","大園區",3.42
"109Q1","桃園市","龜山區",3.04
"109Q1","桃園市","龍潭區",3.34
"109Q1","桃園市","新屋區",4.06
"109Q1","桃園市","觀音區",3.70
"109Q1","桃園市","復興區",4.31
"109Q1","台中市","",3.45
"109Q1","台中市","中區",3.31
"109Q1","台中市","東區",3.23
"109Q1","台中市","南區",2.94
"109Q1","台中市","西區",3.01
"109Q1","台中市","北區",2.94
"109Q1","台中市","西屯區",3.06
"109Q1","台中市","南屯區",3.18
"109Q1","台中市","北屯區",3.17
"109Q1","台中市","豐原區",3.80
"109Q1","台中市","東勢區",3.73
"109Q1","台中市","大甲區",4.12
"109Q1","台中市","清水區",3.85
"109Q1","台中市","沙鹿區",3.65
"109Q1","台中市","梧棲區",3.83
"109Q1","台中市","后里區",4.24
"109Q1","台中市","神岡區",4.07
"109Q1","台中市","潭子區",3.54
"109Q1","台中市","大雅區",3.80
"109Q1","台中市","新社區",3.82
"109Q1","台中市","石岡區",3.98
"109Q1","台中市","外埔區",4.04
"109Q1","台中市","大安區",4.49
"109Q1","台中市","烏日區",3.55
"109Q1","台中市","大肚區",3.83
"109Q1","台中市","龍井區",4.14
"109Q1","台中市","霧峰區",3.90
"109Q1","台中市","太平區",3.49
"109Q1","台中市","大里區",3.61
"109Q1","台中市","和平區",3.42
"109Q1","台南市","",3.29
"109Q1","台南市","新營區",3.04
"109Q1","台南市","鹽水區",3.38
"109Q1","台南市","白河區",3.72
"109Q1","台南市","柳營區",3.47
"109Q1","台南市","後壁區",3.49
"109Q1","台南市","東山區",3.91
"109Q1","台南市","麻豆區",3.41
"109Q1","台南市","下營區",3.61
"109Q1","台南市","六甲區",3.56
"109Q1","台南市","官田區",3.39
"109Q1","台南市","大內區",3.69
"109Q1","台南市","佳里區",3.39
"109Q1","台南市","學甲區",3.45
"109Q1","台南市","西港區",3.76
"109Q1","台南市","七股區",4.19
"109Q1","台南市","將軍區",3.95
"109Q1","台南市","北門區",4.21
"109Q1","台南市","新化區",3.60
"109Q1","台南市","善化區",3.16
"109Q1","台南市","新市區",3.30
"109Q1","台南市","安定區",3.60
"109Q1","台南市","山上區",3.71
"109Q1","台南市","玉井區",3.45
"109Q1","台南市","楠西區",3.61
"109Q1","台南市","南化區",4.25
"109Q1","台南市","左鎮區",3.53
"109Q1","台南市","仁德區",3.24
"109Q1","台南市","歸仁區",3.55
"109Q1","台南市","關廟區",3.69
"109Q1","台南市","龍崎區",4.12
"109Q1","台南市","永康區",3.13
"109Q1","台南市","東區",3.03
"109Q1","台南市","南區",3.17
"109Q1","台南市","北區",3.00
"109Q1","台南市","安南區",3.62
"109Q1","台南市","安平區",2.95
"109Q1","台南市","中西區",3.04
"109Q1","高雄市","",3.10
"109Q1","高雄市","鹽埕區",2.70
"109Q1","高雄市","鼓山區",2.79
"109Q1","高雄市","左營區",2.86
"109Q1","高雄市","楠梓區",2.96
"109Q1","高雄市","三民區",2.97
"109Q1","高雄市","新興區",2.62
"109Q1","高雄市","前金區",2.43
"109Q1","高雄市","苓雅區",2.83
"109Q1","高雄市","前鎮區",2.92
"109Q1","高雄市","旗津區",4.08
"109Q1","高雄市","小港區",3.52
"109Q1","高雄市","鳳山區",3.02
"109Q1","高雄市","林園區",3.72
"109Q1","高雄市","大寮區",3.23
"109Q1","高雄市","大樹區",3.86
"109Q1","高雄市","大社區",3.19
"109Q1","高雄市","仁武區",3.07
"109Q1","高雄市","鳥松區",2.86
"109Q1","高雄市","岡山區",3.28
"109Q1","高雄市","橋頭區",3.14
"109Q1","高雄市","燕巢區",3.75
"109Q1","高雄市","田寮區",3.74
"109Q1","高雄市","阿蓮區",3.73
"109Q1","高雄市","路竹區",3.66
"109Q1","高雄市","湖內區",3.24
"109Q1","高雄市","茄萣區",4.01
"109Q1","高雄市","永安區",4.20
"109Q1","高雄市","彌陀區",4.14
"109Q1","高雄市","梓官區",3.56
"109Q1","高雄市","旗山區",3.42
"109Q1","高雄市","美濃區",4.18
"109Q1","高雄市","六龜區",3.22
"109Q1","高雄市","甲仙區",3.37
"109Q1","高雄市","杉林區",3.53
"109Q1","高雄市","內門區",4.70
"109Q1","高雄市","茂林區",4.64
"109Q1","高雄市","桃源區",4.47
"109Q1","高雄市","那瑪夏區",4.71
"109Q1","宜蘭縣","",3.23
"109Q1","宜蘭縣","宜蘭市",3.03
"109Q1","宜蘭縣","羅東鎮",3.35
"109Q1","宜蘭縣","蘇澳鎮",3.31
"109Q1","宜蘭縣","頭城鎮",3.55
"109Q1","宜蘭縣","礁溪鄉",3.05
"109Q1","宜蘭縣","壯圍鄉",3.56
"109Q1","宜蘭縣","員山鄉",3.34
"109Q1","宜蘭縣","冬山鄉",3.13
"109Q1","宜蘭縣","五結鄉",3.06
"109Q1","宜蘭縣","三星鄉",3.14
"109Q1","宜蘭縣","大同鄉",4.18
"109Q1","宜蘭縣","南澳鄉",5.02
"109Q1","新竹縣","",3.34
"109Q1","新竹縣","竹北市",3.08
"109Q1","新竹縣","關西鎮",4.15
"109Q1","新竹縣","新埔鎮",3.69
"109Q1","新竹縣","竹東鎮",3.22
"109Q1","新竹縣","湖口鄉",3.34
"109Q1","新竹縣","橫山鄉",3.69
"109Q1","新竹縣","新豐鄉",3.57
"109Q1","新竹縣","芎林鄉",3.68
"109Q1","新竹縣","寶山鄉",3.11
"109Q1","新竹縣","北埔鄉",4.12
"109Q1","新竹縣","峨眉鄉",4.35
"109Q1","新竹縣","尖石鄉",4.45
"109Q1","新竹縣","五峰鄉",3.92
"109Q1","苗栗縣","",3.55
"109Q1","苗栗縣","苗栗市",3.13
"109Q1","苗栗縣","苑裡鎮",3.91
"109Q1","苗栗縣","通霄鎮",4.13
"109Q1","苗栗縣","竹南鎮",3.33
"109Q1","苗栗縣","頭份鎮",3.27
"109Q1","苗栗縣","後龍鎮",4.05
"109Q1","苗栗縣","卓蘭鎮",4.19
"109Q1","苗栗縣","大湖鄉",4.02
"109Q1","苗栗縣","公館鄉",3.63
"109Q1","苗栗縣","銅鑼鄉",3.85
"109Q1","苗栗縣","南庄鄉",3.63
"109Q1","苗栗縣","頭屋鄉",3.90
"109Q1","苗栗縣","三義鄉",3.83
"109Q1","苗栗縣","西湖鄉",4.81
"109Q1","苗栗縣","造橋鄉",3.77
"109Q1","苗栗縣","三灣鄉",3.83
"109Q1","苗栗縣","獅潭鄉",3.53
"109Q1","苗栗縣","泰安鄉",5.59
"109Q1","彰化縣","",4.15
"109Q1","彰化縣","彰化市",3.58
"109Q1","彰化縣","鹿港鎮",4.36
"109Q1","彰化縣","和美鎮",3.89
"109Q1","彰化縣","北斗鎮",3.65
"109Q1","彰化縣","員林鎮",3.80
"109Q1","彰化縣","溪湖鎮",4.45
"109Q1","彰化縣","田中鎮",3.76
"109Q1","彰化縣","二林鎮",4.80
"109Q1","彰化縣","線西鄉",4.87
"109Q1","彰化縣","伸港鄉",4.60
"109Q1","彰化縣","福興鄉",4.89
"109Q1","彰化縣","秀水鄉",4.35
"109Q1","彰化縣","花壇鄉",3.88
"109Q1","彰化縣","芬園鄉",4.58
"109Q1","彰化縣","大村鄉",5.02
"109Q1","彰化縣","埔鹽鄉",5.61
"109Q1","彰化縣","埔心鄉",3.80
"109Q1","彰化縣","永靖鄉",4.79
"109Q1","彰化縣","社頭鄉",4.69
"109Q1","彰化縣","二水鄉",3.88
"109Q1","彰化縣","田尾鄉",3.97
"109Q1","彰化縣","埤頭鄉",4.27
"109Q1","彰化縣","芳苑鄉",4.84
"109Q1","彰化縣","大城鄉",5.65
"109Q1","彰化縣","竹塘鄉",4.40
"109Q1","彰化縣","溪州鄉",4.76
"109Q1","南投縣","",3.65
"109Q1","南投縣","南投市",3.36
"109Q1","南投縣","埔里鎮",3.51
"109Q1","南投縣","草屯鎮",3.67
"109Q1","南投縣","竹山鎮",3.43
"109Q1","南投縣","集集鎮",3.58
"109Q1","南投縣","名間鄉",4.29
"109Q1","南投縣","鹿谷鄉",3.99
"109Q1","南投縣","中寮鄉",4.10
"109Q1","南投縣","魚池鄉",4.19
"109Q1","南投縣","國姓鄉",3.63
"109Q1","南投縣","水里鄉",3.31
"109Q1","南投縣","信義鄉",4.58
"109Q1","南投縣","仁愛鄉",4.29
"109Q1","雲林縣","",3.88
"109Q1","雲林縣","斗六市",3.27
"109Q1","雲林縣","斗南鎮",3.43
"109Q1","雲林縣","虎尾鎮",3.32
"109Q1","雲林縣","西螺鎮",3.93
"109Q1","雲林縣","土庫鎮",4.01
"109Q1","雲林縣","北港鎮",3.37
"109Q1","雲林縣","古坑鄉",3.93
"109Q1","雲林縣","大埤鄉",4.06
"109Q1","雲林縣","莿桐鄉",4.09
"109Q1","雲林縣","林內鄉",3.88
"109Q1","雲林縣","二崙鄉",4.42
"109Q1","雲林縣","崙背鄉",4.09
"109Q1","雲林縣","麥寮鄉",5.83
"109Q1","雲林縣","東勢鄉",4.19
"109Q1","雲林縣","褒忠鄉",4.16
"109Q1","雲林縣","台西鄉",4.66
"109Q1","雲林縣","元長鄉",4.28
"109Q1","雲林縣","四湖鄉",4.21
"109Q1","雲林縣","口湖鄉",4.92
"109Q1","雲林縣","水林鄉",4.59
"109Q1","嘉義縣","",3.87
"109Q1","嘉義縣","太保市",3.54
"109Q1","嘉義縣","朴子市",3.54
"109Q1","嘉義縣","布袋鎮",4.09
"109Q1","嘉義縣","大林鎮",3.60
"109Q1","嘉義縣","民雄鄉",3.53
"109Q1","嘉義縣","溪口鄉",4.75
"109Q1","嘉義縣","新港鄉",4.38
"109Q1","嘉義縣","六腳鄉",4.49
"109Q1","嘉義縣","東石鄉",4.68
"109Q1","嘉義縣","義竹鄉",4.22
"109Q1","嘉義縣","鹿草鄉",4.34
"109Q1","嘉義縣","水上鄉",3.40
"109Q1","嘉義縣","中埔鄉",3.85
"109Q1","嘉義縣","竹崎鄉",4.29
"109Q1","嘉義縣","梅山鄉",4.01
"109Q1","嘉義縣","番路鄉",3.64
"109Q1","嘉義縣","大埔鄉",5.16
"109Q1","嘉義縣","阿里山鄉",4.35
"109Q1","屏東縣","",3.58
"109Q1","屏東縣","屏東市",3.10
"109Q1","屏東縣","潮州鎮",3.13
"109Q1","屏東縣","東港鎮",3.61
"109Q1","屏東縣","恆春鎮",3.57
"109Q1","屏東縣","萬丹鄉",3.77
"109Q1","屏東縣","長治鄉",3.55
"109Q1","屏東縣","麟洛鄉",3.29
"109Q1","屏東縣","九如鄉",3.74
"109Q1","屏東縣","里港鄉",4.04
"109Q1","屏東縣","鹽埔鄉",4.34
"109Q1","屏東縣","高樹鄉",4.25
"109Q1","屏東縣","萬巒鄉",4.37
"109Q1","屏東縣","內埔鄉",3.55
"109Q1","屏東縣","竹田鄉",3.67
"109Q1","屏東縣","新埤鄉",3.96
"109Q1","屏東縣","枋寮鄉",3.57
"109Q1","屏東縣","新園鄉",3.86
"109Q1","屏東縣","崁頂鄉",5.02
"109Q1","屏東縣","林邊鄉",3.78
"109Q1","屏東縣","南州鄉",3.69
"109Q1","屏東縣","佳冬鄉",3.97
"109Q1","屏東縣","琉球鄉",4.30
"109Q1","屏東縣","車城鄉",3.45
"109Q1","屏東縣","滿州鄉",3.60
"109Q1","屏東縣","枋山鄉",3.73
"109Q1","屏東縣","三地門鄉",4.51
"109Q1","屏東縣","霧台鄉",3.81
"109Q1","屏東縣","瑪家鄉",4.61
"109Q1","屏東縣","泰武鄉",5.38
"109Q1","屏東縣","來義鄉",4.20
"109Q1","屏東縣","春日鄉",4.54
"109Q1","屏東縣","獅子鄉",4.04
"109Q1","屏東縣","牡丹鄉",3.47
"109Q1","台東縣","",3.28
"109Q1","台東縣","台東市",3.23
"109Q1","台東縣","成功鎮",3.11
"109Q1","台東縣","關山鎮",3.37
"109Q1","台東縣","卑南鄉",3.25
"109Q1","台東縣","大武鄉",3.02
"109Q1","台東縣","太麻里鄉",3.06
"109Q1","台東縣","東河鄉",2.87
"109Q1","台東縣","長濱鄉",2.69
"109Q1","台東縣","鹿野鄉",3.30
"109Q1","台東縣","池上鄉",3.25
"109Q1","台東縣","綠島鄉",5.95
"109Q1","台東縣","延平鄉",4.47
"109Q1","台東縣","海端鄉",4.49
"109Q1","台東縣","達仁鄉",3.25
"109Q1","台東縣","金峰鄉",4.74
"109Q1","台東縣","蘭嶼鄉",4.07
"109Q1","花蓮縣","",3.20
"109Q1","花蓮縣","花蓮市",3.15
"109Q1","花蓮縣","鳳林鎮",3.00
"109Q1","花蓮縣","玉里鎮",3.17
"109Q1","花蓮縣","新城鄉",3.12
"109Q1","花蓮縣","吉安鄉",3.08
"109Q1","花蓮縣","壽豐鄉",3.02
"109Q1","花蓮縣","光復鄉",3.08
"109Q1","花蓮縣","豐濱鄉",3.13
"109Q1","花蓮縣","瑞穗鄉",3.02
"109Q1","花蓮縣","富里鄉",3.12
"109Q1","花蓮縣","秀林鄉",4.96
"109Q1","花蓮縣","萬榮鄉",4.46
"109Q1","花蓮縣","卓溪鄉",4.33
"109Q1","澎湖縣","",3.98
"109Q1","澎湖縣","馬公市",3.72
"109Q1","澎湖縣","湖西鄉",4.14
"109Q1","澎湖縣","白沙鄉",4.62
"109Q1","澎湖縣","西嶼鄉",3.94
"109Q1","澎湖縣","望安鄉",5.65
"109Q1","澎湖縣","七美鄉",5.15
"109Q1","基隆市","",2.76
"109Q1","基隆市","中正區",2.61
"109Q1","基隆市","七堵區",2.83
"109Q1","基隆市","暖暖區",2.74
"109Q1","基隆市","仁愛區",2.95
"109Q1","基隆市","中山區",2.83
"109Q1","基隆市","安樂區",2.74
"109Q1","基隆市","信義區",2.73
"109Q1","新竹市","",3.16
"109Q1","新竹市","新竹市",3.16
"109Q1","嘉義市","",3.18
"109Q1","嘉義市","嘉義市",3.18
"109Q1","金門縣","",7.20
"109Q1","金門縣","金城鎮",7.01
"109Q1","金門縣","金湖鎮",6.63
"109Q1","金門縣","金沙鎮",7.04
"109Q1","金門縣","金寧鄉",7.48
"109Q1","金門縣","烈嶼鄉",9.43
"109Q1","金門縣","烏坵鄉",8.40
"109Q1","連江縣","",4.83
"109Q1","連江縣","南竿鄉",4.59
"109Q1","連江縣","北竿鄉",5.29
"109Q1","連江縣","莒光鄉",5.42
"109Q1","連江縣","東引鄉",4.83
"109Q2","全國","",3.29
"109Q2","新北市","",3.00
"109Q2","新北市","板橋區",3.08
"109Q2","新北市","三重區",3.02
"109Q2","新北市","中和區",2.85
"109Q2","新北市","永和區",2.85
"109Q2","新北市","新莊區",3.14
"109Q2","新北市","新店區",2.70
"109Q2","新北市","樹林區",3.24
"109Q2","新北市","鶯歌區",3.30
"109Q2","新北市","三峽區",3.18
"109Q2","新北市","淡水區",2.51
"109Q2","新北市","汐止區",2.62
"109Q2","新北市","瑞芳區",3.12
"109Q2","新北市","土城區",3.19
"109Q2","新北市","蘆洲區",3.30
"109Q2","新北市","五股區",3.11
"109Q2","新北市","泰山區",3.15
"109Q2","新北市","林口區",2.97
"109Q2","新北市","深坑區",2.85
"109Q2","新北市","石碇區",3.34
"109Q2","新北市","坪林區",3.77
"109Q2","新北市","三芝區",2.96
"109Q2","新北市","石門區",4.72
"109Q2","新北市","八里區",3.24
"109Q2","新北市","平溪區",2.73
"109Q2","新北市","雙溪區",3.49
"109Q2","新北市","貢寮區",4.31
"109Q2","新北市","金山區",3.92
"109Q2","新北市","萬里區",3.98
"109Q2","新北市","烏來區",5.14
"109Q2","台北市","",3.22
"109Q2","台北市","松山區",3.28
"109Q2","台北市","信義區",3.12
"109Q2","台北市","大安區",3.31
"109Q2","台北市","中山區",2.80
"109Q2","台北市","中正區",3.30
"109Q2","台北市","大同區",3.27
"109Q2","台北市","萬華區",3.05
"109Q2","台北市","文山區",3.21
"109Q2","台北市","南港區",3.26
"109Q2","台北市","內湖區",3.32
"109Q2","台北市","士林區",3.39
"109Q2","台北市","北投區",3.37
"109Q2","桃園市","",3.23
"109Q2","桃園市","桃園區",3.08
"109Q2","桃園市","中壢區",3.14
"109Q2","桃園市","平鎮區",3.32
"109Q2","桃園市","八德區",3.22
"109Q2","桃園市","楊梅區",3.29
"109Q2","桃園市","大溪區",3.40
"109Q2","桃園市","蘆竹區",3.24
"109Q2","桃園市","大園區",3.42
"109Q2","桃園市","龜山區",3.04
"109Q2","桃園市","龍潭區",3.32
"109Q2","桃園市","新屋區",4.00
"109Q2","桃園市","觀音區",3.69
"109Q2","桃園市","復興區",4.32
"109Q2","台中市","",3.43
"109Q2","台中市","中區",3.31
"109Q2","台中市","東區",3.22
"109Q2","台中市","南區",2.93
"109Q2","台中市","西區",3.00
"109Q2","台中市","北區",2.93
"109Q2","台中市","西屯區",3.05
"109Q2","台中市","南屯區",3.16
"109Q2","台中市","北屯區",3.16
"109Q2","台中市","豐原區",3.79
"109Q2","台中市","東勢區",3.72
"109Q2","台中市","大甲區",4.09
"109Q2","台中市","清水區",3.83
"109Q2","台中市","沙鹿區",3.62
"109Q2","台中市","梧棲區",3.81
"109Q2","台中市","后里區",4.22
"109Q2","台中市","神岡區",4.05
"109Q2","台中市","潭子區",3.54
"109Q2","台中市","大雅區",3.79
"109Q2","台中市","新社區",3.80
"109Q2","台中市","石岡區",3.96
"109Q2","台中市","外埔區",4.03
"109Q2","台中市","大安區",4.47
"109Q2","台中市","烏日區",3.52
"109Q2","台中市","大肚區",3.82
"109Q2","台中市","龍井區",4.12
"109Q2","台中市","霧峰區",3.88
"109Q2","台中市","太平區",3.48
"109Q2","台中市","大里區",3.60
"109Q2","台中市","和平區",3.41
"109Q2","台南市","",3.28
"109Q2","台南市","新營區",3.03
"109Q2","台南市","鹽水區",3.37
"109Q2","台南市","白河區",3.70
"109Q2","台南市","柳營區",3.46
"109Q2","台南市","後壁區",3.48
"109Q2","台南市","東山區",3.89
"109Q2","台南市","麻豆區",3.39
"109Q2","台南市","下營區",3.59
"109Q2","台南市","六甲區",3.54
"109Q2","台南市","官田區",3.38
"109Q2","台南市","大內區",3.68
"109Q2","台南市","佳里區",3.38
"109Q2","台南市","學甲區",3.43
"109Q2","台南市","西港區",3.75
"109Q2","台南市","七股區",4.19
"109Q2","台南市","將軍區",3.93
"109Q2","台南市","北門區",4.21
"109Q2","台南市","新化區",3.58
"109Q2","台南市","善化區",3.14
"109Q2","台南市","新市區",3.29
"109Q2","台南市","安定區",3.59
"109Q2","台南市","山上區",3.71
"109Q2","台南市","玉井區",3.44
"109Q2","台南市","楠西區",3.60
"109Q2","台南市","南化區",4.23
"109Q2","台南市","左鎮區",3.53
"109Q2","台南市","仁德區",3.23
"109Q2","台南市","歸仁區",3.54
"109Q2","台南市","關廟區",3.68
"109Q2","台南市","龍崎區",4.09
"109Q2","台南市","永康區",3.12
"109Q2","台南市","東區",3.02
"109Q2","台南市","南區",3.15
"109Q2","台南市","北區",2.98
"109Q2","台南市","安南區",3.61
"109Q2","台南市","安平區",2.93
"109Q2","台南市","中西區",3.04
"109Q2","高雄市","",3.09
"109Q2","高雄市","鹽埕區",2.69
"109Q2","高雄市","鼓山區",2.79
"109Q2","高雄市","左營區",2.85
"109Q2","高雄市","楠梓區",2.95
"109Q2","高雄市","三民區",2.96
"109Q2","高雄市","新興區",2.61
"109Q2","高雄市","前金區",2.42
"109Q2","高雄市","苓雅區",2.82
"109Q2","高雄市","前鎮區",2.91
"109Q2","高雄市","旗津區",4.07
"109Q2","高雄市","小港區",3.51
"109Q2","高雄市","鳳山區",3.02
"109Q2","高雄市","林園區",3.71
"109Q2","高雄市","大寮區",3.22
"109Q2","高雄市","大樹區",3.84
"109Q2","高雄市","大社區",3.18
"109Q2","高雄市","仁武區",3.05
"109Q2","高雄市","鳥松區",2.85
"109Q2","高雄市","岡山區",3.27
"109Q2","高雄市","橋頭區",3.12
"109Q2","高雄市","燕巢區",3.73
"109Q2","高雄市","田寮區",3.73
"109Q2","高雄市","阿蓮區",3.72
"109Q2","高雄市","路竹區",3.65
"109Q2","高雄市","湖內區",3.23
"109Q2","高雄市","茄萣區",3.99
"109Q2","高雄市","永安區",4.21
"109Q2","高雄市","彌陀區",4.12
"109Q2","高雄市","梓官區",3.55
"109Q2","高雄市","旗山區",3.40
"109Q2","高雄市","美濃區",4.16
"109Q2","高雄市","六龜區",3.21
"109Q2","高雄市","甲仙區",3.36
"109Q2","高雄市","杉林區",3.52
"109Q2","高雄市","內門區",4.68
"109Q2","高雄市","茂林區",4.62
"109Q2","高雄市","桃源區",4.47
"109Q2","高雄市","那瑪夏區",4.68
"109Q2","宜蘭縣","",3.22
"109Q2","宜蘭縣","宜蘭市",3.02
"109Q2","宜蘭縣","羅東鎮",3.34
"109Q2","宜蘭縣","蘇澳鎮",3.29
"109Q2","宜蘭縣","頭城鎮",3.54
"109Q2","宜蘭縣","礁溪鄉",3.03
"109Q2","宜蘭縣","壯圍鄉",3.55
"109Q2","宜蘭縣","員山鄉",3.33
"109Q2","宜蘭縣","冬山鄉",3.13
"109Q2","宜蘭縣","五結鄉",3.05
"109Q2","宜蘭縣","三星鄉",3.12
"109Q2","宜蘭縣","大同鄉",4.17
"109Q2","宜蘭縣","南澳鄉",4.97
"109Q2","新竹縣","",3.33
"109Q2","新竹縣","竹北市",3.08
"109Q2","新竹縣","關西鎮",4.13
"109Q2","新竹縣","新埔鎮",3.65
"109Q2","新竹縣","竹東鎮",3.21
"109Q2","新竹縣","湖口鄉",3.31
"109Q2","新竹縣","橫山鄉",3.67
"109Q2","新竹縣","新豐鄉",3.55
"109Q2","新竹縣","芎林鄉",3.66
"109Q2","新竹縣","寶山鄉",3.10
"109Q2","新竹縣","北埔鄉",4.10
"109Q2","新竹縣","峨眉鄉",4.32
"109Q2","新竹縣","尖石鄉",4.46
"109Q2","新竹縣","五峰鄉",3.88
"109Q2","苗栗縣","",3.54
"109Q2","苗栗縣","苗栗市",3.12
"109Q2","苗栗縣","苑裡鎮",3.90
"109Q2","苗栗縣","通霄鎮",4.11
"109Q2","苗栗縣","竹南鎮",3.32
"109Q2","苗栗縣","頭份鎮",3.26
"109Q2","苗栗縣","後龍鎮",4.03
"109Q2","苗栗縣","卓蘭鎮",4.18
"109Q2","苗栗縣","大湖鄉",4.01
"109Q2","苗栗縣","公館鄉",3.61
"109Q2","苗栗縣","銅鑼鄉",3.83
"109Q2","苗栗縣","南庄鄉",3.60
"109Q2","苗栗縣","頭屋鄉",3.88
"109Q2","苗栗縣","三義鄉",3.80
"109Q2","苗栗縣","西湖鄉",4.79
"109Q2","苗栗縣","造橋鄉",3.75
"109Q2","苗栗縣","三灣鄉",3.81
"109Q2","苗栗縣","獅潭鄉",3.50
"109Q2","苗栗縣","泰安鄉",5.52
"109Q2","彰化縣","",4.13
"109Q2","彰化縣","彰化市",3.57
"109Q2","彰化縣","鹿港鎮",4.35
"109Q2","彰化縣","和美鎮",3.88
"109Q2","彰化縣","北斗鎮",3.64
"109Q2","彰化縣","員林鎮",3.79
"109Q2","彰化縣","溪湖鎮",4.43
"109Q2","彰化縣","田中鎮",3.75
"109Q2","彰化縣","二林鎮",4.78
"109Q2","彰化縣","線西鄉",4.85
"109Q2","彰化縣","伸港鄉",4.58
"109Q2","彰化縣","福興鄉",4.86
"109Q2","彰化縣","秀水鄉",4.32
"109Q2","彰化縣","花壇鄉",3.87
"109Q2","彰化縣","芬園鄉",4.58
"109Q2","彰化縣","大村鄉",4.99
"109Q2","彰化縣","埔鹽鄉",5.57
"109Q2","彰化縣","埔心鄉",3.79
"109Q2","彰化縣","永靖鄉",4.77
"109Q2","彰化縣","社頭鄉",4.67
"109Q2","彰化縣","二水鄉",3.86
"109Q2","彰化縣","田尾鄉",3.95
"109Q2","彰化縣","埤頭鄉",4.24
"109Q2","彰化縣","芳苑鄉",4.83
"109Q2","彰化縣","大城鄉",5.63
"109Q2","彰化縣","竹塘鄉",4.39
"109Q2","彰化縣","溪州鄉",4.73
"109Q2","南投縣","",3.64
"109Q2","南投縣","南投市",3.35
"109Q2","南投縣","埔里鎮",3.50
"109Q2","南投縣","草屯鎮",3.66
"109Q2","南投縣","竹山鎮",3.42
"109Q2","南投縣","集集鎮",3.57
"109Q2","南投縣","名間鄉",4.27
"109Q2","南投縣","鹿谷鄉",3.97
"109Q2","南投縣","中寮鄉",4.10
"109Q2","南投縣","魚池鄉",4.18
"109Q2","南投縣","國姓鄉",3.63
"109Q2","南投縣","水里鄉",3.30
"109Q2","南投縣","信義鄉",4.56
"109Q2","南投縣","仁愛鄉",4.27
"109Q2","雲林縣","",3.86
"109Q2","雲林縣","斗六市",3.26
"109Q2","雲林縣","斗南鎮",3.42
"109Q2","雲林縣","虎尾鎮",3.31
"109Q2","雲林縣","西螺鎮",3.90
"109Q2","雲林縣","土庫鎮",3.99
"109Q2","雲林縣","北港鎮",3.36
"109Q2","雲林縣","古坑鄉",3.91
"109Q2","雲林縣","大埤鄉",4.04
"109Q2","雲林縣","莿桐鄉",4.07
"109Q2","雲林縣","林內鄉",3.88
"109Q2","雲林縣","二崙鄉",4.40
"109Q2","雲林縣","崙背鄉",4.06
"109Q2","雲林縣","麥寮鄉",5.83
"109Q2","雲林縣","東勢鄉",4.14
"109Q2","雲林縣","褒忠鄉",4.13
"109Q2","雲林縣","台西鄉",4.65
"109Q2","雲林縣","元長鄉",4.26
"109Q2","雲林縣","四湖鄉",4.20
"109Q2","雲林縣","口湖鄉",4.90
"109Q2","雲林縣","水林鄉",4.57
"109Q2","嘉義縣","",3.85
"109Q2","嘉義縣","太保市",3.53
"109Q2","嘉義縣","朴子市",3.53
"109Q2","嘉義縣","布袋鎮",4.07
"109Q2","嘉義縣","大林鎮",3.59
"109Q2","嘉義縣","民雄鄉",3.51
"109Q2","嘉義縣","溪口鄉",4.72
"109Q2","嘉義縣","新港鄉",4.36
"109Q2","嘉義縣","六腳鄉",4.47
"109Q2","嘉義縣","東石鄉",4.66
"109Q2","嘉義縣","義竹鄉",4.21
"109Q2","嘉義縣","鹿草鄉",4.32
"109Q2","嘉義縣","水上鄉",3.40
"109Q2","嘉義縣","中埔鄉",3.85
"109Q2","嘉義縣","竹崎鄉",4.28
"109Q2","嘉義縣","梅山鄉",3.99
"109Q2","嘉義縣","番路鄉",3.63
"109Q2","嘉義縣","大埔鄉",5.15
"109Q2","嘉義縣","阿里山鄉",4.35
"109Q2","屏東縣","",3.56
"109Q2","屏東縣","屏東市",3.09
"109Q2","屏東縣","潮州鎮",3.12
"109Q2","屏東縣","東港鎮",3.60
"109Q2","屏東縣","恆春鎮",3.55
"109Q2","屏東縣","萬丹鄉",3.75
"109Q2","屏東縣","長治鄉",3.54
"109Q2","屏東縣","麟洛鄉",3.28
"109Q2","屏東縣","九如鄉",3.72
"109Q2","屏東縣","里港鄉",4.03
"109Q2","屏東縣","鹽埔鄉",4.33
"109Q2","屏東縣","高樹鄉",4.24
"109Q2","屏東縣","萬巒鄉",4.35
"109Q2","屏東縣","內埔鄉",3.54
"109Q2","屏東縣","竹田鄉",3.66
"109Q2","屏東縣","新埤鄉",3.94
"109Q2","屏東縣","枋寮鄉",3.57
"109Q2","屏東縣","新園鄉",3.85
"109Q2","屏東縣","崁頂鄉",5.00
"109Q2","屏東縣","林邊鄉",3.76
"109Q2","屏東縣","南州鄉",3.67
"109Q2","屏東縣","佳冬鄉",3.96
"109Q2","屏東縣","琉球鄉",4.29
"109Q2","屏東縣","車城鄉",3.46
"109Q2","屏東縣","滿州鄉",3.56
"109Q2","屏東縣","枋山鄉",3.71
"109Q2","屏東縣","三地門鄉",4.49
"109Q2","屏東縣","霧台鄉",3.79
"109Q2","屏東縣","瑪家鄉",4.57
"109Q2","屏東縣","泰武鄉",5.36
"109Q2","屏東縣","來義鄉",4.20
"109Q2","屏東縣","春日鄉",4.54
"109Q2","屏東縣","獅子鄉",4.00
"109Q2","屏東縣","牡丹鄉",3.42
"109Q2","台東縣","",3.27
"109Q2","台東縣","台東市",3.22
"109Q2","台東縣","成功鎮",3.10
"109Q2","台東縣","關山鎮",3.34
"109Q2","台東縣","卑南鄉",3.25
"109Q2","台東縣","大武鄉",3.01
"109Q2","台東縣","太麻里鄉",3.05
"109Q2","台東縣","東河鄉",2.85
"109Q2","台東縣","長濱鄉",2.69
"109Q2","台東縣","鹿野鄉",3.29
"109Q2","台東縣","池上鄉",3.24
"109Q2","台東縣","綠島鄉",5.92
"109Q2","台東縣","延平鄉",4.44
"109Q2","台東縣","海端鄉",4.47
"109Q2","台東縣","達仁鄉",3.24
"109Q2","台東縣","金峰鄉",4.72
"109Q2","台東縣","蘭嶼鄉",4.04
"109Q2","花蓮縣","",3.19
"109Q2","花蓮縣","花蓮市",3.14
"109Q2","花蓮縣","鳳林鎮",3.00
"109Q2","花蓮縣","玉里鎮",3.15
"109Q2","花蓮縣","新城鄉",3.12
"109Q2","花蓮縣","吉安鄉",3.07
"109Q2","花蓮縣","壽豐鄉",3.00
"109Q2","花蓮縣","光復鄉",3.06
"109Q2","花蓮縣","豐濱鄉",3.11
"109Q2","花蓮縣","瑞穗鄉",3.02
"109Q2","花蓮縣","富里鄉",3.10
"109Q2","花蓮縣","秀林鄉",4.96
"109Q2","花蓮縣","萬榮鄉",4.42
"109Q2","花蓮縣","卓溪鄉",4.36
"109Q2","澎湖縣","",3.96
"109Q2","澎湖縣","馬公市",3.70
"109Q2","澎湖縣","湖西鄉",4.13
"109Q2","澎湖縣","白沙鄉",4.62
"109Q2","澎湖縣","西嶼鄉",3.93
"109Q2","澎湖縣","望安鄉",5.71
"109Q2","澎湖縣","七美鄉",5.17
"109Q2","基隆市","",2.76
"109Q2","基隆市","中正區",2.60
"109Q2","基隆市","七堵區",2.83
"109Q2","基隆市","暖暖區",2.72
"109Q2","基隆市","仁愛區",2.94
"109Q2","基隆市","中山區",2.82
"109Q2","基隆市","安樂區",2.73
"109Q2","基隆市","信義區",2.72
"109Q2","新竹市","",3.16
"109Q2","新竹市","新竹市",3.16
"109Q2","嘉義市","",3.17
"109Q2","嘉義市","嘉義市",3.17
"109Q2","金門縣","",7.16
"109Q2","金門縣","金城鎮",6.99
"109Q2","金門縣","金湖鎮",6.61
"109Q2","金門縣","金沙鎮",7.01
"109Q2","金門縣","金寧鄉",7.34
"109Q2","金門縣","烈嶼鄉",9.38
"109Q2","金門縣","烏坵鄉",8.30
"109Q2","連江縣","",4.79
"109Q2","連江縣","南竿鄉",4.55
"109Q2","連江縣","北竿鄉",5.25
"109Q2","連江縣","莒光鄉",5.35
"109Q2","連江縣","東引鄉",4.87
"109Q3","全國","",3.27
"109Q3","新北市","",2.98
"109Q3","新北市","板橋區",3.07
"109Q3","新北市","三重區",3.00
"109Q3","新北市","中和區",2.83
"109Q3","新北市","永和區",2.83
"109Q3","新北市","新莊區",3.13
"109Q3","新北市","新店區",2.69
"109Q3","新北市","樹林區",3.23
"109Q3","新北市","鶯歌區",3.28
"109Q3","新北市","三峽區",3.16
"109Q3","新北市","淡水區",2.50
"109Q3","新北市","汐止區",2.61
"109Q3","新北市","瑞芳區",3.11
"109Q3","新北市","土城區",3.17
"109Q3","新北市","蘆洲區",3.28
"109Q3","新北市","五股區",3.09
"109Q3","新北市","泰山區",3.14
"109Q3","新北市","林口區",2.95
"109Q3","新北市","深坑區",2.83
"109Q3","新北市","石碇區",3.34
"109Q3","新北市","坪林區",3.75
"109Q3","新北市","三芝區",2.94
"109Q3","新北市","石門區",4.69
"109Q3","新北市","八里區",3.24
"109Q3","新北市","平溪區",2.72
"109Q3","新北市","雙溪區",3.48
"109Q3","新北市","貢寮區",4.27
"109Q3","新北市","金山區",3.90
"109Q3","新北市","萬里區",3.99
"109Q3","新北市","烏來區",5.16
"109Q3","台北市","",3.19
"109Q3","台北市","松山區",3.24
"109Q3","台北市","信義區",3.10
"109Q3","台北市","大安區",3.28
"109Q3","台北市","中山區",2.77
"109Q3","台北市","中正區",3.26
"109Q3","台北市","大同區",3.23
"109Q3","台北市","萬華區",3.02
"109Q3","台北市","文山區",3.18
"109Q3","台北市","南港區",3.23
"109Q3","台北市","內湖區",3.29
"109Q3","台北市","士林區",3.37
"109Q3","台北市","北投區",3.35
"109Q3","桃園市","",3.21
"109Q3","桃園市","桃園區",3.06
"109Q3","桃園市","中壢區",3.11
"109Q3","桃園市","平鎮區",3.30
"109Q3","桃園市","八德區",3.21
"109Q3","桃園市","楊梅區",3.27
"109Q3","桃園市","大溪區",3.37
"109Q3","桃園市","蘆竹區",3.22
"109Q3","桃園市","大園區",3.40
"109Q3","桃園市","龜山區",3.02
"109Q3","桃園市","龍潭區",3.30
"109Q3","桃園市","新屋區",3.95
"109Q3","桃園市","觀音區",3.62
"109Q3","桃園市","復興區",4.36
"109Q3","台中市","",3.41
"109Q3","台中市","中區",3.30
"109Q3","台中市","東區",3.20
"109Q3","台中市","南區",2.91
"109Q3","台中市","西區",2.98
"109Q3","台中市","北區",2.92
"109Q3","台中市","西屯區",3.03
"109Q3","台中市","南屯區",3.14
"109Q3","台中市","北屯區",3.15
"109Q3","台中市","豐原區",3.77
"109Q3","台中市","東勢區",3.69
"109Q3","台中市","大甲區",4.06
"109Q3","台中市","清水區",3.80
"109Q3","台中市","沙鹿區",3.60
"109Q3","台中市","梧棲區",3.79
"109Q3","台中市","后里區",4.20
"109Q3","台中市","神岡區",4.03
"109Q3","台中市","潭子區",3.53
"109Q3","台中市","大雅區",3.78
"109Q3","台中市","新社區",3.79
"109Q3","台中市","石岡區",3.95
"109Q3","台中市","外埔區",4.01
"109Q3","台中市","大安區",4.46
"109Q3","台中市","烏日區",3.49
"109Q3","台中市","大肚區",3.79
"109Q3","台中市","龍井區",4.08
"109Q3","台中市","霧峰區",3.86
"109Q3","台中市","太平區",3.46
"109Q3","台中市","大里區",3.57
"109Q3","台中市","和平區",3.40
"109Q3","台南市","",3.26
"109Q3","台南市","新營區",3.01
"109Q3","台南市","鹽水區",3.35
"109Q3","台南市","白河區",3.67
"109Q3","台南市","柳營區",3.44
"109Q3","台南市","後壁區",3.48
"109Q3","台南市","東山區",3.87
"109Q3","台南市","麻豆區",3.37
"109Q3","台南市","下營區",3.57
"109Q3","台南市","六甲區",3.52
"109Q3","台南市","官田區",3.36
"109Q3","台南市","大內區",3.66
"109Q3","台南市","佳里區",3.36
"109Q3","台南市","學甲區",3.41
"109Q3","台南市","西港區",3.73
"109Q3","台南市","七股區",4.17
"109Q3","台南市","將軍區",3.91
"109Q3","台南市","北門區",4.19
"109Q3","台南市","新化區",3.54
"109Q3","台南市","善化區",3.12
"109Q3","台南市","新市區",3.26
"109Q3","台南市","安定區",3.58
"109Q3","台南市","山上區",3.68
"109Q3","台南市","玉井區",3.41
"109Q3","台南市","楠西區",3.59
"109Q3","台南市","南化區",4.21
"109Q3","台南市","左鎮區",3.51
"109Q3","台南市","仁德區",3.22
"109Q3","台南市","歸仁區",3.51
"109Q3","台南市","關廟區",3.63
"109Q3","台南市","龍崎區",4.07
"109Q3","台南市","永康區",3.10
"109Q3","台南市","東區",3.00
"109Q3","台南市","南區",3.13
"109Q3","台南市","北區",2.96
"109Q3","台南市","安南區",3.60
"109Q3","台南市","安平區",2.91
"109Q3","台南市","中西區",3.03
"109Q3","高雄市","",3.07
"109Q3","高雄市","鹽埕區",2.67
"109Q3","高雄市","鼓山區",2.78
"109Q3","高雄市","左營區",2.83
"109Q3","高雄市","楠梓區",2.93
"109Q3","高雄市","三民區",2.94
"109Q3","高雄市","新興區",2.59
"109Q3","高雄市","前金區",2.40
"109Q3","高雄市","苓雅區",2.79
"109Q3","高雄市","前鎮區",2.89
"109Q3","高雄市","旗津區",4.06
"109Q3","高雄市","小港區",3.49
"109Q3","高雄市","鳳山區",3.00
"109Q3","高雄市","林園區",3.69
"109Q3","高雄市","大寮區",3.21
"109Q3","高雄市","大樹區",3.82
"109Q3","高雄市","大社區",3.16
"109Q3","高雄市","仁武區",3.03
"109Q3","高雄市","鳥松區",2.83
"109Q3","高雄市","岡山區",3.25
"109Q3","高雄市","橋頭區",3.09
"109Q3","高雄市","燕巢區",3.71
"109Q3","高雄市","田寮區",3.72
"109Q3","高雄市","阿蓮區",3.70
"109Q3","高雄市","路竹區",3.63
"109Q3","高雄市","湖內區",3.22
"109Q3","高雄市","茄萣區",3.97
"109Q3","高雄市","永安區",4.22
"109Q3","高雄市","彌陀區",4.10
"109Q3","高雄市","梓官區",3.53
"109Q3","高雄市","旗山區",3.37
"109Q3","高雄市","美濃區",4.13
"109Q3","高雄市","六龜區",3.20
"109Q3","高雄市","甲仙區",3.36
"109Q3","高雄市","杉林區",3.51
"109Q3","高雄市","內門區",4.65
"109Q3","高雄市","茂林區",4.59
"109Q3","高雄市","桃源區",4.47
"109Q3","高雄市","那瑪夏區",4.66
"109Q3","宜蘭縣","",3.20
"109Q3","宜蘭縣","宜蘭市",3.00
"109Q3","宜蘭縣","羅東鎮",3.32
"109Q3","宜蘭縣","蘇澳鎮",3.27
"109Q3","宜蘭縣","頭城鎮",3.53
"109Q3","宜蘭縣","礁溪鄉",3.01
"109Q3","宜蘭縣","壯圍鄉",3.53
"109Q3","宜蘭縣","員山鄉",3.30
"109Q3","宜蘭縣","冬山鄉",3.11
"109Q3","宜蘭縣","五結鄉",3.04
"109Q3","宜蘭縣","三星鄉",3.10
"109Q3","宜蘭縣","大同鄉",4.15
"109Q3","宜蘭縣","南澳鄉",4.94
"109Q3","新竹縣","",3.30
"109Q3","新竹縣","竹北市",3.06
"109Q3","新竹縣","關西鎮",4.11
"109Q3","新竹縣","新埔鎮",3.57
"109Q3","新竹縣","竹東鎮",3.18
"109Q3","新竹縣","湖口鄉",3.27
"109Q3","新竹縣","橫山鄉",3.65
"109Q3","新竹縣","新豐鄉",3.53
"109Q3","新竹縣","芎林鄉",3.63
"109Q3","新竹縣","寶山鄉",3.06
"109Q3","新竹縣","北埔鄉",4.08
"109Q3","新竹縣","峨眉鄉",4.30
"109Q3","新竹縣","尖石鄉",4.45
"109Q3","新竹縣","五峰鄉",3.90
"109Q3","苗栗縣","",3.51
"109Q3","苗栗縣","苗栗市",3.10
"109Q3","苗栗縣","苑裡鎮",3.87
"109Q3","苗栗縣","通霄鎮",4.10
"109Q3","苗栗縣","竹南鎮",3.30
"109Q3","苗栗縣","頭份鎮",3.24
"109Q3","苗栗縣","後龍鎮",4.00
"109Q3","苗栗縣","卓蘭鎮",4.17
"109Q3","苗栗縣","大湖鄉",3.99
"109Q3","苗栗縣","公館鄉",3.59
"109Q3","苗栗縣","銅鑼鄉",3.80
"109Q3","苗栗縣","南庄鄉",3.58
"109Q3","苗栗縣","頭屋鄉",3.84
"109Q3","苗栗縣","三義鄉",3.78
"109Q3","苗栗縣","西湖鄉",4.75
"109Q3","苗栗縣","造橋鄉",3.72
"109Q3","苗栗縣","三灣鄉",3.78
"109Q3","苗栗縣","獅潭鄉",3.49
"109Q3","苗栗縣","泰安鄉",5.49
"109Q3","彰化縣","",4.11
"109Q3","彰化縣","彰化市",3.55
"109Q3","彰化縣","鹿港鎮",4.33
"109Q3","彰化縣","和美鎮",3.86
"109Q3","彰化縣","北斗鎮",3.62
"109Q3","彰化縣","員林鎮",3.75
"109Q3","彰化縣","溪湖鎮",4.40
"109Q3","彰化縣","田中鎮",3.72
"109Q3","彰化縣","二林鎮",4.76
"109Q3","彰化縣","線西鄉",4.82
"109Q3","彰化縣","伸港鄉",4.57
"109Q3","彰化縣","福興鄉",4.83
"109Q3","彰化縣","秀水鄉",4.30
"109Q3","彰化縣","花壇鄉",3.84
"109Q3","彰化縣","芬園鄉",4.56
"109Q3","彰化縣","大村鄉",4.98
"109Q3","彰化縣","埔鹽鄉",5.52
"109Q3","彰化縣","埔心鄉",3.78
"109Q3","彰化縣","永靖鄉",4.73
"109Q3","彰化縣","社頭鄉",4.65
"109Q3","彰化縣","二水鄉",3.85
"109Q3","彰化縣","田尾鄉",3.92
"109Q3","彰化縣","埤頭鄉",4.22
"109Q3","彰化縣","芳苑鄉",4.81
"109Q3","彰化縣","大城鄉",5.61
"109Q3","彰化縣","竹塘鄉",4.38
"109Q3","彰化縣","溪州鄉",4.71
"109Q3","南投縣","",3.62
"109Q3","南投縣","南投市",3.34
"109Q3","南投縣","埔里鎮",3.49
"109Q3","南投縣","草屯鎮",3.64
"109Q3","南投縣","竹山鎮",3.40
"109Q3","南投縣","集集鎮",3.56
"109Q3","南投縣","名間鄉",4.24
"109Q3","南投縣","鹿谷鄉",3.95
"109Q3","南投縣","中寮鄉",4.08
"109Q3","南投縣","魚池鄉",4.16
"109Q3","南投縣","國姓鄉",3.62
"109Q3","南投縣","水里鄉",3.29
"109Q3","南投縣","信義鄉",4.56
"109Q3","南投縣","仁愛鄉",4.28
"109Q3","雲林縣","",3.84
"109Q3","雲林縣","斗六市",3.24
"109Q3","雲林縣","斗南鎮",3.40
"109Q3","雲林縣","虎尾鎮",3.29
"109Q3","雲林縣","西螺鎮",3.87
"109Q3","雲林縣","土庫鎮",3.96
"109Q3","雲林縣","北港鎮",3.34
"109Q3","雲林縣","古坑鄉",3.87
"109Q3","雲林縣","大埤鄉",4.02
"109Q3","雲林縣","莿桐鄉",4.04
"109Q3","雲林縣","林內鄉",3.82
"109Q3","雲林縣","二崙鄉",4.37
"109Q3","雲林縣","崙背鄉",4.02
"109Q3","雲林縣","麥寮鄉",5.84
"109Q3","雲林縣","東勢鄉",4.10
"109Q3","雲林縣","褒忠鄉",4.10
"109Q3","雲林縣","台西鄉",4.63
"109Q3","雲林縣","元長鄉",4.24
"109Q3","雲林縣","四湖鄉",4.18
"109Q3","雲林縣","口湖鄉",4.86
"109Q3","雲林縣","水林鄉",4.54
"109Q3","嘉義縣","",3.83
"109Q3","嘉義縣","太保市",3.52
"109Q3","嘉義縣","朴子市",3.51
"109Q3","嘉義縣","布袋鎮",4.06
"109Q3","嘉義縣","大林鎮",3.57
"109Q3","嘉義縣","民雄鄉",3.49
"109Q3","嘉義縣","溪口鄉",4.68
"109Q3","嘉義縣","新港鄉",4.32
"109Q3","嘉義縣","六腳鄉",4.44
"109Q3","嘉義縣","東石鄉",4.64
"109Q3","嘉義縣","義竹鄉",4.18
"109Q3","嘉義縣","鹿草鄉",4.30
"109Q3","嘉義縣","水上鄉",3.38
"109Q3","嘉義縣","中埔鄉",3.84
"109Q3","嘉義縣","竹崎鄉",4.26
"109Q3","嘉義縣","梅山鄉",3.97
"109Q3","嘉義縣","番路鄉",3.62
"109Q3","嘉義縣","大埔鄉",5.17
"109Q3","嘉義縣","阿里山鄉",4.33
"109Q3","屏東縣","",3.54
"109Q3","屏東縣","屏東市",3.08
"109Q3","屏東縣","潮州鎮",3.09
"109Q3","屏東縣","東港鎮",3.58
"109Q3","屏東縣","恆春鎮",3.54
"109Q3","屏東縣","萬丹鄉",3.73
"109Q3","屏東縣","長治鄉",3.52
"109Q3","屏東縣","麟洛鄉",3.25
"109Q3","屏東縣","九如鄉",3.70
"109Q3","屏東縣","里港鄉",4.01
"109Q3","屏東縣","鹽埔鄉",4.30
"109Q3","屏東縣","高樹鄉",4.22
"109Q3","屏東縣","萬巒鄉",4.33
"109Q3","屏東縣","內埔鄉",3.51
"109Q3","屏東縣","竹田鄉",3.65
"109Q3","屏東縣","新埤鄉",3.92
"109Q3","屏東縣","枋寮鄉",3.55
"109Q3","屏東縣","新園鄉",3.84
"109Q3","屏東縣","崁頂鄉",5.02
"109Q3","屏東縣","林邊鄉",3.74
"109Q3","屏東縣","南州鄉",3.63
"109Q3","屏東縣","佳冬鄉",3.93
"109Q3","屏東縣","琉球鄉",4.26
"109Q3","屏東縣","車城鄉",3.43
"109Q3","屏東縣","滿州鄉",3.53
"109Q3","屏東縣","枋山鄉",3.71
"109Q3","屏東縣","三地門鄉",4.48
"109Q3","屏東縣","霧台鄉",3.79
"109Q3","屏東縣","瑪家鄉",4.56
"109Q3","屏東縣","泰武鄉",5.36
"109Q3","屏東縣","來義鄉",4.21
"109Q3","屏東縣","春日鄉",4.54
"109Q3","屏東縣","獅子鄉",3.98
"109Q3","屏東縣","牡丹鄉",3.40
"109Q3","台東縣","",3.25
"109Q3","台東縣","台東市",3.21
"109Q3","台東縣","成功鎮",3.10
"109Q3","台東縣","關山鎮",3.32
"109Q3","台東縣","卑南鄉",3.23
"109Q3","台東縣","大武鄉",3.00
"109Q3","台東縣","太麻里鄉",3.05
"109Q3","台東縣","東河鄉",2.84
"109Q3","台東縣","長濱鄉",2.68
"109Q3","台東縣","鹿野鄉",3.29
"109Q3","台東縣","池上鄉",3.22
"109Q3","台東縣","綠島鄉",5.86
"109Q3","台東縣","延平鄉",4.44
"109Q3","台東縣","海端鄉",4.49
"109Q3","台東縣","達仁鄉",3.22
"109Q3","台東縣","金峰鄉",4.69
"109Q3","台東縣","蘭嶼鄉",4.08
"109Q3","花蓮縣","",3.18
"109Q3","花蓮縣","花蓮市",3.12
"109Q3","花蓮縣","鳳林鎮",3.00
"109Q3","花蓮縣","玉里鎮",3.14
"109Q3","花蓮縣","新城鄉",3.11
"109Q3","花蓮縣","吉安鄉",3.06
"109Q3","花蓮縣","壽豐鄉",2.99
"109Q3","花蓮縣","光復鄉",3.07
"109Q3","花蓮縣","豐濱鄉",3.12
"109Q3","花蓮縣","瑞穗鄉",3.00
"109Q3","花蓮縣","富里鄉",3.09
"109Q3","花蓮縣","秀林鄉",4.99
"109Q3","花蓮縣","萬榮鄉",4.39
"109Q3","花蓮縣","卓溪鄉",4.36
"109Q3","澎湖縣","",3.97
"109Q3","澎湖縣","馬公市",3.71
"109Q3","澎湖縣","湖西鄉",4.15
"109Q3","澎湖縣","白沙鄉",4.63
"109Q3","澎湖縣","西嶼鄉",3.94
"109Q3","澎湖縣","望安鄉",5.79
"109Q3","澎湖縣","七美鄉",5.18
"109Q3","基隆市","",2.74
"109Q3","基隆市","中正區",2.60
"109Q3","基隆市","七堵區",2.82
"109Q3","基隆市","暖暖區",2.72
"109Q3","基隆市","仁愛區",2.93
"109Q3","基隆市","中山區",2.81
"109Q3","基隆市","安樂區",2.71
"109Q3","基隆市","信義區",2.70
"109Q3","新竹市","",3.13
"109Q3","新竹市","新竹市",3.13
"109Q3","嘉義市","",3.15
"109Q3","嘉義市","嘉義市",3.15
"109Q3","金門縣","",7.16
"109Q3","金門縣","金城鎮",6.95
"109Q3","金門縣","金湖鎮",6.59
"109Q3","金門縣","金沙鎮",7.01
"109Q3","金門縣","金寧鄉",7.46
"109Q3","金門縣","烈嶼鄉",9.37
"109Q3","金門縣","烏坵鄉",8.24
"109Q3","連江縣","",4.81
"109Q3","連江縣","南竿鄉",4.53
"109Q3","連江縣","北竿鄉",5.36
"109Q3","連江縣","莒光鄉",5.30
"109Q3","連江縣","東引鄉",4.97
"109Q4","全國","",3.26
"109Q4","新北市","",2.98
"109Q4","新北市","板橋區",3.07
"109Q4","新北市","三重區",2.99
"109Q4","新北市","中和區",2.83
"109Q4","新北市","永和區",2.83
"109Q4","新北市","新莊區",3.12
"109Q4","新北市","新店區",2.68
"109Q4","新北市","樹林區",3.23
"109Q4","新北市","鶯歌區",3.27
"109Q4","新北市","三峽區",3.15
"109Q4","新北市","淡水區",2.50
"109Q4","新北市","汐止區",2.61
"109Q4","新北市","瑞芳區",3.10
"109Q4","新北市","土城區",3.16
"109Q4","新北市","蘆洲區",3.28
"109Q4","新北市","五股區",3.08
"109Q4","新北市","泰山區",3.13
"109Q4","新北市","林口區",2.95
"109Q4","新北市","深坑區",2.83
"109Q4","新北市","石碇區",3.34
"109Q4","新北市","坪林區",3.75
"109Q4","新北市","三芝區",2.93
"109Q4","新北市","石門區",4.67
"109Q4","新北市","八里區",3.22
"109Q4","新北市","平溪區",2.73
"109Q4","新北市","雙溪區",3.47
"109Q4","新北市","貢寮區",4.25
"109Q4","新北市","金山區",3.88
"109Q4","新北市","萬里區",3.98
"109Q4","新北市","烏來區",5.18
"109Q4","台北市","",3.18
"109Q4","台北市","松山區",3.24
"109Q4","台北市","信義區",3.08
"109Q4","台北市","大安區",3.28
"109Q4","台北市","中山區",2.77
"109Q4","台北市","中正區",3.26
"109Q4","台北市","大同區",3.22
"109Q4","台北市","萬華區",3.00
"109Q4","台北市","文山區",3.17
"109Q4","台北市","南港區",3.22
"109Q4","台北市","內湖區",3.28
"109Q4","台北市","士林區",3.36
"109Q4","台北市","北投區",3.35
"109Q4","桃園市","",3.20
"109Q4","桃園市","桃園區",3.05
"109Q4","桃園市","中壢區",3.10
"109Q4","桃園市","平鎮區",3.29
"109Q4","桃園市","八德區",3.20
"109Q4","桃園市","楊梅區",3.26
"109Q4","桃園市","大溪區",3.36
"109Q4","桃園市","蘆竹區",3.22
"109Q4","桃園市","大園區",3.40
"109Q4","桃園市","龜山區",3.01
"109Q4","桃園市","龍潭區",3.29
"109Q4","桃園市","新屋區",3.91
"109Q4","桃園市","觀音區",3.60
"109Q4","桃園市","復興區",4.37
"109Q4","台中市","",3.40
"109Q4","台中市","中區",3.28
"109Q4","台中市","東區",3.20
"109Q4","台中市","南區",2.91
"109Q4","台中市","西區",2.98
"109Q4","台中市","北區",2.91
"109Q4","台中市","西屯區",3.03
"109Q4","台中市","南屯區",3.13
"109Q4","台中市","北屯區",3.13
"109Q4","台中市","豐原區",3.76
"109Q4","台中市","東勢區",3.68
"109Q4","台中市","大甲區",4.05
"109Q4","台中市","清水區",3.78
"109Q4","台中市","沙鹿區",3.59
"109Q4","台中市","梧棲區",3.78
"109Q4","台中市","后里區",4.19
"109Q4","台中市","神岡區",4.02
"109Q4","台中市","潭子區",3.52
"109Q4","台中市","大雅區",3.77
"109Q4","台中市","新社區",3.77
"109Q4","台中市","石岡區",3.94
"109Q4","台中市","外埔區",4.00
"109Q4","台中市","大安區",4.44
"109Q4","台中市","烏日區",3.47
"109Q4","台中市","大肚區",3.77
"109Q4","台中市","龍井區",4.07
"109Q4","台中市","霧峰區",3.86
"109Q4","台中市","太平區",3.45
"109Q4","台中市","大里區",3.56
"109Q4","台中市","和平區",3.39
"109Q4","台南市","",3.25
"109Q4","台南市","新營區",3.00
"109Q4","台南市","鹽水區",3.33
"109Q4","台南市","白河區",3.66
"109Q4","台南市","柳營區",3.42
"109Q4","台南市","後壁區",3.47
"109Q4","台南市","東山區",3.86
"109Q4","台南市","麻豆區",3.36
"109Q4","台南市","下營區",3.57
"109Q4","台南市","六甲區",3.50
"109Q4","台南市","官田區",3.33
"109Q4","台南市","大內區",3.65
"109Q4","台南市","佳里區",3.35
"109Q4","台南市","學甲區",3.40
"109Q4","台南市","西港區",3.70
"109Q4","台南市","七股區",4.16
"109Q4","台南市","將軍區",3.90
"109Q4","台南市","北門區",4.16
"109Q4","台南市","新化區",3.54
"109Q4","台南市","善化區",3.12
"109Q4","台南市","新市區",3.25
"109Q4","台南市","安定區",3.56
"109Q4","台南市","山上區",3.65
"109Q4","台南市","玉井區",3.40
"109Q4","台南市","楠西區",3.58
"109Q4","台南市","南化區",4.19
"109Q4","台南市","左鎮區",3.51
"109Q4","台南市","仁德區",3.21
"109Q4","台南市","歸仁區",3.50
"109Q4","台南市","關廟區",3.61
"109Q4","台南市","龍崎區",4.06
"109Q4","台南市","永康區",3.09
"109Q4","台南市","東區",3.00
"109Q4","台南市","南區",3.12
"109Q4","台南市","北區",2.95
"109Q4","台南市","安南區",3.59
"109Q4","台南市","安平區",2.90
"109Q4","台南市","中西區",3.04
"109Q4","高雄市","",3.07
"109Q4","高雄市","鹽埕區",2.66
"109Q4","高雄市","鼓山區",2.77
"109Q4","高雄市","左營區",2.82
"109Q4","高雄市","楠梓區",2.93
"109Q4","高雄市","三民區",2.93
"109Q4","高雄市","新興區",2.58
"109Q4","高雄市","前金區",2.39
"109Q4","高雄市","苓雅區",2.79
"109Q4","高雄市","前鎮區",2.89
"109Q4","高雄市","旗津區",4.05
"109Q4","高雄市","小港區",3.48
"109Q4","高雄市","鳳山區",2.99
"109Q4","高雄市","林園區",3.68
"109Q4","高雄市","大寮區",3.20
"109Q4","高雄市","大樹區",3.79
"109Q4","高雄市","大社區",3.16
"109Q4","高雄市","仁武區",3.02
"109Q4","高雄市","鳥松區",2.83
"109Q4","高雄市","岡山區",3.24
"109Q4","高雄市","橋頭區",3.06
"109Q4","高雄市","燕巢區",3.71
"109Q4","高雄市","田寮區",3.73
"109Q4","高雄市","阿蓮區",3.70
"109Q4","高雄市","路竹區",3.62
"109Q4","高雄市","湖內區",3.22
"109Q4","高雄市","茄萣區",3.96
"109Q4","高雄市","永安區",4.20
"109Q4","高雄市","彌陀區",4.07
"109Q4","高雄市","梓官區",3.51
"109Q4","高雄市","旗山區",3.36
"109Q4","高雄市","美濃區",4.11
"109Q4","高雄市","六龜區",3.19
"109Q4","高雄市","甲仙區",3.34
"109Q4","高雄市","杉林區",3.50
"109Q4","高雄市","內門區",4.63
"109Q4","高雄市","茂林區",4.56
"109Q4","高雄市","桃源區",4.45
"109Q4","高雄市","那瑪夏區",4.65
"109Q4","宜蘭縣","",3.19
"109Q4","宜蘭縣","宜蘭市",2.99
"109Q4","宜蘭縣","羅東鎮",3.32
"109Q4","宜蘭縣","蘇澳鎮",3.25
"109Q4","宜蘭縣","頭城鎮",3.51
"109Q4","宜蘭縣","礁溪鄉",3.00
"109Q4","宜蘭縣","壯圍鄉",3.51
"109Q4","宜蘭縣","員山鄉",3.29
"109Q4","宜蘭縣","冬山鄉",3.10
"109Q4","宜蘭縣","五結鄉",3.03
"109Q4","宜蘭縣","三星鄉",3.09
"109Q4","宜蘭縣","大同鄉",4.13
"109Q4","宜蘭縣","南澳鄉",4.97
"109Q4","新竹縣","",3.29
"109Q4","新竹縣","竹北市",3.06
"109Q4","新竹縣","關西鎮",4.08
"109Q4","新竹縣","新埔鎮",3.54
"109Q4","新竹縣","竹東鎮",3.18
"109Q4","新竹縣","湖口鄉",3.25
"109Q4","新竹縣","橫山鄉",3.64
"109Q4","新竹縣","新豐鄉",3.52
"109Q4","新竹縣","芎林鄉",3.60
"109Q4","新竹縣","寶山鄉",3.05
"109Q4","新竹縣","北埔鄉",4.07
"109Q4","新竹縣","峨眉鄉",4.27
"109Q4","新竹縣","尖石鄉",4.47
"109Q4","新竹縣","五峰鄉",3.90
"109Q4","苗栗縣","",3.50
"109Q4","苗栗縣","苗栗市",3.09
"109Q4","苗栗縣","苑裡鎮",3.85
"109Q4","苗栗縣","通霄鎮",4.08
"109Q4","苗栗縣","竹南鎮",3.29
"109Q4","苗栗縣","頭份鎮",3.23
"109Q4","苗栗縣","後龍鎮",3.98
"109Q4","苗栗縣","卓蘭鎮",4.15
"109Q4","苗栗縣","大湖鄉",3.97
"109Q4","苗栗縣","公館鄉",3.57
"109Q4","苗栗縣","銅鑼鄉",3.78
"109Q4","苗栗縣","南庄鄉",3.55
"109Q4","苗栗縣","頭屋鄉",3.83
"109Q4","苗栗縣","三義鄉",3.76
"109Q4","苗栗縣","西湖鄉",4.72
"109Q4","苗栗縣","造橋鄉",3.70
"109Q4","苗栗縣","三灣鄉",3.77
"109Q4","苗栗縣","獅潭鄉",3.47
"109Q4","苗栗縣","泰安鄉",5.41
"109Q4","彰化縣","",4.10
"109Q4","彰化縣","彰化市",3.55
"109Q4","彰化縣","鹿港鎮",4.32
"109Q4","彰化縣","和美鎮",3.85
"109Q4","彰化縣","北斗鎮",3.62
"109Q4","彰化縣","員林鎮",3.73
"109Q4","彰化縣","溪湖鎮",4.38
"109Q4","彰化縣","田中鎮",3.70
"109Q4","彰化縣","二林鎮",4.75
"109Q4","彰化縣","線西鄉",4.80
"109Q4","彰化縣","伸港鄉",4.56
"109Q4","彰化縣","福興鄉",4.82
"109Q4","彰化縣","秀水鄉",4.28
"109Q4","彰化縣","花壇鄉",3.83
"109Q4","彰化縣","芬園鄉",4.53
"109Q4","彰化縣","大村鄉",5.09
"109Q4","彰化縣","埔鹽鄉",5.47
"109Q4","彰化縣","埔心鄉",3.76
"109Q4","彰化縣","永靖鄉",4.70
"109Q4","彰化縣","社頭鄉",4.63
"109Q4","彰化縣","二水鄉",3.84
"109Q4","彰化縣","田尾鄉",3.89
"109Q4","彰化縣","埤頭鄉",4.21
"109Q4","彰化縣","芳苑鄉",4.78
"109Q4","彰化縣","大城鄉",5.58
"109Q4","彰化縣","竹塘鄉",4.37
"109Q4","彰化縣","溪州鄉",4.70
"109Q4","南投縣","",3.61
"109Q4","南投縣","南投市",3.34
"109Q4","南投縣","埔里鎮",3.48
"109Q4","南投縣","草屯鎮",3.63
"109Q4","南投縣","竹山鎮",3.39
"109Q4","南投縣","集集鎮",3.55
"109Q4","南投縣","名間鄉",4.22
"109Q4","南投縣","鹿谷鄉",3.93
"109Q4","南投縣","中寮鄉",4.06
"109Q4","南投縣","魚池鄉",4.15
"109Q4","南投縣","國姓鄉",3.60
"109Q4","南投縣","水里鄉",3.27
"109Q4","南投縣","信義鄉",4.54
"109Q4","南投縣","仁愛鄉",4.29
"109Q4","雲林縣","",3.82
"109Q4","雲林縣","斗六市",3.23
"109Q4","雲林縣","斗南鎮",3.39
"109Q4","雲林縣","虎尾鎮",3.28
"109Q4","雲林縣","西螺鎮",3.86
"109Q4","雲林縣","土庫鎮",3.94
"109Q4","雲林縣","北港鎮",3.33
"109Q4","雲林縣","古坑鄉",3.86
"109Q4","雲林縣","大埤鄉",4.00
"109Q4","雲林縣","莿桐鄉",4.03
"109Q4","雲林縣","林內鄉",3.80
"109Q4","雲林縣","二崙鄉",4.35
"109Q4","雲林縣","崙背鄉",3.99
"109Q4","雲林縣","麥寮鄉",5.84
"109Q4","雲林縣","東勢鄉",4.08
"109Q4","雲林縣","褒忠鄉",4.09
"109Q4","雲林縣","台西鄉",4.61
"109Q4","雲林縣","元長鄉",4.22
"109Q4","雲林縣","四湖鄉",4.16
"109Q4","雲林縣","口湖鄉",4.84
"109Q4","雲林縣","水林鄉",4.53
"109Q4","嘉義縣","",3.82
"109Q4","嘉義縣","太保市",3.52
"109Q4","嘉義縣","朴子市",3.50
"109Q4","嘉義縣","布袋鎮",4.05
"109Q4","嘉義縣","大林鎮",3.57
"109Q4","嘉義縣","民雄鄉",3.47
"109Q4","嘉義縣","溪口鄉",4.65
"109Q4","嘉義縣","新港鄉",4.30
"109Q4","嘉義縣","六腳鄉",4.42
"109Q4","嘉義縣","東石鄉",4.62
"109Q4","嘉義縣","義竹鄉",4.16
"109Q4","嘉義縣","鹿草鄉",4.29
"109Q4","嘉義縣","水上鄉",3.37
"109Q4","嘉義縣","中埔鄉",3.83
"109Q4","嘉義縣","竹崎鄉",4.24
"109Q4","嘉義縣","梅山鄉",3.96
"109Q4","嘉義縣","番路鄉",3.61
"109Q4","嘉義縣","大埔鄉",5.14
"109Q4","嘉義縣","阿里山鄉",4.30
"109Q4","屏東縣","",3.53
"109Q4","屏東縣","屏東市",3.07
"109Q4","屏東縣","潮州鎮",3.08
"109Q4","屏東縣","東港鎮",3.56
"109Q4","屏東縣","恆春鎮",3.52
"109Q4","屏東縣","萬丹鄉",3.71
"109Q4","屏東縣","長治鄉",3.51
"109Q4","屏東縣","麟洛鄉",3.23
"109Q4","屏東縣","九如鄉",3.68
"109Q4","屏東縣","里港鄉",3.99
"109Q4","屏東縣","鹽埔鄉",4.28
"109Q4","屏東縣","高樹鄉",4.21
"109Q4","屏東縣","萬巒鄉",4.31
"109Q4","屏東縣","內埔鄉",3.50
"109Q4","屏東縣","竹田鄉",3.63
"109Q4","屏東縣","新埤鄉",3.90
"109Q4","屏東縣","枋寮鄉",3.54
"109Q4","屏東縣","新園鄉",3.82
"109Q4","屏東縣","崁頂鄉",5.01
"109Q4","屏東縣","林邊鄉",3.73
"109Q4","屏東縣","南州鄉",3.62
"109Q4","屏東縣","佳冬鄉",3.92
"109Q4","屏東縣","琉球鄉",4.23
"109Q4","屏東縣","車城鄉",3.41
"109Q4","屏東縣","滿州鄉",3.52
"109Q4","屏東縣","枋山鄉",3.69
"109Q4","屏東縣","三地門鄉",4.48
"109Q4","屏東縣","霧台鄉",3.76
"109Q4","屏東縣","瑪家鄉",4.54
"109Q4","屏東縣","泰武鄉",5.31
"109Q4","屏東縣","來義鄉",4.22
"109Q4","屏東縣","春日鄉",4.55
"109Q4","屏東縣","獅子鄉",3.96
"109Q4","屏東縣","牡丹鄉",3.40
"109Q4","台東縣","",3.24
"109Q4","台東縣","台東市",3.20
"109Q4","台東縣","成功鎮",3.10
"109Q4","台東縣","關山鎮",3.31
"109Q4","台東縣","卑南鄉",3.20
"109Q4","台東縣","大武鄉",2.98
"109Q4","台東縣","太麻里鄉",3.04
"109Q4","台東縣","東河鄉",2.84
"109Q4","台東縣","長濱鄉",2.67
"109Q4","台東縣","鹿野鄉",3.27
"109Q4","台東縣","池上鄉",3.20
"109Q4","台東縣","綠島鄉",5.84
"109Q4","台東縣","延平鄉",4.47
"109Q4","台東縣","海端鄉",4.47
"109Q4","台東縣","達仁鄉",3.22
"109Q4","台東縣","金峰鄉",4.69
"109Q4","台東縣","蘭嶼鄉",4.13
"109Q4","花蓮縣","",3.17
"109Q4","花蓮縣","花蓮市",3.12
"109Q4","花蓮縣","鳳林鎮",3.00
"109Q4","花蓮縣","玉里鎮",3.13
"109Q4","花蓮縣","新城鄉",3.10
"109Q4","花蓮縣","吉安鄉",3.05
"109Q4","花蓮縣","壽豐鄉",2.97
"109Q4","花蓮縣","光復鄉",3.05
"109Q4","花蓮縣","豐濱鄉",3.11
"109Q4","花蓮縣","瑞穗鄉",3.00
"109Q4","花蓮縣","富里鄉",3.08
"109Q4","花蓮縣","秀林鄉",5.01
"109Q4","花蓮縣","萬榮鄉",4.37
"109Q4","花蓮縣","卓溪鄉",4.35
"109Q4","澎湖縣","",3.96
"109Q4","澎湖縣","馬公市",3.69
"109Q4","澎湖縣","湖西鄉",4.15
"109Q4","澎湖縣","白沙鄉",4.64
"109Q4","澎湖縣","西嶼鄉",3.94
"109Q4","澎湖縣","望安鄉",5.79
"109Q4","澎湖縣","七美鄉",5.13
"109Q4","基隆市","",2.74
"109Q4","基隆市","中正區",2.60
"109Q4","基隆市","七堵區",2.81
"109Q4","基隆市","暖暖區",2.71
"109Q4","基隆市","仁愛區",2.92
"109Q4","基隆市","中山區",2.81
"109Q4","基隆市","安樂區",2.71
"109Q4","基隆市","信義區",2.70
"109Q4","新竹市","",3.13
"109Q4","新竹市","新竹市",3.13
"109Q4","嘉義市","",3.14
"109Q4","嘉義市","嘉義市",3.14
"109Q4","金門縣","",7.14
"109Q4","金門縣","金城鎮",6.92
"109Q4","金門縣","金湖鎮",6.58
"109Q4","金門縣","金沙鎮",7.00
"109Q4","金門縣","金寧鄉",7.43
"109Q4","金門縣","烈嶼鄉",9.34
"109Q4","金門縣","烏坵鄉",8.25
"109Q4","連江縣","",4.82
"109Q4","連江縣","南竿鄉",4.53
"109Q4","連江縣","北竿鄉",5.38
"109Q4","連江縣","莒光鄉",5.22
"109Q4","連江縣","東引鄉",5.16
"110Q1","全國","",3.25
"110Q1","新北市","",2.97
"110Q1","新北市","板橋區",3.06
"110Q1","新北市","三重區",2.98
"110Q1","新北市","中和區",2.82
"110Q1","新北市","永和區",2.82
"110Q1","新北市","新莊區",3.11
"110Q1","新北市","新店區",2.68
"110Q1","新北市","樹林區",3.22
"110Q1","新北市","鶯歌區",3.26
"110Q1","新北市","三峽區",3.15
"110Q1","新北市","淡水區",2.49
"110Q1","新北市","汐止區",2.61
"110Q1","新北市","瑞芳區",3.09
"110Q1","新北市","土城區",3.15
"110Q1","新北市","蘆洲區",3.28
"110Q1","新北市","五股區",3.07
"110Q1","新北市","泰山區",3.12
"110Q1","新北市","林口區",2.94
"110Q1","新北市","深坑區",2.83
"110Q1","新北市","石碇區",3.32
"110Q1","新北市","坪林區",3.74
"110Q1","新北市","三芝區",2.93
"110Q1","新北市","石門區",4.63
"110Q1","新北市","八里區",3.20
"110Q1","新北市","平溪區",2.72
"110Q1","新北市","雙溪區",3.46
"110Q1","新北市","貢寮區",4.23
"110Q1","新北市","金山區",3.85
"110Q1","新北市","萬里區",3.96
"110Q1","新北市","烏來區",5.12
"110Q1","台北市","",3.17
"110Q1","台北市","松山區",3.22
"110Q1","台北市","信義區",3.06
"110Q1","台北市","大安區",3.26
"110Q1","台北市","中山區",2.75
"110Q1","台北市","中正區",3.24
"110Q1","台北市","大同區",3.20
"110Q1","台北市","萬華區",2.98
"110Q1","台北市","文山區",3.16
"110Q1","台北市","南港區",3.20
"110Q1","台北市","內湖區",3.27
"110Q1","台北市","士林區",3.34
"110Q1","台北市","北投區",3.33
"110Q1","桃園市","",3.19
"110Q1","桃園市","桃園區",3.05
"110Q1","桃園市","中壢區",3.09
"110Q1","桃園市","平鎮區",3.28
"110Q1","桃園市","八德區",3.20
"110Q1","桃園市","楊梅區",3.25
"110Q1","桃園市","大溪區",3.34
"110Q1","桃園市","蘆竹區",3.21
"110Q1","桃園市","大園區",3.39
"110Q1","桃園市","龜山區",2.99
"110Q1","桃園市","龍潭區",3.28
"110Q1","桃園市","新屋區",3.89
"110Q1","桃園市","觀音區",3.58
"110Q1","桃園市","復興區",4.35
"110Q1","台中市","",3.39
"110Q1","台中市","中區",3.28
"110Q1","台中市","東區",3.18
"110Q1","台中市","南區",2.90
"110Q1","台中市","西區",2.97
"110Q1","台中市","北區",2.90
"110Q1","台中市","西屯區",3.02
"110Q1","台中市","南屯區",3.12
"110Q1","台中市","北屯區",3.12
"110Q1","台中市","豐原區",3.74
"110Q1","台中市","東勢區",3.67
"110Q1","台中市","大甲區",4.04
"110Q1","台中市","清水區",3.75
"110Q1","台中市","沙鹿區",3.58
"110Q1","台中市","梧棲區",3.77
"110Q1","台中市","后里區",4.18
"110Q1","台中市","神岡區",4.00
"110Q1","台中市","潭子區",3.51
"110Q1","台中市","大雅區",3.76
"110Q1","台中市","新社區",3.74
"110Q1","台中市","石岡區",3.93
"110Q1","台中市","外埔區",3.98
"110Q1","台中市","大安區",4.42
"110Q1","台中市","烏日區",3.46
"110Q1","台中市","大肚區",3.75
"110Q1","台中市","龍井區",4.05
"110Q1","台中市","霧峰區",3.84
"110Q1","台中市","太平區",3.45
"110Q1","台中市","大里區",3.54
"110Q1","台中市","和平區",3.39
"110Q1","台南市","",3.24
"110Q1","台南市","新營區",2.99
"110Q1","台南市","鹽水區",3.32
"110Q1","台南市","白河區",3.64
"110Q1","台南市","柳營區",3.41
"110Q1","台南市","後壁區",3.45
"110Q1","台南市","東山區",3.84
"110Q1","台南市","麻豆區",3.35
"110Q1","台南市","下營區",3.55
"110Q1","台南市","六甲區",3.48
"110Q1","台南市","官田區",3.32
"110Q1","台南市","大內區",3.64
"110Q1","台南市","佳里區",3.34
"110Q1","台南市","學甲區",3.39
"110Q1","台南市","西港區",3.68
"110Q1","台南市","七股區",4.15
"110Q1","台南市","將軍區",3.88
"110Q1","台南市","北門區",4.15
"110Q1","台南市","新化區",3.53
"110Q1","台南市","善化區",3.11
"110Q1","台南市","新市區",3.23
"110Q1","台南市","安定區",3.56
"110Q1","台南市","山上區",3.64
"110Q1","台南市","玉井區",3.38
"110Q1","台南市","楠西區",3.56
"110Q1","台南市","南化區",4.16
"110Q1","台南市","左鎮區",3.49
"110Q1","台南市","仁德區",3.20
"110Q1","台南市","歸仁區",3.49
"110Q1","台南市","關廟區",3.60
"110Q1","台南市","龍崎區",4.03
"110Q1","台南市","永康區",3.09
"110Q1","台南市","東區",2.99
"110Q1","台南市","南區",3.11
"110Q1","台南市","北區",2.94
"110Q1","台南市","安南區",3.58
"110Q1","台南市","安平區",2.89
"110Q1","台南市","中西區",3.03
"110Q1","高雄市","",3.06
"110Q1","高雄市","鹽埕區",2.65
"110Q1","高雄市","鼓山區",2.77
"110Q1","高雄市","左營區",2.81
"110Q1","高雄市","楠梓區",2.92
"110Q1","高雄市","三民區",2.92
"110Q1","高雄市","新興區",2.58
"110Q1","高雄市","前金區",2.37
"110Q1","高雄市","苓雅區",2.77
"110Q1","高雄市","前鎮區",2.88
"110Q1","高雄市","旗津區",4.03
"110Q1","高雄市","小港區",3.47
"110Q1","高雄市","鳳山區",2.99
"110Q1","高雄市","林園區",3.66
"110Q1","高雄市","大寮區",3.19
"110Q1","高雄市","大樹區",3.78
"110Q1","高雄市","大社區",3.15
"110Q1","高雄市","仁武區",3.01
"110Q1","高雄市","鳥松區",2.81
"110Q1","高雄市","岡山區",3.24
"110Q1","高雄市","橋頭區",3.04
"110Q1","高雄市","燕巢區",3.69
"110Q1","高雄市","田寮區",3.71
"110Q1","高雄市","阿蓮區",3.68
"110Q1","高雄市","路竹區",3.61
"110Q1","高雄市","湖內區",3.21
"110Q1","高雄市","茄萣區",3.95
"110Q1","高雄市","永安區",4.20
"110Q1","高雄市","彌陀區",4.06
"110Q1","高雄市","梓官區",3.50
"110Q1","高雄市","旗山區",3.35
"110Q1","高雄市","美濃區",4.08
"110Q1","高雄市","六龜區",3.18
"110Q1","高雄市","甲仙區",3.32
"110Q1","高雄市","杉林區",3.47
"110Q1","高雄市","內門區",4.61
"110Q1","高雄市","茂林區",4.53
"110Q1","高雄市","桃源區",4.41
"110Q1","高雄市","那瑪夏區",4.61
"110Q1","宜蘭縣","",3.18
"110Q1","宜蘭縣","宜蘭市",2.99
"110Q1","宜蘭縣","羅東鎮",3.32
"110Q1","宜蘭縣","蘇澳鎮",3.24
"110Q1","宜蘭縣","頭城鎮",3.50
"110Q1","宜蘭縣","礁溪鄉",2.99
"110Q1","宜蘭縣","壯圍鄉",3.50
"110Q1","宜蘭縣","員山鄉",3.27
"110Q1","宜蘭縣","冬山鄉",3.09
"110Q1","宜蘭縣","五結鄉",3.02
"110Q1","宜蘭縣","三星鄉",3.08
"110Q1","宜蘭縣","大同鄉",4.10
"110Q1","宜蘭縣","南澳鄉",4.97
"110Q1","新竹縣","",3.28
"110Q1","新竹縣","竹北市",3.06
"110Q1","新竹縣","關西鎮",4.06
"110Q1","新竹縣","新埔鎮",3.52
"110Q1","新竹縣","竹東鎮",3.17
"110Q1","新竹縣","湖口鄉",3.24
"110Q1","新竹縣","橫山鄉",3.62
"110Q1","新竹縣","新豐鄉",3.51
"110Q1","新竹縣","芎林鄉",3.58
"110Q1","新竹縣","寶山鄉",3.03
"110Q1","新竹縣","北埔鄉",4.06
"110Q1","新竹縣","峨眉鄉",4.25
"110Q1","新竹縣","尖石鄉",4.45
"110Q1","新竹縣","五峰鄉",3.85
"110Q1","苗栗縣","",3.48
"110Q1","苗栗縣","苗栗市",3.07
"110Q1","苗栗縣","苑裡鎮",3.83
"110Q1","苗栗縣","通霄鎮",4.06
"110Q1","苗栗縣","竹南鎮",3.28
"110Q1","苗栗縣","頭份鎮",3.21
"110Q1","苗栗縣","後龍鎮",3.96
"110Q1","苗栗縣","卓蘭鎮",4.12
"110Q1","苗栗縣","大湖鄉",3.96
"110Q1","苗栗縣","公館鄉",3.54
"110Q1","苗栗縣","銅鑼鄉",3.76
"110Q1","苗栗縣","南庄鄉",3.52
"110Q1","苗栗縣","頭屋鄉",3.81
"110Q1","苗栗縣","三義鄉",3.73
"110Q1","苗栗縣","西湖鄉",4.70
"110Q1","苗栗縣","造橋鄉",3.68
"110Q1","苗栗縣","三灣鄉",3.72
"110Q1","苗栗縣","獅潭鄉",3.46
"110Q1","苗栗縣","泰安鄉",5.34
"110Q1","彰化縣","",4.08
"110Q1","彰化縣","彰化市",3.54
"110Q1","彰化縣","鹿港鎮",4.30
"110Q1","彰化縣","和美鎮",3.83
"110Q1","彰化縣","北斗鎮",3.61
"110Q1","彰化縣","員林鎮",3.71
"110Q1","彰化縣","溪湖鎮",4.36
"110Q1","彰化縣","田中鎮",3.68
"110Q1","彰化縣","二林鎮",4.72
"110Q1","彰化縣","線西鄉",4.77
"110Q1","彰化縣","伸港鄉",4.55
"110Q1","彰化縣","福興鄉",4.78
"110Q1","彰化縣","秀水鄉",4.26
"110Q1","彰化縣","花壇鄉",3.82
"110Q1","彰化縣","芬園鄉",4.51
"110Q1","彰化縣","大村鄉",5.11
"110Q1","彰化縣","埔鹽鄉",5.43
"110Q1","彰化縣","埔心鄉",3.74
"110Q1","彰化縣","永靖鄉",4.67
"110Q1","彰化縣","社頭鄉",4.60
"110Q1","彰化縣","二水鄉",3.82
"110Q1","彰化縣","田尾鄉",3.88
"110Q1","彰化縣","埤頭鄉",4.18
"110Q1","彰化縣","芳苑鄉",4.77
"110Q1","彰化縣","大城鄉",5.55
"110Q1","彰化縣","竹塘鄉",4.35
"110Q1","彰化縣","溪州鄉",4.68
"110Q1","南投縣","",3.60
"110Q1","南投縣","南投市",3.33
"110Q1","南投縣","埔里鎮",3.47
"110Q1","南投縣","草屯鎮",3.62
"110Q1","南投縣","竹山鎮",3.38
"110Q1","南投縣","集集鎮",3.52
"110Q1","南投縣","名間鄉",4.20
"110Q1","南投縣","鹿谷鄉",3.91
"110Q1","南投縣","中寮鄉",4.03
"110Q1","南投縣","魚池鄉",4.11
"110Q1","南投縣","國姓鄉",3.59
"110Q1","南投縣","水里鄉",3.26
"110Q1","南投縣","信義鄉",4.52
"110Q1","南投縣","仁愛鄉",4.28
"110Q1","雲林縣","",3.81
"110Q1","雲林縣","斗六市",3.22
"110Q1","雲林縣","斗南鎮",3.37
"110Q1","雲林縣","虎尾鎮",3.27
"110Q1","雲林縣","西螺鎮",3.84
"110Q1","雲林縣","土庫鎮",3.93
"110Q1","雲林縣","北港鎮",3.32
"110Q1","雲林縣","古坑鄉",3.84
"110Q1","雲林縣","大埤鄉",3.99
"110Q1","雲林縣","莿桐鄉",4.01
"110Q1","雲林縣","林內鄉",3.80
"110Q1","雲林縣","二崙鄉",4.33
"110Q1","雲林縣","崙背鄉",3.97
"110Q1","雲林縣","麥寮鄉",5.81
"110Q1","雲林縣","東勢鄉",4.06
"110Q1","雲林縣","褒忠鄉",4.06
"110Q1","雲林縣","台西鄉",4.58
"110Q1","雲林縣","元長鄉",4.20
"110Q1","雲林縣","四湖鄉",4.13
"110Q1","雲林縣","口湖鄉",4.83
"110Q1","雲林縣","水林鄉",4.52
"110Q1","嘉義縣","",3.81
"110Q1","嘉義縣","太保市",3.51
"110Q1","嘉義縣","朴子市",3.49
"110Q1","嘉義縣","布袋鎮",4.04
"110Q1","嘉義縣","大林鎮",3.56
"110Q1","嘉義縣","民雄鄉",3.46
"110Q1","嘉義縣","溪口鄉",4.62
"110Q1","嘉義縣","新港鄉",4.29
"110Q1","嘉義縣","六腳鄉",4.41
"110Q1","嘉義縣","東石鄉",4.60
"110Q1","嘉義縣","義竹鄉",4.15
"110Q1","嘉義縣","鹿草鄉",4.28
"110Q1","嘉義縣","水上鄉",3.36
"110Q1","嘉義縣","中埔鄉",3.81
"110Q1","嘉義縣","竹崎鄉",4.23
"110Q1","嘉義縣","梅山鄉",3.94
"110Q1","嘉義縣","番路鄉",3.59
"110Q1","嘉義縣","大埔鄉",5.13
"110Q1","嘉義縣","阿里山鄉",4.27
"110Q1","屏東縣","",3.52
"110Q1","屏東縣","屏東市",3.07
"110Q1","屏東縣","潮州鎮",3.09
"110Q1","屏東縣","東港鎮",3.55
"110Q1","屏東縣","恆春鎮",3.50
"110Q1","屏東縣","萬丹鄉",3.70
"110Q1","屏東縣","長治鄉",3.49
"110Q1","屏東縣","麟洛鄉",3.22
"110Q1","屏東縣","九如鄉",3.67
"110Q1","屏東縣","里港鄉",3.98
"110Q1","屏東縣","鹽埔鄉",4.27
"110Q1","屏東縣","高樹鄉",4.20
"110Q1","屏東縣","萬巒鄉",4.28
"110Q1","屏東縣","內埔鄉",3.48
"110Q1","屏東縣","竹田鄉",3.61
"110Q1","屏東縣","新埤鄉",3.88
"110Q1","屏東縣","枋寮鄉",3.52
"110Q1","屏東縣","新園鄉",3.80
"110Q1","屏東縣","崁頂鄉",4.97
"110Q1","屏東縣","林邊鄉",3.71
"110Q1","屏東縣","南州鄉",3.60
"110Q1","屏東縣","佳冬鄉",3.90
"110Q1","屏東縣","琉球鄉",4.21
"110Q1","屏東縣","車城鄉",3.38
"110Q1","屏東縣","滿州鄉",3.50
"110Q1","屏東縣","枋山鄉",3.67
"110Q1","屏東縣","三地門鄉",4.47
"110Q1","屏東縣","霧台鄉",3.76
"110Q1","屏東縣","瑪家鄉",4.54
"110Q1","屏東縣","泰武鄉",5.31
"110Q1","屏東縣","來義鄉",4.19
"110Q1","屏東縣","春日鄉",4.54
"110Q1","屏東縣","獅子鄉",3.95
"110Q1","屏東縣","牡丹鄉",3.37
"110Q1","台東縣","",3.23
"110Q1","台東縣","台東市",3.19
"110Q1","台東縣","成功鎮",3.09
"110Q1","台東縣","關山鎮",3.30
"110Q1","台東縣","卑南鄉",3.19
"110Q1","台東縣","大武鄉",2.96
"110Q1","台東縣","太麻里鄉",3.02
"110Q1","台東縣","東河鄉",2.82
"110Q1","台東縣","長濱鄉",2.65
"110Q1","台東縣","鹿野鄉",3.25
"110Q1","台東縣","池上鄉",3.20
"110Q1","台東縣","綠島鄉",5.86
"110Q1","台東縣","延平鄉",4.49
"110Q1","台東縣","海端鄉",4.50
"110Q1","台東縣","達仁鄉",3.21
"110Q1","台東縣","金峰鄉",4.64
"110Q1","台東縣","蘭嶼鄉",4.08
"110Q1","花蓮縣","",3.16
"110Q1","花蓮縣","花蓮市",3.10
"110Q1","花蓮縣","鳳林鎮",2.99
"110Q1","花蓮縣","玉里鎮",3.12
"110Q1","花蓮縣","新城鄉",3.10
"110Q1","花蓮縣","吉安鄉",3.05
"110Q1","花蓮縣","壽豐鄉",2.96
"110Q1","花蓮縣","光復鄉",3.05
"110Q1","花蓮縣","豐濱鄉",3.11
"110Q1","花蓮縣","瑞穗鄉",2.99
"110Q1","花蓮縣","富里鄉",3.08
"110Q1","花蓮縣","秀林鄉",5.01
"110Q1","花蓮縣","萬榮鄉",4.37
"110Q1","花蓮縣","卓溪鄉",4.33
"110Q1","澎湖縣","",3.95
"110Q1","澎湖縣","馬公市",3.68
"110Q1","澎湖縣","湖西鄉",4.14
"110Q1","澎湖縣","白沙鄉",4.63
"110Q1","澎湖縣","西嶼鄉",3.93
"110Q1","澎湖縣","望安鄉",5.82
"110Q1","澎湖縣","七美鄉",5.06
"110Q1","基隆市","",2.73
"110Q1","基隆市","中正區",2.59
"110Q1","基隆市","七堵區",2.81
"110Q1","基隆市","暖暖區",2.70
"110Q1","基隆市","仁愛區",2.92
"110Q1","基隆市","中山區",2.80
"110Q1","基隆市","安樂區",2.71
"110Q1","基隆市","信義區",2.68
"110Q1","新竹市","",3.11
"110Q1","新竹市","新竹市",3.11
"110Q1","嘉義市","",3.13
"110Q1","嘉義市","嘉義市",3.13
"110Q1","金門縣","",7.11
"110Q1","金門縣","金城鎮",6.90
"110Q1","金門縣","金湖鎮",6.55
"110Q1","金門縣","金沙鎮",6.97
"110Q1","金門縣","金寧鄉",7.37
"110Q1","金門縣","烈嶼鄉",9.28
"110Q1","金門縣","烏坵鄉",8.31
"110Q1","連江縣","",4.83
"110Q1","連江縣","南竿鄉",4.51
"110Q1","連江縣","北竿鄉",5.48
"110Q1","連江縣","莒光鄉",5.23
"110Q1","連江縣","東引鄉",5.19
"110Q2","全國","",3.24
"110Q2","新北市","",2.96
"110Q2","新北市","板橋區",3.05
"110Q2","新北市","三重區",2.97
"110Q2","新北市","中和區",2.81
"110Q2","新北市","永和區",2.81
"110Q2","新北市","新莊區",3.10
"110Q2","新北市","新店區",2.67
"110Q2","新北市","樹林區",3.21
"110Q2","新北市","鶯歌區",3.24
"110Q2","新北市","三峽區",3.13
"110Q2","新北市","淡水區",2.48
"110Q2","新北市","汐止區",2.60
"110Q2","新北市","瑞芳區",3.09
"110Q2","新北市","土城區",3.14
"110Q2","新北市","蘆洲區",3.27
"110Q2","新北市","五股區",3.05
"110Q2","新北市","泰山區",3.11
"110Q2","新北市","林口區",2.94
"110Q2","新北市","深坑區",2.82
"110Q2","新北市","石碇區",3.32
"110Q2","新北市","坪林區",3.73
"110Q2","新北市","三芝區",2.92
"110Q2","新北市","石門區",4.61
"110Q2","新北市","八里區",3.17
"110Q2","新北市","平溪區",2.70
"110Q2","新北市","雙溪區",3.44
"110Q2","新北市","貢寮區",4.22
"110Q2","新北市","金山區",3.83
"110Q2","新北市","萬里區",3.95
"110Q2","新北市","烏來區",5.09
"110Q2","台北市","",3.15
"110Q2","台北市","松山區",3.20
"110Q2","台北市","信義區",3.04
"110Q2","台北市","大安區",3.24
"110Q2","台北市","中山區",2.73
"110Q2","台北市","中正區",3.22
"110Q2","台北市","大同區",3.17
"110Q2","台北市","萬華區",2.96
"110Q2","台北市","文山區",3.14
"110Q2","台北市","南港區",3.19
"110Q2","台北市","內湖區",3.25
"110Q2","台北市","士林區",3.32
"110Q2","台北市","北投區",3.32
"110Q2","桃園市","",3.17
"110Q2","桃園市","桃園區",3.03
"110Q2","桃園市","中壢區",3.08
"110Q2","桃園市","平鎮區",3.27
"110Q2","桃園市","八德區",3.19
"110Q2","桃園市","楊梅區",3.23
"110Q2","桃園市","大溪區",3.33
"110Q2","桃園市","蘆竹區",3.20
"110Q2","桃園市","大園區",3.38
"110Q2","桃園市","龜山區",2.97
"110Q2","桃園市","龍潭區",3.27
"110Q2","桃園市","新屋區",3.88
"110Q2","桃園市","觀音區",3.57
"110Q2","桃園市","復興區",4.37
"110Q2","台中市","",3.38
"110Q2","台中市","中區",3.24
"110Q2","台中市","東區",3.17
"110Q2","台中市","南區",2.90
"110Q2","台中市","西區",2.96
"110Q2","台中市","北區",2.88
"110Q2","台中市","西屯區",3.01
"110Q2","台中市","南屯區",3.11
"110Q2","台中市","北屯區",3.10
"110Q2","台中市","豐原區",3.73
"110Q2","台中市","東勢區",3.66
"110Q2","台中市","大甲區",4.02
"110Q2","台中市","清水區",3.73
"110Q2","台中市","沙鹿區",3.58
"110Q2","台中市","梧棲區",3.75
"110Q2","台中市","后里區",4.17
"110Q2","台中市","神岡區",3.99
"110Q2","台中市","潭子區",3.50
"110Q2","台中市","大雅區",3.74
"110Q2","台中市","新社區",3.73
"110Q2","台中市","石岡區",3.92
"110Q2","台中市","外埔區",3.97
"110Q2","台中市","大安區",4.40
"110Q2","台中市","烏日區",3.44
"110Q2","台中市","大肚區",3.73
"110Q2","台中市","龍井區",4.03
"110Q2","台中市","霧峰區",3.83
"110Q2","台中市","太平區",3.44
"110Q2","台中市","大里區",3.53
"110Q2","台中市","和平區",3.39
"110Q2","台南市","",3.23
"110Q2","台南市","新營區",2.98
"110Q2","台南市","鹽水區",3.30
"110Q2","台南市","白河區",3.62
"110Q2","台南市","柳營區",3.40
"110Q2","台南市","後壁區",3.43
"110Q2","台南市","東山區",3.83
"110Q2","台南市","麻豆區",3.34
"110Q2","台南市","下營區",3.52
"110Q2","台南市","六甲區",3.45
"110Q2","台南市","官田區",3.31
"110Q2","台南市","大內區",3.63
"110Q2","台南市","佳里區",3.32
"110Q2","台南市","學甲區",3.37
"110Q2","台南市","西港區",3.66
"110Q2","台南市","七股區",4.14
"110Q2","台南市","將軍區",3.87
"110Q2","台南市","北門區",4.13
"110Q2","台南市","新化區",3.51
"110Q2","台南市","善化區",3.10
"110Q2","台南市","新市區",3.21
"110Q2","台南市","安定區",3.54
"110Q2","台南市","山上區",3.63
"110Q2","台南市","玉井區",3.38
"110Q2","台南市","楠西區",3.55
"110Q2","台南市","南化區",4.16
"110Q2","台南市","左鎮區",3.46
"110Q2","台南市","仁德區",3.18
"110Q2","台南市","歸仁區",3.48
"110Q2","台南市","關廟區",3.58
"110Q2","台南市","龍崎區",4.02
"110Q2","台南市","永康區",3.08
"110Q2","台南市","東區",2.98
"110Q2","台南市","南區",3.09
"110Q2","台南市","北區",2.93
"110Q2","台南市","安南區",3.57
"110Q2","台南市","安平區",2.88
"110Q2","台南市","中西區",3.02
"110Q2","高雄市","",3.04
"110Q2","高雄市","鹽埕區",2.63
"110Q2","高雄市","鼓山區",2.76
"110Q2","高雄市","左營區",2.80
"110Q2","高雄市","楠梓區",2.91
"110Q2","高雄市","三民區",2.90
"110Q2","高雄市","新興區",2.56
"110Q2","高雄市","前金區",2.36
"110Q2","高雄市","苓雅區",2.76
"110Q2","高雄市","前鎮區",2.87
"110Q2","高雄市","旗津區",4.02
"110Q2","高雄市","小港區",3.46
"110Q2","高雄市","鳳山區",2.98
"110Q2","高雄市","林園區",3.64
"110Q2","高雄市","大寮區",3.17
"110Q2","高雄市","大樹區",3.75
"110Q2","高雄市","大社區",3.13
"110Q2","高雄市","仁武區",3.00
"110Q2","高雄市","鳥松區",2.80
"110Q2","高雄市","岡山區",3.23
"110Q2","高雄市","橋頭區",3.01
"110Q2","高雄市","燕巢區",3.67
"110Q2","高雄市","田寮區",3.72
"110Q2","高雄市","阿蓮區",3.66
"110Q2","高雄市","路竹區",3.59
"110Q2","高雄市","湖內區",3.20
"110Q2","高雄市","茄萣區",3.93
"110Q2","高雄市","永安區",4.19
"110Q2","高雄市","彌陀區",4.04
"110Q2","高雄市","梓官區",3.49
"110Q2","高雄市","旗山區",3.33
"110Q2","高雄市","美濃區",4.05
"110Q2","高雄市","六龜區",3.16
"110Q2","高雄市","甲仙區",3.29
"110Q2","高雄市","杉林區",3.45
"110Q2","高雄市","內門區",4.59
"110Q2","高雄市","茂林區",4.51
"110Q2","高雄市","桃源區",4.39
"110Q2","高雄市","那瑪夏區",4.58
"110Q2","宜蘭縣","",3.17
"110Q2","宜蘭縣","宜蘭市",2.98
"110Q2","宜蘭縣","羅東鎮",3.30
"110Q2","宜蘭縣","蘇澳鎮",3.23
"110Q2","宜蘭縣","頭城鎮",3.49
"110Q2","宜蘭縣","礁溪鄉",2.97
"110Q2","宜蘭縣","壯圍鄉",3.48
"110Q2","宜蘭縣","員山鄉",3.26
"110Q2","宜蘭縣","冬山鄉",3.07
"110Q2","宜蘭縣","五結鄉",3.01
"110Q2","宜蘭縣","三星鄉",3.07
"110Q2","宜蘭縣","大同鄉",4.10
"110Q2","宜蘭縣","南澳鄉",4.96
"110Q2","新竹縣","",3.27
"110Q2","新竹縣","竹北市",3.05
"110Q2","新竹縣","關西鎮",4.04
"110Q2","新竹縣","新埔鎮",3.49
"110Q2","新竹縣","竹東鎮",3.16
"110Q2","新竹縣","湖口鄉",3.23
"110Q2","新竹縣","橫山鄉",3.61
"110Q2","新竹縣","新豐鄉",3.50
"110Q2","新竹縣","芎林鄉",3.55
"110Q2","新竹縣","寶山鄉",3.02
"110Q2","新竹縣","北埔鄉",4.01
"110Q2","新竹縣","峨眉鄉",4.20
"110Q2","新竹縣","尖石鄉",4.42
"110Q2","新竹縣","五峰鄉",3.85
"110Q2","苗栗縣","",3.46
"110Q2","苗栗縣","苗栗市",3.06
"110Q2","苗栗縣","苑裡鎮",3.82
"110Q2","苗栗縣","通霄鎮",4.05
"110Q2","苗栗縣","竹南鎮",3.26
"110Q2","苗栗縣","頭份鎮",3.19
"110Q2","苗栗縣","後龍鎮",3.93
"110Q2","苗栗縣","卓蘭鎮",4.11
"110Q2","苗栗縣","大湖鄉",3.93
"110Q2","苗栗縣","公館鄉",3.53
"110Q2","苗栗縣","銅鑼鄉",3.73
"110Q2","苗栗縣","南庄鄉",3.50
"110Q2","苗栗縣","頭屋鄉",3.78
"110Q2","苗栗縣","三義鄉",3.71
"110Q2","苗栗縣","西湖鄉",4.70
"110Q2","苗栗縣","造橋鄉",3.66
"110Q2","苗栗縣","三灣鄉",3.69
"110Q2","苗栗縣","獅潭鄉",3.45
"110Q2","苗栗縣","泰安鄉",5.25
"110Q2","彰化縣","",4.07
"110Q2","彰化縣","彰化市",3.52
"110Q2","彰化縣","鹿港鎮",4.29
"110Q2","彰化縣","和美鎮",3.83
"110Q2","彰化縣","北斗鎮",3.59
"110Q2","彰化縣","員林鎮",3.69
"110Q2","彰化縣","溪湖鎮",4.35
"110Q2","彰化縣","田中鎮",3.67
"110Q2","彰化縣","二林鎮",4.69
"110Q2","彰化縣","線西鄉",4.74
"110Q2","彰化縣","伸港鄉",4.54
"110Q2","彰化縣","福興鄉",4.76
"110Q2","彰化縣","秀水鄉",4.25
"110Q2","彰化縣","花壇鄉",3.81
"110Q2","彰化縣","芬園鄉",4.49
"110Q2","彰化縣","大村鄉",5.10
"110Q2","彰化縣","埔鹽鄉",5.40
"110Q2","彰化縣","埔心鄉",3.73
"110Q2","彰化縣","永靖鄉",4.64
"110Q2","彰化縣","社頭鄉",4.57
"110Q2","彰化縣","二水鄉",3.81
"110Q2","彰化縣","田尾鄉",3.86
"110Q2","彰化縣","埤頭鄉",4.16
"110Q2","彰化縣","芳苑鄉",4.75
"110Q2","彰化縣","大城鄉",5.52
"110Q2","彰化縣","竹塘鄉",4.33
"110Q2","彰化縣","溪州鄉",4.65
"110Q2","南投縣","",3.58
"110Q2","南投縣","南投市",3.32
"110Q2","南投縣","埔里鎮",3.45
"110Q2","南投縣","草屯鎮",3.60
"110Q2","南投縣","竹山鎮",3.36
"110Q2","南投縣","集集鎮",3.50
"110Q2","南投縣","名間鄉",4.18
"110Q2","南投縣","鹿谷鄉",3.89
"110Q2","南投縣","中寮鄉",4.02
"110Q2","南投縣","魚池鄉",4.09
"110Q2","南投縣","國姓鄉",3.56
"110Q2","南投縣","水里鄉",3.25
"110Q2","南投縣","信義鄉",4.50
"110Q2","南投縣","仁愛鄉",4.28
"110Q2","雲林縣","",3.79
"110Q2","雲林縣","斗六市",3.21
"110Q2","雲林縣","斗南鎮",3.35
"110Q2","雲林縣","虎尾鎮",3.25
"110Q2","雲林縣","西螺鎮",3.83
"110Q2","雲林縣","土庫鎮",3.92
"110Q2","雲林縣","北港鎮",3.31
"110Q2","雲林縣","古坑鄉",3.82
"110Q2","雲林縣","大埤鄉",3.96
"110Q2","雲林縣","莿桐鄉",4.00
"110Q2","雲林縣","林內鄉",3.79
"110Q2","雲林縣","二崙鄉",4.31
"110Q2","雲林縣","崙背鄉",3.96
"110Q2","雲林縣","麥寮鄉",5.79
"110Q2","雲林縣","東勢鄉",4.05
"110Q2","雲林縣","褒忠鄉",4.04
"110Q2","雲林縣","台西鄉",4.58
"110Q2","雲林縣","元長鄉",4.17
"110Q2","雲林縣","四湖鄉",4.11
"110Q2","雲林縣","口湖鄉",4.81
"110Q2","雲林縣","水林鄉",4.49
"110Q2","嘉義縣","",3.79
"110Q2","嘉義縣","太保市",3.49
"110Q2","嘉義縣","朴子市",3.48
"110Q2","嘉義縣","布袋鎮",4.03
"110Q2","嘉義縣","大林鎮",3.55
"110Q2","嘉義縣","民雄鄉",3.44
"110Q2","嘉義縣","溪口鄉",4.60
"110Q2","嘉義縣","新港鄉",4.27
"110Q2","嘉義縣","六腳鄉",4.38
"110Q2","嘉義縣","東石鄉",4.60
"110Q2","嘉義縣","義竹鄉",4.13
"110Q2","嘉義縣","鹿草鄉",4.26
"110Q2","嘉義縣","水上鄉",3.34
"110Q2","嘉義縣","中埔鄉",3.81
"110Q2","嘉義縣","竹崎鄉",4.22
"110Q2","嘉義縣","梅山鄉",3.91
"110Q2","嘉義縣","番路鄉",3.57
"110Q2","嘉義縣","大埔鄉",5.12
"110Q2","嘉義縣","阿里山鄉",4.25
"110Q2","屏東縣","",3.51
"110Q2","屏東縣","屏東市",3.06
"110Q2","屏東縣","潮州鎮",3.08
"110Q2","屏東縣","東港鎮",3.53
"110Q2","屏東縣","恆春鎮",3.48
"110Q2","屏東縣","萬丹鄉",3.69
"110Q2","屏東縣","長治鄉",3.47
"110Q2","屏東縣","麟洛鄉",3.20
"110Q2","屏東縣","九如鄉",3.66
"110Q2","屏東縣","里港鄉",3.95
"110Q2","屏東縣","鹽埔鄉",4.24
"110Q2","屏東縣","高樹鄉",4.19
"110Q2","屏東縣","萬巒鄉",4.26
"110Q2","屏東縣","內埔鄉",3.46
"110Q2","屏東縣","竹田鄉",3.59
"110Q2","屏東縣","新埤鄉",3.86
"110Q2","屏東縣","枋寮鄉",3.51
"110Q2","屏東縣","新園鄉",3.78
"110Q2","屏東縣","崁頂鄉",4.95
"110Q2","屏東縣","林邊鄉",3.72
"110Q2","屏東縣","南州鄉",3.57
"110Q2","屏東縣","佳冬鄉",3.87
"110Q2","屏東縣","琉球鄉",4.18
"110Q2","屏東縣","車城鄉",3.37
"110Q2","屏東縣","滿州鄉",3.48
"110Q2","屏東縣","枋山鄉",3.65
"110Q2","屏東縣","三地門鄉",4.44
"110Q2","屏東縣","霧台鄉",3.73
"110Q2","屏東縣","瑪家鄉",4.49
"110Q2","屏東縣","泰武鄉",5.32
"110Q2","屏東縣","來義鄉",4.18
"110Q2","屏東縣","春日鄉",4.52
"110Q2","屏東縣","獅子鄉",3.94
"110Q2","屏東縣","牡丹鄉",3.32
"110Q2","台東縣","",3.22
"110Q2","台東縣","台東市",3.17
"110Q2","台東縣","成功鎮",3.08
"110Q2","台東縣","關山鎮",3.29
"110Q2","台東縣","卑南鄉",3.18
"110Q2","台東縣","大武鄉",2.95
"110Q2","台東縣","太麻里鄉",3.01
"110Q2","台東縣","東河鄉",2.82
"110Q2","台東縣","長濱鄉",2.65
"110Q2","台東縣","鹿野鄉",3.24
"110Q2","台東縣","池上鄉",3.20
"110Q2","台東縣","綠島鄉",5.85
"110Q2","台東縣","延平鄉",4.49
"110Q2","台東縣","海端鄉",4.50
"110Q2","台東縣","達仁鄉",3.18
"110Q2","台東縣","金峰鄉",4.62
"110Q2","台東縣","蘭嶼鄉",4.08
"110Q2","花蓮縣","",3.15
"110Q2","花蓮縣","花蓮市",3.09
"110Q2","花蓮縣","鳳林鎮",2.98
"110Q2","花蓮縣","玉里鎮",3.10
"110Q2","花蓮縣","新城鄉",3.09
"110Q2","花蓮縣","吉安鄉",3.04
"110Q2","花蓮縣","壽豐鄉",2.96
"110Q2","花蓮縣","光復鄉",3.04
"110Q2","花蓮縣","豐濱鄉",3.10
"110Q2","花蓮縣","瑞穗鄉",2.98
"110Q2","花蓮縣","富里鄉",3.06
"110Q2","花蓮縣","秀林鄉",4.99
"110Q2","花蓮縣","萬榮鄉",4.35
"110Q2","花蓮縣","卓溪鄉",4.33
"110Q2","澎湖縣","",3.94
"110Q2","澎湖縣","馬公市",3.66
"110Q2","澎湖縣","湖西鄉",4.13
"110Q2","澎湖縣","白沙鄉",4.65
"110Q2","澎湖縣","西嶼鄉",3.93
"110Q2","澎湖縣","望安鄉",5.83
"110Q2","澎湖縣","七美鄉",5.03
"110Q2","基隆市","",2.73
"110Q2","基隆市","中正區",2.58
"110Q2","基隆市","七堵區",2.80
"110Q2","基隆市","暖暖區",2.69
"110Q2","基隆市","仁愛區",2.91
"110Q2","基隆市","中山區",2.79
"110Q2","基隆市","安樂區",2.70
"110Q2","基隆市","信義區",2.67
"110Q2","新竹市","",3.10
"110Q2","新竹市","新竹市",3.10
"110Q2","嘉義市","",3.12
"110Q2","嘉義市","嘉義市",3.12
"110Q2","金門縣","",7.04
"110Q2","金門縣","金城鎮",6.88
"110Q2","金門縣","金湖鎮",6.50
"110Q2","金門縣","金沙鎮",6.93
"110Q2","金門縣","金寧鄉",7.17
"110Q2","金門縣","烈嶼鄉",9.25
"110Q2","金門縣","烏坵鄉",8.28
"110Q2","連江縣","",4.82
"110Q2","連江縣","南竿鄉",4.48
"110Q2","連江縣","北竿鄉",5.60
"110Q2","連江縣","莒光鄉",5.14
"110Q2","連江縣","東引鄉",5.18
"110Q3","全國","",3.21
"110Q3","新北市","",2.94
"110Q3","新北市","板橋區",3.02
"110Q3","新北市","三重區",2.95
"110Q3","新北市","中和區",2.78
"110Q3","新北市","永和區",2.79
"110Q3","新北市","新莊區",3.08
"110Q3","新北市","新店區",2.65
"110Q3","新北市","樹林區",3.19
"110Q3","新北市","鶯歌區",3.21
"110Q3","新北市","三峽區",3.11
"110Q3","新北市","淡水區",2.47
"110Q3","新北市","汐止區",2.58
"110Q3","新北市","瑞芳區",3.08
"110Q3","新北市","土城區",3.12
"110Q3","新北市","蘆洲區",3.25
"110Q3","新北市","五股區",3.03
"110Q3","新北市","泰山區",3.10
"110Q3","新北市","林口區",2.92
"110Q3","新北市","深坑區",2.81
"110Q3","新北市","石碇區",3.33
"110Q3","新北市","坪林區",3.70
"110Q3","新北市","三芝區",2.90
"110Q3","新北市","石門區",4.58
"110Q3","新北市","八里區",3.15
"110Q3","新北市","平溪區",2.71
"110Q3","新北市","雙溪區",3.42
"110Q3","新北市","貢寮區",4.20
"110Q3","新北市","金山區",3.80
"110Q3","新北市","萬里區",3.95
"110Q3","新北市","烏來區",5.09
"110Q3","台北市","",3.11
"110Q3","台北市","松山區",3.15
"110Q3","台北市","信義區",3.01
"110Q3","台北市","大安區",3.19
"110Q3","台北市","中山區",2.69
"110Q3","台北市","中正區",3.18
"110Q3","台北市","大同區",3.13
"110Q3","台北市","萬華區",2.93
"110Q3","台北市","文山區",3.10
"110Q3","台北市","南港區",3.15
"110Q3","台北市","內湖區",3.21
"110Q3","台北市","士林區",3.29
"110Q3","台北市","北投區",3.28
"110Q3","桃園市","",3.15
"110Q3","桃園市","桃園區",3.01
"110Q3","桃園市","中壢區",3.06
"110Q3","桃園市","平鎮區",3.25
"110Q3","桃園市","八德區",3.17
"110Q3","桃園市","楊梅區",3.21
"110Q3","桃園市","大溪區",3.31
"110Q3","桃園市","蘆竹區",3.19
"110Q3","桃園市","大園區",3.36
"110Q3","桃園市","龜山區",2.94
"110Q3","桃園市","龍潭區",3.25
"110Q3","桃園市","新屋區",3.85
"110Q3","桃園市","觀音區",3.55
"110Q3","桃園市","復興區",4.39
"110Q3","台中市","",3.35
"110Q3","台中市","中區",3.20
"110Q3","台中市","東區",3.14
"110Q3","台中市","南區",2.88
"110Q3","台中市","西區",2.93
"110Q3","台中市","北區",2.86
"110Q3","台中市","西屯區",2.98
"110Q3","台中市","南屯區",3.09
"110Q3","台中市","北屯區",3.07
"110Q3","台中市","豐原區",3.70
"110Q3","台中市","東勢區",3.64
"110Q3","台中市","大甲區",3.98
"110Q3","台中市","清水區",3.70
"110Q3","台中市","沙鹿區",3.56
"110Q3","台中市","梧棲區",3.72
"110Q3","台中市","后里區",4.15
"110Q3","台中市","神岡區",3.97
"110Q3","台中市","潭子區",3.48
"110Q3","台中市","大雅區",3.72
"110Q3","台中市","新社區",3.71
"110Q3","台中市","石岡區",3.90
"110Q3","台中市","外埔區",3.95
"110Q3","台中市","大安區",4.36
"110Q3","台中市","烏日區",3.41
"110Q3","台中市","大肚區",3.71
"110Q3","台中市","龍井區",4.00
"110Q3","台中市","霧峰區",3.80
"110Q3","台中市","太平區",3.42
"110Q3","台中市","大里區",3.50
"110Q3","台中市","和平區",3.38
"110Q3","台南市","",3.20
"110Q3","台南市","新營區",2.95
"110Q3","台南市","鹽水區",3.28
"110Q3","台南市","白河區",3.59
"110Q3","台南市","柳營區",3.38
"110Q3","台南市","後壁區",3.42
"110Q3","台南市","東山區",3.82
"110Q3","台南市","麻豆區",3.31
"110Q3","台南市","下營區",3.50
"110Q3","台南市","六甲區",3.42
"110Q3","台南市","官田區",3.29
"110Q3","台南市","大內區",3.63
"110Q3","台南市","佳里區",3.29
"110Q3","台南市","學甲區",3.35
"110Q3","台南市","西港區",3.62
"110Q3","台南市","七股區",4.10
"110Q3","台南市","將軍區",3.86
"110Q3","台南市","北門區",4.12
"110Q3","台南市","新化區",3.49
"110Q3","台南市","善化區",3.08
"110Q3","台南市","新市區",3.18
"110Q3","台南市","安定區",3.51
"110Q3","台南市","山上區",3.60
"110Q3","台南市","玉井區",3.34
"110Q3","台南市","楠西區",3.53
"110Q3","台南市","南化區",4.15
"110Q3","台南市","左鎮區",3.46
"110Q3","台南市","仁德區",3.14
"110Q3","台南市","歸仁區",3.46
"110Q3","台南市","關廟區",3.56
"110Q3","台南市","龍崎區",3.98
"110Q3","台南市","永康區",3.05
"110Q3","台南市","東區",2.96
"110Q3","台南市","南區",3.07
"110Q3","台南市","北區",2.91
"110Q3","台南市","安南區",3.53
"110Q3","台南市","安平區",2.85
"110Q3","台南市","中西區",2.99
"110Q3","高雄市","",3.02
"110Q3","高雄市","鹽埕區",2.61
"110Q3","高雄市","鼓山區",2.74
"110Q3","高雄市","左營區",2.78
"110Q3","高雄市","楠梓區",2.89
"110Q3","高雄市","三民區",2.88
"110Q3","高雄市","新興區",2.53
"110Q3","高雄市","前金區",2.33
"110Q3","高雄市","苓雅區",2.74
"110Q3","高雄市","前鎮區",2.84
"110Q3","高雄市","旗津區",4.00
"110Q3","高雄市","小港區",3.43
"110Q3","高雄市","鳳山區",2.96
"110Q3","高雄市","林園區",3.63
"110Q3","高雄市","大寮區",3.16
"110Q3","高雄市","大樹區",3.72
"110Q3","高雄市","大社區",3.11
"110Q3","高雄市","仁武區",2.98
"110Q3","高雄市","鳥松區",2.77
"110Q3","高雄市","岡山區",3.21
"110Q3","高雄市","橋頭區",2.96
"110Q3","高雄市","燕巢區",3.65
"110Q3","高雄市","田寮區",3.70
"110Q3","高雄市","阿蓮區",3.64
"110Q3","高雄市","路竹區",3.56
"110Q3","高雄市","湖內區",3.18
"110Q3","高雄市","茄萣區",3.92
"110Q3","高雄市","永安區",4.18
"110Q3","高雄市","彌陀區",4.01
"110Q3","高雄市","梓官區",3.47
"110Q3","高雄市","旗山區",3.31
"110Q3","高雄市","美濃區",4.03
"110Q3","高雄市","六龜區",3.14
"110Q3","高雄市","甲仙區",3.29
"110Q3","高雄市","杉林區",3.44
"110Q3","高雄市","內門區",4.58
"110Q3","高雄市","茂林區",4.48
"110Q3","高雄市","桃源區",4.39
"110Q3","高雄市","那瑪夏區",4.58
"110Q3","宜蘭縣","",3.15
"110Q3","宜蘭縣","宜蘭市",2.96
"110Q3","宜蘭縣","羅東鎮",3.28
"110Q3","宜蘭縣","蘇澳鎮",3.21
"110Q3","宜蘭縣","頭城鎮",3.47
"110Q3","宜蘭縣","礁溪鄉",2.95
"110Q3","宜蘭縣","壯圍鄉",3.46
"110Q3","宜蘭縣","員山鄉",3.24
"110Q3","宜蘭縣","冬山鄉",3.05
"110Q3","宜蘭縣","五結鄉",3.00
"110Q3","宜蘭縣","三星鄉",3.06
"110Q3","宜蘭縣","大同鄉",4.08
"110Q3","宜蘭縣","南澳鄉",4.98
"110Q3","新竹縣","",3.24
"110Q3","新竹縣","竹北市",3.02
"110Q3","新竹縣","關西鎮",4.02
"110Q3","新竹縣","新埔鎮",3.45
"110Q3","新竹縣","竹東鎮",3.12
"110Q3","新竹縣","湖口鄉",3.20
"110Q3","新竹縣","橫山鄉",3.59
"110Q3","新竹縣","新豐鄉",3.47
"110Q3","新竹縣","芎林鄉",3.50
"110Q3","新竹縣","寶山鄉",3.01
"110Q3","新竹縣","北埔鄉",3.99
"110Q3","新竹縣","峨眉鄉",4.18
"110Q3","新竹縣","尖石鄉",4.42
"110Q3","新竹縣","五峰鄉",3.85
"110Q3","苗栗縣","",3.43
"110Q3","苗栗縣","苗栗市",3.03
"110Q3","苗栗縣","苑裡鎮",3.79
"110Q3","苗栗縣","通霄鎮",4.02
"110Q3","苗栗縣","竹南鎮",3.24
"110Q3","苗栗縣","頭份鎮",3.17
"110Q3","苗栗縣","後龍鎮",3.90
"110Q3","苗栗縣","卓蘭鎮",4.09
"110Q3","苗栗縣","大湖鄉",3.90
"110Q3","苗栗縣","公館鄉",3.49
"110Q3","苗栗縣","銅鑼鄉",3.70
"110Q3","苗栗縣","南庄鄉",3.47
"110Q3","苗栗縣","頭屋鄉",3.74
"110Q3","苗栗縣","三義鄉",3.68
"110Q3","苗栗縣","西湖鄉",4.67
"110Q3","苗栗縣","造橋鄉",3.63
"110Q3","苗栗縣","三灣鄉",3.67
"110Q3","苗栗縣","獅潭鄉",3.45
"110Q3","苗栗縣","泰安鄉",5.23
"110Q3","彰化縣","",4.04
"110Q3","彰化縣","彰化市",3.50
"110Q3","彰化縣","鹿港鎮",4.27
"110Q3","彰化縣","和美鎮",3.81
"110Q3","彰化縣","北斗鎮",3.58
"110Q3","彰化縣","員林鎮",3.66
"110Q3","彰化縣","溪湖鎮",4.32
"110Q3","彰化縣","田中鎮",3.64
"110Q3","彰化縣","二林鎮",4.66
"110Q3","彰化縣","線西鄉",4.69
"110Q3","彰化縣","伸港鄉",4.53
"110Q3","彰化縣","福興鄉",4.74
"110Q3","彰化縣","秀水鄉",4.23
"110Q3","彰化縣","花壇鄉",3.79
"110Q3","彰化縣","芬園鄉",4.48
"110Q3","彰化縣","大村鄉",5.11
"110Q3","彰化縣","埔鹽鄉",5.37
"110Q3","彰化縣","埔心鄉",3.70
"110Q3","彰化縣","永靖鄉",4.60
"110Q3","彰化縣","社頭鄉",4.53
"110Q3","彰化縣","二水鄉",3.79
"110Q3","彰化縣","田尾鄉",3.83
"110Q3","彰化縣","埤頭鄉",4.14
"110Q3","彰化縣","芳苑鄉",4.72
"110Q3","彰化縣","大城鄉",5.49
"110Q3","彰化縣","竹塘鄉",4.31
"110Q3","彰化縣","溪州鄉",4.64
"110Q3","南投縣","",3.56
"110Q3","南投縣","南投市",3.30
"110Q3","南投縣","埔里鎮",3.43
"110Q3","南投縣","草屯鎮",3.58
"110Q3","南投縣","竹山鎮",3.34
"110Q3","南投縣","集集鎮",3.48
"110Q3","南投縣","名間鄉",4.16
"110Q3","南投縣","鹿谷鄉",3.85
"110Q3","南投縣","中寮鄉",3.99
"110Q3","南投縣","魚池鄉",4.07
"110Q3","南投縣","國姓鄉",3.55
"110Q3","南投縣","水里鄉",3.23
"110Q3","南投縣","信義鄉",4.50
"110Q3","南投縣","仁愛鄉",4.28
"110Q3","雲林縣","",3.77
"110Q3","雲林縣","斗六市",3.19
"110Q3","雲林縣","斗南鎮",3.32
"110Q3","雲林縣","虎尾鎮",3.23
"110Q3","雲林縣","西螺鎮",3.80
"110Q3","雲林縣","土庫鎮",3.89
"110Q3","雲林縣","北港鎮",3.29
"110Q3","雲林縣","古坑鄉",3.79
"110Q3","雲林縣","大埤鄉",3.93
"110Q3","雲林縣","莿桐鄉",3.98
"110Q3","雲林縣","林內鄉",3.75
"110Q3","雲林縣","二崙鄉",4.29
"110Q3","雲林縣","崙背鄉",3.93
"110Q3","雲林縣","麥寮鄉",5.82
"110Q3","雲林縣","東勢鄉",4.04
"110Q3","雲林縣","褒忠鄉",4.02
"110Q3","雲林縣","台西鄉",4.55
"110Q3","雲林縣","元長鄉",4.14
"110Q3","雲林縣","四湖鄉",4.10
"110Q3","雲林縣","口湖鄉",4.79
"110Q3","雲林縣","水林鄉",4.46
"110Q3","嘉義縣","",3.77
"110Q3","嘉義縣","太保市",3.48
"110Q3","嘉義縣","朴子市",3.45
"110Q3","嘉義縣","布袋鎮",4.02
"110Q3","嘉義縣","大林鎮",3.53
"110Q3","嘉義縣","民雄鄉",3.42
"110Q3","嘉義縣","溪口鄉",4.56
"110Q3","嘉義縣","新港鄉",4.24
"110Q3","嘉義縣","六腳鄉",4.35
"110Q3","嘉義縣","東石鄉",4.59
"110Q3","嘉義縣","義竹鄉",4.10
"110Q3","嘉義縣","鹿草鄉",4.24
"110Q3","嘉義縣","水上鄉",3.32
"110Q3","嘉義縣","中埔鄉",3.78
"110Q3","嘉義縣","竹崎鄉",4.19
"110Q3","嘉義縣","梅山鄉",3.90
"110Q3","嘉義縣","番路鄉",3.54
"110Q3","嘉義縣","大埔鄉",5.12
"110Q3","嘉義縣","阿里山鄉",4.22
"110Q3","屏東縣","",3.48
"110Q3","屏東縣","屏東市",3.03
"110Q3","屏東縣","潮州鎮",3.06
"110Q3","屏東縣","東港鎮",3.47
"110Q3","屏東縣","恆春鎮",3.47
"110Q3","屏東縣","萬丹鄉",3.67
"110Q3","屏東縣","長治鄉",3.44
"110Q3","屏東縣","麟洛鄉",3.17
"110Q3","屏東縣","九如鄉",3.62
"110Q3","屏東縣","里港鄉",3.92
"110Q3","屏東縣","鹽埔鄉",4.20
"110Q3","屏東縣","高樹鄉",4.17
"110Q3","屏東縣","萬巒鄉",4.23
"110Q3","屏東縣","內埔鄉",3.43
"110Q3","屏東縣","竹田鄉",3.57
"110Q3","屏東縣","新埤鄉",3.86
"110Q3","屏東縣","枋寮鄉",3.49
"110Q3","屏東縣","新園鄉",3.75
"110Q3","屏東縣","崁頂鄉",4.93
"110Q3","屏東縣","林邊鄉",3.70
"110Q3","屏東縣","南州鄉",3.55
"110Q3","屏東縣","佳冬鄉",3.86
"110Q3","屏東縣","琉球鄉",4.15
"110Q3","屏東縣","車城鄉",3.35
"110Q3","屏東縣","滿州鄉",3.46
"110Q3","屏東縣","枋山鄉",3.65
"110Q3","屏東縣","三地門鄉",4.44
"110Q3","屏東縣","霧台鄉",3.76
"110Q3","屏東縣","瑪家鄉",4.46
"110Q3","屏東縣","泰武鄉",5.31
"110Q3","屏東縣","來義鄉",4.19
"110Q3","屏東縣","春日鄉",4.50
"110Q3","屏東縣","獅子鄉",3.96
"110Q3","屏東縣","牡丹鄉",3.31
"110Q3","台東縣","",3.20
"110Q3","台東縣","台東市",3.15
"110Q3","台東縣","成功鎮",3.07
"110Q3","台東縣","關山鎮",3.27
"110Q3","台東縣","卑南鄉",3.16
"110Q3","台東縣","大武鄉",2.95
"110Q3","台東縣","太麻里鄉",3.01
"110Q3","台東縣","東河鄉",2.81
"110Q3","台東縣","長濱鄉",2.64
"110Q3","台東縣","鹿野鄉",3.23
"110Q3","台東縣","池上鄉",3.19
"110Q3","台東縣","綠島鄉",5.80
"110Q3","台東縣","延平鄉",4.50
"110Q3","台東縣","海端鄉",4.52
"110Q3","台東縣","達仁鄉",3.13
"110Q3","台東縣","金峰鄉",4.61
"110Q3","台東縣","蘭嶼鄉",4.10
"110Q3","花蓮縣","",3.13
"110Q3","花蓮縣","花蓮市",3.07
"110Q3","花蓮縣","鳳林鎮",2.97
"110Q3","花蓮縣","玉里鎮",3.09
"110Q3","花蓮縣","新城鄉",3.03
"110Q3","花蓮縣","吉安鄉",3.02
"110Q3","花蓮縣","壽豐鄉",2.95
"110Q3","花蓮縣","光復鄉",3.03
"110Q3","花蓮縣","豐濱鄉",3.08
"110Q3","花蓮縣","瑞穗鄉",2.96
"110Q3","花蓮縣","富里鄉",3.05
"110Q3","花蓮縣","秀林鄉",5.03
"110Q3","花蓮縣","萬榮鄉",4.34
"110Q3","花蓮縣","卓溪鄉",4.31
"110Q3","澎湖縣","",3.95
"110Q3","澎湖縣","馬公市",3.67
"110Q3","澎湖縣","湖西鄉",4.14
"110Q3","澎湖縣","白沙鄉",4.64
"110Q3","澎湖縣","西嶼鄉",3.95
"110Q3","澎湖縣","望安鄉",5.84
"110Q3","澎湖縣","七美鄉",5.01
"110Q3","基隆市","",2.71
"110Q3","基隆市","中正區",2.56
"110Q3","基隆市","七堵區",2.79
"110Q3","基隆市","暖暖區",2.67
"110Q3","基隆市","仁愛區",2.88
"110Q3","基隆市","中山區",2.78
"110Q3","基隆市","安樂區",2.68
"110Q3","基隆市","信義區",2.66
"110Q3","新竹市","",3.07
"110Q3","新竹市","新竹市",3.07
"110Q3","嘉義市","",3.11
"110Q3","嘉義市","嘉義市",3.11
"110Q3","金門縣","",7.02
"110Q3","金門縣","金城鎮",6.81
"110Q3","金門縣","金湖鎮",6.49
"110Q3","金門縣","金沙鎮",6.94
"110Q3","金門縣","金寧鄉",7.22
"110Q3","金門縣","烈嶼鄉",9.27
"110Q3","金門縣","烏坵鄉",8.31
"110Q3","連江縣","",4.80
"110Q3","連江縣","南竿鄉",4.43
"110Q3","連江縣","北竿鄉",5.64
"110Q3","連江縣","莒光鄉",5.07
"110Q3","連江縣","東引鄉",5.22
"110Q4","全國","",3.20
"110Q4","新北市","",2.92
"110Q4","新北市","板橋區",3.01
"110Q4","新北市","三重區",2.94
"110Q4","新北市","中和區",2.77
"110Q4","新北市","永和區",2.77
"110Q4","新北市","新莊區",3.07
"110Q4","新北市","新店區",2.63
"110Q4","新北市","樹林區",3.18
"110Q4","新北市","鶯歌區",3.19
"110Q4","新北市","三峽區",3.10
"110Q4","新北市","淡水區",2.46
"110Q4","新北市","汐止區",2.58
"110Q4","新北市","瑞芳區",3.07
"110Q4","新北市","土城區",3.11
"110Q4","新北市","蘆洲區",3.24
"110Q4","新北市","五股區",3.01
"110Q4","新北市","泰山區",3.09
"110Q4","新北市","林口區",2.91
"110Q4","新北市","深坑區",2.80
"110Q4","新北市","石碇區",3.32
"110Q4","新北市","坪林區",3.68
"110Q4","新北市","三芝區",2.90
"110Q4","新北市","石門區",4.55
"110Q4","新北市","八里區",3.13
"110Q4","新北市","平溪區",2.70
"110Q4","新北市","雙溪區",3.41
"110Q4","新北市","貢寮區",4.18
"110Q4","新北市","金山區",3.78
"110Q4","新北市","萬里區",3.94
"110Q4","新北市","烏來區",5.10
"110Q4","台北市","",3.09
"110Q4","台北市","松山區",3.13
"110Q4","台北市","信義區",2.98
"110Q4","台北市","大安區",3.17
"110Q4","台北市","中山區",2.67
"110Q4","台北市","中正區",3.16
"110Q4","台北市","大同區",3.11
"110Q4","台北市","萬華區",2.91
"110Q4","台北市","文山區",3.09
"110Q4","台北市","南港區",3.13
"110Q4","台北市","內湖區",3.19
"110Q4","台北市","士林區",3.26
"110Q4","台北市","北投區",3.27
"110Q4","桃園市","",3.14
"110Q4","桃園市","桃園區",3.00
"110Q4","桃園市","中壢區",3.05
"110Q4","桃園市","平鎮區",3.24
"110Q4","桃園市","八德區",3.16
"110Q4","桃園市","楊梅區",3.20
"110Q4","桃園市","大溪區",3.29
"110Q4","桃園市","蘆竹區",3.18
"110Q4","桃園市","大園區",3.36
"110Q4","桃園市","龜山區",2.92
"110Q4","桃園市","龍潭區",3.24
"110Q4","桃園市","新屋區",3.78
"110Q4","桃園市","觀音區",3.51
"110Q4","桃園市","復興區",4.46
"110Q4","台中市","",3.34
"110Q4","台中市","中區",3.20
"110Q4","台中市","東區",3.13
"110Q4","台中市","南區",2.87
"110Q4","台中市","西區",2.92
"110Q4","台中市","北區",2.84
"110Q4","台中市","西屯區",2.97
"110Q4","台中市","南屯區",3.08
"110Q4","台中市","北屯區",3.06
"110Q4","台中市","豐原區",3.69
"110Q4","台中市","東勢區",3.62
"110Q4","台中市","大甲區",3.96
"110Q4","台中市","清水區",3.66
"110Q4","台中市","沙鹿區",3.55
"110Q4","台中市","梧棲區",3.69
"110Q4","台中市","后里區",4.13
"110Q4","台中市","神岡區",3.96
"110Q4","台中市","潭子區",3.47
"110Q4","台中市","大雅區",3.70
"110Q4","台中市","新社區",3.67
"110Q4","台中市","石岡區",3.89
"110Q4","台中市","外埔區",3.93
"110Q4","台中市","大安區",4.33
"110Q4","台中市","烏日區",3.38
"110Q4","台中市","大肚區",3.68
"110Q4","台中市","龍井區",3.98
"110Q4","台中市","霧峰區",3.79
"110Q4","台中市","太平區",3.41
"110Q4","台中市","大里區",3.49
"110Q4","台中市","和平區",3.39
"110Q4","台南市","",3.19
"110Q4","台南市","新營區",2.94
"110Q4","台南市","鹽水區",3.27
"110Q4","台南市","白河區",3.58
"110Q4","台南市","柳營區",3.36
"110Q4","台南市","後壁區",3.40
"110Q4","台南市","東山區",3.79
"110Q4","台南市","麻豆區",3.30
"110Q4","台南市","下營區",3.48
"110Q4","台南市","六甲區",3.40
"110Q4","台南市","官田區",3.27
"110Q4","台南市","大內區",3.61
"110Q4","台南市","佳里區",3.28
"110Q4","台南市","學甲區",3.33
"110Q4","台南市","西港區",3.59
"110Q4","台南市","七股區",4.09
"110Q4","台南市","將軍區",3.85
"110Q4","台南市","北門區",4.10
"110Q4","台南市","新化區",3.47
"110Q4","台南市","善化區",3.07
"110Q4","台南市","新市區",3.17
"110Q4","台南市","安定區",3.50
"110Q4","台南市","山上區",3.59
"110Q4","台南市","玉井區",3.33
"110Q4","台南市","楠西區",3.52
"110Q4","台南市","南化區",4.14
"110Q4","台南市","左鎮區",3.44
"110Q4","台南市","仁德區",3.12
"110Q4","台南市","歸仁區",3.44
"110Q4","台南市","關廟區",3.54
"110Q4","台南市","龍崎區",3.95
"110Q4","台南市","永康區",3.04
"110Q4","台南市","東區",2.95
"110Q4","台南市","南區",3.05
"110Q4","台南市","北區",2.89
"110Q4","台南市","安南區",3.52
"110Q4","台南市","安平區",2.84
"110Q4","台南市","中西區",2.98
"110Q4","高雄市","",3.01
"110Q4","高雄市","鹽埕區",2.59
"110Q4","高雄市","鼓山區",2.73
"110Q4","高雄市","左營區",2.77
"110Q4","高雄市","楠梓區",2.88
"110Q4","高雄市","三民區",2.86
"110Q4","高雄市","新興區",2.52
"110Q4","高雄市","前金區",2.30
"110Q4","高雄市","苓雅區",2.72
"110Q4","高雄市","前鎮區",2.82
"110Q4","高雄市","旗津區",3.98
"110Q4","高雄市","小港區",3.42
"110Q4","高雄市","鳳山區",2.94
"110Q4","高雄市","林園區",3.61
"110Q4","高雄市","大寮區",3.14
"110Q4","高雄市","大樹區",3.70
"110Q4","高雄市","大社區",3.10
"110Q4","高雄市","仁武區",2.97
"110Q4","高雄市","鳥松區",2.76
"110Q4","高雄市","岡山區",3.19
"110Q4","高雄市","橋頭區",2.94
"110Q4","高雄市","燕巢區",3.63
"110Q4","高雄市","田寮區",3.67
"110Q4","高雄市","阿蓮區",3.61
"110Q4","高雄市","路竹區",3.55
"110Q4","高雄市","湖內區",3.17
"110Q4","高雄市","茄萣區",3.91
"110Q4","高雄市","永安區",4.20
"110Q4","高雄市","彌陀區",3.98
"110Q4","高雄市","梓官區",3.45
"110Q4","高雄市","旗山區",3.30
"110Q4","高雄市","美濃區",3.99
"110Q4","高雄市","六龜區",3.14
"110Q4","高雄市","甲仙區",3.28
"110Q4","高雄市","杉林區",3.41
"110Q4","高雄市","內門區",4.56
"110Q4","高雄市","茂林區",4.47
"110Q4","高雄市","桃源區",4.38
"110Q4","高雄市","那瑪夏區",4.57
"110Q4","宜蘭縣","",3.14
"110Q4","宜蘭縣","宜蘭市",2.95
"110Q4","宜蘭縣","羅東鎮",3.27
"110Q4","宜蘭縣","蘇澳鎮",3.19
"110Q4","宜蘭縣","頭城鎮",3.46
"110Q4","宜蘭縣","礁溪鄉",2.95
"110Q4","宜蘭縣","壯圍鄉",3.44
"110Q4","宜蘭縣","員山鄉",3.22
"110Q4","宜蘭縣","冬山鄉",3.04
"110Q4","宜蘭縣","五結鄉",2.99
"110Q4","宜蘭縣","三星鄉",3.05
"110Q4","宜蘭縣","大同鄉",4.05
"110Q4","宜蘭縣","南澳鄉",4.97
"110Q4","新竹縣","",3.23
"110Q4","新竹縣","竹北市",3.01
"110Q4","新竹縣","關西鎮",4.01
"110Q4","新竹縣","新埔鎮",3.43
"110Q4","新竹縣","竹東鎮",3.11
"110Q4","新竹縣","湖口鄉",3.19
"110Q4","新竹縣","橫山鄉",3.57
"110Q4","新竹縣","新豐鄉",3.45
"110Q4","新竹縣","芎林鄉",3.48
"110Q4","新竹縣","寶山鄉",2.98
"110Q4","新竹縣","北埔鄉",3.96
"110Q4","新竹縣","峨眉鄉",4.18
"110Q4","新竹縣","尖石鄉",4.43
"110Q4","新竹縣","五峰鄉",3.86
"110Q4","苗栗縣","",3.42
"110Q4","苗栗縣","苗栗市",3.02
"110Q4","苗栗縣","苑裡鎮",3.77
"110Q4","苗栗縣","通霄鎮",4.00
"110Q4","苗栗縣","竹南鎮",3.23
"110Q4","苗栗縣","頭份鎮",3.16
"110Q4","苗栗縣","後龍鎮",3.88
"110Q4","苗栗縣","卓蘭鎮",4.07
"110Q4","苗栗縣","大湖鄉",3.88
"110Q4","苗栗縣","公館鄉",3.48
"110Q4","苗栗縣","銅鑼鄉",3.68
"110Q4","苗栗縣","南庄鄉",3.45
"110Q4","苗栗縣","頭屋鄉",3.72
"110Q4","苗栗縣","三義鄉",3.67
"110Q4","苗栗縣","西湖鄉",4.63
"110Q4","苗栗縣","造橋鄉",3.60
"110Q4","苗栗縣","三灣鄉",3.65
"110Q4","苗栗縣","獅潭鄉",3.45
"110Q4","苗栗縣","泰安鄉",5.22
"110Q4","彰化縣","",4.02
"110Q4","彰化縣","彰化市",3.49
"110Q4","彰化縣","鹿港鎮",4.25
"110Q4","彰化縣","和美鎮",3.80
"110Q4","彰化縣","北斗鎮",3.57
"110Q4","彰化縣","員林鎮",3.65
"110Q4","彰化縣","溪湖鎮",4.30
"110Q4","彰化縣","田中鎮",3.62
"110Q4","彰化縣","二林鎮",4.63
"110Q4","彰化縣","線西鄉",4.66
"110Q4","彰化縣","伸港鄉",4.51
"110Q4","彰化縣","福興鄉",4.72
"110Q4","彰化縣","秀水鄉",4.21
"110Q4","彰化縣","花壇鄉",3.77
"110Q4","彰化縣","芬園鄉",4.46
"110Q4","彰化縣","大村鄉",5.14
"110Q4","彰化縣","埔鹽鄉",5.34
"110Q4","彰化縣","埔心鄉",3.67
"110Q4","彰化縣","永靖鄉",4.58
"110Q4","彰化縣","社頭鄉",4.51
"110Q4","彰化縣","二水鄉",3.78
"110Q4","彰化縣","田尾鄉",3.81
"110Q4","彰化縣","埤頭鄉",4.11
"110Q4","彰化縣","芳苑鄉",4.70
"110Q4","彰化縣","大城鄉",5.46
"110Q4","彰化縣","竹塘鄉",4.30
"110Q4","彰化縣","溪州鄉",4.61
"110Q4","南投縣","",3.55
"110Q4","南投縣","南投市",3.29
"110Q4","南投縣","埔里鎮",3.42
"110Q4","南投縣","草屯鎮",3.57
"110Q4","南投縣","竹山鎮",3.32
"110Q4","南投縣","集集鎮",3.46
"110Q4","南投縣","名間鄉",4.14
"110Q4","南投縣","鹿谷鄉",3.82
"110Q4","南投縣","中寮鄉",3.98
"110Q4","南投縣","魚池鄉",4.06
"110Q4","南投縣","國姓鄉",3.53
"110Q4","南投縣","水里鄉",3.22
"110Q4","南投縣","信義鄉",4.49
"110Q4","南投縣","仁愛鄉",4.29
"110Q4","雲林縣","",3.76
"110Q4","雲林縣","斗六市",3.17
"110Q4","雲林縣","斗南鎮",3.31
"110Q4","雲林縣","虎尾鎮",3.22
"110Q4","雲林縣","西螺鎮",3.79
"110Q4","雲林縣","土庫鎮",3.88
"110Q4","雲林縣","北港鎮",3.27
"110Q4","雲林縣","古坑鄉",3.77
"110Q4","雲林縣","大埤鄉",3.91
"110Q4","雲林縣","莿桐鄉",3.96
"110Q4","雲林縣","林內鄉",3.72
"110Q4","雲林縣","二崙鄉",4.27
"110Q4","雲林縣","崙背鄉",3.90
"110Q4","雲林縣","麥寮鄉",5.85
"110Q4","雲林縣","東勢鄉",4.02
"110Q4","雲林縣","褒忠鄉",4.00
"110Q4","雲林縣","台西鄉",4.51
"110Q4","雲林縣","元長鄉",4.12
"110Q4","雲林縣","四湖鄉",4.07
"110Q4","雲林縣","口湖鄉",4.77
"110Q4","雲林縣","水林鄉",4.44
"110Q4","嘉義縣","",3.75
"110Q4","嘉義縣","太保市",3.46
"110Q4","嘉義縣","朴子市",3.44
"110Q4","嘉義縣","布袋鎮",4.00
"110Q4","嘉義縣","大林鎮",3.50
"110Q4","嘉義縣","民雄鄉",3.40
"110Q4","嘉義縣","溪口鄉",4.53
"110Q4","嘉義縣","新港鄉",4.22
"110Q4","嘉義縣","六腳鄉",4.34
"110Q4","嘉義縣","東石鄉",4.57
"110Q4","嘉義縣","義竹鄉",4.08
"110Q4","嘉義縣","鹿草鄉",4.23
"110Q4","嘉義縣","水上鄉",3.30
"110Q4","嘉義縣","中埔鄉",3.76
"110Q4","嘉義縣","竹崎鄉",4.17
"110Q4","嘉義縣","梅山鄉",3.87
"110Q4","嘉義縣","番路鄉",3.54
"110Q4","嘉義縣","大埔鄉",5.11
"110Q4","嘉義縣","阿里山鄉",4.20
"110Q4","屏東縣","",3.47
"110Q4","屏東縣","屏東市",3.03
"110Q4","屏東縣","潮州鎮",3.05
"110Q4","屏東縣","東港鎮",3.44
"110Q4","屏東縣","恆春鎮",3.45
"110Q4","屏東縣","萬丹鄉",3.65
"110Q4","屏東縣","長治鄉",3.43
"110Q4","屏東縣","麟洛鄉",3.14
"110Q4","屏東縣","九如鄉",3.61
"110Q4","屏東縣","里港鄉",3.90
"110Q4","屏東縣","鹽埔鄉",4.16
"110Q4","屏東縣","高樹鄉",4.16
"110Q4","屏東縣","萬巒鄉",4.19
"110Q4","屏東縣","內埔鄉",3.41
"110Q4","屏東縣","竹田鄉",3.56
"110Q4","屏東縣","新埤鄉",3.84
"110Q4","屏東縣","枋寮鄉",3.46
"110Q4","屏東縣","新園鄉",3.73
"110Q4","屏東縣","崁頂鄉",4.91
"110Q4","屏東縣","林邊鄉",3.69
"110Q4","屏東縣","南州鄉",3.53
"110Q4","屏東縣","佳冬鄉",3.83
"110Q4","屏東縣","琉球鄉",4.13
"110Q4","屏東縣","車城鄉",3.34
"110Q4","屏東縣","滿州鄉",3.46
"110Q4","屏東縣","枋山鄉",3.67
"110Q4","屏東縣","三地門鄉",4.44
"110Q4","屏東縣","霧台鄉",3.77
"110Q4","屏東縣","瑪家鄉",4.43
"110Q4","屏東縣","泰武鄉",5.33
"110Q4","屏東縣","來義鄉",4.19
"110Q4","屏東縣","春日鄉",4.51
"110Q4","屏東縣","獅子鄉",3.98
"110Q4","屏東縣","牡丹鄉",3.26
"110Q4","台東縣","",3.20
"110Q4","台東縣","台東市",3.14
"110Q4","台東縣","成功鎮",3.07
"110Q4","台東縣","關山鎮",3.26
"110Q4","台東縣","卑南鄉",3.15
"110Q4","台東縣","大武鄉",2.94
"110Q4","台東縣","太麻里鄉",3.01
"110Q4","台東縣","東河鄉",2.80
"110Q4","台東縣","長濱鄉",2.63
"110Q4","台東縣","鹿野鄉",3.22
"110Q4","台東縣","池上鄉",3.19
"110Q4","台東縣","綠島鄉",5.80
"110Q4","台東縣","延平鄉",4.48
"110Q4","台東縣","海端鄉",4.54
"110Q4","台東縣","達仁鄉",3.13
"110Q4","台東縣","金峰鄉",4.60
"110Q4","台東縣","蘭嶼鄉",4.10
"110Q4","花蓮縣","",3.12
"110Q4","花蓮縣","花蓮市",3.06
"110Q4","花蓮縣","鳳林鎮",2.96
"110Q4","花蓮縣","玉里鎮",3.07
"110Q4","花蓮縣","新城鄉",2.98
"110Q4","花蓮縣","吉安鄉",3.01
"110Q4","花蓮縣","壽豐鄉",2.93
"110Q4","花蓮縣","光復鄉",3.02
"110Q4","花蓮縣","豐濱鄉",3.08
"110Q4","花蓮縣","瑞穗鄉",2.93
"110Q4","花蓮縣","富里鄉",3.02
"110Q4","花蓮縣","秀林鄉",5.07
"110Q4","花蓮縣","萬榮鄉",4.35
"110Q4","花蓮縣","卓溪鄉",4.28
"110Q4","澎湖縣","",3.94
"110Q4","澎湖縣","馬公市",3.66
"110Q4","澎湖縣","湖西鄉",4.13
"110Q4","澎湖縣","白沙鄉",4.66
"110Q4","澎湖縣","西嶼鄉",3.97
"110Q4","澎湖縣","望安鄉",5.90
"110Q4","澎湖縣","七美鄉",4.97
"110Q4","基隆市","",2.70
"110Q4","基隆市","中正區",2.56
"110Q4","基隆市","七堵區",2.78
"110Q4","基隆市","暖暖區",2.67
"110Q4","基隆市","仁愛區",2.88
"110Q4","基隆市","中山區",2.78
"110Q4","基隆市","安樂區",2.68
"110Q4","基隆市","信義區",2.66
"110Q4","新竹市","",3.07
"110Q4","新竹市","新竹市",3.07
"110Q4","嘉義市","",3.10
"110Q4","嘉義市","嘉義市",3.10
"110Q4","金門縣","",6.99
"110Q4","金門縣","金城鎮",6.79
"110Q4","金門縣","金湖鎮",6.44
"110Q4","金門縣","金沙鎮",6.93
"110Q4","金門縣","金寧鄉",7.16
"110Q4","金門縣","烈嶼鄉",9.28
"110Q4","金門縣","烏坵鄉",8.41
"110Q4","連江縣","",4.84
"110Q4","連江縣","南竿鄉",4.42
"110Q4","連江縣","北竿鄉",5.84
"110Q4","連江縣","莒光鄉",5.10
"110Q4","連江縣","東引鄉",5.31
"111Q1","全國","",3.18
"111Q1","新北市","",2.90
"111Q1","新北市","板橋區",2.99
"111Q1","新北市","三重區",2.91
"111Q1","新北市","中和區",2.74
"111Q1","新北市","永和區",2.74
"111Q1","新北市","新莊區",3.05
"111Q1","新北市","新店區",2.61
"111Q1","新北市","樹林區",3.16
"111Q1","新北市","鶯歌區",3.17
"111Q1","新北市","三峽區",3.08
"111Q1","新北市","淡水區",2.44
"111Q1","新北市","汐止區",2.56
"111Q1","新北市","瑞芳區",3.06
"111Q1","新北市","土城區",3.08
"111Q1","新北市","蘆洲區",3.23
"111Q1","新北市","五股區",2.98
"111Q1","新北市","泰山區",3.07
"111Q1","新北市","林口區",2.90
"111Q1","新北市","深坑區",2.79
"111Q1","新北市","石碇區",3.29
"111Q1","新北市","坪林區",3.67
"111Q1","新北市","三芝區",2.88
"111Q1","新北市","石門區",4.53
"111Q1","新北市","八里區",3.10
"111Q1","新北市","平溪區",2.71
"111Q1","新北市","雙溪區",3.41
"111Q1","新北市","貢寮區",4.15
"111Q1","新北市","金山區",3.75
"111Q1","新北市","萬里區",3.92
"111Q1","新北市","烏來區",5.07
"111Q1","台北市","",3.06
"111Q1","台北市","松山區",3.09
"111Q1","台北市","信義區",2.94
"111Q1","台北市","大安區",3.15
"111Q1","台北市","中山區",2.64
"111Q1","台北市","中正區",3.13
"111Q1","台北市","大同區",3.07
"111Q1","台北市","萬華區",2.88
"111Q1","台北市","文山區",3.05
"111Q1","台北市","南港區",3.09
"111Q1","台北市","內湖區",3.15
"111Q1","台北市","士林區",3.22
"111Q1","台北市","北投區",3.25
"111Q1","桃園市","",3.12
"111Q1","桃園市","桃園區",2.98
"111Q1","桃園市","中壢區",3.03
"111Q1","桃園市","平鎮區",3.22
"111Q1","桃園市","八德區",3.14
"111Q1","桃園市","楊梅區",3.18
"111Q1","桃園市","大溪區",3.28
"111Q1","桃園市","蘆竹區",3.18
"111Q1","桃園市","大園區",3.42
"111Q1","桃園市","龜山區",2.88
"111Q1","桃園市","龍潭區",3.22
"111Q1","桃園市","新屋區",3.77
"111Q1","桃園市","觀音區",3.51
"111Q1","桃園市","復興區",4.47
"111Q1","台中市","",3.32
"111Q1","台中市","中區",3.18
"111Q1","台中市","東區",3.11
"111Q1","台中市","南區",2.86
"111Q1","台中市","西區",2.91
"111Q1","台中市","北區",2.82
"111Q1","台中市","西屯區",2.95
"111Q1","台中市","南屯區",3.05
"111Q1","台中市","北屯區",3.03
"111Q1","台中市","豐原區",3.67
"111Q1","台中市","東勢區",3.60
"111Q1","台中市","大甲區",3.93
"111Q1","台中市","清水區",3.63
"111Q1","台中市","沙鹿區",3.52
"111Q1","台中市","梧棲區",3.66
"111Q1","台中市","后里區",4.11
"111Q1","台中市","神岡區",3.93
"111Q1","台中市","潭子區",3.44
"111Q1","台中市","大雅區",3.69
"111Q1","台中市","新社區",3.65
"111Q1","台中市","石岡區",3.86
"111Q1","台中市","外埔區",3.91
"111Q1","台中市","大安區",4.30
"111Q1","台中市","烏日區",3.35
"111Q1","台中市","大肚區",3.66
"111Q1","台中市","龍井區",3.95
"111Q1","台中市","霧峰區",3.76
"111Q1","台中市","太平區",3.39
"111Q1","台中市","大里區",3.47
"111Q1","台中市","和平區",3.41
"111Q1","台南市","",3.17
"111Q1","台南市","新營區",2.92
"111Q1","台南市","鹽水區",3.25
"111Q1","台南市","白河區",3.56
"111Q1","台南市","柳營區",3.35
"111Q1","台南市","後壁區",3.38
"111Q1","台南市","東山區",3.76
"111Q1","台南市","麻豆區",3.28
"111Q1","台南市","下營區",3.46
"111Q1","台南市","六甲區",3.39
"111Q1","台南市","官田區",3.25
"111Q1","台南市","大內區",3.59
"111Q1","台南市","佳里區",3.26
"111Q1","台南市","學甲區",3.30
"111Q1","台南市","西港區",3.56
"111Q1","台南市","七股區",4.06
"111Q1","台南市","將軍區",3.83
"111Q1","台南市","北門區",4.09
"111Q1","台南市","新化區",3.45
"111Q1","台南市","善化區",3.04
"111Q1","台南市","新市區",3.16
"111Q1","台南市","安定區",3.48
"111Q1","台南市","山上區",3.57
"111Q1","台南市","玉井區",3.32
"111Q1","台南市","楠西區",3.50
"111Q1","台南市","南化區",4.12
"111Q1","台南市","左鎮區",3.44
"111Q1","台南市","仁德區",3.11
"111Q1","台南市","歸仁區",3.43
"111Q1","台南市","關廟區",3.52
"111Q1","台南市","龍崎區",3.93
"111Q1","台南市","永康區",3.03
"111Q1","台南市","東區",2.93
"111Q1","台南市","南區",3.03
"111Q1","台南市","北區",2.87
"111Q1","台南市","安南區",3.50
"111Q1","台南市","安平區",2.82
"111Q1","台南市","中西區",2.96
"111Q1","高雄市","",2.99
"111Q1","高雄市","鹽埕區",2.59
"111Q1","高雄市","鼓山區",2.71
"111Q1","高雄市","左營區",2.75
"111Q1","高雄市","楠梓區",2.86
"111Q1","高雄市","三民區",2.84
"111Q1","高雄市","新興區",2.49
"111Q1","高雄市","前金區",2.27
"111Q1","高雄市","苓雅區",2.70
"111Q1","高雄市","前鎮區",2.80
"111Q1","高雄市","旗津區",3.96
"111Q1","高雄市","小港區",3.40
"111Q1","高雄市","鳳山區",2.93
"111Q1","高雄市","林園區",3.59
"111Q1","高雄市","大寮區",3.12
"111Q1","高雄市","大樹區",3.67
"111Q1","高雄市","大社區",3.07
"111Q1","高雄市","仁武區",2.95
"111Q1","高雄市","鳥松區",2.73
"111Q1","高雄市","岡山區",3.17
"111Q1","高雄市","橋頭區",2.92
"111Q1","高雄市","燕巢區",3.60
"111Q1","高雄市","田寮區",3.67
"111Q1","高雄市","阿蓮區",3.59
"111Q1","高雄市","路竹區",3.53
"111Q1","高雄市","湖內區",3.16
"111Q1","高雄市","茄萣區",3.88
"111Q1","高雄市","永安區",4.21
"111Q1","高雄市","彌陀區",3.97
"111Q1","高雄市","梓官區",3.43
"111Q1","高雄市","旗山區",3.27
"111Q1","高雄市","美濃區",3.95
"111Q1","高雄市","六龜區",3.12
"111Q1","高雄市","甲仙區",3.26
"111Q1","高雄市","杉林區",3.40
"111Q1","高雄市","內門區",4.52
"111Q1","高雄市","茂林區",4.50
"111Q1","高雄市","桃源區",4.38
"111Q1","高雄市","那瑪夏區",4.61
"111Q1","宜蘭縣","",3.13
"111Q1","宜蘭縣","宜蘭市",2.94
"111Q1","宜蘭縣","羅東鎮",3.26
"111Q1","宜蘭縣","蘇澳鎮",3.18
"111Q1","宜蘭縣","頭城鎮",3.45
"111Q1","宜蘭縣","礁溪鄉",2.93
"111Q1","宜蘭縣","壯圍鄉",3.42
"111Q1","宜蘭縣","員山鄉",3.20
"111Q1","宜蘭縣","冬山鄉",3.03
"111Q1","宜蘭縣","五結鄉",2.98
"111Q1","宜蘭縣","三星鄉",3.06
"111Q1","宜蘭縣","大同鄉",4.08
"111Q1","宜蘭縣","南澳鄉",4.97
"111Q1","新竹縣","",3.21
"111Q1","新竹縣","竹北市",3.01
"111Q1","新竹縣","關西鎮",3.99
"111Q1","新竹縣","新埔鎮",3.41
"111Q1","新竹縣","竹東鎮",3.10
"111Q1","新竹縣","湖口鄉",3.18
"111Q1","新竹縣","橫山鄉",3.54
"111Q1","新竹縣","新豐鄉",3.42
"111Q1","新竹縣","芎林鄉",3.45
"111Q1","新竹縣","寶山鄉",2.99
"111Q1","新竹縣","北埔鄉",3.94
"111Q1","新竹縣","峨眉鄉",4.19
"111Q1","新竹縣","尖石鄉",4.42
"111Q1","新竹縣","五峰鄉",3.91
"111Q1","苗栗縣","",3.40
"111Q1","苗栗縣","苗栗市",3.00
"111Q1","苗栗縣","苑裡鎮",3.74
"111Q1","苗栗縣","通霄鎮",3.99
"111Q1","苗栗縣","竹南鎮",3.21
"111Q1","苗栗縣","頭份鎮",3.14
"111Q1","苗栗縣","後龍鎮",3.84
"111Q1","苗栗縣","卓蘭鎮",4.05
"111Q1","苗栗縣","大湖鄉",3.86
"111Q1","苗栗縣","公館鄉",3.46
"111Q1","苗栗縣","銅鑼鄉",3.66
"111Q1","苗栗縣","南庄鄉",3.43
"111Q1","苗栗縣","頭屋鄉",3.70
"111Q1","苗栗縣","三義鄉",3.66
"111Q1","苗栗縣","西湖鄉",4.63
"111Q1","苗栗縣","造橋鄉",3.56
"111Q1","苗栗縣","三灣鄉",3.66
"111Q1","苗栗縣","獅潭鄉",3.47
"111Q1","苗栗縣","泰安鄉",5.21
"111Q1","彰化縣","",4.00
"111Q1","彰化縣","彰化市",3.47
"111Q1","彰化縣","鹿港鎮",4.23
"111Q1","彰化縣","和美鎮",3.77
"111Q1","彰化縣","北斗鎮",3.56
"111Q1","彰化縣","員林鎮",3.62
"111Q1","彰化縣","溪湖鎮",4.26
"111Q1","彰化縣","田中鎮",3.60
"111Q1","彰化縣","二林鎮",4.60
"111Q1","彰化縣","線西鄉",4.63
"111Q1","彰化縣","伸港鄉",4.48
"111Q1","彰化縣","福興鄉",4.67
"111Q1","彰化縣","秀水鄉",4.19
"111Q1","彰化縣","花壇鄉",3.74
"111Q1","彰化縣","芬園鄉",4.41
"111Q1","彰化縣","大村鄉",5.09
"111Q1","彰化縣","埔鹽鄉",5.29
"111Q1","彰化縣","埔心鄉",3.63
"111Q1","彰化縣","永靖鄉",4.54
"111Q1","彰化縣","社頭鄉",4.45
"111Q1","彰化縣","二水鄉",3.76
"111Q1","彰化縣","田尾鄉",3.77
"111Q1","彰化縣","埤頭鄉",4.09
"111Q1","彰化縣","芳苑鄉",4.67
"111Q1","彰化縣","大城鄉",5.40
"111Q1","彰化縣","竹塘鄉",4.30
"111Q1","彰化縣","溪州鄉",4.57
"111Q1","南投縣","",3.53
"111Q1","南投縣","南投市",3.28
"111Q1","南投縣","埔里鎮",3.40
"111Q1","南投縣","草屯鎮",3.55
"111Q1","南投縣","竹山鎮",3.30
"111Q1","南投縣","集集鎮",3.44
"111Q1","南投縣","名間鄉",4.10
"111Q1","南投縣","鹿谷鄉",3.80
"111Q1","南投縣","中寮鄉",3.96
"111Q1","南投縣","魚池鄉",4.03
"111Q1","南投縣","國姓鄉",3.51
"111Q1","南投縣","水里鄉",3.21
"111Q1","南投縣","信義鄉",4.48
"111Q1","南投縣","仁愛鄉",4.27
"111Q1","雲林縣","",3.74
"111Q1","雲林縣","斗六市",3.15
"111Q1","雲林縣","斗南鎮",3.29
"111Q1","雲林縣","虎尾鎮",3.21
"111Q1","雲林縣","西螺鎮",3.77
"111Q1","雲林縣","土庫鎮",3.86
"111Q1","雲林縣","北港鎮",3.26
"111Q1","雲林縣","古坑鄉",3.75
"111Q1","雲林縣","大埤鄉",3.88
"111Q1","雲林縣","莿桐鄉",3.93
"111Q1","雲林縣","林內鄉",3.71
"111Q1","雲林縣","二崙鄉",4.24
"111Q1","雲林縣","崙背鄉",3.88
"111Q1","雲林縣","麥寮鄉",5.86
"111Q1","雲林縣","東勢鄉",4.02
"111Q1","雲林縣","褒忠鄉",4.00
"111Q1","雲林縣","台西鄉",4.49
"111Q1","雲林縣","元長鄉",4.09
"111Q1","雲林縣","四湖鄉",4.07
"111Q1","雲林縣","口湖鄉",4.75
"111Q1","雲林縣","水林鄉",4.43
"111Q1","嘉義縣","",3.73
"111Q1","嘉義縣","太保市",3.45
"111Q1","嘉義縣","朴子市",3.42
"111Q1","嘉義縣","布袋鎮",3.99
"111Q1","嘉義縣","大林鎮",3.49
"111Q1","嘉義縣","民雄鄉",3.39
"111Q1","嘉義縣","溪口鄉",4.51
"111Q1","嘉義縣","新港鄉",4.20
"111Q1","嘉義縣","六腳鄉",4.30
"111Q1","嘉義縣","東石鄉",4.55
"111Q1","嘉義縣","義竹鄉",4.08
"111Q1","嘉義縣","鹿草鄉",4.22
"111Q1","嘉義縣","水上鄉",3.29
"111Q1","嘉義縣","中埔鄉",3.74
"111Q1","嘉義縣","竹崎鄉",4.16
"111Q1","嘉義縣","梅山鄉",3.85
"111Q1","嘉義縣","番路鄉",3.53
"111Q1","嘉義縣","大埔鄉",5.07
"111Q1","嘉義縣","阿里山鄉",4.17
"111Q1","屏東縣","",3.45
"111Q1","屏東縣","屏東市",3.01
"111Q1","屏東縣","潮州鎮",3.02
"111Q1","屏東縣","東港鎮",3.43
"111Q1","屏東縣","恆春鎮",3.44
"111Q1","屏東縣","萬丹鄉",3.63
"111Q1","屏東縣","長治鄉",3.40
"111Q1","屏東縣","麟洛鄉",3.12
"111Q1","屏東縣","九如鄉",3.59
"111Q1","屏東縣","里港鄉",3.89
"111Q1","屏東縣","鹽埔鄉",4.13
"111Q1","屏東縣","高樹鄉",4.15
"111Q1","屏東縣","萬巒鄉",4.16
"111Q1","屏東縣","內埔鄉",3.39
"111Q1","屏東縣","竹田鄉",3.54
"111Q1","屏東縣","新埤鄉",3.90
"111Q1","屏東縣","枋寮鄉",3.43
"111Q1","屏東縣","新園鄉",3.69
"111Q1","屏東縣","崁頂鄉",4.87
"111Q1","屏東縣","林邊鄉",3.67
"111Q1","屏東縣","南州鄉",3.51
"111Q1","屏東縣","佳冬鄉",3.81
"111Q1","屏東縣","琉球鄉",4.13
"111Q1","屏東縣","車城鄉",3.34
"111Q1","屏東縣","滿州鄉",3.51
"111Q1","屏東縣","枋山鄉",3.68
"111Q1","屏東縣","三地門鄉",4.46
"111Q1","屏東縣","霧台鄉",3.80
"111Q1","屏東縣","瑪家鄉",4.41
"111Q1","屏東縣","泰武鄉",5.33
"111Q1","屏東縣","來義鄉",4.20
"111Q1","屏東縣","春日鄉",4.48
"111Q1","屏東縣","獅子鄉",4.00
"111Q1","屏東縣","牡丹鄉",3.24
"111Q1","台東縣","",3.19
"111Q1","台東縣","台東市",3.12
"111Q1","台東縣","成功鎮",3.06
"111Q1","台東縣","關山鎮",3.25
"111Q1","台東縣","卑南鄉",3.15
"111Q1","台東縣","大武鄉",2.93
"111Q1","台東縣","太麻里鄉",3.01
"111Q1","台東縣","東河鄉",2.80
"111Q1","台東縣","長濱鄉",2.63
"111Q1","台東縣","鹿野鄉",3.19
"111Q1","台東縣","池上鄉",3.20
"111Q1","台東縣","綠島鄉",5.86
"111Q1","台東縣","延平鄉",4.50
"111Q1","台東縣","海端鄉",4.56
"111Q1","台東縣","達仁鄉",3.13
"111Q1","台東縣","金峰鄉",4.66
"111Q1","台東縣","蘭嶼鄉",4.12
"111Q1","花蓮縣","",3.11
"111Q1","花蓮縣","花蓮市",3.04
"111Q1","花蓮縣","鳳林鎮",2.95
"111Q1","花蓮縣","玉里鎮",3.06
"111Q1","花蓮縣","新城鄉",2.96
"111Q1","花蓮縣","吉安鄉",3.00
"111Q1","花蓮縣","壽豐鄉",2.92
"111Q1","花蓮縣","光復鄉",3.01
"111Q1","花蓮縣","豐濱鄉",3.10
"111Q1","花蓮縣","瑞穗鄉",2.93
"111Q1","花蓮縣","富里鄉",3.01
"111Q1","花蓮縣","秀林鄉",5.10
"111Q1","花蓮縣","萬榮鄉",4.32
"111Q1","花蓮縣","卓溪鄉",4.29
"111Q1","澎湖縣","",3.93
"111Q1","澎湖縣","馬公市",3.65
"111Q1","澎湖縣","湖西鄉",4.12
"111Q1","澎湖縣","白沙鄉",4.65
"111Q1","澎湖縣","西嶼鄉",3.97
"111Q1","澎湖縣","望安鄉",5.90
"111Q1","澎湖縣","七美鄉",4.96
"111Q1","基隆市","",2.69
"111Q1","基隆市","中正區",2.54
"111Q1","基隆市","七堵區",2.77
"111Q1","基隆市","暖暖區",2.65
"111Q1","基隆市","仁愛區",2.87
"111Q1","基隆市","中山區",2.76
"111Q1","基隆市","安樂區",2.66
"111Q1","基隆市","信義區",2.64
"111Q1","新竹市","",3.05
"111Q1","新竹市","新竹市",3.05
"111Q1","嘉義市","",3.08
"111Q1","嘉義市","嘉義市",3.08
"111Q1","金門縣","",6.91
"111Q1","金門縣","金城鎮",6.70
"111Q1","金門縣","金湖鎮",6.38
"111Q1","金門縣","金沙鎮",6.84
"111Q1","金門縣","金寧鄉",7.09
"111Q1","金門縣","烈嶼鄉",9.16
"111Q1","金門縣","烏坵鄉",8.38
"111Q1","連江縣","",4.85
"111Q1","連江縣","南竿鄉",4.42
"111Q1","連江縣","北竿鄉",5.97
"111Q1","連江縣","莒光鄉",5.04
"111Q1","連江縣","東引鄉",5.28
"111Q2","全國","",3.16
"111Q2","新北市","",2.89
"111Q2","新北市","板橋區",2.98
"111Q2","新北市","三重區",2.90
"111Q2","新北市","中和區",2.73
"111Q2","新北市","永和區",2.73
"111Q2","新北市","新莊區",3.03
"111Q2","新北市","新店區",2.59
"111Q2","新北市","樹林區",3.14
"111Q2","新北市","鶯歌區",3.15
"111Q2","新北市","三峽區",3.07
"111Q2","新北市","淡水區",2.43
"111Q2","新北市","汐止區",2.55
"111Q2","新北市","瑞芳區",3.04
"111Q2","新北市","土城區",3.06
"111Q2","新北市","蘆洲區",3.20
"111Q2","新北市","五股區",2.97
"111Q2","新北市","泰山區",3.05
"111Q2","新北市","林口區",2.88
"111Q2","新北市","深坑區",2.79
"111Q2","新北市","石碇區",3.27
"111Q2","新北市","坪林區",3.66
"111Q2","新北市","三芝區",2.87
"111Q2","新北市","石門區",4.49
"111Q2","新北市","八里區",3.07
"111Q2","新北市","平溪區",2.71
"111Q2","新北市","雙溪區",3.41
"111Q2","新北市","貢寮區",4.12
"111Q2","新北市","金山區",3.74
"111Q2","新北市","萬里區",3.91
"111Q2","新北市","烏來區",5.07
"111Q2","台北市","",3.03
"111Q2","台北市","松山區",3.08
"111Q2","台北市","信義區",2.92
"111Q2","台北市","大安區",3.10
"111Q2","台北市","中山區",2.63
"111Q2","台北市","中正區",3.10
"111Q2","台北市","大同區",3.05
"111Q2","台北市","萬華區",2.86
"111Q2","台北市","文山區",3.04
"111Q2","台北市","南港區",3.07
"111Q2","台北市","內湖區",3.13
"111Q2","台北市","士林區",3.20
"111Q2","台北市","北投區",3.21
"111Q2","桃園市","",3.11
"111Q2","桃園市","桃園區",2.96
"111Q2","桃園市","中壢區",3.02
"111Q2","桃園市","平鎮區",3.21
"111Q2","桃園市","八德區",3.13
"111Q2","桃園市","楊梅區",3.17
"111Q2","桃園市","大溪區",3.26
"111Q2","桃園市","蘆竹區",3.17
"111Q2","桃園市","大園區",3.40
"111Q2","桃園市","龜山區",2.85
"111Q2","桃園市","龍潭區",3.21
"111Q2","桃園市","新屋區",3.73
"111Q2","桃園市","觀音區",3.48
"111Q2","桃園市","復興區",4.51
"111Q2","台中市","",3.30
"111Q2","台中市","中區",3.16
"111Q2","台中市","東區",3.10
"111Q2","台中市","南區",2.84
"111Q2","台中市","西區",2.90
"111Q2","台中市","北區",2.80
"111Q2","台中市","西屯區",2.94
"111Q2","台中市","南屯區",3.04
"111Q2","台中市","北屯區",3.00
"111Q2","台中市","豐原區",3.65
"111Q2","台中市","東勢區",3.58
"111Q2","台中市","大甲區",3.89
"111Q2","台中市","清水區",3.60
"111Q2","台中市","沙鹿區",3.51
"111Q2","台中市","梧棲區",3.63
"111Q2","台中市","后里區",4.09
"111Q2","台中市","神岡區",3.91
"111Q2","台中市","潭子區",3.43
"111Q2","台中市","大雅區",3.67
"111Q2","台中市","新社區",3.63
"111Q2","台中市","石岡區",3.84
"111Q2","台中市","外埔區",3.89
"111Q2","台中市","大安區",4.27
"111Q2","台中市","烏日區",3.32
"111Q2","台中市","大肚區",3.63
"111Q2","台中市","龍井區",3.93
"111Q2","台中市","霧峰區",3.74
"111Q2","台中市","太平區",3.37
"111Q2","台中市","大里區",3.46
"111Q2","台中市","和平區",3.40
"111Q2","台南市","",3.15
"111Q2","台南市","新營區",2.90
"111Q2","台南市","鹽水區",3.23
"111Q2","台南市","白河區",3.54
"111Q2","台南市","柳營區",3.31
"111Q2","台南市","後壁區",3.37
"111Q2","台南市","東山區",3.75
"111Q2","台南市","麻豆區",3.26
"111Q2","台南市","下營區",3.43
"111Q2","台南市","六甲區",3.37
"111Q2","台南市","官田區",3.23
"111Q2","台南市","大內區",3.57
"111Q2","台南市","佳里區",3.24
"111Q2","台南市","學甲區",3.28
"111Q2","台南市","西港區",3.53
"111Q2","台南市","七股區",4.02
"111Q2","台南市","將軍區",3.83
"111Q2","台南市","北門區",4.05
"111Q2","台南市","新化區",3.43
"111Q2","台南市","善化區",3.02
"111Q2","台南市","新市區",3.14
"111Q2","台南市","安定區",3.46
"111Q2","台南市","山上區",3.52
"111Q2","台南市","玉井區",3.30
"111Q2","台南市","楠西區",3.49
"111Q2","台南市","南化區",4.11
"111Q2","台南市","左鎮區",3.43
"111Q2","台南市","仁德區",3.09
"111Q2","台南市","歸仁區",3.41
"111Q2","台南市","關廟區",3.50
"111Q2","台南市","龍崎區",3.90
"111Q2","台南市","永康區",3.02
"111Q2","台南市","東區",2.92
"111Q2","台南市","南區",3.02
"111Q2","台南市","北區",2.86
"111Q2","台南市","安南區",3.46
"111Q2","台南市","安平區",2.80
"111Q2","台南市","中西區",2.95
"111Q2","高雄市","",2.97
"111Q2","高雄市","鹽埕區",2.58
"111Q2","高雄市","鼓山區",2.70
"111Q2","高雄市","左營區",2.74
"111Q2","高雄市","楠梓區",2.84
"111Q2","高雄市","三民區",2.83
"111Q2","高雄市","新興區",2.48
"111Q2","高雄市","前金區",2.25
"111Q2","高雄市","苓雅區",2.68
"111Q2","高雄市","前鎮區",2.79
"111Q2","高雄市","旗津區",3.95
"111Q2","高雄市","小港區",3.38
"111Q2","高雄市","鳳山區",2.92
"111Q2","高雄市","林園區",3.56
"111Q2","高雄市","大寮區",3.11
"111Q2","高雄市","大樹區",3.65
"111Q2","高雄市","大社區",3.06
"111Q2","高雄市","仁武區",2.93
"111Q2","高雄市","鳥松區",2.72
"111Q2","高雄市","岡山區",3.16
"111Q2","高雄市","橋頭區",2.91
"111Q2","高雄市","燕巢區",3.58
"111Q2","高雄市","田寮區",3.65
"111Q2","高雄市","阿蓮區",3.57
"111Q2","高雄市","路竹區",3.51
"111Q2","高雄市","湖內區",3.14
"111Q2","高雄市","茄萣區",3.88
"111Q2","高雄市","永安區",4.23
"111Q2","高雄市","彌陀區",3.95
"111Q2","高雄市","梓官區",3.41
"111Q2","高雄市","旗山區",3.25
"111Q2","高雄市","美濃區",3.93
"111Q2","高雄市","六龜區",3.11
"111Q2","高雄市","甲仙區",3.24
"111Q2","高雄市","杉林區",3.39
"111Q2","高雄市","內門區",4.51
"111Q2","高雄市","茂林區",4.56
"111Q2","高雄市","桃源區",4.40
"111Q2","高雄市","那瑪夏區",4.63
"111Q2","宜蘭縣","",3.11
"111Q2","宜蘭縣","宜蘭市",2.92
"111Q2","宜蘭縣","羅東鎮",3.23
"111Q2","宜蘭縣","蘇澳鎮",3.17
"111Q2","宜蘭縣","頭城鎮",3.43
"111Q2","宜蘭縣","礁溪鄉",2.92
"111Q2","宜蘭縣","壯圍鄉",3.40
"111Q2","宜蘭縣","員山鄉",3.19
"111Q2","宜蘭縣","冬山鄉",3.01
"111Q2","宜蘭縣","五結鄉",2.96
"111Q2","宜蘭縣","三星鄉",3.05
"111Q2","宜蘭縣","大同鄉",4.10
"111Q2","宜蘭縣","南澳鄉",5.00
"111Q2","新竹縣","",3.20
"111Q2","新竹縣","竹北市",3.00
"111Q2","新竹縣","關西鎮",3.98
"111Q2","新竹縣","新埔鎮",3.38
"111Q2","新竹縣","竹東鎮",3.09
"111Q2","新竹縣","湖口鄉",3.16
"111Q2","新竹縣","橫山鄉",3.54
"111Q2","新竹縣","新豐鄉",3.38
"111Q2","新竹縣","芎林鄉",3.41
"111Q2","新竹縣","寶山鄉",2.98
"111Q2","新竹縣","北埔鄉",3.93
"111Q2","新竹縣","峨眉鄉",4.18
"111Q2","新竹縣","尖石鄉",4.40
"111Q2","新竹縣","五峰鄉",3.93
"111Q2","苗栗縣","",3.38
"111Q2","苗栗縣","苗栗市",2.98
"111Q2","苗栗縣","苑裡鎮",3.72
"111Q2","苗栗縣","通霄鎮",3.97
"111Q2","苗栗縣","竹南鎮",3.19
"111Q2","苗栗縣","頭份鎮",3.12
"111Q2","苗栗縣","後龍鎮",3.81
"111Q2","苗栗縣","卓蘭鎮",4.02
"111Q2","苗栗縣","大湖鄉",3.82
"111Q2","苗栗縣","公館鄉",3.44
"111Q2","苗栗縣","銅鑼鄉",3.64
"111Q2","苗栗縣","南庄鄉",3.41
"111Q2","苗栗縣","頭屋鄉",3.71
"111Q2","苗栗縣","三義鄉",3.63
"111Q2","苗栗縣","西湖鄉",4.62
"111Q2","苗栗縣","造橋鄉",3.53
"111Q2","苗栗縣","三灣鄉",3.65
"111Q2","苗栗縣","獅潭鄉",3.49
"111Q2","苗栗縣","泰安鄉",5.22
"111Q2","彰化縣","",3.98
"111Q2","彰化縣","彰化市",3.46
"111Q2","彰化縣","鹿港鎮",4.21
"111Q2","彰化縣","和美鎮",3.75
"111Q2","彰化縣","北斗鎮",3.53
"111Q2","彰化縣","員林鎮",3.60
"111Q2","彰化縣","溪湖鎮",4.25
"111Q2","彰化縣","田中鎮",3.58
"111Q2","彰化縣","二林鎮",4.55
"111Q2","彰化縣","線西鄉",4.60
"111Q2","彰化縣","伸港鄉",4.45
"111Q2","彰化縣","福興鄉",4.64
"111Q2","彰化縣","秀水鄉",4.17
"111Q2","彰化縣","花壇鄉",3.72
"111Q2","彰化縣","芬園鄉",4.38
"111Q2","彰化縣","大村鄉",5.06
"111Q2","彰化縣","埔鹽鄉",5.24
"111Q2","彰化縣","埔心鄉",3.60
"111Q2","彰化縣","永靖鄉",4.52
"111Q2","彰化縣","社頭鄉",4.42
"111Q2","彰化縣","二水鄉",3.75
"111Q2","彰化縣","田尾鄉",3.75
"111Q2","彰化縣","埤頭鄉",4.06
"111Q2","彰化縣","芳苑鄉",4.66
"111Q2","彰化縣","大城鄉",5.38
"111Q2","彰化縣","竹塘鄉",4.27
"111Q2","彰化縣","溪州鄉",4.54
"111Q2","南投縣","",3.51
"111Q2","南投縣","南投市",3.26
"111Q2","南投縣","埔里鎮",3.39
"111Q2","南投縣","草屯鎮",3.53
"111Q2","南投縣","竹山鎮",3.28
"111Q2","南投縣","集集鎮",3.42
"111Q2","南投縣","名間鄉",4.06
"111Q2","南投縣","鹿谷鄉",3.77
"111Q2","南投縣","中寮鄉",3.96
"111Q2","南投縣","魚池鄉",4.01
"111Q2","南投縣","國姓鄉",3.50
"111Q2","南投縣","水里鄉",3.20
"111Q2","南投縣","信義鄉",4.46
"111Q2","南投縣","仁愛鄉",4.26
"111Q2","雲林縣","",3.72
"111Q2","雲林縣","斗六市",3.14
"111Q2","雲林縣","斗南鎮",3.27
"111Q2","雲林縣","虎尾鎮",3.19
"111Q2","雲林縣","西螺鎮",3.75
"111Q2","雲林縣","土庫鎮",3.82
"111Q2","雲林縣","北港鎮",3.25
"111Q2","雲林縣","古坑鄉",3.71
"111Q2","雲林縣","大埤鄉",3.88
"111Q2","雲林縣","莿桐鄉",3.90
"111Q2","雲林縣","林內鄉",3.71
"111Q2","雲林縣","二崙鄉",4.22
"111Q2","雲林縣","崙背鄉",3.84
"111Q2","雲林縣","麥寮鄉",5.86
"111Q2","雲林縣","東勢鄉",3.99
"111Q2","雲林縣","褒忠鄉",3.97
"111Q2","雲林縣","台西鄉",4.47
"111Q2","雲林縣","元長鄉",4.07
"111Q2","雲林縣","四湖鄉",4.06
"111Q2","雲林縣","口湖鄉",4.76
"111Q2","雲林縣","水林鄉",4.40
"111Q2","嘉義縣","",3.71
"111Q2","嘉義縣","太保市",3.44
"111Q2","嘉義縣","朴子市",3.40
"111Q2","嘉義縣","布袋鎮",3.96
"111Q2","嘉義縣","大林鎮",3.46
"111Q2","嘉義縣","民雄鄉",3.36
"111Q2","嘉義縣","溪口鄉",4.50
"111Q2","嘉義縣","新港鄉",4.18
"111Q2","嘉義縣","六腳鄉",4.29
"111Q2","嘉義縣","東石鄉",4.55
"111Q2","嘉義縣","義竹鄉",4.07
"111Q2","嘉義縣","鹿草鄉",4.20
"111Q2","嘉義縣","水上鄉",3.26
"111Q2","嘉義縣","中埔鄉",3.73
"111Q2","嘉義縣","竹崎鄉",4.13
"111Q2","嘉義縣","梅山鄉",3.83
"111Q2","嘉義縣","番路鄉",3.53
"111Q2","嘉義縣","大埔鄉",5.04
"111Q2","嘉義縣","阿里山鄉",4.17
"111Q2","屏東縣","",3.43
"111Q2","屏東縣","屏東市",2.99
"111Q2","屏東縣","潮州鎮",3.01
"111Q2","屏東縣","東港鎮",3.41
"111Q2","屏東縣","恆春鎮",3.42
"111Q2","屏東縣","萬丹鄉",3.60
"111Q2","屏東縣","長治鄉",3.39
"111Q2","屏東縣","麟洛鄉",3.10
"111Q2","屏東縣","九如鄉",3.57
"111Q2","屏東縣","里港鄉",3.87
"111Q2","屏東縣","鹽埔鄉",4.12
"111Q2","屏東縣","高樹鄉",4.13
"111Q2","屏東縣","萬巒鄉",4.13
"111Q2","屏東縣","內埔鄉",3.35
"111Q2","屏東縣","竹田鄉",3.53
"111Q2","屏東縣","新埤鄉",3.92
"111Q2","屏東縣","枋寮鄉",3.42
"111Q2","屏東縣","新園鄉",3.68
"111Q2","屏東縣","崁頂鄉",4.83
"111Q2","屏東縣","林邊鄉",3.67
"111Q2","屏東縣","南州鄉",3.50
"111Q2","屏東縣","佳冬鄉",3.81
"111Q2","屏東縣","琉球鄉",4.13
"111Q2","屏東縣","車城鄉",3.36
"111Q2","屏東縣","滿州鄉",3.56
"111Q2","屏東縣","枋山鄉",3.67
"111Q2","屏東縣","三地門鄉",4.47
"111Q2","屏東縣","霧台鄉",3.83
"111Q2","屏東縣","瑪家鄉",4.43
"111Q2","屏東縣","泰武鄉",5.29
"111Q2","屏東縣","來義鄉",4.20
"111Q2","屏東縣","春日鄉",4.48
"111Q2","屏東縣","獅子鄉",3.99
"111Q2","屏東縣","牡丹鄉",3.24
"111Q2","台東縣","",3.18
"111Q2","台東縣","台東市",3.11
"111Q2","台東縣","成功鎮",3.05
"111Q2","台東縣","關山鎮",3.22
"111Q2","台東縣","卑南鄉",3.16
"111Q2","台東縣","大武鄉",2.94
"111Q2","台東縣","太麻里鄉",3.00
"111Q2","台東縣","東河鄉",2.82
"111Q2","台東縣","長濱鄉",2.63
"111Q2","台東縣","鹿野鄉",3.17
"111Q2","台東縣","池上鄉",3.20
"111Q2","台東縣","綠島鄉",5.95
"111Q2","台東縣","延平鄉",4.52
"111Q2","台東縣","海端鄉",4.53
"111Q2","台東縣","達仁鄉",3.17
"111Q2","台東縣","金峰鄉",4.64
"111Q2","台東縣","蘭嶼鄉",4.11
"111Q2","花蓮縣","",3.10
"111Q2","花蓮縣","花蓮市",3.02
"111Q2","花蓮縣","鳳林鎮",2.95
"111Q2","花蓮縣","玉里鎮",3.04
"111Q2","花蓮縣","新城鄉",2.94
"111Q2","花蓮縣","吉安鄉",2.99
"111Q2","花蓮縣","壽豐鄉",2.91
"111Q2","花蓮縣","光復鄉",3.00
"111Q2","花蓮縣","豐濱鄉",3.09
"111Q2","花蓮縣","瑞穗鄉",2.91
"111Q2","花蓮縣","富里鄉",3.00
"111Q2","花蓮縣","秀林鄉",5.12
"111Q2","花蓮縣","萬榮鄉",4.34
"111Q2","花蓮縣","卓溪鄉",4.32
"111Q2","澎湖縣","",3.92
"111Q2","澎湖縣","馬公市",3.63
"111Q2","澎湖縣","湖西鄉",4.13
"111Q2","澎湖縣","白沙鄉",4.66
"111Q2","澎湖縣","西嶼鄉",3.96
"111Q2","澎湖縣","望安鄉",5.91
"111Q2","澎湖縣","七美鄉",5.03
"111Q2","基隆市","",2.67
"111Q2","基隆市","中正區",2.51
"111Q2","基隆市","七堵區",2.76
"111Q2","基隆市","暖暖區",2.65
"111Q2","基隆市","仁愛區",2.85
"111Q2","基隆市","中山區",2.74
"111Q2","基隆市","安樂區",2.64
"111Q2","基隆市","信義區",2.63
"111Q2","新竹市","",3.03
"111Q2","新竹市","新竹市",3.03
"111Q2","嘉義市","",3.07
"111Q2","嘉義市","嘉義市",3.07
"111Q2","金門縣","",6.85
"111Q2","金門縣","金城鎮",6.68
"111Q2","金門縣","金湖鎮",6.35
"111Q2","金門縣","金沙鎮",6.80
"111Q2","金門縣","金寧鄉",6.92
"111Q2","金門縣","烈嶼鄉",9.16
"111Q2","金門縣","烏坵鄉",8.43
"111Q2","連江縣","",4.90
"111Q2","連江縣","南竿鄉",4.47
"111Q2","連江縣","北竿鄉",6.14
"111Q2","連江縣","莒光鄉",4.97
"111Q2","連江縣","東引鄉",5.25
"111Q3","全國","",3.15
"111Q3","新北市","",2.88
"111Q3","新北市","板橋區",2.97
"111Q3","新北市","三重區",2.88
"111Q3","新北市","中和區",2.72
"111Q3","新北市","永和區",2.72
"111Q3","新北市","新莊區",3.02
"111Q3","新北市","新店區",2.59
"111Q3","新北市","樹林區",3.14
"111Q3","新北市","鶯歌區",3.14
"111Q3","新北市","三峽區",3.06
"111Q3","新北市","淡水區",2.42
"111Q3","新北市","汐止區",2.54
"111Q3","新北市","瑞芳區",3.04
"111Q3","新北市","土城區",3.05
"111Q3","新北市","蘆洲區",3.20
"111Q3","新北市","五股區",2.96
"111Q3","新北市","泰山區",3.04
"111Q3","新北市","林口區",2.87
"111Q3","新北市","深坑區",2.79
"111Q3","新北市","石碇區",3.26
"111Q3","新北市","坪林區",3.66
"111Q3","新北市","三芝區",2.86
"111Q3","新北市","石門區",4.48
"111Q3","新北市","八里區",3.06
"111Q3","新北市","平溪區",2.70
"111Q3","新北市","雙溪區",3.40
"111Q3","新北市","貢寮區",4.11
"111Q3","新北市","金山區",3.73
"111Q3","新北市","萬里區",3.91
"111Q3","新北市","烏來區",5.09
"111Q3","台北市","",3.02
"111Q3","台北市","松山區",3.07
"111Q3","台北市","信義區",2.91
"111Q3","台北市","大安區",3.09
"111Q3","台北市","中山區",2.62
"111Q3","台北市","中正區",3.09
"111Q3","台北市","大同區",3.03
"111Q3","台北市","萬華區",2.85
"111Q3","台北市","文山區",3.03
"111Q3","台北市","南港區",3.06
"111Q3","台北市","內湖區",3.12
"111Q3","台北市","士林區",3.19
"111Q3","台北市","北投區",3.20
"111Q3","桃園市","",3.10
"111Q3","桃園市","桃園區",2.95
"111Q3","桃園市","中壢區",3.01
"111Q3","桃園市","平鎮區",3.20
"111Q3","桃園市","八德區",3.12
"111Q3","桃園市","楊梅區",3.15
"111Q3","桃園市","大溪區",3.25
"111Q3","桃園市","蘆竹區",3.16
"111Q3","桃園市","大園區",3.38
"111Q3","桃園市","龜山區",2.83
"111Q3","桃園市","龍潭區",3.20
"111Q3","桃園市","新屋區",3.71
"111Q3","桃園市","觀音區",3.46
"111Q3","桃園市","復興區",4.51
"111Q3","台中市","",3.28
"111Q3","台中市","中區",3.15
"111Q3","台中市","東區",3.09
"111Q3","台中市","南區",2.84
"111Q3","台中市","西區",2.89
"111Q3","台中市","北區",2.79
"111Q3","台中市","西屯區",2.93
"111Q3","台中市","南屯區",3.03
"111Q3","台中市","北屯區",2.98
"111Q3","台中市","豐原區",3.63
"111Q3","台中市","東勢區",3.56
"111Q3","台中市","大甲區",3.87
"111Q3","台中市","清水區",3.58
"111Q3","台中市","沙鹿區",3.50
"111Q3","台中市","梧棲區",3.62
"111Q3","台中市","后里區",4.07
"111Q3","台中市","神岡區",3.90
"111Q3","台中市","潭子區",3.42
"111Q3","台中市","大雅區",3.66
"111Q3","台中市","新社區",3.62
"111Q3","台中市","石岡區",3.84
"111Q3","台中市","外埔區",3.88
"111Q3","台中市","大安區",4.25
"111Q3","台中市","烏日區",3.31
"111Q3","台中市","大肚區",3.63
"111Q3","台中市","龍井區",3.92
"111Q3","台中市","霧峰區",3.73
"111Q3","台中市","太平區",3.36
"111Q3","台中市","大里區",3.45
"111Q3","台中市","和平區",3.40
"111Q3","台南市","",3.14
"111Q3","台南市","新營區",2.89
"111Q3","台南市","鹽水區",3.22
"111Q3","台南市","白河區",3.53
"111Q3","台南市","柳營區",3.30
"111Q3","台南市","後壁區",3.36
"111Q3","台南市","東山區",3.75
"111Q3","台南市","麻豆區",3.24
"111Q3","台南市","下營區",3.42
"111Q3","台南市","六甲區",3.36
"111Q3","台南市","官田區",3.22
"111Q3","台南市","大內區",3.57
"111Q3","台南市","佳里區",3.22
"111Q3","台南市","學甲區",3.27
"111Q3","台南市","西港區",3.51
"111Q3","台南市","七股區",4.01
"111Q3","台南市","將軍區",3.82
"111Q3","台南市","北門區",4.05
"111Q3","台南市","新化區",3.43
"111Q3","台南市","善化區",3.00
"111Q3","台南市","新市區",3.12
"111Q3","台南市","安定區",3.44
"111Q3","台南市","山上區",3.50
"111Q3","台南市","玉井區",3.28
"111Q3","台南市","楠西區",3.48
"111Q3","台南市","南化區",4.10
"111Q3","台南市","左鎮區",3.42
"111Q3","台南市","仁德區",3.08
"111Q3","台南市","歸仁區",3.40
"111Q3","台南市","關廟區",3.49
"111Q3","台南市","龍崎區",3.89
"111Q3","台南市","永康區",3.01
"111Q3","台南市","東區",2.91
"111Q3","台南市","南區",3.00
"111Q3","台南市","北區",2.85
"111Q3","台南市","安南區",3.43
"111Q3","台南市","安平區",2.78
"111Q3","台南市","中西區",2.94
"111Q3","高雄市","",2.96
"111Q3","高雄市","鹽埕區",2.57
"111Q3","高雄市","鼓山區",2.69
"111Q3","高雄市","左營區",2.72
"111Q3","高雄市","楠梓區",2.83
"111Q3","高雄市","三民區",2.82
"111Q3","高雄市","新興區",2.48
"111Q3","高雄市","前金區",2.24
"111Q3","高雄市","苓雅區",2.67
"111Q3","高雄市","前鎮區",2.78
"111Q3","高雄市","旗津區",3.93
"111Q3","高雄市","小港區",3.38
"111Q3","高雄市","鳳山區",2.90
"111Q3","高雄市","林園區",3.55
"111Q3","高雄市","大寮區",3.10
"111Q3","高雄市","大樹區",3.63
"111Q3","高雄市","大社區",3.05
"111Q3","高雄市","仁武區",2.92
"111Q3","高雄市","鳥松區",2.72
"111Q3","高雄市","岡山區",3.15
"111Q3","高雄市","橋頭區",2.89
"111Q3","高雄市","燕巢區",3.57
"111Q3","高雄市","田寮區",3.65
"111Q3","高雄市","阿蓮區",3.55
"111Q3","高雄市","路竹區",3.49
"111Q3","高雄市","湖內區",3.14
"111Q3","高雄市","茄萣區",3.86
"111Q3","高雄市","永安區",4.24
"111Q3","高雄市","彌陀區",3.94
"111Q3","高雄市","梓官區",3.39
"111Q3","高雄市","旗山區",3.24
"111Q3","高雄市","美濃區",3.91
"111Q3","高雄市","六龜區",3.11
"111Q3","高雄市","甲仙區",3.23
"111Q3","高雄市","杉林區",3.38
"111Q3","高雄市","內門區",4.49
"111Q3","高雄市","茂林區",4.55
"111Q3","高雄市","桃源區",4.40
"111Q3","高雄市","那瑪夏區",4.63
"111Q3","宜蘭縣","",3.10
"111Q3","宜蘭縣","宜蘭市",2.90
"111Q3","宜蘭縣","羅東鎮",3.22
"111Q3","宜蘭縣","蘇澳鎮",3.15
"111Q3","宜蘭縣","頭城鎮",3.42
"111Q3","宜蘭縣","礁溪鄉",2.90
"111Q3","宜蘭縣","壯圍鄉",3.39
"111Q3","宜蘭縣","員山鄉",3.18
"111Q3","宜蘭縣","冬山鄉",3.00
"111Q3","宜蘭縣","五結鄉",2.95
"111Q3","宜蘭縣","三星鄉",3.04
"111Q3","宜蘭縣","大同鄉",4.11
"111Q3","宜蘭縣","南澳鄉",5.00
"111Q3","新竹縣","",3.18
"111Q3","新竹縣","竹北市",2.99
"111Q3","新竹縣","關西鎮",3.95
"111Q3","新竹縣","新埔鎮",3.35
"111Q3","新竹縣","竹東鎮",3.07
"111Q3","新竹縣","湖口鄉",3.15
"111Q3","新竹縣","橫山鄉",3.52
"111Q3","新竹縣","新豐鄉",3.36
"111Q3","新竹縣","芎林鄉",3.38
"111Q3","新竹縣","寶山鄉",2.97
"111Q3","新竹縣","北埔鄉",3.92
"111Q3","新竹縣","峨眉鄉",4.18
"111Q3","新竹縣","尖石鄉",4.41
"111Q3","新竹縣","五峰鄉",3.94
"111Q3","苗栗縣","",3.37
"111Q3","苗栗縣","苗栗市",2.97
"111Q3","苗栗縣","苑裡鎮",3.71
"111Q3","苗栗縣","通霄鎮",3.96
"111Q3","苗栗縣","竹南鎮",3.19
"111Q3","苗栗縣","頭份鎮",3.11
"111Q3","苗栗縣","後龍鎮",3.78
"111Q3","苗栗縣","卓蘭鎮",4.01
"111Q3","苗栗縣","大湖鄉",3.81
"111Q3","苗栗縣","公館鄉",3.42
"111Q3","苗栗縣","銅鑼鄉",3.62
"111Q3","苗栗縣","南庄鄉",3.40
"111Q3","苗栗縣","頭屋鄉",3.69
"111Q3","苗栗縣","三義鄉",3.62
"111Q3","苗栗縣","西湖鄉",4.60
"111Q3","苗栗縣","造橋鄉",3.51
"111Q3","苗栗縣","三灣鄉",3.64
"111Q3","苗栗縣","獅潭鄉",3.49
"111Q3","苗栗縣","泰安鄉",5.21
"111Q3","彰化縣","",3.96
"111Q3","彰化縣","彰化市",3.45
"111Q3","彰化縣","鹿港鎮",4.19
"111Q3","彰化縣","和美鎮",3.74
"111Q3","彰化縣","北斗鎮",3.52
"111Q3","彰化縣","員林鎮",3.59
"111Q3","彰化縣","溪湖鎮",4.23
"111Q3","彰化縣","田中鎮",3.56
"111Q3","彰化縣","二林鎮",4.53
"111Q3","彰化縣","線西鄉",4.58
"111Q3","彰化縣","伸港鄉",4.42
"111Q3","彰化縣","福興鄉",4.62
"111Q3","彰化縣","秀水鄉",4.15
"111Q3","彰化縣","花壇鄉",3.71
"111Q3","彰化縣","芬園鄉",4.37
"111Q3","彰化縣","大村鄉",5.05
"111Q3","彰化縣","埔鹽鄉",5.22
"111Q3","彰化縣","埔心鄉",3.59
"111Q3","彰化縣","永靖鄉",4.50
"111Q3","彰化縣","社頭鄉",4.40
"111Q3","彰化縣","二水鄉",3.73
"111Q3","彰化縣","田尾鄉",3.75
"111Q3","彰化縣","埤頭鄉",4.05
"111Q3","彰化縣","芳苑鄉",4.64
"111Q3","彰化縣","大城鄉",5.36
"111Q3","彰化縣","竹塘鄉",4.26
"111Q3","彰化縣","溪州鄉",4.52
"111Q3","南投縣","",3.50
"111Q3","南投縣","南投市",3.24
"111Q3","南投縣","埔里鎮",3.39
"111Q3","南投縣","草屯鎮",3.52
"111Q3","南投縣","竹山鎮",3.27
"111Q3","南投縣","集集鎮",3.43
"111Q3","南投縣","名間鄉",4.05
"111Q3","南投縣","鹿谷鄉",3.77
"111Q3","南投縣","中寮鄉",3.95
"111Q3","南投縣","魚池鄉",4.01
"111Q3","南投縣","國姓鄉",3.48
"111Q3","南投縣","水里鄉",3.19
"111Q3","南投縣","信義鄉",4.44
"111Q3","南投縣","仁愛鄉",4.25
"111Q3","雲林縣","",3.71
"111Q3","雲林縣","斗六市",3.13
"111Q3","雲林縣","斗南鎮",3.25
"111Q3","雲林縣","虎尾鎮",3.18
"111Q3","雲林縣","西螺鎮",3.73
"111Q3","雲林縣","土庫鎮",3.79
"111Q3","雲林縣","北港鎮",3.24
"111Q3","雲林縣","古坑鄉",3.69
"111Q3","雲林縣","大埤鄉",3.87
"111Q3","雲林縣","莿桐鄉",3.89
"111Q3","雲林縣","林內鄉",3.69
"111Q3","雲林縣","二崙鄉",4.22
"111Q3","雲林縣","崙背鄉",3.82
"111Q3","雲林縣","麥寮鄉",5.87
"111Q3","雲林縣","東勢鄉",3.98
"111Q3","雲林縣","褒忠鄉",3.95
"111Q3","雲林縣","台西鄉",4.46
"111Q3","雲林縣","元長鄉",4.06
"111Q3","雲林縣","四湖鄉",4.05
"111Q3","雲林縣","口湖鄉",4.74
"111Q3","雲林縣","水林鄉",4.39
"111Q3","嘉義縣","",3.70
"111Q3","嘉義縣","太保市",3.43
"111Q3","嘉義縣","朴子市",3.39
"111Q3","嘉義縣","布袋鎮",3.96
"111Q3","嘉義縣","大林鎮",3.44
"111Q3","嘉義縣","民雄鄉",3.36
"111Q3","嘉義縣","溪口鄉",4.47
"111Q3","嘉義縣","新港鄉",4.16
"111Q3","嘉義縣","六腳鄉",4.28
"111Q3","嘉義縣","東石鄉",4.54
"111Q3","嘉義縣","義竹鄉",4.07
"111Q3","嘉義縣","鹿草鄉",4.20
"111Q3","嘉義縣","水上鄉",3.25
"111Q3","嘉義縣","中埔鄉",3.71
"111Q3","嘉義縣","竹崎鄉",4.12
"111Q3","嘉義縣","梅山鄉",3.81
"111Q3","嘉義縣","番路鄉",3.53
"111Q3","嘉義縣","大埔鄉",5.04
"111Q3","嘉義縣","阿里山鄉",4.16
"111Q3","屏東縣","",3.42
"111Q3","屏東縣","屏東市",2.98
"111Q3","屏東縣","潮州鎮",3.00
"111Q3","屏東縣","東港鎮",3.39
"111Q3","屏東縣","恆春鎮",3.41
"111Q3","屏東縣","萬丹鄉",3.58
"111Q3","屏東縣","長治鄉",3.37
"111Q3","屏東縣","麟洛鄉",3.08
"111Q3","屏東縣","九如鄉",3.55
"111Q3","屏東縣","里港鄉",3.84
"111Q3","屏東縣","鹽埔鄉",4.11
"111Q3","屏東縣","高樹鄉",4.12
"111Q3","屏東縣","萬巒鄉",4.10
"111Q3","屏東縣","內埔鄉",3.33
"111Q3","屏東縣","竹田鄉",3.52
"111Q3","屏東縣","新埤鄉",3.89
"111Q3","屏東縣","枋寮鄉",3.41
"111Q3","屏東縣","新園鄉",3.67
"111Q3","屏東縣","崁頂鄉",4.82
"111Q3","屏東縣","林邊鄉",3.66
"111Q3","屏東縣","南州鄉",3.48
"111Q3","屏東縣","佳冬鄉",3.81
"111Q3","屏東縣","琉球鄉",4.12
"111Q3","屏東縣","車城鄉",3.34
"111Q3","屏東縣","滿州鄉",3.54
"111Q3","屏東縣","枋山鄉",3.67
"111Q3","屏東縣","三地門鄉",4.47
"111Q3","屏東縣","霧台鄉",3.85
"111Q3","屏東縣","瑪家鄉",4.42
"111Q3","屏東縣","泰武鄉",5.28
"111Q3","屏東縣","來義鄉",4.18
"111Q3","屏東縣","春日鄉",4.48
"111Q3","屏東縣","獅子鄉",3.98
"111Q3","屏東縣","牡丹鄉",3.24
"111Q3","台東縣","",3.18
"111Q3","台東縣","台東市",3.10
"111Q3","台東縣","成功鎮",3.05
"111Q3","台東縣","關山鎮",3.20
"111Q3","台東縣","卑南鄉",3.17
"111Q3","台東縣","大武鄉",2.93
"111Q3","台東縣","太麻里鄉",3.00
"111Q3","台東縣","東河鄉",2.81
"111Q3","台東縣","長濱鄉",2.62
"111Q3","台東縣","鹿野鄉",3.18
"111Q3","台東縣","池上鄉",3.20
"111Q3","台東縣","綠島鄉",5.94
"111Q3","台東縣","延平鄉",4.51
"111Q3","台東縣","海端鄉",4.55
"111Q3","台東縣","達仁鄉",3.16
"111Q3","台東縣","金峰鄉",4.61
"111Q3","台東縣","蘭嶼鄉",4.12
"111Q3","花蓮縣","",3.09
"111Q3","花蓮縣","花蓮市",3.01
"111Q3","花蓮縣","鳳林鎮",2.94
"111Q3","花蓮縣","玉里鎮",3.03
"111Q3","花蓮縣","新城鄉",2.94
"111Q3","花蓮縣","吉安鄉",2.99
"111Q3","花蓮縣","壽豐鄉",2.91
"111Q3","花蓮縣","光復鄉",3.00
"111Q3","花蓮縣","豐濱鄉",3.09
"111Q3","花蓮縣","瑞穗鄉",2.91
"111Q3","花蓮縣","富里鄉",3.00
"111Q3","花蓮縣","秀林鄉",5.14
"111Q3","花蓮縣","萬榮鄉",4.34
"111Q3","花蓮縣","卓溪鄉",4.32
"111Q3","澎湖縣","",3.94
"111Q3","澎湖縣","馬公市",3.65
"111Q3","澎湖縣","湖西鄉",4.13
"111Q3","澎湖縣","白沙鄉",4.67
"111Q3","澎湖縣","西嶼鄉",3.95
"111Q3","澎湖縣","望安鄉",5.92
"111Q3","澎湖縣","七美鄉",5.06
"111Q3","基隆市","",2.67
"111Q3","基隆市","中正區",2.50
"111Q3","基隆市","七堵區",2.75
"111Q3","基隆市","暖暖區",2.65
"111Q3","基隆市","仁愛區",2.85
"111Q3","基隆市","中山區",2.74
"111Q3","基隆市","安樂區",2.63
"111Q3","基隆市","信義區",2.63
"111Q3","新竹市","",3.02
"111Q3","新竹市","新竹市",3.02
"111Q3","嘉義市","",3.06
"111Q3","嘉義市","嘉義市",3.06
"111Q3","金門縣","",6.86
"111Q3","金門縣","金城鎮",6.67
"111Q3","金門縣","金湖鎮",6.32
"111Q3","金門縣","金沙鎮",6.78
"111Q3","金門縣","金寧鄉",7.02
"111Q3","金門縣","烈嶼鄉",9.17
"111Q3","金門縣","烏坵鄉",8.41
"111Q3","連江縣","",4.93
"111Q3","連江縣","南竿鄉",4.48
"111Q3","連江縣","北竿鄉",6.22
"111Q3","連江縣","莒光鄉",4.97
"111Q3","連江縣","東引鄉",5.33
"113Q1","全國","",3.11
"113Q1","新北市","",2.86
"113Q1","新北市","板橋區",2.94
"113Q1","新北市","三重區",2.84
"113Q1","新北市","中和區",2.72
"113Q1","新北市","永和區",2.74
"113Q1","新北市","新莊區",2.99
"113Q1","新北市","新店區",2.59
"113Q1","新北市","樹林區",3.11
"113Q1","新北市","鶯歌區",3.09
"113Q1","新北市","三峽區",3.03
"113Q1","新北市","淡水區",2.41
"113Q1","新北市","汐止區",2.54
"113Q1","新北市","瑞芳區",2.99
"113Q1","新北市","土城區",3.02
"113Q1","新北市","蘆洲區",3.16
"113Q1","新北市","五股區",2.92
"113Q1","新北市","泰山區",3.00
"113Q1","新北市","林口區",2.88
"113Q1","新北市","深坑區",2.77
"113Q1","新北市","石碇區",3.19
"113Q1","新北市","坪林區",3.61
"113Q1","新北市","三芝區",2.80
"113Q1","新北市","石門區",4.37
"113Q1","新北市","八里區",2.96
"113Q1","新北市","平溪區",2.63
"113Q1","新北市","雙溪區",3.30
"113Q1","新北市","貢寮區",3.98
"113Q1","新北市","金山區",3.66
"113Q1","新北市","萬里區",3.84
"113Q1","新北市","烏來區",5.12
"113Q1","台北市","",3.04
"113Q1","台北市","松山區",3.13
"113Q1","台北市","信義區",2.92
"113Q1","台北市","大安區",3.17
"113Q1","台北市","中山區",2.64
"113Q1","台北市","中正區",3.13
"113Q1","台北市","大同區",3.02
"113Q1","台北市","萬華區",2.83
"113Q1","台北市","文山區",3.04
"113Q1","台北市","南港區",3.04
"113Q1","台北市","內湖區",3.13
"113Q1","台北市","士林區",3.21
"113Q1","台北市","北投區",3.20
"113Q1","桃園市","",3.06
"113Q1","桃園市","桃園區",2.94
"113Q1","桃園市","中壢區",2.97
"113Q1","桃園市","平鎮區",3.18
"113Q1","桃園市","八德區",3.09
"113Q1","桃園市","楊梅區",3.12
"113Q1","桃園市","大溪區",3.21
"113Q1","桃園市","蘆竹區",3.13
"113Q1","桃園市","大園區",3.29
"113Q1","桃園市","龜山區",2.76
"113Q1","桃園市","龍潭區",3.15
"113Q1","桃園市","新屋區",3.62
"113Q1","桃園市","觀音區",3.36
"113Q1","桃園市","復興區",4.59
"113Q1","台中市","",3.22
"113Q1","台中市","中區",3.12
"113Q1","台中市","東區",3.02
"113Q1","台中市","南區",2.80
"113Q1","台中市","西區",2.89
"113Q1","台中市","北區",2.76
"113Q1","台中市","西屯區",2.91
"113Q1","台中市","南屯區",2.99
"113Q1","台中市","北屯區",2.92
"113Q1","台中市","豐原區",3.58
"113Q1","台中市","東勢區",3.50
"113Q1","台中市","大甲區",3.80
"113Q1","台中市","清水區",3.45
"113Q1","台中市","沙鹿區",3.41
"113Q1","台中市","梧棲區",3.51
"113Q1","台中市","后里區",3.98
"113Q1","台中市","神岡區",3.83
"113Q1","台中市","潭子區",3.39
"113Q1","台中市","大雅區",3.61
"113Q1","台中市","新社區",3.53
"113Q1","台中市","石岡區",3.80
"113Q1","台中市","外埔區",3.76
"113Q1","台中市","大安區",4.12
"113Q1","台中市","烏日區",3.18
"113Q1","台中市","大肚區",3.56
"113Q1","台中市","龍井區",3.77
"113Q1","台中市","霧峰區",3.67
"113Q1","台中市","太平區",3.30
"113Q1","台中市","大里區",3.41
"113Q1","台中市","和平區",3.32
"113Q1","台南市","",3.09
"113Q1","台南市","新營區",2.86
"113Q1","台南市","鹽水區",3.17
"113Q1","台南市","白河區",3.45
"113Q1","台南市","柳營區",3.21
"113Q1","台南市","後壁區",3.29
"113Q1","台南市","東山區",3.65
"113Q1","台南市","麻豆區",3.16
"113Q1","台南市","下營區",3.35
"113Q1","台南市","六甲區",3.29
"113Q1","台南市","官田區",3.14
"113Q1","台南市","大內區",3.50
"113Q1","台南市","佳里區",3.16
"113Q1","台南市","學甲區",3.21
"113Q1","台南市","西港區",3.39
"113Q1","台南市","七股區",3.90
"113Q1","台南市","將軍區",3.73
"113Q1","台南市","北門區",3.96
"113Q1","台南市","新化區",3.34
"113Q1","台南市","善化區",2.94
"113Q1","台南市","新市區",3.02
"113Q1","台南市","安定區",3.34
"113Q1","台南市","山上區",3.48
"113Q1","台南市","玉井區",3.21
"113Q1","台南市","楠西區",3.41
"113Q1","台南市","南化區",4.01
"113Q1","台南市","左鎮區",3.29
"113Q1","台南市","仁德區",3.04
"113Q1","台南市","歸仁區",3.34
"113Q1","台南市","關廟區",3.40
"113Q1","台南市","龍崎區",3.75
"113Q1","台南市","永康區",2.96
"113Q1","台南市","東區",2.91
"113Q1","台南市","南區",2.97
"113Q1","台南市","北區",2.81
"113Q1","台南市","安南區",3.36
"113Q1","台南市","安平區",2.75
"113Q1","台南市","中西區",2.92
"113Q1","高雄市","",2.92
"113Q1","高雄市","鹽埕區",2.54
"113Q1","高雄市","鼓山區",2.68
"113Q1","高雄市","左營區",2.71
"113Q1","高雄市","楠梓區",2.78
"113Q1","高雄市","三民區",2.78
"113Q1","高雄市","新興區",2.48
"113Q1","高雄市","前金區",2.24
"113Q1","高雄市","苓雅區",2.64
"113Q1","高雄市","前鎮區",2.74
"113Q1","高雄市","旗津區",3.87
"113Q1","高雄市","小港區",3.32
"113Q1","高雄市","鳳山區",2.87
"113Q1","高雄市","林園區",3.46
"113Q1","高雄市","大寮區",3.04
"113Q1","高雄市","大樹區",3.54
"113Q1","高雄市","大社區",3.02
"113Q1","高雄市","仁武區",2.86
"113Q1","高雄市","鳥松區",2.68
"113Q1","高雄市","岡山區",3.11
"113Q1","高雄市","橋頭區",2.76
"113Q1","高雄市","燕巢區",3.46
"113Q1","高雄市","田寮區",3.56
"113Q1","高雄市","阿蓮區",3.49
"113Q1","高雄市","路竹區",3.44
"113Q1","高雄市","湖內區",3.09
"113Q1","高雄市","茄萣區",3.80
"113Q1","高雄市","永安區",4.28
"113Q1","高雄市","彌陀區",3.87
"113Q1","高雄市","梓官區",3.33
"113Q1","高雄市","旗山區",3.19
"113Q1","高雄市","美濃區",3.78
"113Q1","高雄市","六龜區",3.04
"113Q1","高雄市","甲仙區",3.13
"113Q1","高雄市","杉林區",3.30
"113Q1","高雄市","內門區",4.34
"113Q1","高雄市","茂林區",4.42
"113Q1","高雄市","桃源區",4.33
"113Q1","高雄市","那瑪夏區",4.51
"113Q1","宜蘭縣","",3.04
"113Q1","宜蘭縣","宜蘭市",2.88
"113Q1","宜蘭縣","羅東鎮",3.19
"113Q1","宜蘭縣","蘇澳鎮",3.08
"113Q1","宜蘭縣","頭城鎮",3.33
"113Q1","宜蘭縣","礁溪鄉",2.81
"113Q1","宜蘭縣","壯圍鄉",3.30
"113Q1","宜蘭縣","員山鄉",3.08
"113Q1","宜蘭縣","冬山鄉",2.94
"113Q1","宜蘭縣","五結鄉",2.90
"113Q1","宜蘭縣","三星鄉",2.94
"113Q1","宜蘭縣","大同鄉",3.89
"113Q1","宜蘭縣","南澳鄉",4.92
"113Q1","新竹縣","",3.12
"113Q1","新竹縣","竹北市",2.96
"113Q1","新竹縣","關西鎮",3.83
"113Q1","新竹縣","新埔鎮",3.18
"113Q1","新竹縣","竹東鎮",3.03
"113Q1","新竹縣","湖口鄉",3.09
"113Q1","新竹縣","橫山鄉",3.49
"113Q1","新竹縣","新豐鄉",3.28
"113Q1","新竹縣","芎林鄉",3.28
"113Q1","新竹縣","寶山鄉",2.86
"113Q1","新竹縣","北埔鄉",3.83
"113Q1","新竹縣","峨眉鄉",4.02
"113Q1","新竹縣","尖石鄉",4.38
"113Q1","新竹縣","五峰鄉",3.83
"113Q1","苗栗縣","",3.29
"113Q1","苗栗縣","苗栗市",2.93
"113Q1","苗栗縣","苑裡鎮",3.59
"113Q1","苗栗縣","通霄鎮",3.86
"113Q1","苗栗縣","竹南鎮",3.14
"113Q1","苗栗縣","頭份鎮",3.05
"113Q1","苗栗縣","後龍鎮",3.69
"113Q1","苗栗縣","卓蘭鎮",3.91
"113Q1","苗栗縣","大湖鄉",3.73
"113Q1","苗栗縣","公館鄉",3.33
"113Q1","苗栗縣","銅鑼鄉",3.54
"113Q1","苗栗縣","南庄鄉",3.31
"113Q1","苗栗縣","頭屋鄉",3.54
"113Q1","苗栗縣","三義鄉",3.54
"113Q1","苗栗縣","西湖鄉",4.45
"113Q1","苗栗縣","造橋鄉",3.42
"113Q1","苗栗縣","三灣鄉",3.55
"113Q1","苗栗縣","獅潭鄉",3.43
"113Q1","苗栗縣","泰安鄉",5.03
"113Q1","彰化縣","",3.87
"113Q1","彰化縣","彰化市",3.40
"113Q1","彰化縣","鹿港鎮",4.10
"113Q1","彰化縣","和美鎮",3.65
"113Q1","彰化縣","北斗鎮",3.47
"113Q1","彰化縣","員林鎮",3.52
"113Q1","彰化縣","溪湖鎮",4.08
"113Q1","彰化縣","田中鎮",3.49
"113Q1","彰化縣","二林鎮",4.33
"113Q1","彰化縣","線西鄉",4.47
"113Q1","彰化縣","伸港鄉",4.32
"113Q1","彰化縣","福興鄉",4.50
"113Q1","彰化縣","秀水鄉",4.03
"113Q1","彰化縣","花壇鄉",3.65
"113Q1","彰化縣","芬園鄉",4.23
"113Q1","彰化縣","大村鄉",4.82
"113Q1","彰化縣","埔鹽鄉",5.01
"113Q1","彰化縣","埔心鄉",3.51
"113Q1","彰化縣","永靖鄉",4.37
"113Q1","彰化縣","社頭鄉",4.28
"113Q1","彰化縣","二水鄉",3.63
"113Q1","彰化縣","田尾鄉",3.67
"113Q1","彰化縣","埤頭鄉",3.94
"113Q1","彰化縣","芳苑鄉",4.51
"113Q1","彰化縣","大城鄉",5.16
"113Q1","彰化縣","竹塘鄉",4.20
"113Q1","彰化縣","溪州鄉",4.37
"113Q1","南投縣","",3.44
"113Q1","南投縣","南投市",3.21
"113Q1","南投縣","埔里鎮",3.34
"113Q1","南投縣","草屯鎮",3.47
"113Q1","南投縣","竹山鎮",3.21
"113Q1","南投縣","集集鎮",3.35
"113Q1","南投縣","名間鄉",3.95
"113Q1","南投縣","鹿谷鄉",3.65
"113Q1","南投縣","中寮鄉",3.84
"113Q1","南投縣","魚池鄉",3.93
"113Q1","南投縣","國姓鄉",3.39
"113Q1","南投縣","水里鄉",3.11
"113Q1","南投縣","信義鄉",4.30
"113Q1","南投縣","仁愛鄉",4.21
"113Q1","雲林縣","",3.62
"113Q1","雲林縣","斗六市",3.08
"113Q1","雲林縣","斗南鎮",3.18
"113Q1","雲林縣","虎尾鎮",3.11
"113Q1","雲林縣","西螺鎮",3.65
"113Q1","雲林縣","土庫鎮",3.68
"113Q1","雲林縣","北港鎮",3.18
"113Q1","雲林縣","古坑鄉",3.56
"113Q1","雲林縣","大埤鄉",3.77
"113Q1","雲林縣","莿桐鄉",3.81
"113Q1","雲林縣","林內鄉",3.58
"113Q1","雲林縣","二崙鄉",4.11
"113Q1","雲林縣","崙背鄉",3.73
"113Q1","雲林縣","麥寮鄉",5.79
"113Q1","雲林縣","東勢鄉",3.86
"113Q1","雲林縣","褒忠鄉",3.82
"113Q1","雲林縣","台西鄉",4.35
"113Q1","雲林縣","元長鄉",3.96
"113Q1","雲林縣","四湖鄉",3.95
"113Q1","雲林縣","口湖鄉",4.62
"113Q1","雲林縣","水林鄉",4.26
"113Q1","嘉義縣","",3.61
"113Q1","嘉義縣","太保市",3.34
"113Q1","嘉義縣","朴子市",3.31
"113Q1","嘉義縣","布袋鎮",3.87
"113Q1","嘉義縣","大林鎮",3.37
"113Q1","嘉義縣","民雄鄉",3.28
"113Q1","嘉義縣","溪口鄉",4.32
"113Q1","嘉義縣","新港鄉",4.06
"113Q1","嘉義縣","六腳鄉",4.12
"113Q1","嘉義縣","東石鄉",4.43
"113Q1","嘉義縣","義竹鄉",3.97
"113Q1","嘉義縣","鹿草鄉",4.09
"113Q1","嘉義縣","水上鄉",3.18
"113Q1","嘉義縣","中埔鄉",3.62
"113Q1","嘉義縣","竹崎鄉",4.02
"113Q1","嘉義縣","梅山鄉",3.71
"113Q1","嘉義縣","番路鄉",3.42
"113Q1","嘉義縣","大埔鄉",4.95
"113Q1","嘉義縣","阿里山鄉",4.05
"113Q1","屏東縣","",3.34
"113Q1","屏東縣","屏東市",2.94
"113Q1","屏東縣","潮州鎮",2.95
"113Q1","屏東縣","東港鎮",3.32
"113Q1","屏東縣","恆春鎮",3.33
"113Q1","屏東縣","萬丹鄉",3.49
"113Q1","屏東縣","長治鄉",3.28
"113Q1","屏東縣","麟洛鄉",2.96
"113Q1","屏東縣","九如鄉",3.47
"113Q1","屏東縣","里港鄉",3.77
"113Q1","屏東縣","鹽埔鄉",3.97
"113Q1","屏東縣","高樹鄉",4.02
"113Q1","屏東縣","萬巒鄉",3.96
"113Q1","屏東縣","內埔鄉",3.27
"113Q1","屏東縣","竹田鄉",3.41
"113Q1","屏東縣","新埤鄉",3.70
"113Q1","屏東縣","枋寮鄉",3.33
"113Q1","屏東縣","新園鄉",3.56
"113Q1","屏東縣","崁頂鄉",4.76
"113Q1","屏東縣","林邊鄉",3.55
"113Q1","屏東縣","南州鄉",3.37
"113Q1","屏東縣","佳冬鄉",3.72
"113Q1","屏東縣","琉球鄉",3.96
"113Q1","屏東縣","車城鄉",3.24
"113Q1","屏東縣","滿州鄉",3.41
"113Q1","屏東縣","枋山鄉",3.59
"113Q1","屏東縣","三地門鄉",4.38
"113Q1","屏東縣","霧台鄉",3.69
"113Q1","屏東縣","瑪家鄉",4.21
"113Q1","屏東縣","泰武鄉",5.06
"113Q1","屏東縣","來義鄉",4.06
"113Q1","屏東縣","春日鄉",4.37
"113Q1","屏東縣","獅子鄉",3.84
"113Q1","屏東縣","牡丹鄉",3.12
"113Q1","台東縣","",3.12
"113Q1","台東縣","台東市",3.05
"113Q1","台東縣","成功鎮",2.98
"113Q1","台東縣","關山鎮",3.16
"113Q1","台東縣","卑南鄉",3.09
"113Q1","台東縣","大武鄉",2.89
"113Q1","台東縣","太麻里鄉",2.96
"113Q1","台東縣","東河鄉",2.73
"113Q1","台東縣","長濱鄉",2.59
"113Q1","台東縣","鹿野鄉",3.10
"113Q1","台東縣","池上鄉",3.13
"113Q1","台東縣","綠島鄉",5.87
"113Q1","台東縣","延平鄉",4.43
"113Q1","台東縣","海端鄉",4.64
"113Q1","台東縣","達仁鄉",3.07
"113Q1","台東縣","金峰鄉",4.53
"113Q1","台東縣","蘭嶼鄉",4.05
"113Q1","花蓮縣","",3.05
"113Q1","花蓮縣","花蓮市",2.95
"113Q1","花蓮縣","鳳林鎮",2.91
"113Q1","花蓮縣","玉里鎮",2.96
"113Q1","花蓮縣","新城鄉",2.89
"113Q1","花蓮縣","吉安鄉",2.97
"113Q1","花蓮縣","壽豐鄉",2.86
"113Q1","花蓮縣","光復鄉",2.92
"113Q1","花蓮縣","豐濱鄉",3.01
"113Q1","花蓮縣","瑞穗鄉",2.86
"113Q1","花蓮縣","富里鄉",3.00
"113Q1","花蓮縣","秀林鄉",5.15
"113Q1","花蓮縣","萬榮鄉",4.24
"113Q1","花蓮縣","卓溪鄉",4.18
"113Q1","澎湖縣","",3.89
"113Q1","澎湖縣","馬公市",3.60
"113Q1","澎湖縣","湖西鄉",4.07
"113Q1","澎湖縣","白沙鄉",4.71
"113Q1","澎湖縣","西嶼鄉",3.91
"113Q1","澎湖縣","望安鄉",5.89
"113Q1","澎湖縣","七美鄉",5.02
"113Q1","基隆市","",2.63
"113Q1","基隆市","中正區",2.47
"113Q1","基隆市","七堵區",2.71
"113Q1","基隆市","暖暖區",2.63
"113Q1","基隆市","仁愛區",2.84
"113Q1","基隆市","中山區",2.65
"113Q1","基隆市","安樂區",2.60
"113Q1","基隆市","信義區",2.61
"113Q1","新竹市","",2.98
"113Q1","新竹市","新竹市",2.98
"113Q1","嘉義市","",3.03
"113Q1","嘉義市","嘉義市",3.03
"113Q1","金門縣","",6.78
"113Q1","金門縣","金城鎮",6.66
"113Q1","金門縣","金湖鎮",6.22
"113Q1","金門縣","金沙鎮",6.73
"113Q1","金門縣","金寧鄉",6.87
"113Q1","金門縣","烈嶼鄉",9.13
"113Q1","金門縣","烏坵鄉",8.28
"113Q1","連江縣","",4.83
"113Q1","連江縣","南竿鄉",4.39
"113Q1","連江縣","北竿鄉",5.87
"113Q1","連江縣","莒光鄉",4.99
"113Q1","連江縣","東引鄉",5.49
"113Q2","全國","",3.09
"113Q2","新北市","",2.84
"113Q2","新北市","板橋區",2.92
"113Q2","新北市","三重區",2.83
"113Q2","新北市","中和區",2.71
"113Q2","新北市","永和區",2.74
"113Q2","新北市","新莊區",2.98
"113Q2","新北市","新店區",2.58
"113Q2","新北市","樹林區",3.10
"113Q2","新北市","鶯歌區",3.08
"113Q2","新北市","三峽區",3.01
"113Q2","新北市","淡水區",2.40
"113Q2","新北市","汐止區",2.53
"113Q2","新北市","瑞芳區",2.98
"113Q2","新北市","土城區",3.00
"113Q2","新北市","蘆洲區",3.15
"113Q2","新北市","五股區",2.89
"113Q2","新北市","泰山區",2.99
"113Q2","新北市","林口區",2.86
"113Q2","新北市","深坑區",2.76
"113Q2","新北市","石碇區",3.18
"113Q2","新北市","坪林區",3.60
"113Q2","新北市","三芝區",2.79
"113Q2","新北市","石門區",4.33
"113Q2","新北市","八里區",2.94
"113Q2","新北市","平溪區",2.63
"113Q2","新北市","雙溪區",3.28
"113Q2","新北市","貢寮區",3.96
"113Q2","新北市","金山區",3.65
"113Q2","新北市","萬里區",3.82
"113Q2","新北市","烏來區",5.08
"113Q2","台北市","",3.04
"113Q2","台北市","松山區",3.13
"113Q2","台北市","信義區",2.92
"113Q2","台北市","大安區",3.16
"113Q2","台北市","中山區",2.64
"113Q2","台北市","中正區",3.12
"113Q2","台北市","大同區",3.01
"113Q2","台北市","萬華區",2.82
"113Q2","台北市","文山區",3.04
"113Q2","台北市","南港區",3.03
"113Q2","台北市","內湖區",3.13
"113Q2","台北市","士林區",3.20
"113Q2","台北市","北投區",3.19
"113Q2","桃園市","",3.04
"113Q2","桃園市","桃園區",2.92
"113Q2","桃園市","中壢區",2.95
"113Q2","桃園市","平鎮區",3.17
"113Q2","桃園市","八德區",3.08
"113Q2","桃園市","楊梅區",3.11
"113Q2","桃園市","大溪區",3.21
"113Q2","桃園市","蘆竹區",3.11
"113Q2","桃園市","大園區",3.26
"113Q2","桃園市","龜山區",2.75
"113Q2","桃園市","龍潭區",3.14
"113Q2","桃園市","新屋區",3.59
"113Q2","桃園市","觀音區",3.34
"113Q2","桃園市","復興區",4.58
"113Q2","台中市","",3.21
"113Q2","台中市","中區",3.10
"113Q2","台中市","東區",2.99
"113Q2","台中市","南區",2.78
"113Q2","台中市","西區",2.88
"113Q2","台中市","北區",2.75
"113Q2","台中市","西屯區",2.89
"113Q2","台中市","南屯區",2.96
"113Q2","台中市","北屯區",2.91
"113Q2","台中市","豐原區",3.56
"113Q2","台中市","東勢區",3.48
"113Q2","台中市","大甲區",3.78
"113Q2","台中市","清水區",3.44
"113Q2","台中市","沙鹿區",3.39
"113Q2","台中市","梧棲區",3.46
"113Q2","台中市","后里區",3.97
"113Q2","台中市","神岡區",3.81
"113Q2","台中市","潭子區",3.38
"113Q2","台中市","大雅區",3.60
"113Q2","台中市","新社區",3.51
"113Q2","台中市","石岡區",3.78
"113Q2","台中市","外埔區",3.73
"113Q2","台中市","大安區",4.09
"113Q2","台中市","烏日區",3.16
"113Q2","台中市","大肚區",3.54
"113Q2","台中市","龍井區",3.73
"113Q2","台中市","霧峰區",3.66
"113Q2","台中市","太平區",3.29
"113Q2","台中市","大里區",3.40
"113Q2","台中市","和平區",3.30
"113Q2","台南市","",3.07
"113Q2","台南市","新營區",2.85
"113Q2","台南市","鹽水區",3.15
"113Q2","台南市","白河區",3.43
"113Q2","台南市","柳營區",3.21
"113Q2","台南市","後壁區",3.27
"113Q2","台南市","東山區",3.64
"113Q2","台南市","麻豆區",3.14
"113Q2","台南市","下營區",3.33
"113Q2","台南市","六甲區",3.27
"113Q2","台南市","官田區",3.12
"113Q2","台南市","大內區",3.48
"113Q2","台南市","佳里區",3.14
"113Q2","台南市","學甲區",3.20
"113Q2","台南市","西港區",3.38
"113Q2","台南市","七股區",3.88
"113Q2","台南市","將軍區",3.71
"113Q2","台南市","北門區",3.95
"113Q2","台南市","新化區",3.32
"113Q2","台南市","善化區",2.91
"113Q2","台南市","新市區",3.00
"113Q2","台南市","安定區",3.31
"113Q2","台南市","山上區",3.47
"113Q2","台南市","玉井區",3.19
"113Q2","台南市","楠西區",3.38
"113Q2","台南市","南化區",3.99
"113Q2","台南市","左鎮區",3.28
"113Q2","台南市","仁德區",3.03
"113Q2","台南市","歸仁區",3.31
"113Q2","台南市","關廟區",3.37
"113Q2","台南市","龍崎區",3.71
"113Q2","台南市","永康區",2.94
"113Q2","台南市","東區",2.90
"113Q2","台南市","南區",2.96
"113Q2","台南市","北區",2.80
"113Q2","台南市","安南區",3.34
"113Q2","台南市","安平區",2.73
"113Q2","台南市","中西區",2.91
"113Q2","高雄市","",2.90
"113Q2","高雄市","鹽埕區",2.53
"113Q2","高雄市","鼓山區",2.66
"113Q2","高雄市","左營區",2.70
"113Q2","高雄市","楠梓區",2.76
"113Q2","高雄市","三民區",2.77
"113Q2","高雄市","新興區",2.47
"113Q2","高雄市","前金區",2.23
"113Q2","高雄市","苓雅區",2.62
"113Q2","高雄市","前鎮區",2.73
"113Q2","高雄市","旗津區",3.85
"113Q2","高雄市","小港區",3.30
"113Q2","高雄市","鳳山區",2.86
"113Q2","高雄市","林園區",3.44
"113Q2","高雄市","大寮區",3.03
"113Q2","高雄市","大樹區",3.52
"113Q2","高雄市","大社區",2.99
"113Q2","高雄市","仁武區",2.85
"113Q2","高雄市","鳥松區",2.67
"113Q2","高雄市","岡山區",3.10
"113Q2","高雄市","橋頭區",2.74
"113Q2","高雄市","燕巢區",3.44
"113Q2","高雄市","田寮區",3.56
"113Q2","高雄市","阿蓮區",3.47
"113Q2","高雄市","路竹區",3.43
"113Q2","高雄市","湖內區",3.07
"113Q2","高雄市","茄萣區",3.78
"113Q2","高雄市","永安區",4.27
"113Q2","高雄市","彌陀區",3.85
"113Q2","高雄市","梓官區",3.30
"113Q2","高雄市","旗山區",3.18
"113Q2","高雄市","美濃區",3.74
"113Q2","高雄市","六龜區",3.03
"113Q2","高雄市","甲仙區",3.13
"113Q2","高雄市","杉林區",3.29
"113Q2","高雄市","內門區",4.31
"113Q2","高雄市","茂林區",4.37
"113Q2","高雄市","桃源區",4.31
"113Q2","高雄市","那瑪夏區",4.52
"113Q2","宜蘭縣","",3.02
"113Q2","宜蘭縣","宜蘭市",2.87
"113Q2","宜蘭縣","羅東鎮",3.18
"113Q2","宜蘭縣","蘇澳鎮",3.06
"113Q2","宜蘭縣","頭城鎮",3.32
"113Q2","宜蘭縣","礁溪鄉",2.79
"113Q2","宜蘭縣","壯圍鄉",3.28
"113Q2","宜蘭縣","員山鄉",3.06
"113Q2","宜蘭縣","冬山鄉",2.93
"113Q2","宜蘭縣","五結鄉",2.88
"113Q2","宜蘭縣","三星鄉",2.93
"113Q2","宜蘭縣","大同鄉",3.87
"113Q2","宜蘭縣","南澳鄉",4.89
"113Q2","新竹縣","",3.11
"113Q2","新竹縣","竹北市",2.95
"113Q2","新竹縣","關西鎮",3.81
"113Q2","新竹縣","新埔鎮",3.16
"113Q2","新竹縣","竹東鎮",3.02
"113Q2","新竹縣","湖口鄉",3.08
"113Q2","新竹縣","橫山鄉",3.47
"113Q2","新竹縣","新豐鄉",3.26
"113Q2","新竹縣","芎林鄉",3.25
"113Q2","新竹縣","寶山鄉",2.83
"113Q2","新竹縣","北埔鄉",3.81
"113Q2","新竹縣","峨眉鄉",3.98
"113Q2","新竹縣","尖石鄉",4.40
"113Q2","新竹縣","五峰鄉",3.80
"113Q2","苗栗縣","",3.27
"113Q2","苗栗縣","苗栗市",2.92
"113Q2","苗栗縣","苑裡鎮",3.55
"113Q2","苗栗縣","通霄鎮",3.84
"113Q2","苗栗縣","竹南鎮",3.13
"113Q2","苗栗縣","頭份鎮",3.03
"113Q2","苗栗縣","後龍鎮",3.67
"113Q2","苗栗縣","卓蘭鎮",3.89
"113Q2","苗栗縣","大湖鄉",3.72
"113Q2","苗栗縣","公館鄉",3.32
"113Q2","苗栗縣","銅鑼鄉",3.52
"113Q2","苗栗縣","南庄鄉",3.30
"113Q2","苗栗縣","頭屋鄉",3.52
"113Q2","苗栗縣","三義鄉",3.52
"113Q2","苗栗縣","西湖鄉",4.42
"113Q2","苗栗縣","造橋鄉",3.38
"113Q2","苗栗縣","三灣鄉",3.51
"113Q2","苗栗縣","獅潭鄉",3.42
"113Q2","苗栗縣","泰安鄉",4.99
"113Q2","彰化縣","",3.85
"113Q2","彰化縣","彰化市",3.38
"113Q2","彰化縣","鹿港鎮",4.08
"113Q2","彰化縣","和美鎮",3.62
"113Q2","彰化縣","北斗鎮",3.46
"113Q2","彰化縣","員林鎮",3.51
"113Q2","彰化縣","溪湖鎮",4.06
"113Q2","彰化縣","田中鎮",3.48
"113Q2","彰化縣","二林鎮",4.30
"113Q2","彰化縣","線西鄉",4.43
"113Q2","彰化縣","伸港鄉",4.30
"113Q2","彰化縣","福興鄉",4.48
"113Q2","彰化縣","秀水鄉",4.00
"113Q2","彰化縣","花壇鄉",3.63
"113Q2","彰化縣","芬園鄉",4.20
"113Q2","彰化縣","大村鄉",4.77
"113Q2","彰化縣","埔鹽鄉",4.98
"113Q2","彰化縣","埔心鄉",3.49
"113Q2","彰化縣","永靖鄉",4.35
"113Q2","彰化縣","社頭鄉",4.26
"113Q2","彰化縣","二水鄉",3.61
"113Q2","彰化縣","田尾鄉",3.64
"113Q2","彰化縣","埤頭鄉",3.92
"113Q2","彰化縣","芳苑鄉",4.48
"113Q2","彰化縣","大城鄉",5.12
"113Q2","彰化縣","竹塘鄉",4.18
"113Q2","彰化縣","溪州鄉",4.36
"113Q2","南投縣","",3.42
"113Q2","南投縣","南投市",3.20
"113Q2","南投縣","埔里鎮",3.33
"113Q2","南投縣","草屯鎮",3.44
"113Q2","南投縣","竹山鎮",3.19
"113Q2","南投縣","集集鎮",3.34
"113Q2","南投縣","名間鄉",3.93
"113Q2","南投縣","鹿谷鄉",3.63
"113Q2","南投縣","中寮鄉",3.81
"113Q2","南投縣","魚池鄉",3.91
"113Q2","南投縣","國姓鄉",3.38
"113Q2","南投縣","水里鄉",3.09
"113Q2","南投縣","信義鄉",4.27
"113Q2","南投縣","仁愛鄉",4.18
"113Q2","雲林縣","",3.61
"113Q2","雲林縣","斗六市",3.08
"113Q2","雲林縣","斗南鎮",3.17
"113Q2","雲林縣","虎尾鎮",3.09
"113Q2","雲林縣","西螺鎮",3.64
"113Q2","雲林縣","土庫鎮",3.67
"113Q2","雲林縣","北港鎮",3.18
"113Q2","雲林縣","古坑鄉",3.55
"113Q2","雲林縣","大埤鄉",3.76
"113Q2","雲林縣","莿桐鄉",3.81
"113Q2","雲林縣","林內鄉",3.60
"113Q2","雲林縣","二崙鄉",4.10
"113Q2","雲林縣","崙背鄉",3.72
"113Q2","雲林縣","麥寮鄉",5.80
"113Q2","雲林縣","東勢鄉",3.85
"113Q2","雲林縣","褒忠鄉",3.82
"113Q2","雲林縣","台西鄉",4.34
"113Q2","雲林縣","元長鄉",3.95
"113Q2","雲林縣","四湖鄉",3.94
"113Q2","雲林縣","口湖鄉",4.60
"113Q2","雲林縣","水林鄉",4.26
"113Q2","嘉義縣","",3.59
"113Q2","嘉義縣","太保市",3.32
"113Q2","嘉義縣","朴子市",3.29
"113Q2","嘉義縣","布袋鎮",3.85
"113Q2","嘉義縣","大林鎮",3.35
"113Q2","嘉義縣","民雄鄉",3.26
"113Q2","嘉義縣","溪口鄉",4.28
"113Q2","嘉義縣","新港鄉",4.04
"113Q2","嘉義縣","六腳鄉",4.10
"113Q2","嘉義縣","東石鄉",4.41
"113Q2","嘉義縣","義竹鄉",3.95
"113Q2","嘉義縣","鹿草鄉",4.08
"113Q2","嘉義縣","水上鄉",3.16
"113Q2","嘉義縣","中埔鄉",3.60
"113Q2","嘉義縣","竹崎鄉",4.00
"113Q2","嘉義縣","梅山鄉",3.70
"113Q2","嘉義縣","番路鄉",3.40
"113Q2","嘉義縣","大埔鄉",4.94
"113Q2","嘉義縣","阿里山鄉",4.04
"113Q2","屏東縣","",3.32
"113Q2","屏東縣","屏東市",2.92
"113Q2","屏東縣","潮州鎮",2.94
"113Q2","屏東縣","東港鎮",3.30
"113Q2","屏東縣","恆春鎮",3.32
"113Q2","屏東縣","萬丹鄉",3.47
"113Q2","屏東縣","長治鄉",3.27
"113Q2","屏東縣","麟洛鄉",2.94
"113Q2","屏東縣","九如鄉",3.46
"113Q2","屏東縣","里港鄉",3.74
"113Q2","屏東縣","鹽埔鄉",3.94
"113Q2","屏東縣","高樹鄉",4.01
"113Q2","屏東縣","萬巒鄉",3.93
"113Q2","屏東縣","內埔鄉",3.25
"113Q2","屏東縣","竹田鄉",3.40
"113Q2","屏東縣","新埤鄉",3.68
"113Q2","屏東縣","枋寮鄉",3.32
"113Q2","屏東縣","新園鄉",3.55
"113Q2","屏東縣","崁頂鄉",4.68
"113Q2","屏東縣","林邊鄉",3.54
"113Q2","屏東縣","南州鄉",3.36
"113Q2","屏東縣","佳冬鄉",3.70
"113Q2","屏東縣","琉球鄉",3.91
"113Q2","屏東縣","車城鄉",3.24
"113Q2","屏東縣","滿州鄉",3.38
"113Q2","屏東縣","枋山鄉",3.58
"113Q2","屏東縣","三地門鄉",4.36
"113Q2","屏東縣","霧台鄉",3.68
"113Q2","屏東縣","瑪家鄉",4.18
"113Q2","屏東縣","泰武鄉",5.01
"113Q2","屏東縣","來義鄉",4.06
"113Q2","屏東縣","春日鄉",4.35
"113Q2","屏東縣","獅子鄉",3.84
"113Q2","屏東縣","牡丹鄉",3.10
"113Q2","台東縣","",3.11
"113Q2","台東縣","台東市",3.04
"113Q2","台東縣","成功鎮",2.97
"113Q2","台東縣","關山鎮",3.14
"113Q2","台東縣","卑南鄉",3.09
"113Q2","台東縣","大武鄉",2.88
"113Q2","台東縣","太麻里鄉",2.94
"113Q2","台東縣","東河鄉",2.73
"113Q2","台東縣","長濱鄉",2.59
"113Q2","台東縣","鹿野鄉",3.07
"113Q2","台東縣","池上鄉",3.11
"113Q2","台東縣","綠島鄉",5.85
"113Q2","台東縣","延平鄉",4.43
"113Q2","台東縣","海端鄉",4.62
"113Q2","台東縣","達仁鄉",3.08
"113Q2","台東縣","金峰鄉",4.52
"113Q2","台東縣","蘭嶼鄉",4.03
"113Q2","花蓮縣","",3.04
"113Q2","花蓮縣","花蓮市",2.94
"113Q2","花蓮縣","鳳林鎮",2.91
"113Q2","花蓮縣","玉里鎮",2.94
"113Q2","花蓮縣","新城鄉",2.89
"113Q2","花蓮縣","吉安鄉",2.95
"113Q2","花蓮縣","壽豐鄉",2.84
"113Q2","花蓮縣","光復鄉",2.91
"113Q2","花蓮縣","豐濱鄉",3.00
"113Q2","花蓮縣","瑞穗鄉",2.85
"113Q2","花蓮縣","富里鄉",2.99
"113Q2","花蓮縣","秀林鄉",5.11
"113Q2","花蓮縣","萬榮鄉",4.23
"113Q2","花蓮縣","卓溪鄉",4.18
"113Q2","澎湖縣","",3.88
"113Q2","澎湖縣","馬公市",3.59
"113Q2","澎湖縣","湖西鄉",4.07
"113Q2","澎湖縣","白沙鄉",4.69
"113Q2","澎湖縣","西嶼鄉",3.90
"113Q2","澎湖縣","望安鄉",5.91
"113Q2","澎湖縣","七美鄉",5.01
"113Q2","基隆市","",2.62
"113Q2","基隆市","中正區",2.46
"113Q2","基隆市","七堵區",2.70
"113Q2","基隆市","暖暖區",2.63
"113Q2","基隆市","仁愛區",2.83
"113Q2","基隆市","中山區",2.62
"113Q2","基隆市","安樂區",2.59
"113Q2","基隆市","信義區",2.60
"113Q2","新竹市","",2.97
"113Q2","新竹市","新竹市",2.97
"113Q2","嘉義市","",3.01
"113Q2","嘉義市","嘉義市",3.01
"113Q2","金門縣","",6.73
"113Q2","金門縣","金城鎮",6.62
"113Q2","金門縣","金湖鎮",6.19
"113Q2","金門縣","金沙鎮",6.69
"113Q2","金門縣","金寧鄉",6.76
"113Q2","金門縣","烈嶼鄉",9.06
"113Q2","金門縣","烏坵鄉",8.29
"113Q2","連江縣","",4.81
"113Q2","連江縣","南竿鄉",4.39
"113Q2","連江縣","北竿鄉",5.78
"113Q2","連江縣","莒光鄉",4.95
"113Q2","連江縣","東引鄉",5.45
"113Q3","全國","",3.07
"113Q3","新北市","",2.82
"113Q3","新北市","板橋區",2.90
"113Q3","新北市","三重區",2.80
"113Q3","新北市","中和區",2.69
"113Q3","新北市","永和區",2.72
"113Q3","新北市","新莊區",2.95
"113Q3","新北市","新店區",2.57
"113Q3","新北市","樹林區",3.08
"113Q3","新北市","鶯歌區",3.05
"113Q3","新北市","三峽區",2.99
"113Q3","新北市","淡水區",2.38
"113Q3","新北市","汐止區",2.51
"113Q3","新北市","瑞芳區",2.95
"113Q3","新北市","土城區",2.98
"113Q3","新北市","蘆洲區",3.13
"113Q3","新北市","五股區",2.87
"113Q3","新北市","泰山區",2.97
"113Q3","新北市","林口區",2.84
"113Q3","新北市","深坑區",2.74
"113Q3","新北市","石碇區",3.17
"113Q3","新北市","坪林區",3.58
"113Q3","新北市","三芝區",2.77
"113Q3","新北市","石門區",4.29
"113Q3","新北市","八里區",2.91
"113Q3","新北市","平溪區",2.61
"113Q3","新北市","雙溪區",3.25
"113Q3","新北市","貢寮區",3.94
"113Q3","新北市","金山區",3.61
"113Q3","新北市","萬里區",3.81
"113Q3","新北市","烏來區",5.09
"113Q3","台北市","",3.01
"113Q3","台北市","松山區",3.10
"113Q3","台北市","信義區",2.90
"113Q3","台北市","大安區",3.14
"113Q3","台北市","中山區",2.62
"113Q3","台北市","中正區",3.09
"113Q3","台北市","大同區",2.98
"113Q3","台北市","萬華區",2.79
"113Q3","台北市","文山區",3.01
"113Q3","台北市","南港區",3.01
"113Q3","台北市","內湖區",3.11
"113Q3","台北市","士林區",3.18
"113Q3","台北市","北投區",3.16
"113Q3","桃園市","",3.01
"113Q3","桃園市","桃園區",2.89
"113Q3","桃園市","中壢區",2.92
"113Q3","桃園市","平鎮區",3.15
"113Q3","桃園市","八德區",3.07
"113Q3","桃園市","楊梅區",3.07
"113Q3","桃園市","大溪區",3.18
"113Q3","桃園市","蘆竹區",3.08
"113Q3","桃園市","大園區",3.23
"113Q3","桃園市","龜山區",2.71
"113Q3","桃園市","龍潭區",3.12
"113Q3","桃園市","新屋區",3.55
"113Q3","桃園市","觀音區",3.30
"113Q3","桃園市","復興區",4.58
"113Q3","台中市","",3.18
"113Q3","台中市","中區",3.08
"113Q3","台中市","東區",2.97
"113Q3","台中市","南區",2.76
"113Q3","台中市","西區",2.86
"113Q3","台中市","北區",2.74
"113Q3","台中市","西屯區",2.87
"113Q3","台中市","南屯區",2.93
"113Q3","台中市","北屯區",2.88
"113Q3","台中市","豐原區",3.54
"113Q3","台中市","東勢區",3.45
"113Q3","台中市","大甲區",3.74
"113Q3","台中市","清水區",3.40
"113Q3","台中市","沙鹿區",3.36
"113Q3","台中市","梧棲區",3.40
"113Q3","台中市","后里區",3.93
"113Q3","台中市","神岡區",3.78
"113Q3","台中市","潭子區",3.34
"113Q3","台中市","大雅區",3.57
"113Q3","台中市","新社區",3.48
"113Q3","台中市","石岡區",3.76
"113Q3","台中市","外埔區",3.71
"113Q3","台中市","大安區",4.06
"113Q3","台中市","烏日區",3.13
"113Q3","台中市","大肚區",3.52
"113Q3","台中市","龍井區",3.68
"113Q3","台中市","霧峰區",3.64
"113Q3","台中市","太平區",3.26
"113Q3","台中市","大里區",3.38
"113Q3","台中市","和平區",3.29
"113Q3","台南市","",3.04
"113Q3","台南市","新營區",2.83
"113Q3","台南市","鹽水區",3.12
"113Q3","台南市","白河區",3.40
"113Q3","台南市","柳營區",3.19
"113Q3","台南市","後壁區",3.24
"113Q3","台南市","東山區",3.61
"113Q3","台南市","麻豆區",3.10
"113Q3","台南市","下營區",3.30
"113Q3","台南市","六甲區",3.24
"113Q3","台南市","官田區",3.09
"113Q3","台南市","大內區",3.46
"113Q3","台南市","佳里區",3.10
"113Q3","台南市","學甲區",3.16
"113Q3","台南市","西港區",3.35
"113Q3","台南市","七股區",3.84
"113Q3","台南市","將軍區",3.69
"113Q3","台南市","北門區",3.92
"113Q3","台南市","新化區",3.29
"113Q3","台南市","善化區",2.89
"113Q3","台南市","新市區",2.96
"113Q3","台南市","安定區",3.26
"113Q3","台南市","山上區",3.45
"113Q3","台南市","玉井區",3.16
"113Q3","台南市","楠西區",3.35
"113Q3","台南市","南化區",3.96
"113Q3","台南市","左鎮區",3.28
"113Q3","台南市","仁德區",3.01
"113Q3","台南市","歸仁區",3.25
"113Q3","台南市","關廟區",3.34
"113Q3","台南市","龍崎區",3.70
"113Q3","台南市","永康區",2.92
"113Q3","台南市","東區",2.88
"113Q3","台南市","南區",2.93
"113Q3","台南市","北區",2.78
"113Q3","台南市","安南區",3.30
"113Q3","台南市","安平區",2.70
"113Q3","台南市","中西區",2.89
"113Q3","高雄市","",2.87
"113Q3","高雄市","鹽埕區",2.51
"113Q3","高雄市","鼓山區",2.64
"113Q3","高雄市","左營區",2.67
"113Q3","高雄市","楠梓區",2.73
"113Q3","高雄市","三民區",2.75
"113Q3","高雄市","新興區",2.45
"113Q3","高雄市","前金區",2.21
"113Q3","高雄市","苓雅區",2.60
"113Q3","高雄市","前鎮區",2.71
"113Q3","高雄市","旗津區",3.83
"113Q3","高雄市","小港區",3.28
"113Q3","高雄市","鳳山區",2.84
"113Q3","高雄市","林園區",3.41
"113Q3","高雄市","大寮區",3.01
"113Q3","高雄市","大樹區",3.48
"113Q3","高雄市","大社區",2.95
"113Q3","高雄市","仁武區",2.83
"113Q3","高雄市","鳥松區",2.65
"113Q3","高雄市","岡山區",3.07
"113Q3","高雄市","橋頭區",2.71
"113Q3","高雄市","燕巢區",3.41
"113Q3","高雄市","田寮區",3.50
"113Q3","高雄市","阿蓮區",3.44
"113Q3","高雄市","路竹區",3.40
"113Q3","高雄市","湖內區",3.04
"113Q3","高雄市","茄萣區",3.77
"113Q3","高雄市","永安區",4.25
"113Q3","高雄市","彌陀區",3.82
"113Q3","高雄市","梓官區",3.26
"113Q3","高雄市","旗山區",3.14
"113Q3","高雄市","美濃區",3.68
"113Q3","高雄市","六龜區",3.00
"113Q3","高雄市","甲仙區",3.11
"113Q3","高雄市","杉林區",3.25
"113Q3","高雄市","內門區",4.26
"113Q3","高雄市","茂林區",4.37
"113Q3","高雄市","桃源區",4.28
"113Q3","高雄市","那瑪夏區",4.48
"113Q3","宜蘭縣","",2.99
"113Q3","宜蘭縣","宜蘭市",2.83
"113Q3","宜蘭縣","羅東鎮",3.15
"113Q3","宜蘭縣","蘇澳鎮",3.04
"113Q3","宜蘭縣","頭城鎮",3.29
"113Q3","宜蘭縣","礁溪鄉",2.74
"113Q3","宜蘭縣","壯圍鄉",3.24
"113Q3","宜蘭縣","員山鄉",3.03
"113Q3","宜蘭縣","冬山鄉",2.91
"113Q3","宜蘭縣","五結鄉",2.84
"113Q3","宜蘭縣","三星鄉",2.90
"113Q3","宜蘭縣","大同鄉",3.85
"113Q3","宜蘭縣","南澳鄉",4.86
"113Q3","新竹縣","",3.08
"113Q3","新竹縣","竹北市",2.92
"113Q3","新竹縣","關西鎮",3.77
"113Q3","新竹縣","新埔鎮",3.11
"113Q3","新竹縣","竹東鎮",3.00
"113Q3","新竹縣","湖口鄉",3.06
"113Q3","新竹縣","橫山鄉",3.45
"113Q3","新竹縣","新豐鄉",3.24
"113Q3","新竹縣","芎林鄉",3.21
"113Q3","新竹縣","寶山鄉",2.80
"113Q3","新竹縣","北埔鄉",3.77
"113Q3","新竹縣","峨眉鄉",3.96
"113Q3","新竹縣","尖石鄉",4.38
"113Q3","新竹縣","五峰鄉",3.79
"113Q3","苗栗縣","",3.25
"113Q3","苗栗縣","苗栗市",2.90
"113Q3","苗栗縣","苑裡鎮",3.52
"113Q3","苗栗縣","通霄鎮",3.82
"113Q3","苗栗縣","竹南鎮",3.10
"113Q3","苗栗縣","頭份鎮",3.02
"113Q3","苗栗縣","後龍鎮",3.64
"113Q3","苗栗縣","卓蘭鎮",3.87
"113Q3","苗栗縣","大湖鄉",3.69
"113Q3","苗栗縣","公館鄉",3.29
"113Q3","苗栗縣","銅鑼鄉",3.49
"113Q3","苗栗縣","南庄鄉",3.29
"113Q3","苗栗縣","頭屋鄉",3.51
"113Q3","苗栗縣","三義鄉",3.49
"113Q3","苗栗縣","西湖鄉",4.37
"113Q3","苗栗縣","造橋鄉",3.35
"113Q3","苗栗縣","三灣鄉",3.49
"113Q3","苗栗縣","獅潭鄉",3.40
"113Q3","苗栗縣","泰安鄉",4.95
"113Q3","彰化縣","",3.79
"113Q3","彰化縣","彰化市",3.35
"113Q3","彰化縣","鹿港鎮",4.02
"113Q3","彰化縣","和美鎮",3.56
"113Q3","彰化縣","北斗鎮",3.42
"113Q3","彰化縣","員林鎮",3.46
"113Q3","彰化縣","溪湖鎮",4.00
"113Q3","彰化縣","田中鎮",3.44
"113Q3","彰化縣","二林鎮",4.23
"113Q3","彰化縣","線西鄉",4.35
"113Q3","彰化縣","伸港鄉",4.23
"113Q3","彰化縣","福興鄉",4.39
"113Q3","彰化縣","秀水鄉",3.94
"113Q3","彰化縣","花壇鄉",3.60
"113Q3","彰化縣","芬園鄉",4.14
"113Q3","彰化縣","大村鄉",4.69
"113Q3","彰化縣","埔鹽鄉",4.88
"113Q3","彰化縣","埔心鄉",3.45
"113Q3","彰化縣","永靖鄉",4.29
"113Q3","彰化縣","社頭鄉",4.20
"113Q3","彰化縣","二水鄉",3.58
"113Q3","彰化縣","田尾鄉",3.59
"113Q3","彰化縣","埤頭鄉",3.87
"113Q3","彰化縣","芳苑鄉",4.43
"113Q3","彰化縣","大城鄉",5.04
"113Q3","彰化縣","竹塘鄉",4.13
"113Q3","彰化縣","溪州鄉",4.31
"113Q3","南投縣","",3.39
"113Q3","南投縣","南投市",3.17
"113Q3","南投縣","埔里鎮",3.29
"113Q3","南投縣","草屯鎮",3.41
"113Q3","南投縣","竹山鎮",3.17
"113Q3","南投縣","集集鎮",3.31
"113Q3","南投縣","名間鄉",3.87
"113Q3","南投縣","鹿谷鄉",3.59
"113Q3","南投縣","中寮鄉",3.77
"113Q3","南投縣","魚池鄉",3.87
"113Q3","南投縣","國姓鄉",3.35
"113Q3","南投縣","水里鄉",3.07
"113Q3","南投縣","信義鄉",4.25
"113Q3","南投縣","仁愛鄉",4.17
"113Q3","雲林縣","",3.58
"113Q3","雲林縣","斗六市",3.05
"113Q3","雲林縣","斗南鎮",3.15
"113Q3","雲林縣","虎尾鎮",3.07
"113Q3","雲林縣","西螺鎮",3.59
"113Q3","雲林縣","土庫鎮",3.63
"113Q3","雲林縣","北港鎮",3.16
"113Q3","雲林縣","古坑鄉",3.51
"113Q3","雲林縣","大埤鄉",3.73
"113Q3","雲林縣","莿桐鄉",3.78
"113Q3","雲林縣","林內鄉",3.57
"113Q3","雲林縣","二崙鄉",4.06
"113Q3","雲林縣","崙背鄉",3.67
"113Q3","雲林縣","麥寮鄉",5.78
"113Q3","雲林縣","東勢鄉",3.81
"113Q3","雲林縣","褒忠鄉",3.79
"113Q3","雲林縣","台西鄉",4.32
"113Q3","雲林縣","元長鄉",3.90
"113Q3","雲林縣","四湖鄉",3.90
"113Q3","雲林縣","口湖鄉",4.57
"113Q3","雲林縣","水林鄉",4.22
"113Q3","嘉義縣","",3.55
"113Q3","嘉義縣","太保市",3.29
"113Q3","嘉義縣","朴子市",3.26
"113Q3","嘉義縣","布袋鎮",3.82
"113Q3","嘉義縣","大林鎮",3.31
"113Q3","嘉義縣","民雄鄉",3.23
"113Q3","嘉義縣","溪口鄉",4.24
"113Q3","嘉義縣","新港鄉",3.99
"113Q3","嘉義縣","六腳鄉",4.04
"113Q3","嘉義縣","東石鄉",4.37
"113Q3","嘉義縣","義竹鄉",3.92
"113Q3","嘉義縣","鹿草鄉",4.05
"113Q3","嘉義縣","水上鄉",3.13
"113Q3","嘉義縣","中埔鄉",3.58
"113Q3","嘉義縣","竹崎鄉",3.97
"113Q3","嘉義縣","梅山鄉",3.67
"113Q3","嘉義縣","番路鄉",3.37
"113Q3","嘉義縣","大埔鄉",4.94
"113Q3","嘉義縣","阿里山鄉",4.02
"113Q3","屏東縣","",3.29
"113Q3","屏東縣","屏東市",2.91
"113Q3","屏東縣","潮州鎮",2.91
"113Q3","屏東縣","東港鎮",3.26
"113Q3","屏東縣","恆春鎮",3.29
"113Q3","屏東縣","萬丹鄉",3.43
"113Q3","屏東縣","長治鄉",3.23
"113Q3","屏東縣","麟洛鄉",2.89
"113Q3","屏東縣","九如鄉",3.41
"113Q3","屏東縣","里港鄉",3.70
"113Q3","屏東縣","鹽埔鄉",3.90
"113Q3","屏東縣","高樹鄉",3.96
"113Q3","屏東縣","萬巒鄉",3.89
"113Q3","屏東縣","內埔鄉",3.22
"113Q3","屏東縣","竹田鄉",3.36
"113Q3","屏東縣","新埤鄉",3.65
"113Q3","屏東縣","枋寮鄉",3.31
"113Q3","屏東縣","新園鄉",3.51
"113Q3","屏東縣","崁頂鄉",4.64
"113Q3","屏東縣","林邊鄉",3.50
"113Q3","屏東縣","南州鄉",3.32
"113Q3","屏東縣","佳冬鄉",3.67
"113Q3","屏東縣","琉球鄉",3.87
"113Q3","屏東縣","車城鄉",3.21
"113Q3","屏東縣","滿州鄉",3.35
"113Q3","屏東縣","枋山鄉",3.57
"113Q3","屏東縣","三地門鄉",4.35
"113Q3","屏東縣","霧台鄉",3.68
"113Q3","屏東縣","瑪家鄉",4.12
"113Q3","屏東縣","泰武鄉",5.00
"113Q3","屏東縣","來義鄉",4.06
"113Q3","屏東縣","春日鄉",4.31
"113Q3","屏東縣","獅子鄉",3.93
"113Q3","屏東縣","牡丹鄉",3.07
"113Q3","台東縣","",3.09
"113Q3","台東縣","台東市",3.01
"113Q3","台東縣","成功鎮",2.96
"113Q3","台東縣","關山鎮",3.13
"113Q3","台東縣","卑南鄉",3.07
"113Q3","台東縣","大武鄉",2.87
"113Q3","台東縣","太麻里鄉",2.93
"113Q3","台東縣","東河鄉",2.71
"113Q3","台東縣","長濱鄉",2.58
"113Q3","台東縣","鹿野鄉",3.05
"113Q3","台東縣","池上鄉",3.09
"113Q3","台東縣","綠島鄉",5.89
"113Q3","台東縣","延平鄉",4.44
"113Q3","台東縣","海端鄉",4.64
"113Q3","台東縣","達仁鄉",3.06
"113Q3","台東縣","金峰鄉",4.53
"113Q3","台東縣","蘭嶼鄉",4.00
"113Q3","花蓮縣","",3.02
"113Q3","花蓮縣","花蓮市",2.92
"113Q3","花蓮縣","鳳林鎮",2.91
"113Q3","花蓮縣","玉里鎮",2.92
"113Q3","花蓮縣","新城鄉",2.88
"113Q3","花蓮縣","吉安鄉",2.94
"113Q3","花蓮縣","壽豐鄉",2.82
"113Q3","花蓮縣","光復鄉",2.90
"113Q3","花蓮縣","豐濱鄉",2.97
"113Q3","花蓮縣","瑞穗鄉",2.83
"113Q3","花蓮縣","富里鄉",2.98
"113Q3","花蓮縣","秀林鄉",5.11
"113Q3","花蓮縣","萬榮鄉",4.22
"113Q3","花蓮縣","卓溪鄉",4.16
"113Q3","澎湖縣","",3.87
"113Q3","澎湖縣","馬公市",3.57
"113Q3","澎湖縣","湖西鄉",4.05
"113Q3","澎湖縣","白沙鄉",4.71
"113Q3","澎湖縣","西嶼鄉",3.90
"113Q3","澎湖縣","望安鄉",5.88
"113Q3","澎湖縣","七美鄉",5.01
"113Q3","基隆市","",2.60
"113Q3","基隆市","中正區",2.44
"113Q3","基隆市","七堵區",2.69
"113Q3","基隆市","暖暖區",2.62
"113Q3","基隆市","仁愛區",2.80
"113Q3","基隆市","中山區",2.58
"113Q3","基隆市","安樂區",2.57
"113Q3","基隆市","信義區",2.59
"113Q3","新竹市","",2.94
"113Q3","新竹市","新竹市",2.94
"113Q3","嘉義市","",2.99
"113Q3","嘉義市","嘉義市",2.99
"113Q3","金門縣","",6.65
"113Q3","金門縣","金城鎮",6.55
"113Q3","金門縣","金湖鎮",6.11
"113Q3","金門縣","金沙鎮",6.64
"113Q3","金門縣","金寧鄉",6.68
"113Q3","金門縣","烈嶼鄉",8.94
"113Q3","金門縣","烏坵鄉",8.25
"113Q3","連江縣","",4.70
"113Q3","連江縣","南竿鄉",4.23
"113Q3","連江縣","北竿鄉",5.83
"113Q3","連江縣","莒光鄉",4.92
"113Q3","連江縣","東引鄉",5.41
"113Q4","全國","",3.03
"113Q4","新北市","",2.79
"113Q4","新北市","板橋區",2.86
"113Q4","新北市","三重區",2.77
"113Q4","新北市","中和區",2.67
"113Q4","新北市","永和區",2.70
"113Q4","新北市","新莊區",2.93
"113Q4","新北市","新店區",2.55
"113Q4","新北市","樹林區",3.05
"113Q4","新北市","鶯歌區",3.00
"113Q4","新北市","三峽區",2.95
"113Q4","新北市","淡水區",2.35
"113Q4","新北市","汐止區",2.50
"113Q4","新北市","瑞芳區",2.93
"113Q4","新北市","土城區",2.95
"113Q4","新北市","蘆洲區",3.09
"113Q4","新北市","五股區",2.84
"113Q4","新北市","泰山區",2.93
"113Q4","新北市","林口區",2.81
"113Q4","新北市","深坑區",2.71
"113Q4","新北市","石碇區",3.16
"113Q4","新北市","坪林區",3.56
"113Q4","新北市","三芝區",2.71
"113Q4","新北市","石門區",4.23
"113Q4","新北市","八里區",2.88
"113Q4","新北市","平溪區",2.60
"113Q4","新北市","雙溪區",3.23
"113Q4","新北市","貢寮區",3.90
"113Q4","新北市","金山區",3.56
"113Q4","新北市","萬里區",3.75
"113Q4","新北市","烏來區",5.15
"113Q4","台北市","",3.00
"113Q4","台北市","松山區",3.09
"113Q4","台北市","信義區",2.89
"113Q4","台北市","大安區",3.13
"113Q4","台北市","中山區",2.61
"113Q4","台北市","中正區",3.07
"113Q4","台北市","大同區",2.96
"113Q4","台北市","萬華區",2.78
"113Q4","台北市","文山區",3.00
"113Q4","台北市","南港區",2.99
"113Q4","台北市","內湖區",3.09
"113Q4","台北市","士林區",3.16
"113Q4","台北市","北投區",3.15
"113Q4","桃園市","",2.98
"113Q4","桃園市","桃園區",2.87
"113Q4","桃園市","中壢區",2.90
"113Q4","桃園市","平鎮區",3.12
"113Q4","桃園市","八德區",3.04
"113Q4","桃園市","楊梅區",3.04
"113Q4","桃園市","大溪區",3.15
"113Q4","桃園市","蘆竹區",3.04
"113Q4","桃園市","大園區",3.20
"113Q4","桃園市","龜山區",2.69
"113Q4","桃園市","龍潭區",3.09
"113Q4","桃園市","新屋區",3.50
"113Q4","桃園市","觀音區",3.26
"113Q4","桃園市","復興區",4.59
"113Q4","台中市","",3.11
"113Q4","台中市","中區",3.02
"113Q4","台中市","東區",2.90
"113Q4","台中市","南區",2.69
"113Q4","台中市","西區",2.80
"113Q4","台中市","北區",2.68
"113Q4","台中市","西屯區",2.80
"113Q4","台中市","南屯區",2.87
"113Q4","台中市","北屯區",2.82
"113Q4","台中市","豐原區",3.46
"113Q4","台中市","東勢區",3.37
"113Q4","台中市","大甲區",3.64
"113Q4","台中市","清水區",3.30
"113Q4","台中市","沙鹿區",3.27
"113Q4","台中市","梧棲區",3.29
"113Q4","台中市","后里區",3.82
"113Q4","台中市","神岡區",3.67
"113Q4","台中市","潭子區",3.27
"113Q4","台中市","大雅區",3.49
"113Q4","台中市","新社區",3.39
"113Q4","台中市","石岡區",3.69
"113Q4","台中市","外埔區",3.60
"113Q4","台中市","大安區",3.92
"113Q4","台中市","烏日區",3.07
"113Q4","台中市","大肚區",3.43
"113Q4","台中市","龍井區",3.57
"113Q4","台中市","霧峰區",3.53
"113Q4","台中市","太平區",3.19
"113Q4","台中市","大里區",3.31
"113Q4","台中市","和平區",3.26
"113Q4","台南市","",3.01
"113Q4","台南市","新營區",2.80
"113Q4","台南市","鹽水區",3.08
"113Q4","台南市","白河區",3.35
"113Q4","台南市","柳營區",3.12
"113Q4","台南市","後壁區",3.17
"113Q4","台南市","東山區",3.55
"113Q4","台南市","麻豆區",3.06
"113Q4","台南市","下營區",3.27
"113Q4","台南市","六甲區",3.19
"113Q4","台南市","官田區",3.04
"113Q4","台南市","大內區",3.42
"113Q4","台南市","佳里區",3.07
"113Q4","台南市","學甲區",3.13
"113Q4","台南市","西港區",3.31
"113Q4","台南市","七股區",3.77
"113Q4","台南市","將軍區",3.67
"113Q4","台南市","北門區",3.89
"113Q4","台南市","新化區",3.24
"113Q4","台南市","善化區",2.84
"113Q4","台南市","新市區",2.90
"113Q4","台南市","安定區",3.20
"113Q4","台南市","山上區",3.40
"113Q4","台南市","玉井區",3.12
"113Q4","台南市","楠西區",3.31
"113Q4","台南市","南化區",3.91
"113Q4","台南市","左鎮區",3.25
"113Q4","台南市","仁德區",2.98
"113Q4","台南市","歸仁區",3.21
"113Q4","台南市","關廟區",3.30
"113Q4","台南市","龍崎區",3.67
"113Q4","台南市","永康區",2.88
"113Q4","台南市","東區",2.86
"113Q4","台南市","南區",2.91
"113Q4","台南市","北區",2.75
"113Q4","台南市","安南區",3.27
"113Q4","台南市","安平區",2.66
"113Q4","台南市","中西區",2.86
"113Q4","高雄市","",2.85
"113Q4","高雄市","鹽埕區",2.48
"113Q4","高雄市","鼓山區",2.62
"113Q4","高雄市","左營區",2.64
"113Q4","高雄市","楠梓區",2.70
"113Q4","高雄市","三民區",2.72
"113Q4","高雄市","新興區",2.42
"113Q4","高雄市","前金區",2.18
"113Q4","高雄市","苓雅區",2.57
"113Q4","高雄市","前鎮區",2.68
"113Q4","高雄市","旗津區",3.80
"113Q4","高雄市","小港區",3.25
"113Q4","高雄市","鳳山區",2.82
"113Q4","高雄市","林園區",3.38
"113Q4","高雄市","大寮區",2.97
"113Q4","高雄市","大樹區",3.44
"113Q4","高雄市","大社區",2.92
"113Q4","高雄市","仁武區",2.80
"113Q4","高雄市","鳥松區",2.63
"113Q4","高雄市","岡山區",3.04
"113Q4","高雄市","橋頭區",2.68
"113Q4","高雄市","燕巢區",3.35
"113Q4","高雄市","田寮區",3.48
"113Q4","高雄市","阿蓮區",3.39
"113Q4","高雄市","路竹區",3.36
"113Q4","高雄市","湖內區",2.99
"113Q4","高雄市","茄萣區",3.74
"113Q4","高雄市","永安區",4.24
"113Q4","高雄市","彌陀區",3.78
"113Q4","高雄市","梓官區",3.23
"113Q4","高雄市","旗山區",3.09
"113Q4","高雄市","美濃區",3.57
"113Q4","高雄市","六龜區",2.96
"113Q4","高雄市","甲仙區",3.08
"113Q4","高雄市","杉林區",3.20
"113Q4","高雄市","內門區",4.13
"113Q4","高雄市","茂林區",4.35
"113Q4","高雄市","桃源區",4.25
"113Q4","高雄市","那瑪夏區",4.44
"113Q4","宜蘭縣","",2.95
"113Q4","宜蘭縣","宜蘭市",2.80
"113Q4","宜蘭縣","羅東鎮",3.11
"113Q4","宜蘭縣","蘇澳鎮",3.00
"113Q4","宜蘭縣","頭城鎮",3.23
"113Q4","宜蘭縣","礁溪鄉",2.67
"113Q4","宜蘭縣","壯圍鄉",3.19
"113Q4","宜蘭縣","員山鄉",2.98
"113Q4","宜蘭縣","冬山鄉",2.88
"113Q4","宜蘭縣","五結鄉",2.81
"113Q4","宜蘭縣","三星鄉",2.86
"113Q4","宜蘭縣","大同鄉",3.85
"113Q4","宜蘭縣","南澳鄉",4.87
"113Q4","新竹縣","",3.03
"113Q4","新竹縣","竹北市",2.88
"113Q4","新竹縣","關西鎮",3.70
"113Q4","新竹縣","新埔鎮",3.05
"113Q4","新竹縣","竹東鎮",2.95
"113Q4","新竹縣","湖口鄉",3.01
"113Q4","新竹縣","橫山鄉",3.38
"113Q4","新竹縣","新豐鄉",3.17
"113Q4","新竹縣","芎林鄉",3.13
"113Q4","新竹縣","寶山鄉",2.75
"113Q4","新竹縣","北埔鄉",3.73
"113Q4","新竹縣","峨眉鄉",3.92
"113Q4","新竹縣","尖石鄉",4.39
"113Q4","新竹縣","五峰鄉",3.80
"113Q4","苗栗縣","",3.20
"113Q4","苗栗縣","苗栗市",2.87
"113Q4","苗栗縣","苑裡鎮",3.43
"113Q4","苗栗縣","通霄鎮",3.75
"113Q4","苗栗縣","竹南鎮",3.06
"113Q4","苗栗縣","頭份鎮",2.98
"113Q4","苗栗縣","後龍鎮",3.55
"113Q4","苗栗縣","卓蘭鎮",3.81
"113Q4","苗栗縣","大湖鄉",3.64
"113Q4","苗栗縣","公館鄉",3.24
"113Q4","苗栗縣","銅鑼鄉",3.43
"113Q4","苗栗縣","南庄鄉",3.23
"113Q4","苗栗縣","頭屋鄉",3.45
"113Q4","苗栗縣","三義鄉",3.42
"113Q4","苗栗縣","西湖鄉",4.26
"113Q4","苗栗縣","造橋鄉",3.30
"113Q4","苗栗縣","三灣鄉",3.44
"113Q4","苗栗縣","獅潭鄉",3.35
"113Q4","苗栗縣","泰安鄉",4.92
"113Q4","彰化縣","",3.69
"113Q4","彰化縣","彰化市",3.29
"113Q4","彰化縣","鹿港鎮",3.90
"113Q4","彰化縣","和美鎮",3.43
"113Q4","彰化縣","北斗鎮",3.34
"113Q4","彰化縣","員林鎮",3.39
"113Q4","彰化縣","溪湖鎮",3.87
"113Q4","彰化縣","田中鎮",3.38
"113Q4","彰化縣","二林鎮",4.06
"113Q4","彰化縣","線西鄉",4.12
"113Q4","彰化縣","伸港鄉",4.08
"113Q4","彰化縣","福興鄉",4.18
"113Q4","彰化縣","秀水鄉",3.78
"113Q4","彰化縣","花壇鄉",3.52
"113Q4","彰化縣","芬園鄉",3.99
"113Q4","彰化縣","大村鄉",4.51
"113Q4","彰化縣","埔鹽鄉",4.55
"113Q4","彰化縣","埔心鄉",3.36
"113Q4","彰化縣","永靖鄉",4.14
"113Q4","彰化縣","社頭鄉",4.08
"113Q4","彰化縣","二水鄉",3.53
"113Q4","彰化縣","田尾鄉",3.50
"113Q4","彰化縣","埤頭鄉",3.74
"113Q4","彰化縣","芳苑鄉",4.28
"113Q4","彰化縣","大城鄉",4.91
"113Q4","彰化縣","竹塘鄉",4.00
"113Q4","彰化縣","溪州鄉",4.19
"113Q4","南投縣","",3.33
"113Q4","南投縣","南投市",3.12
"113Q4","南投縣","埔里鎮",3.23
"113Q4","南投縣","草屯鎮",3.35
"113Q4","南投縣","竹山鎮",3.12
"113Q4","南投縣","集集鎮",3.27
"113Q4","南投縣","名間鄉",3.74
"113Q4","南投縣","鹿谷鄉",3.54
"113Q4","南投縣","中寮鄉",3.68
"113Q4","南投縣","魚池鄉",3.80
"113Q4","南投縣","國姓鄉",3.29
"113Q4","南投縣","水里鄉",3.04
"113Q4","南投縣","信義鄉",4.23
"113Q4","南投縣","仁愛鄉",4.14
"113Q4","雲林縣","",3.50
"113Q4","雲林縣","斗六市",2.99
"113Q4","雲林縣","斗南鎮",3.09
"113Q4","雲林縣","虎尾鎮",3.01
"113Q4","雲林縣","西螺鎮",3.50
"113Q4","雲林縣","土庫鎮",3.53
"113Q4","雲林縣","北港鎮",3.12
"113Q4","雲林縣","古坑鄉",3.43
"113Q4","雲林縣","大埤鄉",3.65
"113Q4","雲林縣","莿桐鄉",3.69
"113Q4","雲林縣","林內鄉",3.48
"113Q4","雲林縣","二崙鄉",3.92
"113Q4","雲林縣","崙背鄉",3.56
"113Q4","雲林縣","麥寮鄉",5.71
"113Q4","雲林縣","東勢鄉",3.71
"113Q4","雲林縣","褒忠鄉",3.68
"113Q4","雲林縣","台西鄉",4.24
"113Q4","雲林縣","元長鄉",3.78
"113Q4","雲林縣","四湖鄉",3.83
"113Q4","雲林縣","口湖鄉",4.52
"113Q4","雲林縣","水林鄉",4.11
"113Q4","嘉義縣","",3.50
"113Q4","嘉義縣","太保市",3.24
"113Q4","嘉義縣","朴子市",3.21
"113Q4","嘉義縣","布袋鎮",3.78
"113Q4","嘉義縣","大林鎮",3.27
"113Q4","嘉義縣","民雄鄉",3.18
"113Q4","嘉義縣","溪口鄉",4.14
"113Q4","嘉義縣","新港鄉",3.91
"113Q4","嘉義縣","六腳鄉",3.96
"113Q4","嘉義縣","東石鄉",4.31
"113Q4","嘉義縣","義竹鄉",3.86
"113Q4","嘉義縣","鹿草鄉",3.99
"113Q4","嘉義縣","水上鄉",3.09
"113Q4","嘉義縣","中埔鄉",3.53
"113Q4","嘉義縣","竹崎鄉",3.91
"113Q4","嘉義縣","梅山鄉",3.63
"113Q4","嘉義縣","番路鄉",3.32
"113Q4","嘉義縣","大埔鄉",4.88
"113Q4","嘉義縣","阿里山鄉",4.02
"113Q4","屏東縣","",3.25
"113Q4","屏東縣","屏東市",2.88
"113Q4","屏東縣","潮州鎮",2.87
"113Q4","屏東縣","東港鎮",3.23
"113Q4","屏東縣","恆春鎮",3.27
"113Q4","屏東縣","萬丹鄉",3.37
"113Q4","屏東縣","長治鄉",3.18
"113Q4","屏東縣","麟洛鄉",2.85
"113Q4","屏東縣","九如鄉",3.35
"113Q4","屏東縣","里港鄉",3.63
"113Q4","屏東縣","鹽埔鄉",3.81
"113Q4","屏東縣","高樹鄉",3.88
"113Q4","屏東縣","萬巒鄉",3.81
"113Q4","屏東縣","內埔鄉",3.16
"113Q4","屏東縣","竹田鄉",3.30
"113Q4","屏東縣","新埤鄉",3.58
"113Q4","屏東縣","枋寮鄉",3.27
"113Q4","屏東縣","新園鄉",3.45
"113Q4","屏東縣","崁頂鄉",4.57
"113Q4","屏東縣","林邊鄉",3.45
"113Q4","屏東縣","南州鄉",3.26
"113Q4","屏東縣","佳冬鄉",3.63
"113Q4","屏東縣","琉球鄉",3.81
"113Q4","屏東縣","車城鄉",3.19
"113Q4","屏東縣","滿州鄉",3.34
"113Q4","屏東縣","枋山鄉",3.51
"113Q4","屏東縣","三地門鄉",4.33
"113Q4","屏東縣","霧台鄉",3.66
"113Q4","屏東縣","瑪家鄉",4.11
"113Q4","屏東縣","泰武鄉",4.98
"113Q4","屏東縣","來義鄉",4.04
"113Q4","屏東縣","春日鄉",4.29
"113Q4","屏東縣","獅子鄉",3.94
"113Q4","屏東縣","牡丹鄉",3.07
"113Q4","台東縣","",3.07
"113Q4","台東縣","台東市",2.99
"113Q4","台東縣","成功鎮",2.93
"113Q4","台東縣","關山鎮",3.10
"113Q4","台東縣","卑南鄉",3.05
"113Q4","台東縣","大武鄉",2.86
"113Q4","台東縣","太麻里鄉",2.90
"113Q4","台東縣","東河鄉",2.70
"113Q4","台東縣","長濱鄉",2.56
"113Q4","台東縣","鹿野鄉",3.00
"113Q4","台東縣","池上鄉",3.07
"113Q4","台東縣","綠島鄉",5.82
"113Q4","台東縣","延平鄉",4.45
"113Q4","台東縣","海端鄉",4.61
"113Q4","台東縣","達仁鄉",3.07
"113Q4","台東縣","金峰鄉",4.51
"113Q4","台東縣","蘭嶼鄉",4.00
"113Q4","花蓮縣","",3.00
"113Q4","花蓮縣","花蓮市",2.90
"113Q4","花蓮縣","鳳林鎮",2.87
"113Q4","花蓮縣","玉里鎮",2.90
"113Q4","花蓮縣","新城鄉",2.84
"113Q4","花蓮縣","吉安鄉",2.92
"113Q4","花蓮縣","壽豐鄉",2.79
"113Q4","花蓮縣","光復鄉",2.87
"113Q4","花蓮縣","豐濱鄉",2.95
"113Q4","花蓮縣","瑞穗鄉",2.80
"113Q4","花蓮縣","富里鄉",2.97
"113Q4","花蓮縣","秀林鄉",5.09
"113Q4","花蓮縣","萬榮鄉",4.19
"113Q4","花蓮縣","卓溪鄉",4.12
"113Q4","澎湖縣","",3.84
"113Q4","澎湖縣","馬公市",3.54
"113Q4","澎湖縣","湖西鄉",4.02
"113Q4","澎湖縣","白沙鄉",4.70
"113Q4","澎湖縣","西嶼鄉",3.87
"113Q4","澎湖縣","望安鄉",5.90
"113Q4","澎湖縣","七美鄉",4.98
"113Q4","基隆市","",2.58
"113Q4","基隆市","中正區",2.41
"113Q4","基隆市","七堵區",2.67
"113Q4","基隆市","暖暖區",2.59
"113Q4","基隆市","仁愛區",2.78
"113Q4","基隆市","中山區",2.56
"113Q4","基隆市","安樂區",2.55
"113Q4","基隆市","信義區",2.56
"113Q4","新竹市","",2.92
"113Q4","新竹市","新竹市",2.92
"113Q4","嘉義市","",2.95
"113Q4","嘉義市","嘉義市",2.95
"113Q4","金門縣","",6.47
"113Q4","金門縣","金城鎮",6.41
"113Q4","金門縣","金湖鎮",5.96
"113Q4","金門縣","金沙鎮",6.47
"113Q4","金門縣","金寧鄉",6.43
"113Q4","金門縣","烈嶼鄉",8.73
"113Q4","金門縣","烏坵鄉",8.18
"113Q4","連江縣","",4.59
"113Q4","連江縣","南竿鄉",4.09
"113Q4","連江縣","北竿鄉",5.72
"113Q4","連江縣","莒光鄉",4.93
"113Q4","連江縣","東引鄉",5.40
"114Q1","全國","",2.95
"114Q1","新北市","",2.73
"114Q1","新北市","板橋區",2.80
"114Q1","新北市","三重區",2.70
"114Q1","新北市","中和區",2.61
"114Q1","新北市","永和區",2.65
"114Q1","新北市","新莊區",2.87
"114Q1","新北市","新店區",2.49
"114Q1","新北市","樹林區",2.98
"114Q1","新北市","鶯歌區",2.91
"114Q1","新北市","三峽區",2.87
"114Q1","新北市","淡水區",2.27
"114Q1","新北市","汐止區",2.44
"114Q1","新北市","瑞芳區",2.88
"114Q1","新北市","土城區",2.89
"114Q1","新北市","蘆洲區",3.03
"114Q1","新北市","五股區",2.78
"114Q1","新北市","泰山區",2.85
"114Q1","新北市","林口區",2.74
"114Q1","新北市","深坑區",2.65
"114Q1","新北市","石碇區",3.13
"114Q1","新北市","坪林區",3.52
"114Q1","新北市","三芝區",2.60
"114Q1","新北市","石門區",4.14
"114Q1","新北市","八里區",2.77
"114Q1","新北市","平溪區",2.57
"114Q1","新北市","雙溪區",3.15
"114Q1","新北市","貢寮區",3.83
"114Q1","新北市","金山區",3.45
"114Q1","新北市","萬里區",3.65
"114Q1","新北市","烏來區",5.08
"114Q1","台北市","",2.94
"114Q1","台北市","松山區",3.04
"114Q1","台北市","信義區",2.84
"114Q1","台北市","大安區",3.08
"114Q1","台北市","中山區",2.56
"114Q1","台北市","中正區",3.01
"114Q1","台北市","大同區",2.90
"114Q1","台北市","萬華區",2.73
"114Q1","台北市","文山區",2.94
"114Q1","台北市","南港區",2.93
"114Q1","台北市","內湖區",3.04
"114Q1","台北市","士林區",3.11
"114Q1","台北市","北投區",3.09
"114Q1","桃園市","",2.90
"114Q1","桃園市","桃園區",2.79
"114Q1","桃園市","中壢區",2.80
"114Q1","桃園市","平鎮區",3.03
"114Q1","桃園市","八德區",2.96
"114Q1","桃園市","楊梅區",2.95
"114Q1","桃園市","大溪區",3.06
"114Q1","桃園市","蘆竹區",2.93
"114Q1","桃園市","大園區",3.11
"114Q1","桃園市","龜山區",2.61
"114Q1","桃園市","龍潭區",3.00
"114Q1","桃園市","新屋區",3.37
"114Q1","桃園市","觀音區",3.16
"114Q1","桃園市","復興區",4.53
"114Q1","台中市","",3.01
"114Q1","台中市","中區",2.96
"114Q1","台中市","東區",2.83
"114Q1","台中市","南區",2.61
"114Q1","台中市","西區",2.71
"114Q1","台中市","北區",2.59
"114Q1","台中市","西屯區",2.70
"114Q1","台中市","南屯區",2.78
"114Q1","台中市","北屯區",2.73
"114Q1","台中市","豐原區",3.38
"114Q1","台中市","東勢區",3.30
"114Q1","台中市","大甲區",3.52
"114Q1","台中市","清水區",3.20
"114Q1","台中市","沙鹿區",3.14
"114Q1","台中市","梧棲區",3.12
"114Q1","台中市","后里區",3.71
"114Q1","台中市","神岡區",3.56
"114Q1","台中市","潭子區",3.18
"114Q1","台中市","大雅區",3.40
"114Q1","台中市","新社區",3.30
"114Q1","台中市","石岡區",3.63
"114Q1","台中市","外埔區",3.46
"114Q1","台中市","大安區",3.78
"114Q1","台中市","烏日區",2.97
"114Q1","台中市","大肚區",3.33
"114Q1","台中市","龍井區",3.43
"114Q1","台中市","霧峰區",3.44
"114Q1","台中市","太平區",3.11
"114Q1","台中市","大里區",3.24
"114Q1","台中市","和平區",3.22
"114Q1","台南市","",2.93
"114Q1","台南市","新營區",2.73
"114Q1","台南市","鹽水區",3.01
"114Q1","台南市","白河區",3.26
"114Q1","台南市","柳營區",3.04
"114Q1","台南市","後壁區",3.08
"114Q1","台南市","東山區",3.44
"114Q1","台南市","麻豆區",2.96
"114Q1","台南市","下營區",3.20
"114Q1","台南市","六甲區",3.09
"114Q1","台南市","官田區",2.95
"114Q1","台南市","大內區",3.37
"114Q1","台南市","佳里區",2.99
"114Q1","台南市","學甲區",3.07
"114Q1","台南市","西港區",3.22
"114Q1","台南市","七股區",3.68
"114Q1","台南市","將軍區",3.59
"114Q1","台南市","北門區",3.81
"114Q1","台南市","新化區",3.16
"114Q1","台南市","善化區",2.74
"114Q1","台南市","新市區",2.80
"114Q1","台南市","安定區",3.10
"114Q1","台南市","山上區",3.34
"114Q1","台南市","玉井區",3.05
"114Q1","台南市","楠西區",3.21
"114Q1","台南市","南化區",3.77
"114Q1","台南市","左鎮區",3.22
"114Q1","台南市","仁德區",2.90
"114Q1","台南市","歸仁區",3.12
"114Q1","台南市","關廟區",3.22
"114Q1","台南市","龍崎區",3.58
"114Q1","台南市","永康區",2.81
"114Q1","台南市","東區",2.78
"114Q1","台南市","南區",2.86
"114Q1","台南市","北區",2.68
"114Q1","台南市","安南區",3.18
"114Q1","台南市","安平區",2.59
"114Q1","台南市","中西區",2.79
"114Q1","高雄市","",2.79
"114Q1","高雄市","鹽埕區",2.43
"114Q1","高雄市","鼓山區",2.56
"114Q1","高雄市","左營區",2.59
"114Q1","高雄市","楠梓區",2.63
"114Q1","高雄市","三民區",2.67
"114Q1","高雄市","新興區",2.36
"114Q1","高雄市","前金區",2.10
"114Q1","高雄市","苓雅區",2.52
"114Q1","高雄市","前鎮區",2.63
"114Q1","高雄市","旗津區",3.76
"114Q1","高雄市","小港區",3.21
"114Q1","高雄市","鳳山區",2.77
"114Q1","高雄市","林園區",3.31
"114Q1","高雄市","大寮區",2.92
"114Q1","高雄市","大樹區",3.35
"114Q1","高雄市","大社區",2.85
"114Q1","高雄市","仁武區",2.75
"114Q1","高雄市","鳥松區",2.57
"114Q1","高雄市","岡山區",2.97
"114Q1","高雄市","橋頭區",2.61
"114Q1","高雄市","燕巢區",3.28
"114Q1","高雄市","田寮區",3.41
"114Q1","高雄市","阿蓮區",3.30
"114Q1","高雄市","路竹區",3.29
"114Q1","高雄市","湖內區",2.94
"114Q1","高雄市","茄萣區",3.69
"114Q1","高雄市","永安區",4.17
"114Q1","高雄市","彌陀區",3.73
"114Q1","高雄市","梓官區",3.17
"114Q1","高雄市","旗山區",3.01
"114Q1","高雄市","美濃區",3.44
"114Q1","高雄市","六龜區",2.90
"114Q1","高雄市","甲仙區",3.02
"114Q1","高雄市","杉林區",3.12
"114Q1","高雄市","內門區",3.96
"114Q1","高雄市","茂林區",4.29
"114Q1","高雄市","桃源區",4.19
"114Q1","高雄市","那瑪夏區",4.29
"114Q1","宜蘭縣","",2.84
"114Q1","宜蘭縣","宜蘭市",2.71
"114Q1","宜蘭縣","羅東鎮",2.99
"114Q1","宜蘭縣","蘇澳鎮",2.93
"114Q1","宜蘭縣","頭城鎮",3.10
"114Q1","宜蘭縣","礁溪鄉",2.51
"114Q1","宜蘭縣","壯圍鄉",3.09
"114Q1","宜蘭縣","員山鄉",2.88
"114Q1","宜蘭縣","冬山鄉",2.79
"114Q1","宜蘭縣","五結鄉",2.71
"114Q1","宜蘭縣","三星鄉",2.77
"114Q1","宜蘭縣","大同鄉",3.78
"114Q1","宜蘭縣","南澳鄉",4.83
"114Q1","新竹縣","",2.93
"114Q1","新竹縣","竹北市",2.79
"114Q1","新竹縣","關西鎮",3.60
"114Q1","新竹縣","新埔鎮",2.94
"114Q1","新竹縣","竹東鎮",2.88
"114Q1","新竹縣","湖口鄉",2.91
"114Q1","新竹縣","橫山鄉",3.30
"114Q1","新竹縣","新豐鄉",3.04
"114Q1","新竹縣","芎林鄉",3.01
"114Q1","新竹縣","寶山鄉",2.66
"114Q1","新竹縣","北埔鄉",3.64
"114Q1","新竹縣","峨眉鄉",3.85
"114Q1","新竹縣","尖石鄉",4.35
"114Q1","新竹縣","五峰鄉",3.79
"114Q1","苗栗縣","",3.12
"114Q1","苗栗縣","苗栗市",2.81
"114Q1","苗栗縣","苑裡鎮",3.30
"114Q1","苗栗縣","通霄鎮",3.67
"114Q1","苗栗縣","竹南鎮",2.98
"114Q1","苗栗縣","頭份鎮",2.90
"114Q1","苗栗縣","後龍鎮",3.44
"114Q1","苗栗縣","卓蘭鎮",3.72
"114Q1","苗栗縣","大湖鄉",3.57
"114Q1","苗栗縣","公館鄉",3.16
"114Q1","苗栗縣","銅鑼鄉",3.33
"114Q1","苗栗縣","南庄鄉",3.18
"114Q1","苗栗縣","頭屋鄉",3.35
"114Q1","苗栗縣","三義鄉",3.35
"114Q1","苗栗縣","西湖鄉",4.12
"114Q1","苗栗縣","造橋鄉",3.23
"114Q1","苗栗縣","三灣鄉",3.36
"114Q1","苗栗縣","獅潭鄉",3.30
"114Q1","苗栗縣","泰安鄉",4.85
"114Q1","彰化縣","",3.50
"114Q1","彰化縣","彰化市",3.16
"114Q1","彰化縣","鹿港鎮",3.66
"114Q1","彰化縣","和美鎮",3.24
"114Q1","彰化縣","北斗鎮",3.21
"114Q1","彰化縣","員林鎮",3.25
"114Q1","彰化縣","溪湖鎮",3.63
"114Q1","彰化縣","田中鎮",3.25
"114Q1","彰化縣","二林鎮",3.80
"114Q1","彰化縣","線西鄉",3.82
"114Q1","彰化縣","伸港鄉",3.81
"114Q1","彰化縣","福興鄉",3.86
"114Q1","彰化縣","秀水鄉",3.55
"114Q1","彰化縣","花壇鄉",3.37
"114Q1","彰化縣","芬園鄉",3.75
"114Q1","彰化縣","大村鄉",4.26
"114Q1","彰化縣","埔鹽鄉",4.08
"114Q1","彰化縣","埔心鄉",3.21
"114Q1","彰化縣","永靖鄉",3.91
"114Q1","彰化縣","社頭鄉",3.89
"114Q1","彰化縣","二水鄉",3.42
"114Q1","彰化縣","田尾鄉",3.34
"114Q1","彰化縣","埤頭鄉",3.53
"114Q1","彰化縣","芳苑鄉",4.04
"114Q1","彰化縣","大城鄉",4.68
"114Q1","彰化縣","竹塘鄉",3.83
"114Q1","彰化縣","溪州鄉",3.96
"114Q1","南投縣","",3.25
"114Q1","南投縣","南投市",3.05
"114Q1","南投縣","埔里鎮",3.15
"114Q1","南投縣","草屯鎮",3.24
"114Q1","南投縣","竹山鎮",3.06
"114Q1","南投縣","集集鎮",3.20
"114Q1","南投縣","名間鄉",3.59
"114Q1","南投縣","鹿谷鄉",3.41
"114Q1","南投縣","中寮鄉",3.58
"114Q1","南投縣","魚池鄉",3.71
"114Q1","南投縣","國姓鄉",3.21
"114Q1","南投縣","水里鄉",2.99
"114Q1","南投縣","信義鄉",4.17
"114Q1","南投縣","仁愛鄉",4.09
"114Q1","雲林縣","",3.37
"114Q1","雲林縣","斗六市",2.88
"114Q1","雲林縣","斗南鎮",2.98
"114Q1","雲林縣","虎尾鎮",2.89
"114Q1","雲林縣","西螺鎮",3.35
"114Q1","雲林縣","土庫鎮",3.38
"114Q1","雲林縣","北港鎮",3.06
"114Q1","雲林縣","古坑鄉",3.28
"114Q1","雲林縣","大埤鄉",3.52
"114Q1","雲林縣","莿桐鄉",3.53
"114Q1","雲林縣","林內鄉",3.40
"114Q1","雲林縣","二崙鄉",3.73
"114Q1","雲林縣","崙背鄉",3.40
"114Q1","雲林縣","麥寮鄉",5.49
"114Q1","雲林縣","東勢鄉",3.56
"114Q1","雲林縣","褒忠鄉",3.54
"114Q1","雲林縣","台西鄉",4.11
"114Q1","雲林縣","元長鄉",3.62
"114Q1","雲林縣","四湖鄉",3.73
"114Q1","雲林縣","口湖鄉",4.40
"114Q1","雲林縣","水林鄉",3.96
"114Q1","嘉義縣","",3.38
"114Q1","嘉義縣","太保市",3.11
"114Q1","嘉義縣","朴子市",3.11
"114Q1","嘉義縣","布袋鎮",3.65
"114Q1","嘉義縣","大林鎮",3.18
"114Q1","嘉義縣","民雄鄉",3.07
"114Q1","嘉義縣","溪口鄉",3.98
"114Q1","嘉義縣","新港鄉",3.77
"114Q1","嘉義縣","六腳鄉",3.80
"114Q1","嘉義縣","東石鄉",4.17
"114Q1","嘉義縣","義竹鄉",3.76
"114Q1","嘉義縣","鹿草鄉",3.87
"114Q1","嘉義縣","水上鄉",3.01
"114Q1","嘉義縣","中埔鄉",3.41
"114Q1","嘉義縣","竹崎鄉",3.78
"114Q1","嘉義縣","梅山鄉",3.52
"114Q1","嘉義縣","番路鄉",3.18
"114Q1","嘉義縣","大埔鄉",4.81
"114Q1","嘉義縣","阿里山鄉",3.98
"114Q1","屏東縣","",3.17
"114Q1","屏東縣","屏東市",2.81
"114Q1","屏東縣","潮州鎮",2.79
"114Q1","屏東縣","東港鎮",3.16
"114Q1","屏東縣","恆春鎮",3.19
"114Q1","屏東縣","萬丹鄉",3.28
"114Q1","屏東縣","長治鄉",3.09
"114Q1","屏東縣","麟洛鄉",2.78
"114Q1","屏東縣","九如鄉",3.28
"114Q1","屏東縣","里港鄉",3.50
"114Q1","屏東縣","鹽埔鄉",3.67
"114Q1","屏東縣","高樹鄉",3.72
"114Q1","屏東縣","萬巒鄉",3.68
"114Q1","屏東縣","內埔鄉",3.06
"114Q1","屏東縣","竹田鄉",3.22
"114Q1","屏東縣","新埤鄉",3.45
"114Q1","屏東縣","枋寮鄉",3.21
"114Q1","屏東縣","新園鄉",3.37
"114Q1","屏東縣","崁頂鄉",4.44
"114Q1","屏東縣","林邊鄉",3.38
"114Q1","屏東縣","南州鄉",3.18
"114Q1","屏東縣","佳冬鄉",3.52
"114Q1","屏東縣","琉球鄉",3.74
"114Q1","屏東縣","車城鄉",3.13
"114Q1","屏東縣","滿州鄉",3.33
"114Q1","屏東縣","枋山鄉",3.46
"114Q1","屏東縣","三地門鄉",4.26
"114Q1","屏東縣","霧台鄉",3.62
"114Q1","屏東縣","瑪家鄉",4.03
"114Q1","屏東縣","泰武鄉",4.92
"114Q1","屏東縣","來義鄉",3.99
"114Q1","屏東縣","春日鄉",4.27
"114Q1","屏東縣","獅子鄉",3.92
"114Q1","屏東縣","牡丹鄉",3.04
"114Q1","台東縣","",3.01
"114Q1","台東縣","台東市",2.91
"114Q1","台東縣","成功鎮",2.89
"114Q1","台東縣","關山鎮",3.03
"114Q1","台東縣","卑南鄉",3.00
"114Q1","台東縣","大武鄉",2.82
"114Q1","台東縣","太麻里鄉",2.86
"114Q1","台東縣","東河鄉",2.68
"114Q1","台東縣","長濱鄉",2.54
"114Q1","台東縣","鹿野鄉",2.95
"114Q1","台東縣","池上鄉",3.00
"114Q1","台東縣","綠島鄉",5.68
"114Q1","台東縣","延平鄉",4.40
"114Q1","台東縣","海端鄉",4.58
"114Q1","台東縣","達仁鄉",3.06
"114Q1","台東縣","金峰鄉",4.46
"114Q1","台東縣","蘭嶼鄉",3.93
"114Q1","花蓮縣","",2.94
"114Q1","花蓮縣","花蓮市",2.83
"114Q1","花蓮縣","鳳林鎮",2.83
"114Q1","花蓮縣","玉里鎮",2.83
"114Q1","花蓮縣","新城鄉",2.80
"114Q1","花蓮縣","吉安鄉",2.86
"114Q1","花蓮縣","壽豐鄉",2.75
"114Q1","花蓮縣","光復鄉",2.82
"114Q1","花蓮縣","豐濱鄉",2.93
"114Q1","花蓮縣","瑞穗鄉",2.74
"114Q1","花蓮縣","富里鄉",2.94
"114Q1","花蓮縣","秀林鄉",5.07
"114Q1","花蓮縣","萬榮鄉",4.15
"114Q1","花蓮縣","卓溪鄉",4.09
"114Q1","澎湖縣","",3.74
"114Q1","澎湖縣","馬公市",3.44
"114Q1","澎湖縣","湖西鄉",3.93
"114Q1","澎湖縣","白沙鄉",4.61
"114Q1","澎湖縣","西嶼鄉",3.82
"114Q1","澎湖縣","望安鄉",5.79
"114Q1","澎湖縣","七美鄉",4.90
"114Q1","基隆市","",2.52
"114Q1","基隆市","中正區",2.34
"114Q1","基隆市","七堵區",2.62
"114Q1","基隆市","暖暖區",2.55
"114Q1","基隆市","仁愛區",2.72
"114Q1","基隆市","中山區",2.51
"114Q1","基隆市","安樂區",2.49
"114Q1","基隆市","信義區",2.50
"114Q1","新竹市","",2.85
"114Q1","新竹市","新竹市",2.85
"114Q1","嘉義市","",2.88
"114Q1","嘉義市","嘉義市",2.88
"114Q1","金門縣","",6.04
"114Q1","金門縣","金城鎮",6.03
"114Q1","金門縣","金湖鎮",5.55
"114Q1","金門縣","金沙鎮",6.10
"114Q1","金門縣","金寧鄉",5.90
"114Q1","金門縣","烈嶼鄉",8.29
"114Q1","金門縣","烏坵鄉",7.94
"114Q1","連江縣","",4.46
"114Q1","連江縣","南竿鄉",3.96
"114Q1","連江縣","北竿鄉",5.58
"114Q1","連江縣","莒光鄉",4.81
"114Q1","連江縣","東引鄉",5.38
"114Q2","全國","",2.91
"114Q2","新北市","",2.70
"114Q2","新北市","板橋區",2.77
"114Q2","新北市","三重區",2.67
"114Q2","新北市","中和區",2.59
"114Q2","新北市","永和區",2.63
"114Q2","新北市","新莊區",2.84
"114Q2","新北市","新店區",2.47
"114Q2","新北市","樹林區",2.95
"114Q2","新北市","鶯歌區",2.87
"114Q2","新北市","三峽區",2.83
"114Q2","新北市","淡水區",2.23
"114Q2","新北市","汐止區",2.41
"114Q2","新北市","瑞芳區",2.85
"114Q2","新北市","土城區",2.85
"114Q2","新北市","蘆洲區",3.00
"114Q2","新北市","五股區",2.75
"114Q2","新北市","泰山區",2.82
"114Q2","新北市","林口區",2.71
"114Q2","新北市","深坑區",2.62
"114Q2","新北市","石碇區",3.10
"114Q2","新北市","坪林區",3.50
"114Q2","新北市","三芝區",2.53
"114Q2","新北市","石門區",4.07
"114Q2","新北市","八里區",2.70
"114Q2","新北市","平溪區",2.56
"114Q2","新北市","雙溪區",3.11
"114Q2","新北市","貢寮區",3.80
"114Q2","新北市","金山區",3.39
"114Q2","新北市","萬里區",3.60
"114Q2","新北市","烏來區",5.06
"114Q2","台北市","",2.92
"114Q2","台北市","松山區",3.02
"114Q2","台北市","信義區",2.82
"114Q2","台北市","大安區",3.05
"114Q2","台北市","中山區",2.54
"114Q2","台北市","中正區",2.98
"114Q2","台北市","大同區",2.87
"114Q2","台北市","萬華區",2.70
"114Q2","台北市","文山區",2.92
"114Q2","台北市","南港區",2.90
"114Q2","台北市","內湖區",3.02
"114Q2","台北市","士林區",3.08
"114Q2","台北市","北投區",3.06
"114Q2","桃園市","",2.86
"114Q2","桃園市","桃園區",2.76
"114Q2","桃園市","中壢區",2.77
"114Q2","桃園市","平鎮區",3.01
"114Q2","桃園市","八德區",2.93
"114Q2","桃園市","楊梅區",2.91
"114Q2","桃園市","大溪區",3.03
"114Q2","桃園市","蘆竹區",2.90
"114Q2","桃園市","大園區",3.07
"114Q2","桃園市","龜山區",2.58
"114Q2","桃園市","龍潭區",2.97
"114Q2","桃園市","新屋區",3.32
"114Q2","桃園市","觀音區",3.11
"114Q2","桃園市","復興區",4.51
"114Q2","台中市","",2.97
"114Q2","台中市","中區",2.89
"114Q2","台中市","東區",2.79
"114Q2","台中市","南區",2.57
"114Q2","台中市","西區",2.66
"114Q2","台中市","北區",2.56
"114Q2","台中市","西屯區",2.66
"114Q2","台中市","南屯區",2.75
"114Q2","台中市","北屯區",2.68
"114Q2","台中市","豐原區",3.34
"114Q2","台中市","東勢區",3.27
"114Q2","台中市","大甲區",3.46
"114Q2","台中市","清水區",3.15
"114Q2","台中市","沙鹿區",3.09
"114Q2","台中市","梧棲區",3.03
"114Q2","台中市","后里區",3.66
"114Q2","台中市","神岡區",3.51
"114Q2","台中市","潭子區",3.14
"114Q2","台中市","大雅區",3.35
"114Q2","台中市","新社區",3.25
"114Q2","台中市","石岡區",3.58
"114Q2","台中市","外埔區",3.39
"114Q2","台中市","大安區",3.71
"114Q2","台中市","烏日區",2.94
"114Q2","台中市","大肚區",3.29
"114Q2","台中市","龍井區",3.36
"114Q2","台中市","霧峰區",3.40
"114Q2","台中市","太平區",3.07
"114Q2","台中市","大里區",3.20
"114Q2","台中市","和平區",3.21
"114Q2","台南市","",2.90
"114Q2","台南市","新營區",2.70
"114Q2","台南市","鹽水區",2.98
"114Q2","台南市","白河區",3.23
"114Q2","台南市","柳營區",3.02
"114Q2","台南市","後壁區",3.04
"114Q2","台南市","東山區",3.40
"114Q2","台南市","麻豆區",2.93
"114Q2","台南市","下營區",3.18
"114Q2","台南市","六甲區",3.07
"114Q2","台南市","官田區",2.92
"114Q2","台南市","大內區",3.33
"114Q2","台南市","佳里區",2.96
"114Q2","台南市","學甲區",3.04
"114Q2","台南市","西港區",3.18
"114Q2","台南市","七股區",3.65
"114Q2","台南市","將軍區",3.56
"114Q2","台南市","北門區",3.78
"114Q2","台南市","新化區",3.12
"114Q2","台南市","善化區",2.70
"114Q2","台南市","新市區",2.75
"114Q2","台南市","安定區",3.06
"114Q2","台南市","山上區",3.32
"114Q2","台南市","玉井區",3.01
"114Q2","台南市","楠西區",3.17
"114Q2","台南市","南化區",3.73
"114Q2","台南市","左鎮區",3.21
"114Q2","台南市","仁德區",2.87
"114Q2","台南市","歸仁區",3.08
"114Q2","台南市","關廟區",3.18
"114Q2","台南市","龍崎區",3.56
"114Q2","台南市","永康區",2.78
"114Q2","台南市","東區",2.75
"114Q2","台南市","南區",2.83
"114Q2","台南市","北區",2.65
"114Q2","台南市","安南區",3.15
"114Q2","台南市","安平區",2.56
"114Q2","台南市","中西區",2.76
"114Q2","高雄市","",2.75
"114Q2","高雄市","鹽埕區",2.39
"114Q2","高雄市","鼓山區",2.53
"114Q2","高雄市","左營區",2.56
"114Q2","高雄市","楠梓區",2.60
"114Q2","高雄市","三民區",2.64
"114Q2","高雄市","新興區",2.33
"114Q2","高雄市","前金區",2.06
"114Q2","高雄市","苓雅區",2.49
"114Q2","高雄市","前鎮區",2.60
"114Q2","高雄市","旗津區",3.74
"114Q2","高雄市","小港區",3.18
"114Q2","高雄市","鳳山區",2.74
"114Q2","高雄市","林園區",3.27
"114Q2","高雄市","大寮區",2.89
"114Q2","高雄市","大樹區",3.31
"114Q2","高雄市","大社區",2.82
"114Q2","高雄市","仁武區",2.72
"114Q2","高雄市","鳥松區",2.54
"114Q2","高雄市","岡山區",2.93
"114Q2","高雄市","橋頭區",2.57
"114Q2","高雄市","燕巢區",3.24
"114Q2","高雄市","田寮區",3.38
"114Q2","高雄市","阿蓮區",3.26
"114Q2","高雄市","路竹區",3.26
"114Q2","高雄市","湖內區",2.91
"114Q2","高雄市","茄萣區",3.65
"114Q2","高雄市","永安區",4.15
"114Q2","高雄市","彌陀區",3.70
"114Q2","高雄市","梓官區",3.12
"114Q2","高雄市","旗山區",2.95
"114Q2","高雄市","美濃區",3.38
"114Q2","高雄市","六龜區",2.87
"114Q2","高雄市","甲仙區",2.98
"114Q2","高雄市","杉林區",3.09
"114Q2","高雄市","內門區",3.87
"114Q2","高雄市","茂林區",4.21
"114Q2","高雄市","桃源區",4.15
"114Q2","高雄市","那瑪夏區",4.23
"114Q2","宜蘭縣","",2.80
"114Q2","宜蘭縣","宜蘭市",2.67
"114Q2","宜蘭縣","羅東鎮",2.95
"114Q2","宜蘭縣","蘇澳鎮",2.89
"114Q2","宜蘭縣","頭城鎮",3.04
"114Q2","宜蘭縣","礁溪鄉",2.44
"114Q2","宜蘭縣","壯圍鄉",3.05
"114Q2","宜蘭縣","員山鄉",2.84
"114Q2","宜蘭縣","冬山鄉",2.75
"114Q2","宜蘭縣","五結鄉",2.67
"114Q2","宜蘭縣","三星鄉",2.73
"114Q2","宜蘭縣","大同鄉",3.76
"114Q2","宜蘭縣","南澳鄉",4.82
"114Q2","新竹縣","",2.90
"114Q2","新竹縣","竹北市",2.77
"114Q2","新竹縣","關西鎮",3.55
"114Q2","新竹縣","新埔鎮",2.90
"114Q2","新竹縣","竹東鎮",2.85
"114Q2","新竹縣","湖口鄉",2.88
"114Q2","新竹縣","橫山鄉",3.28
"114Q2","新竹縣","新豐鄉",2.99
"114Q2","新竹縣","芎林鄉",2.98
"114Q2","新竹縣","寶山鄉",2.64
"114Q2","新竹縣","北埔鄉",3.60
"114Q2","新竹縣","峨眉鄉",3.78
"114Q2","新竹縣","尖石鄉",4.33
"114Q2","新竹縣","五峰鄉",3.76
"114Q2","苗栗縣","",3.08
"114Q2","苗栗縣","苗栗市",2.78
"114Q2","苗栗縣","苑裡鎮",3.25
"114Q2","苗栗縣","通霄鎮",3.62
"114Q2","苗栗縣","竹南鎮",2.95
"114Q2","苗栗縣","頭份鎮",2.86
"114Q2","苗栗縣","後龍鎮",3.37
"114Q2","苗栗縣","卓蘭鎮",3.67
"114Q2","苗栗縣","大湖鄉",3.54
"114Q2","苗栗縣","公館鄉",3.12
"114Q2","苗栗縣","銅鑼鄉",3.27
"114Q2","苗栗縣","南庄鄉",3.16
"114Q2","苗栗縣","頭屋鄉",3.31
"114Q2","苗栗縣","三義鄉",3.30
"114Q2","苗栗縣","西湖鄉",4.06
"114Q2","苗栗縣","造橋鄉",3.17
"114Q2","苗栗縣","三灣鄉",3.33
"114Q2","苗栗縣","獅潭鄉",3.28
"114Q2","苗栗縣","泰安鄉",4.79
"114Q2","彰化縣","",3.44
"114Q2","彰化縣","彰化市",3.12
"114Q2","彰化縣","鹿港鎮",3.59
"114Q2","彰化縣","和美鎮",3.19
"114Q2","彰化縣","北斗鎮",3.16
"114Q2","彰化縣","員林鎮",3.22
"114Q2","彰化縣","溪湖鎮",3.57
"114Q2","彰化縣","田中鎮",3.21
"114Q2","彰化縣","二林鎮",3.71
"114Q2","彰化縣","線西鄉",3.74
"114Q2","彰化縣","伸港鄉",3.74
"114Q2","彰化縣","福興鄉",3.77
"114Q2","彰化縣","秀水鄉",3.49
"114Q2","彰化縣","花壇鄉",3.33
"114Q2","彰化縣","芬園鄉",3.66
"114Q2","彰化縣","大村鄉",4.18
"114Q2","彰化縣","埔鹽鄉",3.94
"114Q2","彰化縣","埔心鄉",3.17
"114Q2","彰化縣","永靖鄉",3.87
"114Q2","彰化縣","社頭鄉",3.82
"114Q2","彰化縣","二水鄉",3.38
"114Q2","彰化縣","田尾鄉",3.30
"114Q2","彰化縣","埤頭鄉",3.47
"114Q2","彰化縣","芳苑鄉",3.96
"114Q2","彰化縣","大城鄉",4.59
"114Q2","彰化縣","竹塘鄉",3.77
"114Q2","彰化縣","溪州鄉",3.88
"114Q2","南投縣","",3.20
"114Q2","南投縣","南投市",3.01
"114Q2","南投縣","埔里鎮",3.11
"114Q2","南投縣","草屯鎮",3.19
"114Q2","南投縣","竹山鎮",3.03
"114Q2","南投縣","集集鎮",3.15
"114Q2","南投縣","名間鄉",3.52
"114Q2","南投縣","鹿谷鄉",3.37
"114Q2","南投縣","中寮鄉",3.51
"114Q2","南投縣","魚池鄉",3.66
"114Q2","南投縣","國姓鄉",3.17
"114Q2","南投縣","水里鄉",2.96
"114Q2","南投縣","信義鄉",4.13
"114Q2","南投縣","仁愛鄉",4.02
"114Q2","雲林縣","",3.32
"114Q2","雲林縣","斗六市",2.84
"114Q2","雲林縣","斗南鎮",2.94
"114Q2","雲林縣","虎尾鎮",2.85
"114Q2","雲林縣","西螺鎮",3.30
"114Q2","雲林縣","土庫鎮",3.33
"114Q2","雲林縣","北港鎮",3.02
"114Q2","雲林縣","古坑鄉",3.24
"114Q2","雲林縣","大埤鄉",3.48
"114Q2","雲林縣","莿桐鄉",3.49
"114Q2","雲林縣","林內鄉",3.37
"114Q2","雲林縣","二崙鄉",3.67
"114Q2","雲林縣","崙背鄉",3.34
"114Q2","雲林縣","麥寮鄉",5.39
"114Q2","雲林縣","東勢鄉",3.49
"114Q2","雲林縣","褒忠鄉",3.47
"114Q2","雲林縣","台西鄉",4.03
"114Q2","雲林縣","元長鄉",3.54
"114Q2","雲林縣","四湖鄉",3.70
"114Q2","雲林縣","口湖鄉",4.36
"114Q2","雲林縣","水林鄉",3.92
"114Q2","嘉義縣","",3.34
"114Q2","嘉義縣","太保市",3.04
"114Q2","嘉義縣","朴子市",3.05
"114Q2","嘉義縣","布袋鎮",3.58
"114Q2","嘉義縣","大林鎮",3.14
"114Q2","嘉義縣","民雄鄉",3.03
"114Q2","嘉義縣","溪口鄉",3.92
"114Q2","嘉義縣","新港鄉",3.72
"114Q2","嘉義縣","六腳鄉",3.74
"114Q2","嘉義縣","東石鄉",4.10
"114Q2","嘉義縣","義竹鄉",3.72
"114Q2","嘉義縣","鹿草鄉",3.80
"114Q2","嘉義縣","水上鄉",2.98
"114Q2","嘉義縣","中埔鄉",3.37
"114Q2","嘉義縣","竹崎鄉",3.74
"114Q2","嘉義縣","梅山鄉",3.48
"114Q2","嘉義縣","番路鄉",3.14
"114Q2","嘉義縣","大埔鄉",4.77
"114Q2","嘉義縣","阿里山鄉",3.96
"114Q2","屏東縣","",3.13
"114Q2","屏東縣","屏東市",2.78
"114Q2","屏東縣","潮州鎮",2.76
"114Q2","屏東縣","東港鎮",3.12
"114Q2","屏東縣","恆春鎮",3.15
"114Q2","屏東縣","萬丹鄉",3.24
"114Q2","屏東縣","長治鄉",3.05
"114Q2","屏東縣","麟洛鄉",2.74
"114Q2","屏東縣","九如鄉",3.24
"114Q2","屏東縣","里港鄉",3.44
"114Q2","屏東縣","鹽埔鄉",3.61
"114Q2","屏東縣","高樹鄉",3.66
"114Q2","屏東縣","萬巒鄉",3.62
"114Q2","屏東縣","內埔鄉",3.01
"114Q2","屏東縣","竹田鄉",3.17
"114Q2","屏東縣","新埤鄉",3.42
"114Q2","屏東縣","枋寮鄉",3.18
"114Q2","屏東縣","新園鄉",3.33
"114Q2","屏東縣","崁頂鄉",4.36
"114Q2","屏東縣","林邊鄉",3.34
"114Q2","屏東縣","南州鄉",3.14
"114Q2","屏東縣","佳冬鄉",3.48
"114Q2","屏東縣","琉球鄉",3.69
"114Q2","屏東縣","車城鄉",3.11
"114Q2","屏東縣","滿州鄉",3.29
"114Q2","屏東縣","枋山鄉",3.44
"114Q2","屏東縣","三地門鄉",4.23
"114Q2","屏東縣","霧台鄉",3.60
"114Q2","屏東縣","瑪家鄉",3.95
"114Q2","屏東縣","泰武鄉",4.88
"114Q2","屏東縣","來義鄉",3.98
"114Q2","屏東縣","春日鄉",4.20
"114Q2","屏東縣","獅子鄉",3.90
"114Q2","屏東縣","牡丹鄉",3.02
"114Q2","台東縣","",2.98
"114Q2","台東縣","台東市",2.88
"114Q2","台東縣","成功鎮",2.87
"114Q2","台東縣","關山鎮",3.00
"114Q2","台東縣","卑南鄉",2.97
"114Q2","台東縣","大武鄉",2.80
"114Q2","台東縣","太麻里鄉",2.84
"114Q2","台東縣","東河鄉",2.66
"114Q2","台東縣","長濱鄉",2.52
"114Q2","台東縣","鹿野鄉",2.93
"114Q2","台東縣","池上鄉",2.99
"114Q2","台東縣","綠島鄉",5.62
"114Q2","台東縣","延平鄉",4.38
"114Q2","台東縣","海端鄉",4.57
"114Q2","台東縣","達仁鄉",3.03
"114Q2","台東縣","金峰鄉",4.46
"114Q2","台東縣","蘭嶼鄉",3.88
"114Q2","花蓮縣","",2.93
"114Q2","花蓮縣","花蓮市",2.80
"114Q2","花蓮縣","鳳林鎮",2.81
"114Q2","花蓮縣","玉里鎮",2.80
"114Q2","花蓮縣","新城鄉",2.77
"114Q2","花蓮縣","吉安鄉",2.90
"114Q2","花蓮縣","壽豐鄉",2.72
"114Q2","花蓮縣","光復鄉",2.80
"114Q2","花蓮縣","豐濱鄉",2.90
"114Q2","花蓮縣","瑞穗鄉",2.73
"114Q2","花蓮縣","富里鄉",2.93
"114Q2","花蓮縣","秀林鄉",5.05
"114Q2","花蓮縣","萬榮鄉",4.14
"114Q2","花蓮縣","卓溪鄉",4.07
"114Q2","澎湖縣","",3.69
"114Q2","澎湖縣","馬公市",3.38
"114Q2","澎湖縣","湖西鄉",3.89
"114Q2","澎湖縣","白沙鄉",4.56
"114Q2","澎湖縣","西嶼鄉",3.75
"114Q2","澎湖縣","望安鄉",5.79
"114Q2","澎湖縣","七美鄉",4.88
"114Q2","基隆市","",2.50
"114Q2","基隆市","中正區",2.32
"114Q2","基隆市","七堵區",2.60
"114Q2","基隆市","暖暖區",2.51
"114Q2","基隆市","仁愛區",2.70
"114Q2","基隆市","中山區",2.49
"114Q2","基隆市","安樂區",2.47
"114Q2","基隆市","信義區",2.48
"114Q2","新竹市","",2.83
"114Q2","新竹市","新竹市",2.83
"114Q2","嘉義市","",2.85
"114Q2","嘉義市","嘉義市",2.85
"114Q2","金門縣","",5.86
"114Q2","金門縣","金城鎮",5.85
"114Q2","金門縣","金湖鎮",5.39
"114Q2","金門縣","金沙鎮",5.95
"114Q2","金門縣","金寧鄉",5.68
"114Q2","金門縣","烈嶼鄉",8.07
"114Q2","金門縣","烏坵鄉",7.59
"114Q2","連江縣","",4.36
"114Q2","連江縣","南竿鄉",3.86
"114Q2","連江縣","北竿鄉",5.42
"114Q2","連江縣","莒光鄉",4.79
"114Q2","連江縣","東引鄉",5.29
"114Q3","全國","",2.90
"114Q3","新北市","",2.69
"114Q3","新北市","板橋區",2.76
"114Q3","新北市","三重區",2.66
"114Q3","新北市","中和區",2.58
"114Q3","新北市","永和區",2.62
"114Q3","新北市","新莊區",2.83
"114Q3","新北市","新店區",2.46
"114Q3","新北市","樹林區",2.95
"114Q3","新北市","鶯歌區",2.85
"114Q3","新北市","三峽區",2.82
"114Q3","新北市","淡水區",2.23
"114Q3","新北市","汐止區",2.41
"114Q3","新北市","瑞芳區",2.83
"114Q3","新北市","土城區",2.83
"114Q3","新北市","蘆洲區",2.99
"114Q3","新北市","五股區",2.74
"114Q3","新北市","泰山區",2.80
"114Q3","新北市","林口區",2.70
"114Q3","新北市","深坑區",2.61
"114Q3","新北市","石碇區",3.12
"114Q3","新北市","坪林區",3.48
"114Q3","新北市","三芝區",2.52
"114Q3","新北市","石門區",4.05
"114Q3","新北市","八里區",2.70
"114Q3","新北市","平溪區",2.55
"114Q3","新北市","雙溪區",3.11
"114Q3","新北市","貢寮區",3.78
"114Q3","新北市","金山區",3.38
"114Q3","新北市","萬里區",3.59
"114Q3","新北市","烏來區",5.07
"114Q3","台北市","",2.90
"114Q3","台北市","松山區",2.99
"114Q3","台北市","信義區",2.80
"114Q3","台北市","大安區",3.02
"114Q3","台北市","中山區",2.52
"114Q3","台北市","中正區",2.95
"114Q3","台北市","大同區",2.84
"114Q3","台北市","萬華區",2.69
"114Q3","台北市","文山區",2.90
"114Q3","台北市","南港區",2.88
"114Q3","台北市","內湖區",3.00
"114Q3","台北市","士林區",3.07
"114Q3","台北市","北投區",3.04
"114Q3","桃園市","",2.85
"114Q3","桃園市","桃園區",2.74
"114Q3","桃園市","中壢區",2.76
"114Q3","桃園市","平鎮區",3.00
"114Q3","桃園市","八德區",2.91
"114Q3","桃園市","楊梅區",2.90
"114Q3","桃園市","大溪區",3.01
"114Q3","桃園市","蘆竹區",2.88
"114Q3","桃園市","大園區",3.04
"114Q3","桃園市","龜山區",2.57
"114Q3","桃園市","龍潭區",2.96
"114Q3","桃園市","新屋區",3.29
"114Q3","桃園市","觀音區",3.08
"114Q3","桃園市","復興區",4.53
"114Q3","台中市","",2.95
"114Q3","台中市","中區",2.88
"114Q3","台中市","東區",2.78
"114Q3","台中市","南區",2.56
"114Q3","台中市","西區",2.65
"114Q3","台中市","北區",2.54
"114Q3","台中市","西屯區",2.65
"114Q3","台中市","南屯區",2.74
"114Q3","台中市","北屯區",2.68
"114Q3","台中市","豐原區",3.32
"114Q3","台中市","東勢區",3.25
"114Q3","台中市","大甲區",3.44
"114Q3","台中市","清水區",3.14
"114Q3","台中市","沙鹿區",3.07
"114Q3","台中市","梧棲區",2.99
"114Q3","台中市","后里區",3.65
"114Q3","台中市","神岡區",3.50
"114Q3","台中市","潭子區",3.12
"114Q3","台中市","大雅區",3.34
"114Q3","台中市","新社區",3.23
"114Q3","台中市","石岡區",3.58
"114Q3","台中市","外埔區",3.38
"114Q3","台中市","大安區",3.70
"114Q3","台中市","烏日區",2.94
"114Q3","台中市","大肚區",3.27
"114Q3","台中市","龍井區",3.34
"114Q3","台中市","霧峰區",3.38
"114Q3","台中市","太平區",3.05
"114Q3","台中市","大里區",3.19
"114Q3","台中市","和平區",3.20
"114Q3","台南市","",2.88
"114Q3","台南市","新營區",2.69
"114Q3","台南市","鹽水區",2.97
"114Q3","台南市","白河區",3.21
"114Q3","台南市","柳營區",3.01
"114Q3","台南市","後壁區",3.03
"114Q3","台南市","東山區",3.39
"114Q3","台南市","麻豆區",2.90
"114Q3","台南市","下營區",3.17
"114Q3","台南市","六甲區",3.05
"114Q3","台南市","官田區",2.91
"114Q3","台南市","大內區",3.32
"114Q3","台南市","佳里區",2.94
"114Q3","台南市","學甲區",3.03
"114Q3","台南市","西港區",3.17
"114Q3","台南市","七股區",3.63
"114Q3","台南市","將軍區",3.53
"114Q3","台南市","北門區",3.76
"114Q3","台南市","新化區",3.10
"114Q3","台南市","善化區",2.69
"114Q3","台南市","新市區",2.73
"114Q3","台南市","安定區",3.04
"114Q3","台南市","山上區",3.31
"114Q3","台南市","玉井區",2.99
"114Q3","台南市","楠西區",3.16
"114Q3","台南市","南化區",3.71
"114Q3","台南市","左鎮區",3.21
"114Q3","台南市","仁德區",2.86
"114Q3","台南市","歸仁區",3.06
"114Q3","台南市","關廟區",3.16
"114Q3","台南市","龍崎區",3.55
"114Q3","台南市","永康區",2.77
"114Q3","台南市","東區",2.74
"114Q3","台南市","南區",2.82
"114Q3","台南市","北區",2.64
"114Q3","台南市","安南區",3.13
"114Q3","台南市","安平區",2.53
"114Q3","台南市","中西區",2.74
"114Q3","高雄市","",2.74
"114Q3","高雄市","鹽埕區",2.37
"114Q3","高雄市","鼓山區",2.52
"114Q3","高雄市","左營區",2.55
"114Q3","高雄市","楠梓區",2.59
"114Q3","高雄市","三民區",2.62
"114Q3","高雄市","新興區",2.32
"114Q3","高雄市","前金區",2.05
"114Q3","高雄市","苓雅區",2.48
"114Q3","高雄市","前鎮區",2.59
"114Q3","高雄市","旗津區",3.72
"114Q3","高雄市","小港區",3.15
"114Q3","高雄市","鳳山區",2.73
"114Q3","高雄市","林園區",3.25
"114Q3","高雄市","大寮區",2.87
"114Q3","高雄市","大樹區",3.29
"114Q3","高雄市","大社區",2.81
"114Q3","高雄市","仁武區",2.71
"114Q3","高雄市","鳥松區",2.52
"114Q3","高雄市","岡山區",2.92
"114Q3","高雄市","橋頭區",2.57
"114Q3","高雄市","燕巢區",3.22
"114Q3","高雄市","田寮區",3.37
"114Q3","高雄市","阿蓮區",3.25
"114Q3","高雄市","路竹區",3.25
"114Q3","高雄市","湖內區",2.89
"114Q3","高雄市","茄萣區",3.63
"114Q3","高雄市","永安區",4.13
"114Q3","高雄市","彌陀區",3.68
"114Q3","高雄市","梓官區",3.11
"114Q3","高雄市","旗山區",2.94
"114Q3","高雄市","美濃區",3.36
"114Q3","高雄市","六龜區",2.86
"114Q3","高雄市","甲仙區",2.97
"114Q3","高雄市","杉林區",3.07
"114Q3","高雄市","內門區",3.85
"114Q3","高雄市","茂林區",4.22
"114Q3","高雄市","桃源區",4.13
"114Q3","高雄市","那瑪夏區",4.19
"114Q3","宜蘭縣","",2.79
"114Q3","宜蘭縣","宜蘭市",2.66
"114Q3","宜蘭縣","羅東鎮",2.94
"114Q3","宜蘭縣","蘇澳鎮",2.88
"114Q3","宜蘭縣","頭城鎮",3.02
"114Q3","宜蘭縣","礁溪鄉",2.44
"114Q3","宜蘭縣","壯圍鄉",3.03
"114Q3","宜蘭縣","員山鄉",2.84
"114Q3","宜蘭縣","冬山鄉",2.73
"114Q3","宜蘭縣","五結鄉",2.66
"114Q3","宜蘭縣","三星鄉",2.71
"114Q3","宜蘭縣","大同鄉",3.78
"114Q3","宜蘭縣","南澳鄉",4.83
"114Q3","新竹縣","",2.91
"114Q3","新竹縣","竹北市",2.75
"114Q3","新竹縣","關西鎮",3.53
"114Q3","新竹縣","新埔鎮",2.88
"114Q3","新竹縣","竹東鎮",2.84
"114Q3","新竹縣","湖口鄉",2.85
"114Q3","新竹縣","橫山鄉",3.27
"114Q3","新竹縣","新豐鄉",3.26
"114Q3","新竹縣","芎林鄉",2.96
"114Q3","新竹縣","寶山鄉",2.63
"114Q3","新竹縣","北埔鄉",3.60
"114Q3","新竹縣","峨眉鄉",3.77
"114Q3","新竹縣","尖石鄉",4.35
"114Q3","新竹縣","五峰鄉",3.74
"114Q3","苗栗縣","",3.06
"114Q3","苗栗縣","苗栗市",2.77
"114Q3","苗栗縣","苑裡鎮",3.23
"114Q3","苗栗縣","通霄鎮",3.61
"114Q3","苗栗縣","竹南鎮",2.94
"114Q3","苗栗縣","頭份鎮",2.84
"114Q3","苗栗縣","後龍鎮",3.34
"114Q3","苗栗縣","卓蘭鎮",3.65
"114Q3","苗栗縣","大湖鄉",3.53
"114Q3","苗栗縣","公館鄉",3.10
"114Q3","苗栗縣","銅鑼鄉",3.25
"114Q3","苗栗縣","南庄鄉",3.16
"114Q3","苗栗縣","頭屋鄉",3.28
"114Q3","苗栗縣","三義鄉",3.29
"114Q3","苗栗縣","西湖鄉",4.04
"114Q3","苗栗縣","造橋鄉",3.15
"114Q3","苗栗縣","三灣鄉",3.31
"114Q3","苗栗縣","獅潭鄉",3.26
"114Q3","苗栗縣","泰安鄉",4.77
"114Q3","彰化縣","",3.43
"114Q3","彰化縣","彰化市",3.11
"114Q3","彰化縣","鹿港鎮",3.58
"114Q3","彰化縣","和美鎮",3.18
"114Q3","彰化縣","北斗鎮",3.15
"114Q3","彰化縣","員林鎮",3.20
"114Q3","彰化縣","溪湖鎮",3.56
"114Q3","彰化縣","田中鎮",3.20
"114Q3","彰化縣","二林鎮",3.69
"114Q3","彰化縣","線西鄉",3.72
"114Q3","彰化縣","伸港鄉",3.72
"114Q3","彰化縣","福興鄉",3.75
"114Q3","彰化縣","秀水鄉",3.48
"114Q3","彰化縣","花壇鄉",3.32
"114Q3","彰化縣","芬園鄉",3.62
"114Q3","彰化縣","大村鄉",4.16
"114Q3","彰化縣","埔鹽鄉",3.91
"114Q3","彰化縣","埔心鄉",3.15
"114Q3","彰化縣","永靖鄉",3.85
"114Q3","彰化縣","社頭鄉",3.79
"114Q3","彰化縣","二水鄉",3.36
"114Q3","彰化縣","田尾鄉",3.27
"114Q3","彰化縣","埤頭鄉",3.45
"114Q3","彰化縣","芳苑鄉",3.93
"114Q3","彰化縣","大城鄉",4.55
"114Q3","彰化縣","竹塘鄉",3.76
"114Q3","彰化縣","溪州鄉",3.86
"114Q3","南投縣","",3.19
"114Q3","南投縣","南投市",3.00
"114Q3","南投縣","埔里鎮",3.10
"114Q3","南投縣","草屯鎮",3.19
"114Q3","南投縣","竹山鎮",3.01
"114Q3","南投縣","集集鎮",3.16
"114Q3","南投縣","名間鄉",3.51
"114Q3","南投縣","鹿谷鄉",3.36
"114Q3","南投縣","中寮鄉",3.49
"114Q3","南投縣","魚池鄉",3.65
"114Q3","南投縣","國姓鄉",3.15
"114Q3","南投縣","水里鄉",2.95
"114Q3","南投縣","信義鄉",4.12
"114Q3","南投縣","仁愛鄉",4.03
"114Q3","雲林縣","",3.31
"114Q3","雲林縣","斗六市",2.83
"114Q3","雲林縣","斗南鎮",2.93
"114Q3","雲林縣","虎尾鎮",2.84
"114Q3","雲林縣","西螺鎮",3.27
"114Q3","雲林縣","土庫鎮",3.32
"114Q3","雲林縣","北港鎮",3.01
"114Q3","雲林縣","古坑鄉",3.22
"114Q3","雲林縣","大埤鄉",3.45
"114Q3","雲林縣","莿桐鄉",3.47
"114Q3","雲林縣","林內鄉",3.35
"114Q3","雲林縣","二崙鄉",3.65
"114Q3","雲林縣","崙背鄉",3.31
"114Q3","雲林縣","麥寮鄉",5.36
"114Q3","雲林縣","東勢鄉",3.47
"114Q3","雲林縣","褒忠鄉",3.45
"114Q3","雲林縣","台西鄉",4.01
"114Q3","雲林縣","元長鄉",3.52
"114Q3","雲林縣","四湖鄉",3.69
"114Q3","雲林縣","口湖鄉",4.34
"114Q3","雲林縣","水林鄉",3.89
"114Q3","嘉義縣","",3.32
"114Q3","嘉義縣","太保市",3.02
"114Q3","嘉義縣","朴子市",3.03
"114Q3","嘉義縣","布袋鎮",3.56
"114Q3","嘉義縣","大林鎮",3.13
"114Q3","嘉義縣","民雄鄉",3.02
"114Q3","嘉義縣","溪口鄉",3.90
"114Q3","嘉義縣","新港鄉",3.70
"114Q3","嘉義縣","六腳鄉",3.73
"114Q3","嘉義縣","東石鄉",4.06
"114Q3","嘉義縣","義竹鄉",3.68
"114Q3","嘉義縣","鹿草鄉",3.77
"114Q3","嘉義縣","水上鄉",2.97
"114Q3","嘉義縣","中埔鄉",3.35
"114Q3","嘉義縣","竹崎鄉",3.71
"114Q3","嘉義縣","梅山鄉",3.46
"114Q3","嘉義縣","番路鄉",3.13
"114Q3","嘉義縣","大埔鄉",4.75
"114Q3","嘉義縣","阿里山鄉",3.95
"114Q3","屏東縣","",3.11
"114Q3","屏東縣","屏東市",2.76
"114Q3","屏東縣","潮州鎮",2.75
"114Q3","屏東縣","東港鎮",3.11
"114Q3","屏東縣","恆春鎮",3.13
"114Q3","屏東縣","萬丹鄉",3.22
"114Q3","屏東縣","長治鄉",3.04
"114Q3","屏東縣","麟洛鄉",2.73
"114Q3","屏東縣","九如鄉",3.23
"114Q3","屏東縣","里港鄉",3.43
"114Q3","屏東縣","鹽埔鄉",3.59
"114Q3","屏東縣","高樹鄉",3.64
"114Q3","屏東縣","萬巒鄉",3.60
"114Q3","屏東縣","內埔鄉",3.00
"114Q3","屏東縣","竹田鄉",3.16
"114Q3","屏東縣","新埤鄉",3.39
"114Q3","屏東縣","枋寮鄉",3.16
"114Q3","屏東縣","新園鄉",3.31
"114Q3","屏東縣","崁頂鄉",4.35
"114Q3","屏東縣","林邊鄉",3.32
"114Q3","屏東縣","南州鄉",3.12
"114Q3","屏東縣","佳冬鄉",3.46
"114Q3","屏東縣","琉球鄉",3.68
"114Q3","屏東縣","車城鄉",3.11
"114Q3","屏東縣","滿州鄉",3.28
"114Q3","屏東縣","枋山鄉",3.42
"114Q3","屏東縣","三地門鄉",4.20
"114Q3","屏東縣","霧台鄉",3.58
"114Q3","屏東縣","瑪家鄉",3.91
"114Q3","屏東縣","泰武鄉",4.86
"114Q3","屏東縣","來義鄉",3.96
"114Q3","屏東縣","春日鄉",4.20
"114Q3","屏東縣","獅子鄉",3.87
"114Q3","屏東縣","牡丹鄉",3.01
"114Q3","台東縣","",2.97
"114Q3","台東縣","台東市",2.87
"114Q3","台東縣","成功鎮",2.86
"114Q3","台東縣","關山鎮",2.99
"114Q3","台東縣","卑南鄉",2.95
"114Q3","台東縣","大武鄉",2.77
"114Q3","台東縣","太麻里鄉",2.83
"114Q3","台東縣","東河鄉",2.66
"114Q3","台東縣","長濱鄉",2.52
"114Q3","台東縣","鹿野鄉",2.92
"114Q3","台東縣","池上鄉",2.96
"114Q3","台東縣","綠島鄉",5.64
"114Q3","台東縣","延平鄉",4.38
"114Q3","台東縣","海端鄉",4.58
"114Q3","台東縣","達仁鄉",3.05
"114Q3","台東縣","金峰鄉",4.46
"114Q3","台東縣","蘭嶼鄉",3.87
"114Q3","花蓮縣","",2.91
"114Q3","花蓮縣","花蓮市",2.78
"114Q3","花蓮縣","鳳林鎮",2.80
"114Q3","花蓮縣","玉里鎮",2.79
"114Q3","花蓮縣","新城鄉",2.77
"114Q3","花蓮縣","吉安鄉",2.84
"114Q3","花蓮縣","壽豐鄉",2.71
"114Q3","花蓮縣","光復鄉",2.79
"114Q3","花蓮縣","豐濱鄉",2.89
"114Q3","花蓮縣","瑞穗鄉",2.71
"114Q3","花蓮縣","富里鄉",2.92
"114Q3","花蓮縣","秀林鄉",5.07
"114Q3","花蓮縣","萬榮鄉",4.13
"114Q3","花蓮縣","卓溪鄉",4.05
"114Q3","澎湖縣","",3.68
"114Q3","澎湖縣","馬公市",3.37
"114Q3","澎湖縣","湖西鄉",3.90
"114Q3","澎湖縣","白沙鄉",4.56
"114Q3","澎湖縣","西嶼鄉",3.75
"114Q3","澎湖縣","望安鄉",5.78
"114Q3","澎湖縣","七美鄉",4.90
"114Q3","基隆市","",2.49
"114Q3","基隆市","中正區",2.31
"114Q3","基隆市","七堵區",2.59
"114Q3","基隆市","暖暖區",2.50
"114Q3","基隆市","仁愛區",2.69
"114Q3","基隆市","中山區",2.48
"114Q3","基隆市","安樂區",2.46
"114Q3","基隆市","信義區",2.47
"114Q3","新竹市","",2.82
"114Q3","新竹市","新竹市",2.82
"114Q3","嘉義市","",2.84
"114Q3","嘉義市","嘉義市",2.84
"114Q3","金門縣","",5.84
"114Q3","金門縣","金城鎮",5.85
"114Q3","金門縣","金湖鎮",5.36
"114Q3","金門縣","金沙鎮",5.90
"114Q3","金門縣","金寧鄉",5.69
"114Q3","金門縣","烈嶼鄉",8.01
"114Q3","金門縣","烏坵鄉",7.44
"114Q3","連江縣","",4.35
"114Q3","連江縣","南竿鄉",3.84
"114Q3","連江縣","北竿鄉",5.42
"114Q3","連江縣","莒光鄉",4.80
"114Q3","連江縣","東引鄉",5.29
"114Q4","全國","",2.89
"114Q4","新北市","",2.68
"114Q4","新北市","板橋區",2.76
"114Q4","新北市","三重區",2.65
"114Q4","新北市","中和區",2.57
"114Q4","新北市","永和區",2.62
"114Q4","新北市","新莊區",2.82
"114Q4","新北市","新店區",2.46
"114Q4","新北市","樹林區",2.94
"114Q4","新北市","鶯歌區",2.85
"114Q4","新北市","三峽區",2.82
"114Q4","新北市","淡水區",2.22
"114Q4","新北市","汐止區",2.41
"114Q4","新北市","瑞芳區",2.83
"114Q4","新北市","土城區",2.82
"114Q4","新北市","蘆洲區",2.98
"114Q4","新北市","五股區",2.74
"114Q4","新北市","泰山區",2.80
"114Q4","新北市","林口區",2.70
"114Q4","新北市","深坑區",2.60
"114Q4","新北市","石碇區",3.12
"114Q4","新北市","坪林區",3.47
"114Q4","新北市","三芝區",2.52
"114Q4","新北市","石門區",4.05
"114Q4","新北市","八里區",2.70
"114Q4","新北市","平溪區",2.53
"114Q4","新北市","雙溪區",3.11
"114Q4","新北市","貢寮區",3.77
"114Q4","新北市","金山區",3.37
"114Q4","新北市","萬里區",3.58
"114Q4","新北市","烏來區",5.13
"114Q4","台北市","",2.89
"114Q4","台北市","松山區",2.99
"114Q4","台北市","信義區",2.79
"114Q4","台北市","大安區",3.02
"114Q4","台北市","中山區",2.52
"114Q4","台北市","中正區",2.95
"114Q4","台北市","大同區",2.84
"114Q4","台北市","萬華區",2.68
"114Q4","台北市","文山區",2.89
"114Q4","台北市","南港區",2.87
"114Q4","台北市","內湖區",3.00
"114Q4","台北市","士林區",3.06
"114Q4","台北市","北投區",3.03
"114Q4","桃園市","",2.84
"114Q4","桃園市","桃園區",2.74
"114Q4","桃園市","中壢區",2.75
"114Q4","桃園市","平鎮區",2.99
"114Q4","桃園市","八德區",2.91
"114Q4","桃園市","楊梅區",2.89
"114Q4","桃園市","大溪區",3.01
"114Q4","桃園市","蘆竹區",2.88
"114Q4","桃園市","大園區",3.01
"114Q4","桃園市","龜山區",2.56
"114Q4","桃園市","龍潭區",2.95
"114Q4","桃園市","新屋區",3.28
"114Q4","桃園市","觀音區",3.07
"114Q4","桃園市","復興區",4.55
"114Q4","台中市","",2.94
"114Q4","台中市","中區",2.88
"114Q4","台中市","東區",2.77
"114Q4","台中市","南區",2.55
"114Q4","台中市","西區",2.65
"114Q4","台中市","北區",2.53
"114Q4","台中市","西屯區",2.64
"114Q4","台中市","南屯區",2.74
"114Q4","台中市","北屯區",2.67
"114Q4","台中市","豐原區",3.31
"114Q4","台中市","東勢區",3.23
"114Q4","台中市","大甲區",3.43
"114Q4","台中市","清水區",3.12
"114Q4","台中市","沙鹿區",3.06
"114Q4","台中市","梧棲區",2.94
"114Q4","台中市","后里區",3.63
"114Q4","台中市","神岡區",3.49
"114Q4","台中市","潭子區",3.12
"114Q4","台中市","大雅區",3.34
"114Q4","台中市","新社區",3.23
"114Q4","台中市","石岡區",3.56
"114Q4","台中市","外埔區",3.36
"114Q4","台中市","大安區",3.69
"114Q4","台中市","烏日區",2.93
"114Q4","台中市","大肚區",3.26
"114Q4","台中市","龍井區",3.31
"114Q4","台中市","霧峰區",3.37
"114Q4","台中市","太平區",3.05
"114Q4","台中市","大里區",3.18
"114Q4","台中市","和平區",3.19
"114Q4","台南市","",2.87
"114Q4","台南市","新營區",2.68
"114Q4","台南市","鹽水區",2.95
"114Q4","台南市","白河區",3.20
"114Q4","台南市","柳營區",2.99
"114Q4","台南市","後壁區",3.02
"114Q4","台南市","東山區",3.37
"114Q4","台南市","麻豆區",2.89
"114Q4","台南市","下營區",3.16
"114Q4","台南市","六甲區",3.04
"114Q4","台南市","官田區",2.90
"114Q4","台南市","大內區",3.30
"114Q4","台南市","佳里區",2.93
"114Q4","台南市","學甲區",3.02
"114Q4","台南市","西港區",3.15
"114Q4","台南市","七股區",3.61
"114Q4","台南市","將軍區",3.51
"114Q4","台南市","北門區",3.74
"114Q4","台南市","新化區",3.09
"114Q4","台南市","善化區",2.68
"114Q4","台南市","新市區",2.72
"114Q4","台南市","安定區",3.03
"114Q4","台南市","山上區",3.29
"114Q4","台南市","玉井區",2.97
"114Q4","台南市","楠西區",3.15
"114Q4","台南市","南化區",3.69
"114Q4","台南市","左鎮區",3.23
"114Q4","台南市","仁德區",2.85
"114Q4","台南市","歸仁區",3.04
"114Q4","台南市","關廟區",3.15
"114Q4","台南市","龍崎區",3.54
"114Q4","台南市","永康區",2.76
"114Q4","台南市","東區",2.73
"114Q4","台南市","南區",2.81
"114Q4","台南市","北區",2.64
"114Q4","台南市","安南區",3.11
"114Q4","台南市","安平區",2.52
"114Q4","台南市","中西區",2.73
"114Q4","高雄市","",2.73
"114Q4","高雄市","鹽埕區",2.37
"114Q4","高雄市","鼓山區",2.52
"114Q4","高雄市","左營區",2.54
"114Q4","高雄市","楠梓區",2.58
"114Q4","高雄市","三民區",2.61
"114Q4","高雄市","新興區",2.32
"114Q4","高雄市","前金區",2.05
"114Q4","高雄市","苓雅區",2.47
"114Q4","高雄市","前鎮區",2.58
"114Q4","高雄市","旗津區",3.71
"114Q4","高雄市","小港區",3.15
"114Q4","高雄市","鳳山區",2.72
"114Q4","高雄市","林園區",3.24
"114Q4","高雄市","大寮區",2.86
"114Q4","高雄市","大樹區",3.28
"114Q4","高雄市","大社區",2.80
"114Q4","高雄市","仁武區",2.70
"114Q4","高雄市","鳥松區",2.52
"114Q4","高雄市","岡山區",2.91
"114Q4","高雄市","橋頭區",2.56
"114Q4","高雄市","燕巢區",3.22
"114Q4","高雄市","田寮區",3.36
"114Q4","高雄市","阿蓮區",3.24
"114Q4","高雄市","路竹區",3.24
"114Q4","高雄市","湖內區",2.89
"114Q4","高雄市","茄萣區",3.63
"114Q4","高雄市","永安區",4.13
"114Q4","高雄市","彌陀區",3.66
"114Q4","高雄市","梓官區",3.10
"114Q4","高雄市","旗山區",2.93
"114Q4","高雄市","美濃區",3.34
"114Q4","高雄市","六龜區",2.85
"114Q4","高雄市","甲仙區",2.96
"114Q4","高雄市","杉林區",3.07
"114Q4","高雄市","內門區",3.82
"114Q4","高雄市","茂林區",4.23
"114Q4","高雄市","桃源區",4.11
"114Q4","高雄市","那瑪夏區",4.16
"114Q4","宜蘭縣","",2.78
"114Q4","宜蘭縣","宜蘭市",2.66
"114Q4","宜蘭縣","羅東鎮",2.93
"114Q4","宜蘭縣","蘇澳鎮",2.87
"114Q4","宜蘭縣","頭城鎮",3.01
"114Q4","宜蘭縣","礁溪鄉",2.43
"114Q4","宜蘭縣","壯圍鄉",3.02
"114Q4","宜蘭縣","員山鄉",2.83
"114Q4","宜蘭縣","冬山鄉",2.72
"114Q4","宜蘭縣","五結鄉",2.65
"114Q4","宜蘭縣","三星鄉",2.69
"114Q4","宜蘭縣","大同鄉",3.79
"114Q4","宜蘭縣","南澳鄉",4.86
"114Q4","新竹縣","",2.88
"114Q4","新竹縣","竹北市",2.75
"114Q4","新竹縣","關西鎮",3.52
"114Q4","新竹縣","新埔鎮",2.87
"114Q4","新竹縣","竹東鎮",2.83
"114Q4","新竹縣","湖口鄉",2.84
"114Q4","新竹縣","橫山鄉",3.28
"114Q4","新竹縣","新豐鄉",2.97
"114Q4","新竹縣","芎林鄉",2.95
"114Q4","新竹縣","寶山鄉",2.62
"114Q4","新竹縣","北埔鄉",3.59
"114Q4","新竹縣","峨眉鄉",3.78
"114Q4","新竹縣","尖石鄉",4.38
"114Q4","新竹縣","五峰鄉",3.75
"114Q4","苗栗縣","",3.06
"114Q4","苗栗縣","苗栗市",2.76
"114Q4","苗栗縣","苑裡鎮",3.22
"114Q4","苗栗縣","通霄鎮",3.61
"114Q4","苗栗縣","竹南鎮",2.94
"114Q4","苗栗縣","頭份鎮",2.84
"114Q4","苗栗縣","後龍鎮",3.33
"114Q4","苗栗縣","卓蘭鎮",3.63
"114Q4","苗栗縣","大湖鄉",3.52
"114Q4","苗栗縣","公館鄉",3.09
"114Q4","苗栗縣","銅鑼鄉",3.25
"114Q4","苗栗縣","南庄鄉",3.15
"114Q4","苗栗縣","頭屋鄉",3.26
"114Q4","苗栗縣","三義鄉",3.27
"114Q4","苗栗縣","西湖鄉",4.02
"114Q4","苗栗縣","造橋鄉",3.13
"114Q4","苗栗縣","三灣鄉",3.29
"114Q4","苗栗縣","獅潭鄉",3.28
"114Q4","苗栗縣","泰安鄉",4.77
"114Q4","彰化縣","",3.41
"114Q4","彰化縣","彰化市",3.10
"114Q4","彰化縣","鹿港鎮",3.57
"114Q4","彰化縣","和美鎮",3.18
"114Q4","彰化縣","北斗鎮",3.15
"114Q4","彰化縣","員林鎮",3.19
"114Q4","彰化縣","溪湖鎮",3.55
"114Q4","彰化縣","田中鎮",3.19
"114Q4","彰化縣","二林鎮",3.66
"114Q4","彰化縣","線西鄉",3.70
"114Q4","彰化縣","伸港鄉",3.71
"114Q4","彰化縣","福興鄉",3.74
"114Q4","彰化縣","秀水鄉",3.47
"114Q4","彰化縣","花壇鄉",3.31
"114Q4","彰化縣","芬園鄉",3.60
"114Q4","彰化縣","大村鄉",4.14
"114Q4","彰化縣","埔鹽鄉",3.89
"114Q4","彰化縣","埔心鄉",3.14
"114Q4","彰化縣","永靖鄉",3.84
"114Q4","彰化縣","社頭鄉",3.78
"114Q4","彰化縣","二水鄉",3.34
"114Q4","彰化縣","田尾鄉",3.26
"114Q4","彰化縣","埤頭鄉",3.43
"114Q4","彰化縣","芳苑鄉",3.91
"114Q4","彰化縣","大城鄉",4.54
"114Q4","彰化縣","竹塘鄉",3.76
"114Q4","彰化縣","溪州鄉",3.84
"114Q4","南投縣","",3.18
"114Q4","南投縣","南投市",2.98
"114Q4","南投縣","埔里鎮",3.09
"114Q4","南投縣","草屯鎮",3.19
"114Q4","南投縣","竹山鎮",3.00
"114Q4","南投縣","集集鎮",3.23
"114Q4","南投縣","名間鄉",3.49
"114Q4","南投縣","鹿谷鄉",3.35
"114Q4","南投縣","中寮鄉",3.47
"114Q4","南投縣","魚池鄉",3.63
"114Q4","南投縣","國姓鄉",3.13
"114Q4","南投縣","水里鄉",2.93
"114Q4","南投縣","信義鄉",4.11
"114Q4","南投縣","仁愛鄉",4.03
"114Q4","雲林縣","",3.29
"114Q4","雲林縣","斗六市",2.83
"114Q4","雲林縣","斗南鎮",2.91
"114Q4","雲林縣","虎尾鎮",2.83
"114Q4","雲林縣","西螺鎮",3.26
"114Q4","雲林縣","土庫鎮",3.30
"114Q4","雲林縣","北港鎮",2.99
"114Q4","雲林縣","古坑鄉",3.20
"114Q4","雲林縣","大埤鄉",3.44
"114Q4","雲林縣","莿桐鄉",3.45
"114Q4","雲林縣","林內鄉",3.32
"114Q4","雲林縣","二崙鄉",3.63
"114Q4","雲林縣","崙背鄉",3.30
"114Q4","雲林縣","麥寮鄉",5.35
"114Q4","雲林縣","東勢鄉",3.45
"114Q4","雲林縣","褒忠鄉",3.44
"114Q4","雲林縣","台西鄉",4.00
"114Q4","雲林縣","元長鄉",3.50
"114Q4","雲林縣","四湖鄉",3.67
"114Q4","雲林縣","口湖鄉",4.32
"114Q4","雲林縣","水林鄉",3.87
"114Q4","嘉義縣","",3.31
"114Q4","嘉義縣","太保市",3.02
"114Q4","嘉義縣","朴子市",3.03
"114Q4","嘉義縣","布袋鎮",3.55
"114Q4","嘉義縣","大林鎮",3.13
"114Q4","嘉義縣","民雄鄉",3.00
"114Q4","嘉義縣","溪口鄉",3.88
"114Q4","嘉義縣","新港鄉",3.69
"114Q4","嘉義縣","六腳鄉",3.71
"114Q4","嘉義縣","東石鄉",4.03
"114Q4","嘉義縣","義竹鄉",3.68
"114Q4","嘉義縣","鹿草鄉",3.74
"114Q4","嘉義縣","水上鄉",2.95
"114Q4","嘉義縣","中埔鄉",3.34
"114Q4","嘉義縣","竹崎鄉",3.70
"114Q4","嘉義縣","梅山鄉",3.46
"114Q4","嘉義縣","番路鄉",3.12
"114Q4","嘉義縣","大埔鄉",4.75
"114Q4","嘉義縣","阿里山鄉",3.93
"114Q4","屏東縣","",3.10
"114Q4","屏東縣","屏東市",2.75
"114Q4","屏東縣","潮州鎮",2.74
"114Q4","屏東縣","東港鎮",3.10
"114Q4","屏東縣","恆春鎮",3.12
"114Q4","屏東縣","萬丹鄉",3.21
"114Q4","屏東縣","長治鄉",3.02
"114Q4","屏東縣","麟洛鄉",2.72
"114Q4","屏東縣","九如鄉",3.21
"114Q4","屏東縣","里港鄉",3.42
"114Q4","屏東縣","鹽埔鄉",3.57
"114Q4","屏東縣","高樹鄉",3.63
"114Q4","屏東縣","萬巒鄉",3.59
"114Q4","屏東縣","內埔鄉",2.98
"114Q4","屏東縣","竹田鄉",3.14
"114Q4","屏東縣","新埤鄉",3.38
"114Q4","屏東縣","枋寮鄉",3.14
"114Q4","屏東縣","新園鄉",3.30
"114Q4","屏東縣","崁頂鄉",4.32
"114Q4","屏東縣","林邊鄉",3.31
"114Q4","屏東縣","南州鄉",3.11
"114Q4","屏東縣","佳冬鄉",3.45
"114Q4","屏東縣","琉球鄉",3.66
"114Q4","屏東縣","車城鄉",3.08
"114Q4","屏東縣","滿州鄉",3.28
"114Q4","屏東縣","枋山鄉",3.43
"114Q4","屏東縣","三地門鄉",4.21
"114Q4","屏東縣","霧台鄉",3.57
"114Q4","屏東縣","瑪家鄉",3.86
"114Q4","屏東縣","泰武鄉",4.85
"114Q4","屏東縣","來義鄉",3.95
"114Q4","屏東縣","春日鄉",4.18
"114Q4","屏東縣","獅子鄉",3.88
"114Q4","屏東縣","牡丹鄉",3.00
"114Q4","台東縣","",2.96
"114Q4","台東縣","台東市",2.87
"114Q4","台東縣","成功鎮",2.85
"114Q4","台東縣","關山鎮",2.98
"114Q4","台東縣","卑南鄉",2.95
"114Q4","台東縣","大武鄉",2.75
"114Q4","台東縣","太麻里鄉",2.83
"114Q4","台東縣","東河鄉",2.65
"114Q4","台東縣","長濱鄉",2.50
"114Q4","台東縣","鹿野鄉",2.91
"114Q4","台東縣","池上鄉",2.94
"114Q4","台東縣","綠島鄉",5.63
"114Q4","台東縣","延平鄉",4.37
"114Q4","台東縣","海端鄉",4.56
"114Q4","台東縣","達仁鄉",3.06
"114Q4","台東縣","金峰鄉",4.47
"114Q4","台東縣","蘭嶼鄉",3.84
"114Q4","花蓮縣","",2.89
"114Q4","花蓮縣","花蓮市",2.77
"114Q4","花蓮縣","鳳林鎮",2.79
"114Q4","花蓮縣","玉里鎮",2.78
"114Q4","花蓮縣","新城鄉",2.77
"114Q4","花蓮縣","吉安鄉",2.83
"114Q4","花蓮縣","壽豐鄉",2.70
"114Q4","花蓮縣","光復鄉",2.71
"114Q4","花蓮縣","豐濱鄉",2.90
"114Q4","花蓮縣","瑞穗鄉",2.71
"114Q4","花蓮縣","富里鄉",2.91
"114Q4","花蓮縣","秀林鄉",5.07
"114Q4","花蓮縣","萬榮鄉",4.11
"114Q4","花蓮縣","卓溪鄉",4.05
"114Q4","澎湖縣","",3.68
"114Q4","澎湖縣","馬公市",3.36
"114Q4","澎湖縣","湖西鄉",3.89
"114Q4","澎湖縣","白沙鄉",4.60
"114Q4","澎湖縣","西嶼鄉",3.75
"114Q4","澎湖縣","望安鄉",5.77
"114Q4","澎湖縣","七美鄉",4.92
"114Q4","基隆市","",2.48
"114Q4","基隆市","中正區",2.31
"114Q4","基隆市","七堵區",2.58
"114Q4","基隆市","暖暖區",2.50
"114Q4","基隆市","仁愛區",2.69
"114Q4","基隆市","中山區",2.47
"114Q4","基隆市","安樂區",2.45
"114Q4","基隆市","信義區",2.47
"114Q4","新竹市","",2.82
"114Q4","新竹市","新竹市",2.82
"114Q4","嘉義市","",2.84
"114Q4","嘉義市","嘉義市",2.84
"114Q4","金門縣","",5.80
"114Q4","金門縣","金城鎮",5.81
"114Q4","金門縣","金湖鎮",5.34
"114Q4","金門縣","金沙鎮",5.85
"114Q4","金門縣","金寧鄉",5.65
"114Q4","金門縣","烈嶼鄉",7.95
"114Q4","金門縣","烏坵鄉",7.32
"114Q4","連江縣","",4.32
"114Q4","連江縣","南竿鄉",3.81
"114Q4","連江縣","北竿鄉",5.40
"114Q4","連江縣","莒光鄉",4.79
"114Q4","連江縣","東引鄉",5.33
