年月,縣市,用電性質,售電量(度),用電佔比(%),,
11503,新北市,住宅,635678546,40.96,,
11503,新北市,服務業,"472,632,020",30.45,,
11503,新北市,農林漁牧,1740185,0.11,,
11503,新北市,工業,441983064,28.48,,
11503,台北市,住宅,378836533,35.44,,
11503,台北市,服務業,"651,924,996",60.98,,
11503,台北市,農林漁牧,143379,0.01,,
11503,台北市,工業,38126438,3.57,,
11503,桃園市,住宅,399231907,17.24,,
11503,桃園市,服務業,"336,747,352",14.54,,
11503,桃園市,農林漁牧,4163922,0.18,,
11503,桃園市,工業,1576190721,68.05,,
11503,台中市,住宅,466781931,17.21,,
11503,台中市,服務業,"417,742,741",15.4,,
11503,台中市,農林漁牧,11579748,0.43,,
11503,台中市,工業,1815676154,66.96,,
11503,台南市,住宅,299855397,11.47,,
11503,台南市,服務業,"228,818,430",8.75,,
11503,台南市,農林漁牧,33479396,1.28,,
11503,台南市,工業,2052453784,78.5,,
11503,高雄市,住宅,451819971,17.96,,
11503,高雄市,服務業,"399,255,733",15.87,,
11503,高雄市,農林漁牧,21025273,0.84,,
11503,高雄市,工業,1643903106,65.34,,
11503,宜蘭縣,住宅,72728367,28.22,,
11503,宜蘭縣,服務業,"61,584,204",23.9,,
11503,宜蘭縣,農林漁牧,4858802,1.89,,
11503,宜蘭縣,工業,118517849,45.99,,
11503,新竹縣,住宅,105978928,10.35,,
11503,新竹縣,服務業,"75,813,309",7.4,,
11503,新竹縣,農林漁牧,1734960,0.17,,
11503,新竹縣,工業,840746358,82.08,,
11503,苗栗縣,住宅,87479896,14.2,,
11503,苗栗縣,服務業,"51,786,012",8.4,,
11503,苗栗縣,農林漁牧,2538386,0.41,,
11503,苗栗縣,工業,474366999,76.99,,
11503,彰化縣,住宅,188481197,20.55,,
11503,彰化縣,服務業,"220,609,436",24.05,,
11503,彰化縣,農林漁牧,36798427,4.01,,
11503,彰化縣,工業,471216673,51.38,,
11503,南投縣,住宅,66309583,30.13,,
11503,南投縣,服務業,"48,337,773",21.96,,
11503,南投縣,農林漁牧,9546887,4.34,,
11503,南投縣,工業,95913396,43.58,,
11503,雲林縣,住宅,108464663,23.99,,
11503,雲林縣,服務業,"61,043,420",13.5,,
11503,雲林縣,農林漁牧,35615069,7.88,,
11503,雲林縣,工業,246978900,54.63,,
11503,嘉義縣,住宅,76187387,28.55,,
11503,嘉義縣,服務業,"40,502,514",15.18,,
11503,嘉義縣,農林漁牧,22110203,8.29,,
11503,嘉義縣,工業,128049752,47.99,,
11503,屏東縣,住宅,125017074,32.54,,
11503,屏東縣,服務業,"88,517,863",23.04,,
11503,屏東縣,農林漁牧,63393584,16.5,,
11503,屏東縣,工業,107266354,27.92,,
11503,台東縣,住宅,30582868,41.78,,
11503,台東縣,服務業,"28,984,884",39.6,,
11503,台東縣,農林漁牧,2587329,3.53,,
11503,台東縣,工業,11043849,15.09,,
11503,花蓮縣,住宅,47964163,27.33,,
11503,花蓮縣,服務業,"48,164,629",27.45,,
11503,花蓮縣,農林漁牧,2014164,1.15,,
11503,花蓮縣,工業,77334430,44.07,,
11503,基隆市,住宅,52399137,49.42,,
11503,基隆市,服務業,"37,319,558",35.2,,
11503,基隆市,農林漁牧,5551,0.01,,
11503,基隆市,工業,16294533,15.37,,
11503,新竹市,住宅,86841847,12.11,,
11503,新竹市,服務業,"87,637,579",12.22,,
11503,新竹市,農林漁牧,672372,0.09,,
11503,新竹市,工業,542023357,75.58,,
11503,嘉義市,住宅,39594979,46.37,,
11503,嘉義市,服務業,"38,830,191",45.47,,
11503,嘉義市,農林漁牧,628808,0.74,,
11503,嘉義市,工業,6344155,7.43,,
11503,澎湖縣,住宅,14722629,42.65,,
11503,澎湖縣,服務業,"14,607,228",42.31,,
11503,澎湖縣,農林漁牧,401125,1.16,,
11503,澎湖縣,工業,4791121,13.88,,
11503,金門縣,住宅,12122648,50.06,,
11503,金門縣,服務業,"9,424,615",38.92,,
11503,金門縣,農林漁牧,253291,1.05,,
11503,金門縣,工業,2414210,9.97,,
11503,連江縣,住宅,2673536,42.67,,
11503,連江縣,服務業,"2,868,917",45.79,,
11503,連江縣,農林漁牧,6875,0.11,,
11503,連江縣,工業,715822,11.43,,
11502,新北市,住宅,595290983,44.14,,
11502,新北市,服務業,"385,959,313",28.62,,
11502,新北市,農林漁牧,1387878,0.1,,
11502,新北市,工業,365940180,27.14,,
11502,台北市,住宅,341425780,37.47,,
11502,台北市,服務業,"540,547,653",59.32,,
11502,台北市,農林漁牧,123164,0.01,,
11502,台北市,工業,29100112,3.19,,
11502,桃園市,住宅,416717573,21.23,,
11502,桃園市,服務業,"293,299,891",14.94,,
11502,桃園市,農林漁牧,3752250,0.19,,
11502,桃園市,工業,1249220612,63.64,,
11502,台中市,住宅,448642201,18.6,,
11502,台中市,服務業,"357,681,952",14.83,,
11502,台中市,農林漁牧,9995143,0.41,,
11502,台中市,工業,1595133795,66.15,,
11502,台南市,住宅,282662583,13.03,,
11502,台南市,服務業,"189,592,400",8.74,,
11502,台南市,農林漁牧,28401797,1.31,,
11502,台南市,工業,1668727267,76.92,,
11502,高雄市,住宅,329141364,16.05,,
11502,高雄市,服務業,"330,898,815",16.13,,
11502,高雄市,農林漁牧,18684050,0.91,,
11502,高雄市,工業,1372430740,66.91,,
11502,宜蘭縣,住宅,78367202,34.84,,
11502,宜蘭縣,服務業,"51,252,279",22.79,,
11502,宜蘭縣,農林漁牧,3970631,1.77,,
11502,宜蘭縣,工業,91334688,40.61,,
11502,新竹縣,住宅,105964049,11.02,,
11502,新竹縣,服務業,"67,394,765",7.01,,
11502,新竹縣,農林漁牧,1306736,0.14,,
11502,新竹縣,工業,786486845,81.83,,
11502,苗栗縣,住宅,74573574,14.59,,
11502,苗栗縣,服務業,"43,604,280",8.53,,
11502,苗栗縣,農林漁牧,2003911,0.39,,
11502,苗栗縣,工業,390784699,76.48,,
11502,彰化縣,住宅,172438697,22.35,,
11502,彰化縣,服務業,"199,068,451",25.8,,
11502,彰化縣,農林漁牧,31211304,4.04,,
11502,彰化縣,工業,368959035,47.81,,
11502,南投縣,住宅,75534462,37.77,,
11502,南投縣,服務業,"43,429,403",21.71,,
11502,南投縣,農林漁牧,8166399,4.08,,
11502,南投縣,工業,72867326,36.43,,
11502,雲林縣,住宅,95149759,25.24,,
11502,雲林縣,服務業,"48,998,708",13,,
11502,雲林縣,農林漁牧,29782665,7.9,,
11502,雲林縣,工業,203117074,53.87,,
11502,嘉義縣,住宅,61933775,28.94,,
11502,嘉義縣,服務業,"32,573,851",15.22,,
11502,嘉義縣,農林漁牧,18651529,8.71,,
11502,嘉義縣,工業,100875486,47.13,,
11502,屏東縣,住宅,106838015,33.97,,
11502,屏東縣,服務業,"72,792,275",23.15,,
11502,屏東縣,農林漁牧,54595889,17.36,,
11502,屏東縣,工業,80243483,25.52,,
11502,台東縣,住宅,32439745,48.69,,
11502,台東縣,服務業,"24,378,746",36.59,,
11502,台東縣,農林漁牧,2124724,3.19,,
11502,台東縣,工業,7675074,11.52,,
11502,花蓮縣,住宅,50746173,30.6,,
11502,花蓮縣,服務業,"40,347,864",24.33,,
11502,花蓮縣,農林漁牧,1759602,1.06,,
11502,花蓮縣,工業,72999446,44.01,,
11502,基隆市,住宅,57036242,55.58,,
11502,基隆市,服務業,"32,270,050",31.44,,
11502,基隆市,農林漁牧,11716,0.01,,
11502,基隆市,工業,13310424,12.97,,
11502,新竹市,住宅,68992981,11.06,,
11502,新竹市,服務業,"70,606,693",11.31,,
11502,新竹市,農林漁牧,568350,0.09,,
11502,新竹市,工業,483876284,77.54,,
11502,嘉義市,住宅,37049393,49.55,,
11502,嘉義市,服務業,"31,612,369",42.28,,
11502,嘉義市,農林漁牧,607285,0.81,,
11502,嘉義市,工業,5498135,7.35,,
11502,澎湖縣,住宅,12552751,44.24,,
11502,澎湖縣,服務業,"11,172,800",39.38,,
11502,澎湖縣,農林漁牧,336408,1.19,,
11502,澎湖縣,工業,4309112,15.19,,
11502,金門縣,住宅,9162167,48.75,,
11502,金門縣,服務業,"7,444,086",39.6,,
11502,金門縣,農林漁牧,211876,1.13,,
11502,金門縣,工業,1977784,10.52,,
11502,連江縣,住宅,2648105,45.2,,
11502,連江縣,服務業,"2,578,096",44,,
11502,連江縣,農林漁牧,5340,0.09,,
11502,連江縣,工業,627194,10.71,,
11501,新北市,住宅,594908377,39.8,,
11501,新北市,服務業,"458,753,827",30.69,,
11501,新北市,農林漁牧,1805840,0.12,,
11501,新北市,工業,439461587,29.4,,
11501,台北市,住宅,362182159,34.93,,
11501,台北市,服務業,"634,398,595",61.18,,
11501,台北市,農林漁牧,145984,0.01,,
11501,台北市,工業,40244765,3.88,,
11501,桃園市,住宅,362976023,16.14,,
11501,桃園市,服務業,"324,087,432",14.41,,
11501,桃園市,農林漁牧,4048475,0.18,,
11501,桃園市,工業,1558090339,69.27,,
11501,台中市,住宅,445818165,17.39,,
11501,台中市,服務業,"404,347,010",15.77,,
11501,台中市,農林漁牧,10756424,0.42,,
11501,台中市,工業,1702444539,66.41,,
11501,台南市,住宅,287953285,11.55,,
11501,台南市,服務業,"214,056,052",8.59,,
11501,台南市,農林漁牧,31388843,1.26,,
11501,台南市,工業,1959394319,78.6,,
11501,高雄市,住宅,454366347,18.8,,
11501,高雄市,服務業,"374,759,309",15.5,,
11501,高雄市,農林漁牧,20182360,0.83,,
11501,高雄市,工業,1568122798,64.87,,
11501,宜蘭縣,住宅,69192392,26.82,,
11501,宜蘭縣,服務業,"58,696,079",22.75,,
11501,宜蘭縣,農林漁牧,4458636,1.73,,
11501,宜蘭縣,工業,125637470,48.7,,
11501,新竹縣,住宅,96040589,10.05,,
11501,新竹縣,服務業,"73,018,125",7.64,,
11501,新竹縣,農林漁牧,1534870,0.16,,
11501,新竹縣,工業,785306629,82.15,,
11501,苗栗縣,住宅,81064124,15.29,,
11501,苗栗縣,服務業,"48,370,384",9.12,,
11501,苗栗縣,農林漁牧,2106824,0.4,,
11501,苗栗縣,工業,398779725,75.2,,
11501,彰化縣,住宅,174872304,19.3,,
11501,彰化縣,服務業,"217,029,907",23.95,,
11501,彰化縣,農林漁牧,35017874,3.86,,
11501,彰化縣,工業,479341046,52.89,,
11501,南投縣,住宅,62649083,29.99,,
11501,南投縣,服務業,"45,648,585",21.85,,
11501,南投縣,農林漁牧,8851357,4.24,,
11501,南投縣,工業,91782258,43.93,,
11501,雲林縣,住宅,98704560,22.96,,
11501,雲林縣,服務業,"56,897,751",13.23,,
11501,雲林縣,農林漁牧,30983399,7.21,,
11501,雲林縣,工業,243335216,56.6,,
11501,嘉義縣,住宅,69932588,28.87,,
11501,嘉義縣,服務業,"37,632,740",15.54,,
11501,嘉義縣,農林漁牧,19183087,7.92,,
11501,嘉義縣,工業,115486561,47.68,,
11501,屏東縣,住宅,122711064,33.45,,
11501,屏東縣,服務業,"79,703,101",21.73,,
11501,屏東縣,農林漁牧,59144561,16.12,,
11501,屏東縣,工業,105241509,28.69,,
11501,台東縣,住宅,29427982,42.22,,
11501,台東縣,服務業,"26,891,791",38.58,,
11501,台東縣,農林漁牧,2424682,3.48,,
11501,台東縣,工業,10954451,15.72,,
11501,花蓮縣,住宅,45465320,26.46,,
11501,花蓮縣,服務業,"45,199,809",26.3,,
11501,花蓮縣,農林漁牧,1869250,1.09,,
11501,花蓮縣,工業,79322648,46.16,,
11501,基隆市,住宅,47751949,47.46,,
11501,基隆市,服務業,"36,262,351",36.04,,
11501,基隆市,農林漁牧,6029,0.01,,
11501,基隆市,工業,16584932,16.49,,
11501,新竹市,住宅,81244830,11.73,,
11501,新竹市,服務業,"80,526,733",11.62,,
11501,新竹市,農林漁牧,629326,0.09,,
11501,新竹市,工業,530492027,76.56,,
11501,嘉義市,住宅,37826793,46.46,,
11501,嘉義市,服務業,"36,336,502",44.63,,
11501,嘉義市,農林漁牧,555308,0.68,,
11501,嘉義市,工業,6694862,8.22,,
11501,澎湖縣,住宅,14046843,42.68,,
11501,澎湖縣,服務業,"13,799,871",41.93,,
11501,澎湖縣,農林漁牧,376186,1.14,,
11501,澎湖縣,工業,4687171,14.24,,
11501,金門縣,住宅,10911685,48.37,,
11501,金門縣,服務業,"9,054,003",40.14,,
11501,金門縣,農林漁牧,245876,1.09,,
11501,金門縣,工業,2346456,10.4,,
11501,連江縣,住宅,2546565,41.41,,
11501,連江縣,服務業,"2,833,506",46.07,,
11501,連江縣,農林漁牧,6437,0.1,,
11501,連江縣,工業,763625,12.42,,
11412,新北市,住宅,690438244,42.95,,
11412,新北市,服務業,"466,678,790",29.03,,
11412,新北市,農林漁牧,1641253,0.1,,
11412,新北市,工業,448886522,27.92,,
11412,台北市,住宅,402912471,36.35,,
11412,台北市,服務業,"668,862,158",60.34,,
11412,台北市,農林漁牧,147461,0.01,,
11412,台北市,工業,36514187,3.29,,
11412,桃園市,住宅,430456094,19.39,,
11412,桃園市,服務業,"348,258,057",15.69,,
11412,桃園市,農林漁牧,4404355,0.2,,
11412,桃園市,工業,1436834793,64.72,,
11412,台中市,住宅,518910220,21.86,,
11412,台中市,服務業,"433,368,591",18.26,,
11412,台中市,農林漁牧,11743715,0.49,,
11412,台中市,工業,1409351313,59.38,,
11412,台南市,住宅,333686351,14.46,,
11412,台南市,服務業,"234,740,061",10.17,,
11412,台南市,農林漁牧,33860443,1.47,,
11412,台南市,工業,1706142256,73.91,,
11412,高雄市,住宅,418289912,18.25,,
11412,高雄市,服務業,"404,703,102",17.65,,
11412,高雄市,農林漁牧,21134100,0.92,,
11412,高雄市,工業,1448377320,63.18,,
11412,宜蘭縣,住宅,82770028,31.57,,
11412,宜蘭縣,服務業,"58,794,450",22.43,,
11412,宜蘭縣,農林漁牧,4962241,1.89,,
11412,宜蘭縣,工業,115632636,44.11,,
11412,新竹縣,住宅,116450143,30.94,,
11412,新竹縣,服務業,"81,480,455",21.65,,
11412,新竹縣,農林漁牧,1505388,0.4,,
11412,新竹縣,工業,176969911,47.02,,
11412,苗栗縣,住宅,81607345,13.9,,
11412,苗栗縣,服務業,"50,821,107",8.66,,
11412,苗栗縣,農林漁牧,2330678,0.4,,
11412,苗栗縣,工業,452222746,77.04,,
11412,彰化縣,住宅,193001221,20.47,,
11412,彰化縣,服務業,"228,513,199",24.24,,
11412,彰化縣,農林漁牧,38014802,4.03,,
11412,彰化縣,工業,483160509,51.25,,
11412,南投縣,住宅,81450355,34.98,,
11412,南投縣,服務業,"52,033,426",22.35,,
11412,南投縣,農林漁牧,9859666,4.23,,
11412,南投縣,工業,89487260,38.43,,
11412,雲林縣,住宅,107012281,25.6,,
11412,雲林縣,服務業,"58,961,049",14.1,,
11412,雲林縣,農林漁牧,33835614,8.09,,
11412,雲林縣,工業,218285276,52.21,,
11412,嘉義縣,住宅,68985448,27.98,,
11412,嘉義縣,服務業,"39,780,766",16.13,,
11412,嘉義縣,農林漁牧,20716186,8.4,,
11412,嘉義縣,工業,117105339,47.49,,
11412,屏東縣,住宅,123326144,32.41,,
11412,屏東縣,服務業,"88,156,831",23.17,,
11412,屏東縣,農林漁牧,60314590,15.85,,
11412,屏東縣,工業,108737862,28.57,,
11412,台東縣,住宅,34965960,44.78,,
11412,台東縣,服務業,"29,110,874",37.28,,
11412,台東縣,農林漁牧,2585861,3.31,,
11412,台東縣,工業,11424631,14.63,,
11412,花蓮縣,住宅,53052220,27.55,,
11412,花蓮縣,服務業,"48,011,415",24.93,,
11412,花蓮縣,農林漁牧,2192522,1.14,,
11412,花蓮縣,工業,89292746,46.37,,
11412,基隆市,住宅,62458319,53.39,,
11412,基隆市,服務業,"38,094,031",32.56,,
11412,基隆市,農林漁牧,13311,0.01,,
11412,基隆市,工業,16416491,14.03,,
11412,新竹市,住宅,75240082,12.98,,
11412,新竹市,服務業,"87,701,909",15.13,,
11412,新竹市,農林漁牧,708011,0.12,,
11412,新竹市,工業,416144113,71.77,,
11412,嘉義市,住宅,42964643,48.06,,
11412,嘉義市,服務業,"38,835,646",43.44,,
11412,嘉義市,農林漁牧,670066,0.75,,
11412,嘉義市,工業,6923758,7.75,,
11412,澎湖縣,住宅,14480093,43.87,,
11412,澎湖縣,服務業,"13,508,167",40.92,,
11412,澎湖縣,農林漁牧,380190,1.15,,
11412,澎湖縣,工業,4639454,14.06,,
11412,金門縣,住宅,9455941,45.09,,
11412,金門縣,服務業,"8,825,547",42.09,,
11412,金門縣,農林漁牧,253874,1.21,,
11412,金門縣,工業,2435267,11.61,,
11412,連江縣,住宅,2294160,39.91,,
11412,連江縣,服務業,"2,747,291",47.8,,
11412,連江縣,農林漁牧,6496,0.11,,
11412,連江縣,工業,700039,12.18,,
11411,新北市,住宅,932290650,47.11,,
11411,新北市,服務業,578039499,29.21,,
11411,新北市,農林漁牧,2519561,0.13,,
11411,新北市,工業,465934453,23.55,,
11411,台北市,住宅,572644416,41.19,,
11411,台北市,服務業,767185634,55.19,,
11411,台北市,農林漁牧,176538,0.01,,
11411,台北市,工業,50115533,3.61,,
11411,桃園市,住宅,501713922,20.66,,
11411,桃園市,服務業,392117489,16.15,,
11411,桃園市,農林漁牧,5346811,0.22,,
11411,桃園市,工業,1529329281,62.97,,
11411,台中市,住宅,669200994,22.58,,
11411,台中市,服務業,510585795,17.22,,
11411,台中市,農林漁牧,13244872,0.45,,
11411,台中市,工業,1771218084,59.75,,
11411,台南市,住宅,431377398,15.73,,
11411,台南市,服務業,271580754,9.91,,
11411,台南市,農林漁牧,40874070,1.49,,
11411,台南市,工業,1997712722,72.87,,
11411,高雄市,住宅,690892147,25.66,,
11411,高雄市,服務業,464571244,17.25,,
11411,高雄市,農林漁牧,24046723,0.89,,
11411,高雄市,工業,1512891536,56.19,,
11411,宜蘭縣,住宅,96689286,33.81,,
11411,宜蘭縣,服務業,72042437,25.19,,
11411,宜蘭縣,農林漁牧,6811576,2.38,,
11411,宜蘭縣,工業,110419219,38.61,,
11411,新竹縣,住宅,141531204,12.82,,
11411,新竹縣,服務業,90253574,8.17,,
11411,新竹縣,農林漁牧,2155845,0.2,,
11411,新竹縣,工業,870369419,78.82,,
11411,苗栗縣,住宅,122336224,20.25,,
11411,苗栗縣,服務業,60431577,10,,
11411,苗栗縣,農林漁牧,3061241,0.51,,
11411,苗栗縣,工業,418263666,69.24,,
11411,彰化縣,住宅,257237879,25.34,,
11411,彰化縣,服務業,240387684,23.68,,
11411,彰化縣,農林漁牧,47913803,4.72,,
11411,彰化縣,工業,469641544,46.26,,
11411,南投縣,住宅,81796751,33.95,,
11411,南投縣,服務業,55666743,23.1,,
11411,南投縣,農林漁牧,11025948,4.58,,
11411,南投縣,工業,92472344,38.38,,
11411,雲林縣,住宅,149295078,29.21,,
11411,雲林縣,服務業,75397285,14.75,,
11411,雲林縣,農林漁牧,41890531,8.2,,
11411,雲林縣,工業,244471011,47.84,,
11411,嘉義縣,住宅,102532173,35.31,,
11411,嘉義縣,服務業,47815570,16.47,,
11411,嘉義縣,農林漁牧,25745518,8.87,,
11411,嘉義縣,工業,114285062,39.36,,
11411,屏東縣,住宅,173440135,38.75,,
11411,屏東縣,服務業,101645548,22.71,,
11411,屏東縣,農林漁牧,65069271,14.54,,
11411,屏東縣,工業,107463739,24.01,,
11411,台東縣,住宅,39708312,45.33,,
11411,台東縣,服務業,33568877,38.32,,
11411,台東縣,農林漁牧,2749376,3.14,,
11411,台東縣,工業,11580947,13.22,,
11411,花蓮縣,住宅,64215554,31.55,,
11411,花蓮縣,服務業,55337452,27.19,,
11411,花蓮縣,農林漁牧,2466536,1.21,,
11411,花蓮縣,工業,81524160,40.05,,
11411,基隆市,住宅,70866656,53.36,,
11411,基隆市,服務業,44257458,33.32,,
11411,基隆市,農林漁牧,395776,0.3,,
11411,基隆市,工業,17300187,13.03,,
11411,新竹市,住宅,123287723,15.84,,
11411,新竹市,服務業,102488472,13.17,,
11411,新竹市,農林漁牧,768247,0.1,,
11411,新竹市,工業,551782753,70.89,,
11411,嘉義市,住宅,57420959,50.75,,
11411,嘉義市,服務業,47643467,42.11,,
11411,嘉義市,農林漁牧,760659,0.67,,
11411,嘉義市,工業,7320584,6.47,,
11411,澎湖縣,住宅,20966843,47.64,,
11411,澎湖縣,服務業,17819376,40.49,,
11411,澎湖縣,農林漁牧,456299,1.04,,
11411,澎湖縣,工業,4766301,10.83,,
11411,金門縣,住宅,15761751,50.99,,
11411,金門縣,服務業,11765388,38.06,,
11411,金門縣,農林漁牧,324873,1.05,,
11411,金門縣,工業,3060538,9.9,,
11411,連江縣,住宅,2933775,43.31,,
11411,連江縣,服務業,3090686,45.63,,
11411,連江縣,農林漁牧,6988,0.1,,
11411,連江縣,工業,741915,10.95,,
11410,新北市,住宅,1033985776,47.23,,
11410,新北市,服務業,639161517,29.2,,
11410,新北市,農林漁牧,2494162,0.11,,
11410,新北市,工業,513626999,23.46,,
11410,台北市,住宅,619967708,40,,
11410,台北市,服務業,882457904,56.94,,
11410,台北市,農林漁牧,201481,0.01,,
11410,台北市,工業,47164330,3.04,,
11410,桃園市,住宅,649045214,23.36,,
11410,桃園市,服務業,470501821,16.94,,
11410,桃園市,農林漁牧,6671449,0.24,,
11410,桃園市,工業,1651995491,59.46,,
11410,台中市,住宅,719415131,22.43,,
11410,台中市,服務業,572371369,17.85,,
11410,台中市,農林漁牧,15749007,0.49,,
11410,台中市,工業,1899909237,59.23,,
11410,台南市,住宅,456350191,14.8,,
11410,台南市,服務業,307388722,9.97,,
11410,台南市,農林漁牧,46360734,1.5,,
11410,台南市,工業,2272773010,73.72,,
11410,高雄市,住宅,545537520,20.31,,
11410,高雄市,服務業,512638018,19.08,,
11410,高雄市,農林漁牧,24962302,0.93,,
11410,高雄市,工業,1603085632,59.68,,
11410,宜蘭縣,住宅,120174346,35.61,,
11410,宜蘭縣,服務業,83334839,24.69,,
11410,宜蘭縣,農林漁牧,8002032,2.37,,
11410,宜蘭縣,工業,125981606,37.33,,
11410,新竹縣,住宅,172254813,13.91,,
11410,新竹縣,服務業,110158261,8.9,,
11410,新竹縣,農林漁牧,2328107,0.19,,
11410,新竹縣,工業,953617516,77.01,,
11410,苗栗縣,住宅,123225981,17.68,,
11410,苗栗縣,服務業,68277785,9.8,,
11410,苗栗縣,農林漁牧,3664991,0.53,,
11410,苗栗縣,工業,501847299,72,,
11410,彰化縣,住宅,271174488,24.71,,
11410,彰化縣,服務業,266504224,24.29,,
11410,彰化縣,農林漁牧,58461464,5.33,,
11410,彰化縣,工業,501261431,45.68,,
11410,南投縣,住宅,103091194,36.86,,
11410,南投縣,服務業,65231575,23.32,,
11410,南投縣,農林漁牧,12277315,4.39,,
11410,南投縣,工業,99085015,35.43,,
11410,雲林縣,住宅,150580479,27.99,,
11410,雲林縣,服務業,78420900,14.58,,
11410,雲林縣,農林漁牧,49519155,9.2,,
11410,雲林縣,工業,259517004,48.23,,
11410,嘉義縣,住宅,93989879,31.84,,
11410,嘉義縣,服務業,51670661,17.5,,
11410,嘉義縣,農林漁牧,29745454,10.08,,
11410,嘉義縣,工業,119778367,40.58,,
11410,屏東縣,住宅,162095419,35.61,,
11410,屏東縣,服務業,112267341,24.66,,
11410,屏東縣,農林漁牧,69225537,15.21,,
11410,屏東縣,工業,111586790,24.52,,
11410,台東縣,住宅,47417466,47.68,,
11410,台東縣,服務業,38468674,38.68,,
11410,台東縣,農林漁牧,2856085,2.87,,
11410,台東縣,工業,10710956,10.77,,
11410,花蓮縣,住宅,77400972,33.94,,
11410,花蓮縣,服務業,64431869,28.26,,
11410,花蓮縣,農林漁牧,2763308,1.21,,
11410,花蓮縣,工業,83427800,36.59,,
11410,基隆市,住宅,91155365,56.13,,
11410,基隆市,服務業,52587054,32.38,,
11410,基隆市,農林漁牧,519019,0.32,,
11410,基隆市,工業,18135847,11.17,,
11410,新竹市,住宅,118745351,14.23,,
11410,新竹市,服務業,118465320,14.2,,
11410,新竹市,農林漁牧,1039422,0.12,,
11410,新竹市,工業,596236515,71.45,,
11410,嘉義市,住宅,59420716,49.43,,
11410,嘉義市,服務業,52095090,43.33,,
11410,嘉義市,農林漁牧,904992,0.75,,
11410,嘉義市,工業,7796760,6.49,,
11410,澎湖縣,住宅,21305123,46.12,,
11410,澎湖縣,服務業,19200822,41.56,,
11410,澎湖縣,農林漁牧,525775,1.14,,
11410,澎湖縣,工業,5166439,11.18,,
11410,金門縣,住宅,14460178,46.52,,
11410,金門縣,服務業,12380106,39.83,,
11410,金門縣,農林漁牧,402376,1.29,,
11410,金門縣,工業,3840597,12.36,,
11410,連江縣,住宅,3805615,42.35,,
11410,連江縣,服務業,4371006,48.64,,
11410,連江縣,農林漁牧,12304,0.14,,
11410,連江縣,工業,798036,8.88,,
11409,新北市,住宅,1035545978,46.45,,
11409,新北市,服務業,"672,661,509",30.18,,
11409,新北市,農林漁牧,2835364,0.13,,
11409,新北市,工業,518126031,23.24,,
11409,台北市,住宅,636442961,39.31,,
11409,台北市,服務業,"926,443,657",57.22,,
11409,台北市,農林漁牧,186623,0.01,,
11409,台北市,工業,56087932,3.46,,
11409,桃園市,住宅,553313824,20.66,,
11409,桃園市,服務業,"465,772,326",17.39,,
11409,桃園市,農林漁牧,6312900,0.24,,
11409,桃園市,工業,1652335352,61.71,,
11409,台中市,住宅,697365816,22.06,,
11409,台中市,服務業,"565,311,358",17.89,,
11409,台中市,農林漁牧,15190628,0.48,,
11409,台中市,工業,1882693652,59.57,,
11409,台南市,住宅,442014952,14.82,,
11409,台南市,服務業,"294,270,864",9.87,,
11409,台南市,農林漁牧,43236209,1.45,,
11409,台南市,工業,2202774860,73.86,,
11409,高雄市,住宅,703039982,25.27,,
11409,高雄市,服務業,"503,406,369",18.09,,
11409,高雄市,農林漁牧,23303682,0.84,,
11409,高雄市,工業,1552531896,55.8,,
11409,宜蘭縣,住宅,106786726,32.38,,
11409,宜蘭縣,服務業,"85,612,255",25.96,,
11409,宜蘭縣,農林漁牧,7836065,2.38,,
11409,宜蘭縣,工業,129564133,39.29,,
11409,新竹縣,住宅,155764452,12.96,,
11409,新竹縣,服務業,"105,106,992",8.74,,
11409,新竹縣,農林漁牧,2651754,0.22,,
11409,新竹縣,工業,938392318,78.07,,
11409,苗栗縣,住宅,136130396,18.97,,
11409,苗栗縣,服務業,"68,648,355",9.57,,
11409,苗栗縣,農林漁牧,3489460,0.49,,
11409,苗栗縣,工業,509327537,70.98,,
11409,彰化縣,住宅,264244256,24.68,,
11409,彰化縣,服務業,"251,788,526",23.51,,
11409,彰化縣,農林漁牧,54351981,5.08,,
11409,彰化縣,工業,500497445,46.74,,
11409,南投縣,住宅,81602953,32.54,,
11409,南投縣,服務業,"58,683,243",23.4,,
11409,南投縣,農林漁牧,11120122,4.43,,
11409,南投縣,工業,99345184,39.62,,
11409,雲林縣,住宅,150154274,28,,
11409,雲林縣,服務業,"81,167,758",15.14,,
11409,雲林縣,農林漁牧,46260432,8.63,,
11409,雲林縣,工業,258598867,48.23,,
11409,嘉義縣,住宅,102010873,34.12,,
11409,嘉義縣,服務業,"52,218,650",17.47,,
11409,嘉義縣,農林漁牧,27524662,9.21,,
11409,嘉義縣,工業,117233762,39.21,,
11409,屏東縣,住宅,174393350,38.3,,
11409,屏東縣,服務業,"107,811,525",23.68,,
11409,屏東縣,農林漁牧,62621198,13.75,,
11409,屏東縣,工業,110474025,24.26,,
11409,台東縣,住宅,41564146,45.13,,
11409,台東縣,服務業,"37,225,102",40.42,,
11409,台東縣,農林漁牧,2636366,2.86,,
11409,台東縣,工業,10672702,11.59,,
11409,花蓮縣,住宅,69255472,31.68,,
11409,花蓮縣,服務業,"64,308,884",29.42,,
11409,花蓮縣,農林漁牧,2665589,1.22,,
11409,花蓮縣,工業,82354116,37.68,,
11409,基隆市,住宅,76323945,51.72,,
11409,基隆市,服務業,"52,368,905",35.49,,
11409,基隆市,農林漁牧,554035,0.38,,
11409,基隆市,工業,18328344,12.42,,
11409,新竹市,住宅,139308042,16.39,,
11409,新竹市,服務業,"118,944,477",14,,
11409,新竹市,農林漁牧,946432,0.11,,
11409,新竹市,工業,590605695,69.5,,
11409,嘉義市,住宅,59154208,49.21,,
11409,嘉義市,服務業,"52,691,350",43.84,,
11409,嘉義市,農林漁牧,805399,0.67,,
11409,嘉義市,工業,7551695,6.28,,
11409,澎湖縣,住宅,23325629,45.63,,
11409,澎湖縣,服務業,"22,156,048",43.34,,
11409,澎湖縣,農林漁牧,500787,0.98,,
11409,澎湖縣,工業,5134116,10.04,,
11409,金門縣,住宅,17499768,48.98,,
11409,金門縣,服務業,"13,915,586",38.95,,
11409,金門縣,農林漁牧,345382,0.97,,
11409,金門縣,工業,3967992,11.11,,
11409,連江縣,住宅,3567546,41.66,,
11409,連江縣,服務業,"4,174,820",48.75,,
11409,連江縣,農林漁牧,10892,0.13,,
11409,連江縣,工業,811235,9.47,,
11408,新北市,住宅,983820755,45.59,,
11408,新北市,服務業,"636,690,991",29.5,,
11408,新北市,農林漁牧,"2,318,314",0.11,,
11408,新北市,工業,535257606,24.8,,
11408,台北市,住宅,588188390,38.1,,
11408,台北市,服務業,"908,732,476",58.86,,
11408,台北市,農林漁牧,187923,0.01,,
11408,台北市,工業,46879368,3.04,,
11408,桃園市,住宅,616357755,21.67,,
11408,桃園市,服務業,"472,593,344",16.62,,
11408,桃園市,農林漁牧,6675618,0.23,,
11408,桃園市,工業,1748531251,61.48,,
11408,台中市,住宅,694649868,21.63,,
11408,台中市,服務業,"556,612,902",17.33,,
11408,台中市,農林漁牧,15546203,0.48,,
11408,台中市,工業,1944384081,60.55,,
11408,台南市,住宅,444116609,14.44,,
11408,台南市,服務業,"317,843,750",10.34,,
11408,台南市,農林漁牧,41374870,1.35,,
11408,台南市,工業,2271563113,73.87,,
11408,高雄市,住宅,541515973,20.39,,
11408,高雄市,服務業,"498,400,233",18.77,,
11408,高雄市,農林漁牧,23206919,0.87,,
11408,高雄市,工業,1592538286,59.97,,
11408,宜蘭縣,住宅,116217802,33.58,,
11408,宜蘭縣,服務業,"85,372,236",24.66,,
11408,宜蘭縣,農林漁牧,8182981,2.36,,
11408,宜蘭縣,工業,136364029,39.4,,
11408,新竹縣,住宅,164845473,13.27,,
11408,新竹縣,服務業,"109,207,250",8.79,,
11408,新竹縣,農林漁牧,2298652,0.19,,
11408,新竹縣,工業,966046158,77.76,,
11408,苗栗縣,住宅,118491379,16.53,,
11408,苗栗縣,服務業,"67,354,412",9.39,,
11408,苗栗縣,農林漁牧,3813769,0.53,,
11408,苗栗縣,工業,527328903,73.55,,
11408,彰化縣,住宅,259935907,23.72,,
11408,彰化縣,服務業,"260,583,428",23.78,,
11408,彰化縣,農林漁牧,55621430,5.07,,
11408,彰化縣,工業,519888769,47.43,,
11408,南投縣,住宅,100120138,36.36,,
11408,南投縣,服務業,"62,846,065",22.83,,
11408,南投縣,農林漁牧,10880505,3.95,,
11408,南投縣,工業,101483875,36.86,,
11408,雲林縣,住宅,141247773,26.79,,
11408,雲林縣,服務業,"76,319,224",14.47,,
11408,雲林縣,農林漁牧,47481019,9.01,,
11408,雲林縣,工業,262222566,49.73,,
11408,嘉義縣,住宅,88990253,31.56,,
11408,嘉義縣,服務業,"49,180,325",17.44,,
11408,嘉義縣,農林漁牧,26884198,9.53,,
11408,嘉義縣,工業,116902642,41.46,,
11408,屏東縣,住宅,164935980,36.37,,
11408,屏東縣,服務業,"108,970,707",24.03,,
11408,屏東縣,農林漁牧,65325174,14.41,,
11408,屏東縣,工業,114253953,25.19,,
11408,台東縣,住宅,164935980,75.97,,
11408,台東縣,服務業,"38,432,945",17.7,,
11408,台東縣,農林漁牧,2982673,1.37,,
11408,台東縣,工業,10749379,4.95,,
11408,花蓮縣,住宅,75575762,34.4,,
11408,花蓮縣,服務業,"64,245,923",29.25,,
11408,花蓮縣,農林漁牧,2836479,1.29,,
11408,花蓮縣,工業,77018928,35.06,,
11408,基隆市,住宅,86242104,54.37,,
11408,基隆市,服務業,"51,980,319",32.77,,
11408,基隆市,農林漁牧,546745,0.34,,
11408,基隆市,工業,19856558,12.52,,
11408,新竹市,住宅,114097913,13.5,,
11408,新竹市,服務業,"116,832,475",13.82,,
11408,新竹市,農林漁牧,996045,0.12,,
11408,新竹市,工業,613331503,72.56,,
11408,嘉義市,住宅,57660361,49.23,,
11408,嘉義市,服務業,"50,751,046",43.33,,
11408,嘉義市,農林漁牧,859877,0.73,,
11408,嘉義市,工業,7845986,6.7,,
11408,澎湖縣,住宅,21167541,44.58,,
11408,澎湖縣,服務業,"20,485,661",43.15,,
11408,澎湖縣,農林漁牧,516804,1.09,,
11408,澎湖縣,工業,5308392,11.18,,
11408,金門縣,住宅,14138615,45.87,,
11408,金門縣,服務業,"12,284,337",39.85,,
11408,金門縣,農林漁牧,346459,1.12,,
11408,金門縣,工業,4054495,13.15,,
11408,連江縣,住宅,3608715,41.34,,
11408,連江縣,服務業,"4,289,094",49.14,,
11408,連江縣,農林漁牧,12710,0.15,,
11408,連江縣,工業,818227,9.37,,
11407,新北市,住宅,857934841,42.24,,
11407,新北市,服務業,"639,537,425",31.49,,
11407,新北市,農林漁牧,"2,459,283",0.12,,
11407,新北市,工業,531155754,26.15,,
11407,台北市,住宅,534213386,35.84,,
11407,台北市,服務業,"902,962,331",60.57,,
11407,台北市,農林漁牧,188769,0.01,,
11407,台北市,工業,53344269,3.58,,
11407,桃園市,住宅,467067537,18.01,,
11407,桃園市,服務業,"456,129,848",17.59,,
11407,桃園市,農林漁牧,6109291,0.24,,
11407,桃園市,工業,1664479774,64.17,,
11407,台中市,住宅,635158665,20.16,,
11407,台中市,服務業,"553,242,616",17.56,,
11407,台中市,農林漁牧,14833086,0.47,,
11407,台中市,工業,1947795514,61.81,,
11407,台南市,住宅,421756623,13.86,,
11407,台南市,服務業,"310,595,202",10.21,,
11407,台南市,農林漁牧,42450412,1.4,,
11407,台南市,工業,2267135302,74.53,,
11407,高雄市,住宅,687202919,24.21,,
11407,高雄市,服務業,"504,884,958",17.79,,
11407,高雄市,農林漁牧,22661614,0.8,,
11407,高雄市,工業,1623247195,57.2,,
11407,宜蘭縣,住宅,89690561,28.32,,
11407,宜蘭縣,服務業,"82,393,472",26.01,,
11407,宜蘭縣,農林漁牧,7629740,2.41,,
11407,宜蘭縣,工業,137012298,43.26,,
11407,新竹縣,住宅,129485595,10.93,,
11407,新竹縣,服務業,"101,413,108",8.56,,
11407,新竹縣,農林漁牧,2617637,0.22,,
11407,新竹縣,工業,951658791,80.3,,
11407,苗栗縣,住宅,116020847,16.3,,
11407,苗栗縣,服務業,"66,843,421",9.39,,
11407,苗栗縣,農林漁牧,3671126,0.52,,
11407,苗栗縣,工業,525069673,73.79,,
11407,彰化縣,住宅,241088662,22.48,,
11407,彰化縣,服務業,"249,664,511",23.28,,
11407,彰化縣,農林漁牧,54769571,5.11,,
11407,彰化縣,工業,526995615,49.14,,
11407,南投縣,住宅,74899258,30.59,,
11407,南投縣,服務業,"57,753,782",23.59,,
11407,南投縣,農林漁牧,10620012,4.34,,
11407,南投縣,工業,101590887,41.49,,
11407,雲林縣,住宅,141831184,26.39,,
11407,雲林縣,服務業,"80,538,210",14.98,,
11407,雲林縣,農林漁牧,46355643,8.62,,
11407,雲林縣,工業,268783560,50.01,,
11407,嘉義縣,住宅,96536476,33.19,,
11407,嘉義縣,服務業,"51,003,365",17.53,,
11407,嘉義縣,農林漁牧,27538570,9.47,,
11407,嘉義縣,工業,115788348,39.81,,
11407,屏東縣,住宅,177024720,37.8,,
11407,屏東縣,服務業,"109,998,819",23.49,,
11407,屏東縣,農林漁牧,65990553,14.09,,
11407,屏東縣,工業,115331638,24.63,,
11407,台東縣,住宅,38518226,42.5,,
11407,台東縣,服務業,"37,832,620",41.74,,
11407,台東縣,農林漁牧,3013031,3.32,,
11407,台東縣,工業,11265264,12.43,,
11407,花蓮縣,住宅,61082146,28.41,,
11407,花蓮縣,服務業,"63,335,577",29.46,,
11407,花蓮縣,農林漁牧,2808892,1.31,,
11407,花蓮縣,工業,87783452,40.83,,
11407,基隆市,住宅,63265688,47.36,,
11407,基隆市,服務業,"50,310,985",37.66,,
11407,基隆市,農林漁牧,582199,0.44,,
11407,基隆市,工業,19436422,14.55,,
11407,新竹市,住宅,117883151,14.03,,
11407,新竹市,服務業,"116,648,967",13.88,,
11407,新竹市,農林漁牧,942416,0.11,,
11407,新竹市,工業,604678327,71.97,,
11407,嘉義市,住宅,56000372,48.1,,
11407,嘉義市,服務業,"51,998,890",44.67,,
11407,嘉義市,農林漁牧,826440,0.71,,
11407,嘉義市,工業,7592293,6.52,,
11407,澎湖縣,住宅,21408028,43.59,,
11407,澎湖縣,服務業,"21,830,784",44.45,,
11407,澎湖縣,農林漁牧,513352,1.05,,
11407,澎湖縣,工業,5362519,10.92,,
11407,金門縣,住宅,14618354,45.47,,
11407,金門縣,服務業,"13,018,451",40.49,,
11407,金門縣,農林漁牧,332049,1.03,,
11407,金門縣,工業,4180507,13,,
11407,連江縣,住宅,3143104,38.95,,
11407,連江縣,服務業,"4,083,496",50.61,,
11407,連江縣,農林漁牧,12024,0.15,,
11407,連江縣,工業,830342,10.29,,
11406,新北市,住宅,684529297,39.9,,
11406,新北市,服務業,"545,165,446",31.78,,
11406,新北市,農林漁牧,"1,721,821",0.1,,
11406,新北市,工業,484151957,28.22,,
11406,台北市,住宅,409676108,32.84,,
11406,台北市,服務業,"797,134,496",63.91,,
11406,台北市,農林漁牧,162733,0.01,,
11406,台北市,工業,40373353,3.24,,
11406,桃園市,住宅,462433987,18.44,,
11406,桃園市,服務業,"413,721,905",16.5,,
11406,桃園市,農林漁牧,5242616,0.21,,
11406,桃園市,工業,1625732635,64.84,,
11406,台中市,住宅,550051655,18.7,,
11406,台中市,服務業,"507,631,824",17.26,,
11406,台中市,農林漁牧,13814204,0.47,,
11406,台中市,工業,1870116528,63.57,,
11406,台南市,住宅,380222502,13.01,,
11406,台南市,服務業,"295,970,346",10.13,,
11406,台南市,農林漁牧,40456342,1.38,,
11406,台南市,工業,2205543224,75.48,,
11406,高雄市,住宅,472040227,18.66,,
11406,高雄市,服務業,"485,548,960",19.2,,
11406,高雄市,農林漁牧,21529719,0.85,,
11406,高雄市,工業,1550396303,61.29,,
11406,宜蘭縣,住宅,85588543,28.78,,
11406,宜蘭縣,服務業,"70,607,690",23.74,,
11406,宜蘭縣,農林漁牧,6343405,2.13,,
11406,宜蘭縣,工業,134896359,45.35,,
11406,新竹縣,住宅,121189430,10.83,,
11406,新竹縣,服務業,"94,892,724",8.48,,
11406,新竹縣,農林漁牧,1922586,0.17,,
11406,新竹縣,工業,900987600,80.52,,
11406,苗栗縣,住宅,88366201,13.49,,
11406,苗栗縣,服務業,"59,917,784",9.14,,
11406,苗栗縣,農林漁牧,3032683,0.46,,
11406,苗栗縣,工業,503961233,76.91,,
11406,彰化縣,住宅,217112561,21.68,,
11406,彰化縣,服務業,"235,423,587",23.51,,
11406,彰化縣,農林漁牧,48058344,4.8,,
11406,彰化縣,工業,500875132,50.01,,
11406,南投縣,住宅,88032090,34.63,,
11406,南投縣,服務業,"58,423,382",22.98,,
11406,南投縣,農林漁牧,10323408,4.06,,
11406,南投縣,工業,97457339,38.33,,
11406,雲林縣,住宅,133869423,26.7,,
11406,雲林縣,服務業,"70,870,938",14.14,,
11406,雲林縣,農林漁牧,40987529,8.17,,
11406,雲林縣,工業,255653118,50.99,,
11406,嘉義縣,住宅,82923811,30.28,,
11406,嘉義縣,服務業,"47,883,169",17.49,,
11406,嘉義縣,農林漁牧,26755082,9.77,,
11406,嘉義縣,工業,116252656,42.46,,
11406,屏東縣,住宅,159025649,35.74,,
11406,屏東縣,服務業,"106,479,709",23.93,,
11406,屏東縣,農林漁牧,65404143,14.7,,
11406,屏東縣,工業,114048148,25.63,,
11406,台東縣,住宅,40656992,45.88,,
11406,台東縣,服務業,"35,418,950",39.97,,
11406,台東縣,農林漁牧,2581528,2.91,,
11406,台東縣,工業,9954457,11.23,,
11406,花蓮縣,住宅,59419862,29.17,,
11406,花蓮縣,服務業,"58,004,673",28.48,,
11406,花蓮縣,農林漁牧,2308853,1.13,,
11406,花蓮縣,工業,83962731,41.22,,
11406,基隆市,住宅,61629085,48.68,,
11406,基隆市,服務業,"45,722,464",36.11,,
11406,基隆市,農林漁牧,546011,0.43,,
11406,基隆市,工業,18709306,14.78,,
11406,新竹市,住宅,82992030,10.73,,
11406,新竹市,服務業,"106,273,454",13.74,,
11406,新竹市,農林漁牧,839311,0.11,,
11406,新竹市,工業,583225544,75.42,,
11406,嘉義市,住宅,49608121,46.98,,
11406,嘉義市,服務業,"47,894,717",45.36,,
11406,嘉義市,農林漁牧,843101,0.8,,
11406,嘉義市,工業,7245026,6.86,,
11406,澎湖縣,住宅,16880984,41.9,,
11406,澎湖縣,服務業,"17,836,174",44.27,,
11406,澎湖縣,農林漁牧,431870,1.07,,
11406,澎湖縣,工業,5140179,12.76,,
11406,金門縣,住宅,9725456,40.15,,
11406,金門縣,服務業,"10,475,666",43.24,,
11406,金門縣,農林漁牧,256589,1.06,,
11406,金門縣,工業,3767035,15.55,,
11406,連江縣,住宅,2518201,37.03,,
11406,連江縣,服務業,"3,512,809",51.65,,
11406,連江縣,農林漁牧,9586,0.14,,
11406,連江縣,工業,760140,11.18,,
11405,新北市,住宅,624509065,37.94,,
11405,新北市,服務業,534647264,32.48,,
11405,新北市,農林漁牧,1913737,0.12,,
11405,新北市,工業,484996963,29.46,,
11405,台北市,住宅,383675108,32.18,,
11405,台北市,服務業,764929027,64.16,,
11405,台北市,農林漁牧,158929,0.01,,
11405,台北市,工業,43516891,3.65,,
11405,桃園市,住宅,370968865,15.52,,
11405,桃園市,服務業,375640715,15.72,,
11405,桃園市,農林漁牧,4711956,0.2,,
11405,桃園市,工業,1638257499,68.56,,
11405,台中市,住宅,470664434,16.48,,
11405,台中市,服務業,478531724,16.76,,
11405,台中市,農林漁牧,12877239,0.45,,
11405,台中市,工業,1893451253,66.31,,
11405,台南市,住宅,311907964,10.8,,
11405,台南市,服務業,275662104,9.55,,
11405,台南市,農林漁牧,37431867,1.3,,
11405,台南市,工業,2261920271,78.35,,
11405,高雄市,住宅,493202416,18.47,,
11405,高雄市,服務業,467327714,17.5,,
11405,高雄市,農林漁牧,21430712,0.8,,
11405,高雄市,工業,1688570635,63.23,,
11405,宜蘭縣,住宅,68965901,25.29,,
11405,宜蘭縣,服務業,67689261,24.82,,
11405,宜蘭縣,農林漁牧,5610774,2.06,,
11405,宜蘭縣,工業,130448965,47.83,,
11405,新竹縣,住宅,99746251,9.3,,
11405,新竹縣,服務業,84973419,7.92,,
11405,新竹縣,農林漁牧,1906979,0.18,,
11405,新竹縣,工業,885693119,82.6,,
11405,苗栗縣,住宅,85178857,12.83,,
11405,苗栗縣,服務業,56366664,8.49,,
11405,苗栗縣,農林漁牧,2609514,0.39,,
11405,苗栗縣,工業,519803522,78.29,,
11405,彰化縣,住宅,189978571,19.83,,
11405,彰化縣,服務業,221500524,23.12,,
11405,彰化縣,農林漁牧,42812336,4.47,,
11405,彰化縣,工業,503623268,52.57,,
11405,南投縣,住宅,64658481,28.65,,
11405,南投縣,服務業,51981168,23.04,,
11405,南投縣,農林漁牧,9997404,4.43,,
11405,南投縣,工業,99008192,43.88,,
11405,雲林縣,住宅,113829891,23.9,,
11405,雲林縣,服務業,70279856,14.76,,
11405,雲林縣,農林漁牧,37839991,7.95,,
11405,雲林縣,工業,254277052,53.39,,
11405,嘉義縣,住宅,77294653,29.59,,
11405,嘉義縣,服務業,46551158,17.82,,
11405,嘉義縣,農林漁牧,25021498,9.58,,
11405,嘉義縣,工業,112343194,43.01,,
11405,屏東縣,住宅,136442952,32.62,,
11405,屏東縣,服務業,101740667,24.33,,
11405,屏東縣,農林漁牧,62684419,14.99,,
11405,屏東縣,工業,117376454,28.06,,
11405,台東縣,住宅,30827509,40.86,,
11405,台東縣,服務業,33035057,43.79,,
11405,台東縣,農林漁牧,2419657,3.21,,
11405,台東縣,工業,9165507,12.15,,
11405,花蓮縣,住宅,48034615,24.95,,
11405,花蓮縣,服務業,54663504,28.4,,
11405,花蓮縣,農林漁牧,2268521,1.18,,
11405,花蓮縣,工業,87531202,45.47,,
11405,基隆市,住宅,49406037,45.14,,
11405,基隆市,服務業,41735798,38.13,,
11405,基隆市,農林漁牧,491480,0.45,,
11405,基隆市,工業,17809671,16.27,,
11405,新竹市,住宅,85857682,11.13,,
11405,新竹市,服務業,101065097,13.1,,
11405,新竹市,農林漁牧,739827,0.1,,
11405,新竹市,工業,583924070,75.68,,
11405,嘉義市,住宅,41199576,43.22,,
11405,嘉義市,服務業,46280587,48.55,,
11405,嘉義市,農林漁牧,722233,0.76,,
11405,嘉義市,工業,7116998,7.47,,
11405,澎湖縣,住宅,15357011,39.12,,
11405,澎湖縣,服務業,18372587,46.8,,
11405,澎湖縣,農林漁牧,414954,1.06,,
11405,澎湖縣,工業,5112848,13.02,,
11405,金門縣,住宅,11594033,44.85,,
11405,金門縣,服務業,10532582,40.75,,
11405,金門縣,農林漁牧,264173,1.02,,
11405,金門縣,工業,3459161,13.38,,
11405,連江縣,住宅,2479513,39.12,,
11405,連江縣,服務業,3112153,49.1,,
11405,連江縣,農林漁牧,7320,0.12,,
11405,連江縣,工業,739931,11.67,,
11404,新北市,住宅,616186900,40.85,,
11404,新北市,服務業,445427190,29.53,,
11404,新北市,農林漁牧,1477552,0.1,,
11404,新北市,工業,445155371,29.51,,
11404,台北市,住宅,354498249,34.25,,
11404,台北市,服務業,646442694,62.46,,
11404,台北市,農林漁牧,150443,0.01,,
11404,台北市,工業,33865773,3.27,,
11404,桃園市,住宅,425069029,18.52,,
11404,桃園市,服務業,333381449,14.52,,
11404,桃園市,農林漁牧,4147043,0.18,,
11404,桃園市,工業,1533066827,66.78,,
11404,台中市,住宅,462899488,17.21,,
11404,台中市,服務業,411669321,15.31,,
11404,台中市,農林漁牧,11867314,0.44,,
11404,台中市,工業,1802779959,67.04,,
11404,台南市,住宅,295980125,11.24,,
11404,台南市,服務業,235929229,8.96,,
11404,台南市,農林漁牧,33100032,1.26,,
11404,台南市,工業,2068187320,78.54,,
11404,高雄市,住宅,343471117,14.62,,
11404,高雄市,服務業,399780610,17.02,,
11404,高雄市,農林漁牧,20645661,0.88,,
11404,高雄市,工業,1585165368,67.48,,
11404,宜蘭縣,住宅,79307328,29.02,,
11404,宜蘭縣,服務業,58177666,21.29,,
11404,宜蘭縣,農林漁牧,4782295,1.75,,
11404,宜蘭縣,工業,130973637,47.93,,
11404,新竹縣,住宅,108543199,10.82,,
11404,新竹縣,服務業,76516634,7.63,,
11404,新竹縣,農林漁牧,1489821,0.15,,
11404,新竹縣,工業,816873030,81.41,,
11404,苗栗縣,住宅,77011880,12.34,,
11404,苗栗縣,服務業,48198755,7.72,,
11404,苗栗縣,農林漁牧,2506054,0.4,,
11404,苗栗縣,工業,496370505,79.54,,
11404,彰化縣,住宅,183980680,20.19,,
11404,彰化縣,服務業,204795045,22.48,,
11404,彰化縣,農林漁牧,36848530,4.04,,
11404,彰化縣,工業,485514526,53.29,,
11404,南投縣,住宅,77130733,33.65,,
11404,南投縣,服務業,49017954,21.38,,
11404,南投縣,農林漁牧,8765742,3.82,,
11404,南投縣,工業,94318051,41.15,,
11404,雲林縣,住宅,103998093,23.99,,
11404,雲林縣,服務業,57499100,13.26,,
11404,雲林縣,農林漁牧,32693492,7.54,,
11404,雲林縣,工業,239370962,55.21,,
11404,嘉義縣,住宅,66556052,28.63,,
11404,嘉義縣,服務業,38853443,16.71,,
11404,嘉義縣,農林漁牧,21372985,9.19,,
11404,嘉義縣,工業,105686708,45.46,,
11404,屏東縣,住宅,113543335,30.67,,
11404,屏東縣,服務業,86804226,23.45,,
11404,屏東縣,農林漁牧,59626227,16.11,,
11404,屏東縣,工業,110255129,29.78,,
11404,台東縣,住宅,33795165,45.38,,
11404,台東縣,服務業,28660860,38.49,,
11404,台東縣,農林漁牧,2126384,2.86,,
11404,台東縣,工業,9886755,13.28,,
11404,花蓮縣,住宅,52666482,28.18,,
11404,花蓮縣,服務業,47905058,25.63,,
11404,花蓮縣,農林漁牧,1907412,1.02,,
11404,花蓮縣,工業,84422066,45.17,,
11404,基隆市,住宅,59003391,52.38,,
11404,基隆市,服務業,36787655,32.66,,
11404,基隆市,農林漁牧,444063,0.39,,
11404,基隆市,工業,16401830,14.56,,
11404,新竹市,住宅,70668752,10,,
11404,新竹市,服務業,86622936,12.26,,
11404,新竹市,農林漁牧,708277,0.1,,
11404,新竹市,工業,548807846,77.65,,
11404,嘉義市,住宅,38794159,46.25,,
11404,嘉義市,服務業,37972970,45.27,,
11404,嘉義市,農林漁牧,698552,0.83,,
11404,嘉義市,工業,6418240,7.65,,
11404,澎湖縣,住宅,13720165,43.02,,
11404,澎湖縣,服務業,13357025,41.88,,
11404,澎湖縣,農林漁牧,366254,1.15,,
11404,澎湖縣,工業,4450760,13.95,,
11404,金門縣,住宅,9811451,46.77,,
11404,金門縣,服務業,8279125,39.46,,
11404,金門縣,農林漁牧,298595,1.42,,
11404,金門縣,工業,2590169,12.35,,
11404,連江縣,住宅,2650283,43.11,,
11404,連江縣,服務業,2798842,45.53,,
11404,連江縣,農林漁牧,5224,0.08,,
11404,連江縣,工業,693335,11.28,,
11403,新北市,住宅,654760711,42.39,,
11403,新北市,服務業,447635544,28.98,,
11403,新北市,農林漁牧,1721419,0.11,,
11403,新北市,工業,440334504,28.51,,
11403,台北市,住宅,394040634,36.98,,
11403,台北市,服務業,634250622,59.53,,
11403,台北市,農林漁牧,151093,0.01,,
11403,台北市,工業,37052160,3.48,,
11403,桃園市,住宅,407422790,17.73,,
11403,桃園市,服務業,314041077,13.67,,
11403,桃園市,農林漁牧,3786929,0.16,,
11403,桃園市,工業,1572451614,68.44,,
11403,台中市,住宅,483549713,18.01,,
11403,台中市,服務業,390100111,14.53,,
11403,台中市,農林漁牧,11071276,0.41,,
11403,台中市,工業,1800517428,67.05,,
11403,台南市,住宅,313246322,11.86,,
11403,台南市,服務業,217614074,8.24,,
11403,台南市,農林漁牧,30127436,1.14,,
11403,台南市,工業,2080614182,78.76,,
11403,高雄市,住宅,458658002,18.96,,
11403,高雄市,服務業,375522591,15.52,,
11403,高雄市,農林漁牧,19372136,0.8,,
11403,高雄市,工業,1566116293,64.72,,
11403,宜蘭縣,住宅,75861669,28.31,,
11403,宜蘭縣,服務業,58341566,21.78,,
11403,宜蘭縣,農林漁牧,4332867,1.62,,
11403,宜蘭縣,工業,129389519,48.29,,
11403,新竹縣,住宅,107121164,10.75,,
11403,新竹縣,服務業,70666939,7.09,,
11403,新竹縣,農林漁牧,1518257,0.15,,
11403,新竹縣,工業,817485474,82.01,,
11403,苗栗縣,住宅,90893492,13.96,,
11403,苗栗縣,服務業,46930948,7.21,,
11403,苗栗縣,農林漁牧,2261735,0.35,,
11403,苗栗縣,工業,511022307,78.48,,
11403,彰化縣,住宅,196722889,21.55,,
11403,彰化縣,服務業,194949937,21.36,,
11403,彰化縣,農林漁牧,33310800,3.65,,
11403,彰化縣,工業,487859464,53.44,,
11403,南投縣,住宅,68235007,32.43,,
11403,南投縣,服務業,44655556,21.22,,
11403,南投縣,農林漁牧,7895942,3.75,,
11403,南投縣,工業,89628082,42.6,,
11403,雲林縣,住宅,111406028,25.5,,
11403,雲林縣,服務業,56406904,12.91,,
11403,雲林縣,農林漁牧,29589896,6.77,,
11403,雲林縣,工業,239467046,54.81,,
11403,嘉義縣,住宅,78079361,32.64,,
11403,嘉義縣,服務業,37136096,15.52,,
11403,嘉義縣,農林漁牧,19154745,8.01,,
11403,嘉義縣,工業,104832644,43.83,,
11403,屏東縣,住宅,125999624,33.98,,
11403,屏東縣,服務業,80769391,21.78,,
11403,屏東縣,農林漁牧,55107619,14.86,,
11403,屏東縣,工業,108923262,29.38,,
11403,台東縣,住宅,31118267,43.83,,
11403,台東縣,服務業,27059336,38.11,,
11403,台東縣,農林漁牧,2012966,2.84,,
11403,台東縣,工業,10808723,15.22,,
11403,花蓮縣,住宅,49975226,27.32,,
11403,花蓮縣,服務業,46288312,25.3,,
11403,花蓮縣,農林漁牧,1806974,0.99,,
11403,花蓮縣,工業,84863109,46.39,,
11403,基隆市,住宅,53623747,51.28,,
11403,基隆市,服務業,34488789,32.98,,
11403,基隆市,農林漁牧,424749,0.41,,
11403,基隆市,工業,16041501,15.34,,
11403,新竹市,住宅,90552452,12.43,,
11403,新竹市,服務業,84184190,11.56,,
11403,新竹市,農林漁牧,655019,0.09,,
11403,新竹市,工業,552976479,75.92,,
11403,嘉義市,住宅,41808707,49.3,,
11403,嘉義市,服務業,36094890,42.56,,
11403,嘉義市,農林漁牧,585304,0.69,,
11403,嘉義市,工業,6315293,7.45,,
11403,澎湖縣,住宅,15912355,46.84,,
11403,澎湖縣,服務業,13254471,39.02,,
11403,澎湖縣,農林漁牧,332378,0.98,,
11403,澎湖縣,工業,4472917,13.17,,
11403,金門縣,住宅,12722970,52.42,,
11403,金門縣,服務業,8877281,36.57,,
11403,金門縣,農林漁牧,240370,0.99,,
11403,金門縣,工業,2431197,10.02,,
11403,連江縣,住宅,2993407,45.84,,
11403,連江縣,服務業,2804392,42.94,,
11403,連江縣,農林漁牧,3923,0.06,,
11403,連江縣,工業,728548,11.16,,
11402,新北市,住宅,652513950,45.15,,
11402,新北市,服務業,398940300,27.61,,
11402,新北市,農林漁牧,1470840,0.1,,
11402,新北市,工業,392172782,27.14,,
11402,台北市,住宅,376884815,39.28,,
11402,台北市,服務業,553281731,57.67,,
11402,台北市,農林漁牧,178122,0.02,,
11402,台北市,工業,29082370,3.03,,
11402,桃園市,住宅,455458268,21.58,,
11402,桃園市,服務業,293994140,13.93,,
11402,桃園市,農林漁牧,3685444,0.17,,
11402,桃園市,工業,1357110330,64.31,,
11402,台中市,住宅,488372034,20.12,,
11402,台中市,服務業,359464363,14.81,,
11402,台中市,農林漁牧,10328232,0.43,,
11402,台中市,工業,1568871989,64.64,,
11402,台南市,住宅,308490647,13.08,,
11402,台南市,服務業,199486842,8.46,,
11402,台南市,農林漁牧,31097235,1.32,,
11402,台南市,工業,1819418504,77.14,,
11402,高雄市,住宅,350792663,16.79,,
11402,高雄市,服務業,332601345,15.92,,
11402,高雄市,農林漁牧,19206916,0.92,,
11402,高雄市,工業,1386502994,66.37,,
11402,宜蘭縣,住宅,86119903,33.78,,
11402,宜蘭縣,服務業,53825463,21.11,,
11402,宜蘭縣,農林漁牧,4432101,1.74,,
11402,宜蘭縣,工業,110577713,43.37,,
11402,新竹縣,住宅,114471406,12.65,,
11402,新竹縣,服務業,69262917,7.66,,
11402,新竹縣,農林漁牧,1379615,0.15,,
11402,新竹縣,工業,719498250,79.54,,
11402,苗栗縣,住宅,80861231,15.12,,
11402,苗栗縣,服務業,43616246,8.15,,
11402,苗栗縣,農林漁牧,2029182,0.38,,
11402,苗栗縣,工業,408351271,76.35,,
11402,彰化縣,住宅,188315838,22.83,,
11402,彰化縣,服務業,181619333,22.02,,
11402,彰化縣,農林漁牧,32693412,3.96,,
11402,彰化縣,工業,422085259,51.18,,
11402,南投縣,住宅,83161594,37.72,,
11402,南投縣,服務業,45376738,20.58,,
11402,南投縣,農林漁牧,7755170,3.52,,
11402,南投縣,工業,84195790,38.19,,
11402,雲林縣,住宅,103602002,26.23,,
11402,雲林縣,服務業,48779618,12.35,,
11402,雲林縣,農林漁牧,30310137,7.67,,
11402,雲林縣,工業,212271778,53.74,,
11402,嘉義縣,住宅,67029955,31.68,,
11402,嘉義縣,服務業,32506194,15.36,,
11402,嘉義縣,農林漁牧,19938797,9.42,,
11402,嘉義縣,工業,92110836,43.53,,
11402,屏東縣,住宅,114316204,33.6,,
11402,屏東縣,服務業,73963098,21.74,,
11402,屏東縣,農林漁牧,57406555,16.87,,
11402,屏東縣,工業,94572267,27.79,,
11402,台東縣,住宅,34964439,49.05,,
11402,台東縣,服務業,25155419,35.29,,
11402,台東縣,農林漁牧,2215702,3.11,,
11402,台東縣,工業,8943163,12.55,,
11402,花蓮縣,住宅,56113470,34.92,,
11402,花蓮縣,服務業,41974180,26.12,,
11402,花蓮縣,農林漁牧,1868601,1.16,,
11402,花蓮縣,工業,60743626,37.8,,
11402,基隆市,住宅,63100152,56.8,,
11402,基隆市,服務業,32961641,29.67,,
11402,基隆市,農林漁牧,384909,0.35,,
11402,基隆市,工業,14648108,13.19,,
11402,新竹市,住宅,74909551,11.73,,
11402,新竹市,服務業,74631024,11.68,,
11402,新竹市,農林漁牧,624723,0.1,,
11402,新竹市,工業,488655162,76.49,,
11402,嘉義市,住宅,40924317,51.54,,
11402,嘉義市,服務業,32062959,40.38,,
11402,嘉義市,農林漁牧,620237,0.78,,
11402,嘉義市,工業,5797211,7.3,,
11402,澎湖縣,住宅,13639774,46.93,,
11402,澎湖縣,服務業,10976395,37.76,,
11402,澎湖縣,農林漁牧,356504,1.23,,
11402,澎湖縣,工業,4092915,14.08,,
11402,金門縣,住宅,10288178,50.65,,
11402,金門縣,服務業,7513594,36.99,,
11402,金門縣,農林漁牧,270092,1.33,,
11402,金門縣,工業,2240489,11.03,,
11402,連江縣,住宅,2594105,43.43,,
11402,連江縣,服務業,2734747,45.78,,
11402,連江縣,農林漁牧,4482,0.08,,
11402,連江縣,工業,639847,10.71,,
11401,新北市,住宅,601355580,41.07,,
11401,新北市,服務業,445789125,30.45,,
11401,新北市,農林漁牧,1816607,0.12,,
11401,新北市,工業,415136594,28.35,,
11401,台北市,住宅,369197702,36.32,,
11401,台北市,服務業,609204364,59.93,,
11401,台北市,農林漁牧,188273,0.02,,
11401,台北市,工業,37999295,3.74,,
11401,桃園市,住宅,361454442,17.11,,
11401,桃園市,服務業,304844165,14.43,,
11401,桃園市,農林漁牧,3698800,0.18,,
11401,桃園市,工業,1442715516,68.29,,
11401,台中市,住宅,442674279,17.55,,
11401,台中市,服務業,388466520,15.4,,
11401,台中市,農林漁牧,10757659,0.43,,
11401,台中市,工業,1679863033,66.61,,
11401,台南市,住宅,284780192,12.15,,
11401,台南市,服務業,207279640,8.84,,
11401,台南市,農林漁牧,30746440,1.31,,
11401,台南市,工業,1821175118,77.7,,
11401,高雄市,住宅,445101024,19.73,,
11401,高雄市,服務業,356979853,15.82,,
11401,高雄市,農林漁牧,19824553,0.88,,
11401,高雄市,工業,1434081396,63.57,,
11401,宜蘭縣,住宅,69642431,27.42,,
11401,宜蘭縣,服務業,57191973,22.52,,
11401,宜蘭縣,農林漁牧,4222532,1.66,,
11401,宜蘭縣,工業,122892539,48.39,,
11401,新竹縣,住宅,95135345,10.22,,
11401,新竹縣,服務業,69870406,7.5,,
11401,新竹縣,農林漁牧,1457824,0.16,,
11401,新竹縣,工業,764613319,82.12,,
11401,苗栗縣,住宅,80194795,13.33,,
11401,苗栗縣,服務業,46528730,7.73,,
11401,苗栗縣,農林漁牧,2080679,0.35,,
11401,苗栗縣,工業,472785775,78.59,,
11401,彰化縣,住宅,173456027,20.66,,
11401,彰化縣,服務業,189999639,22.63,,
11401,彰化縣,農林漁牧,33221645,3.96,,
11401,彰化縣,工業,442834215,52.75,,
11401,南投縣,住宅,62073118,31.13,,
11401,南投縣,服務業,43955818,22.04,,
11401,南投縣,農林漁牧,7815685,3.92,,
11401,南投縣,工業,85584247,42.91,,
11401,雲林縣,住宅,97290898,24.14,,
11401,雲林縣,服務業,54301047,13.47,,
11401,雲林縣,農林漁牧,28218374,7,,
11401,雲林縣,工業,223280882,55.39,,
11401,嘉義縣,住宅,68944313,32.07,,
11401,嘉義縣,服務業,35676143,16.6,,
11401,嘉義縣,農林漁牧,18708179,8.7,,
11401,嘉義縣,工業,91625122,42.63,,
11401,屏東縣,住宅,120279315,34.15,,
11401,屏東縣,服務業,77127911,21.9,,
11401,屏東縣,農林漁牧,55754957,15.83,,
11401,屏東縣,工業,99013550,28.11,,
11401,台東縣,住宅,28671456,43.91,,
11401,台東縣,服務業,25912545,39.68,,
11401,台東縣,農林漁牧,2218686,3.4,,
11401,台東縣,工業,8497339,13.01,,
11401,花蓮縣,住宅,45510376,25.44,,
11401,花蓮縣,服務業,44179712,24.7,,
11401,花蓮縣,農林漁牧,1874310,1.05,,
11401,花蓮縣,工業,87318162,48.81,,
11401,基隆市,住宅,49264688,49.62,,
11401,基隆市,服務業,34410235,34.66,,
11401,基隆市,農林漁牧,419759,0.42,,
11401,基隆市,工業,15187202,15.3,,
11401,新竹市,住宅,81558251,11.69,,
11401,新竹市,服務業,77060979,11.05,,
11401,新竹市,農林漁牧,602430,0.09,,
11401,新竹市,工業,538333470,77.17,,
11401,嘉義市,住宅,37635155,47.52,,
11401,嘉義市,服務業,35128040,44.35,,
11401,嘉義市,農林漁牧,501648,0.63,,
11401,嘉義市,工業,5938886,7.5,,
11401,澎湖縣,住宅,14017390,43.46,,
11401,澎湖縣,服務業,13481322,41.8,,
11401,澎湖縣,農林漁牧,348245,1.08,,
11401,澎湖縣,工業,4403390,13.65,,
11401,金門縣,住宅,10985731,49.41,,
11401,金門縣,服務業,8628713,38.81,,
11401,金門縣,農林漁牧,256779,1.15,,
11401,金門縣,工業,2363396,10.63,,
11401,連江縣,住宅,2698263,43.5,,
11401,連江縣,服務業,2777946,44.78,,
11401,連江縣,農林漁牧,3991,0.06,,
11401,連江縣,工業,723395,11.66,,
11312,新北市,住宅,611430178,40,,
11312,新北市,服務業,459901046,30.09,,
11312,新北市,農林漁牧,1535180,0.1,,
11312,新北市,工業,455737809,29.81,,
11312,台北市,住宅,360403969,34.35,,
11312,台北市,服務業,653224384,62.26,,
11312,台北市,農林漁牧,180574,0.02,,
11312,台北市,工業,35449548,3.38,,
11312,桃園市,住宅,380797822,16.81,,
11312,桃園市,服務業,336495181,14.86,,
11312,桃園市,農林漁牧,4100142,0.18,,
11312,桃園市,工業,1543366316,68.15,,
11312,台中市,住宅,469877305,17.49,,
11312,台中市,服務業,422784606,15.74,,
11312,台中市,農林漁牧,11900642,0.44,,
11312,台中市,工業,1781760925,66.33,,
11312,台南市,住宅,297514277,11.7,,
11312,台南市,服務業,233644454,9.19,,
11312,台南市,農林漁牧,33976221,1.34,,
11312,台南市,工業,1976739007,77.77,,
11312,高雄市,住宅,354905638,15.4,,
11312,高雄市,服務業,393225596,17.07,,
11312,高雄市,農林漁牧,20415040,0.89,,
11312,高雄市,工業,1535610932,66.65,,
11312,宜蘭縣,住宅,74922367,28.81,,
11312,宜蘭縣,服務業,58720703,22.58,,
11312,宜蘭縣,農林漁牧,4895532,1.88,,
11312,宜蘭縣,工業,121511732,46.73,,
11312,新竹縣,住宅,103208783,10.52,,
11312,新竹縣,服務業,79480187,8.1,,
11312,新竹縣,農林漁牧,1532526,0.16,,
11312,新竹縣,工業,797214787,81.23,,
11312,苗栗縣,住宅,71791031,11.98,,
11312,苗栗縣,服務業,49062646,8.19,,
11312,苗栗縣,農林漁牧,2247285,0.38,,
11312,苗栗縣,工業,476011546,79.45,,
11312,彰化縣,住宅,173954817,19.23,,
11312,彰化縣,服務業,206174350,22.79,,
11312,彰化縣,農林漁牧,37262983,4.12,,
11312,彰化縣,工業,487117532,53.85,,
11312,南投縣,住宅,75798629,32.83,,
11312,南投縣,服務業,50481412,21.87,,
11312,南投縣,農林漁牧,9003566,3.9,,
11312,南投縣,工業,95566057,41.4,,
11312,雲林縣,住宅,92155843,21.93,,
11312,雲林縣,服務業,56786953,13.51,,
11312,雲林縣,農林漁牧,30248321,7.2,,
11312,雲林縣,工業,241035866,57.36,,
11312,嘉義縣,住宅,60389160,26.8,,
11312,嘉義縣,服務業,37941184,16.84,,
11312,嘉義縣,農林漁牧,20430651,9.07,,
11312,嘉義縣,工業,106601160,47.3,,
11312,屏東縣,住宅,106764071,29.46,,
11312,屏東縣,服務業,86185046,23.78,,
11312,屏東縣,農林漁牧,56877042,15.69,,
11312,屏東縣,工業,112591722,31.07,,
11312,台東縣,住宅,32304335,44.32,,
11312,台東縣,服務業,28136682,38.6,,
11312,台東縣,農林漁牧,2412508,3.31,,
11312,台東縣,工業,10039184,13.77,,
11312,花蓮縣,住宅,49369663,25.5,,
11312,花蓮縣,服務業,47359536,24.46,,
11312,花蓮縣,農林漁牧,2247980,1.16,,
11312,花蓮縣,工業,94657330,48.88,,
11312,基隆市,住宅,55568906,50.56,,
11312,基隆市,服務業,37204123,33.85,,
11312,基隆市,農林漁牧,412370,0.38,,
11312,基隆市,工業,16723532,15.22,,
11312,新竹市,住宅,68453170,9.64,,
11312,新竹市,服務業,88573005,12.47,,
11312,新竹市,農林漁牧,665306,0.09,,
11312,新竹市,工業,552313074,77.79,,
11312,嘉義市,住宅,37677738,45.08,,
11312,嘉義市,服務業,38420186,45.97,,
11312,嘉義市,農林漁牧,675048,0.81,,
11312,嘉義市,工業,6803492,8.14,,
11312,澎湖縣,住宅,12929307,42.98,,
11312,澎湖縣,服務業,12363889,41.1,,
11312,澎湖縣,農林漁牧,366422,1.22,,
11312,澎湖縣,工業,4422807,14.7,,
11312,金門縣,住宅,9237159,45.11,,
11312,金門縣,服務業,8371189,40.88,,
11312,金門縣,農林漁牧,276640,1.35,,
11312,金門縣,工業,2593592,12.66,,
11312,連江縣,住宅,2108607,37.62,,
11312,連江縣,服務業,2811776,50.16,,
11312,連江縣,農林漁牧,4788,0.09,,
11312,連江縣,工業,680305,12.14,,
11311,新北市,住宅,806025077,43.17,,
11311,新北市,服務業,573833547,30.73,,
11311,新北市,農林漁牧,2199134,0.12,,
11311,新北市,工業,485111428,25.98,,
11311,台北市,住宅,500432412,37.93,,
11311,台北市,服務業,769689823,58.34,,
11311,台北市,農林漁牧,207281,0.02,,
11311,台北市,工業,48992835,3.71,,
11311,桃園市,住宅,430568845,18.04,,
11311,桃園市,服務業,382582565,16.03,,
11311,桃園市,農林漁牧,4729183,0.2,,
11311,桃園市,工業,1568844995,65.73,,
11311,台中市,住宅,604866999,20.83,,
11311,台中市,服務業,509294095,17.54,,
11311,台中市,農林漁牧,13859949,0.48,,
11311,台中市,工業,1775808613,61.15,,
11311,台南市,住宅,391389148,14.24,,
11311,台南市,服務業,266835360,9.71,,
11311,台南市,農林漁牧,41464145,1.51,,
11311,台南市,工業,2049644101,74.55,,
11311,高雄市,住宅,627288216,23.65,,
11311,高雄市,服務業,465283039,17.55,,
11311,高雄市,農林漁牧,22992124,0.87,,
11311,高雄市,工業,1536360348,57.93,,
11311,宜蘭縣,住宅,85025407,30.81,,
11311,宜蘭縣,服務業,70890277,25.69,,
11311,宜蘭縣,農林漁牧,6424547,2.33,,
11311,宜蘭縣,工業,113598327,41.17,,
11311,新竹縣,住宅,123376342,12.24,,
11311,新竹縣,服務業,89454145,8.87,,
11311,新竹縣,農林漁牧,2048238,0.2,,
11311,新竹縣,工業,793495430,78.69,,
11311,苗栗縣,住宅,107623878,16,,
11311,苗栗縣,服務業,60347944,8.97,,
11311,苗栗縣,農林漁牧,2877949,0.43,,
11311,苗栗縣,工業,501945114,74.61,,
11311,彰化縣,住宅,231352111,23.49,,
11311,彰化縣,服務業,216385305,21.97,,
11311,彰化縣,農林漁牧,47157089,4.79,,
11311,彰化縣,工業,489924879,49.75,,
11311,南投縣,住宅,75880074,31.88,,
11311,南投縣,服務業,55533434,23.33,,
11311,南投縣,農林漁牧,10583363,4.45,,
11311,南投縣,工業,96031315,40.34,,
11311,雲林縣,住宅,133362207,27.15,,
11311,雲林縣,服務業,74123963,15.09,,
11311,雲林縣,農林漁牧,38279656,7.79,,
11311,雲林縣,工業,245494379,49.97,,
11311,嘉義縣,住宅,92404020,33.41,,
11311,嘉義縣,服務業,46756481,16.91,,
11311,嘉義縣,農林漁牧,25660082,9.28,,
11311,嘉義縣,工業,111742663,40.4,,
11311,屏東縣,住宅,159295421,36.26,,
11311,屏東縣,服務業,101505201,23.11,,
11311,屏東縣,農林漁牧,62246786,14.17,,
11311,屏東縣,工業,116235186,26.46,,
11311,台東縣,住宅,36680702,43.72,,
11311,台東縣,服務業,33371204,39.78,,
11311,台東縣,農林漁牧,2729642,3.25,,
11311,台東縣,工業,11118254,13.25,,
11311,花蓮縣,住宅,58761464,29.5,,
11311,花蓮縣,服務業,54706753,27.46,,
11311,花蓮縣,農林漁牧,2486183,1.25,,
11311,花蓮縣,工業,83256072,41.79,,
11311,基隆市,住宅,61769155,50.43,,
11311,基隆市,服務業,43300210,35.35,,
11311,基隆市,農林漁牧,391952,0.32,,
11311,基隆市,工業,17014965,13.89,,
11311,新竹市,住宅,108821848,14.13,,
11311,新竹市,服務業,103222615,13.4,,
11311,新竹市,農林漁牧,757933,0.1,,
11311,新竹市,工業,557318642,72.37,,
11311,嘉義市,住宅,51527952,47.98,,
11311,嘉義市,服務業,47804807,44.52,,
11311,嘉義市,農林漁牧,758507,0.71,,
11311,嘉義市,工業,7297409,6.8,,
11311,澎湖縣,住宅,18641213,45.78,,
11311,澎湖縣,服務業,16994501,41.74,,
11311,澎湖縣,農林漁牧,462083,1.13,,
11311,澎湖縣,工業,4617266,11.34,,
11311,金門縣,住宅,13537958,47.51,,
11311,金門縣,服務業,11133856,39.07,,
11311,金門縣,農林漁牧,350377,1.23,,
11311,金門縣,工業,3474989,12.19,,
11311,連江縣,住宅,2705566,41.38,,
11311,連江縣,服務業,3118196,47.69,,
11311,連江縣,農林漁牧,6269,0.1,,
11311,連江縣,工業,708798,10.84,,
11310,新北市,住宅,935372078,46.16,,
11310,新北市,服務業,583730354,28.81,,
11310,新北市,農林漁牧,1999206,0.1,,
11310,新北市,工業,505302485,24.94,,
11310,台北市,住宅,561882499,39.41,,
11310,台北市,服務業,820457114,57.55,,
11310,台北市,農林漁牧,215158,0.02,,
11310,台北市,工業,43102511,3.02,,
11310,桃園市,住宅,586805588,22.34,,
11310,桃園市,服務業,428754924,16.32,,
11310,桃園市,農林漁牧,5550283,0.21,,
11310,桃園市,工業,1606002405,61.13,,
11310,台中市,住宅,675180860,22.13,,
11310,台中市,服務業,530788657,17.4,,
11310,台中市,農林漁牧,15038053,0.49,,
11310,台中市,工業,1829770779,59.98,,
11310,台南市,住宅,426774347,14.4,,
11310,台南市,服務業,284337807,9.59,,
11310,台南市,農林漁牧,43193915,1.46,,
11310,台南市,工業,2210003159,74.55,,
11310,高雄市,住宅,511371319,20.3,,
11310,高雄市,服務業,477732523,18.96,,
11310,高雄市,農林漁牧,22762942,0.9,,
11310,高雄市,工業,1507160102,59.83,,
11310,宜蘭縣,住宅,110947152,34.6,,
11310,宜蘭縣,服務業,75434490,23.53,,
11310,宜蘭縣,農林漁牧,7210273,2.25,,
11310,宜蘭縣,工業,127053490,39.62,,
11310,新竹縣,住宅,160781120,14.23,,
11310,新竹縣,服務業,101027975,8.94,,
11310,新竹縣,農林漁牧,2123501,0.19,,
11310,新竹縣,工業,866274016,76.65,,
11310,苗栗縣,住宅,115049269,17.92,,
11310,苗栗縣,服務業,63088791,9.83,,
11310,苗栗縣,農林漁牧,3159382,0.49,,
11310,苗栗縣,工業,460622875,71.76,,
11310,彰化縣,住宅,256714556,25.59,,
11310,彰化縣,服務業,230487550,22.98,,
11310,彰化縣,農林漁牧,50659588,5.05,,
11310,彰化縣,工業,465316576,46.38,,
11310,南投縣,住宅,98120493,36.25,,
11310,南投縣,服務業,60878020,22.49,,
11310,南投縣,農林漁牧,10364985,3.83,,
11310,南投縣,工業,101315359,37.43,,
11310,雲林縣,住宅,138218407,27.37,,
11310,雲林縣,服務業,72317880,14.32,,
11310,雲林縣,農林漁牧,40620922,8.04,,
11310,雲林縣,工業,253825248,50.26,,
11310,嘉義縣,住宅,88158132,32.02,,
11310,嘉義縣,服務業,47440644,17.23,,
11310,嘉義縣,農林漁牧,26580805,9.65,,
11310,嘉義縣,工業,113161575,41.1,,
11310,屏東縣,住宅,154856834,35.48,,
11310,屏東縣,服務業,105060023,24.07,,
11310,屏東縣,農林漁牧,60493559,13.86,,
11310,屏東縣,工業,116090071,26.6,,
11310,台東縣,住宅,46243872,48.72,,
11310,台東縣,服務業,36018922,37.95,,
11310,台東縣,農林漁牧,2583238,2.72,,
11310,台東縣,工業,10063002,10.6,,
11310,花蓮縣,住宅,73151912,33.76,,
11310,花蓮縣,服務業,58827108,27.15,,
11310,花蓮縣,農林漁牧,2481615,1.15,,
11310,花蓮縣,工業,82201137,37.94,,
11310,基隆市,住宅,84358558,55.86,,
11310,基隆市,服務業,47671932,31.56,,
11310,基隆市,農林漁牧,480382,0.32,,
11310,基隆市,工業,18518430,12.26,,
11310,新竹市,住宅,111262477,13.67,,
11310,新竹市,服務業,110723429,13.61,,
11310,新竹市,農林漁牧,879063,0.11,,
11310,新竹市,工業,590776347,72.61,,
11310,嘉義市,住宅,56457905,49.42,,
11310,嘉義市,服務業,49325132,43.17,,
11310,嘉義市,農林漁牧,807312,0.71,,
11310,嘉義市,工業,7661898,6.71,,
11310,澎湖縣,住宅,20417268,47.83,,
11310,澎湖縣,服務業,17061064,39.96,,
11310,澎湖縣,農林漁牧,515146,1.21,,
11310,澎湖縣,工業,4697736,11,,
11310,金門縣,住宅,13224570,46.61,,
11310,金門縣,服務業,11022719,38.85,,
11310,金門縣,農林漁牧,388126,1.37,,
11310,金門縣,工業,3735932,13.17,,
11310,連江縣,住宅,2840559,39.52,,
11310,連江縣,服務業,3595020,50.02,,
11310,連江縣,農林漁牧,8044,0.11,,
11310,連江縣,工業,743589,10.35,,
11309,新北市,住宅,1086478680,47.04,,
11309,新北市,服務業,684600274,29.64,,
11309,新北市,農林漁牧,2689603,0.12,,
11309,新北市,工業,536140096,23.21,,
11309,台北市,住宅,675530586,40.53,,
11309,台北市,服務業,935082742,56.1,,
11309,台北市,農林漁牧,250179,0.02,,
11309,台北市,工業,55982820,3.36,,
11309,桃園市,住宅,579625921,21.72,,
11309,桃園市,服務業,466454012,17.48,,
11309,桃園市,農林漁牧,6021041,0.23,,
11309,桃園市,工業,1616169708,60.57,,
11309,台中市,住宅,763336736,23.95,,
11309,台中市,服務業,587014497,18.42,,
11309,台中市,農林漁牧,16052674,0.5,,
11309,台中市,工業,1820952106,57.13,,
11309,台南市,住宅,470370312,15.42,,
11309,台南市,服務業,296344494,9.71,,
11309,台南市,農林漁牧,46337956,1.52,,
11309,台南市,工業,2238218742,73.35,,
11309,高雄市,住宅,759219089,27.33,,
11309,高雄市,服務業,512705604,18.46,,
11309,高雄市,農林漁牧,24183762,0.87,,
11309,高雄市,工業,1481898327,53.34,,
11309,宜蘭縣,住宅,115342289,32.84,,
11309,宜蘭縣,服務業,87732817,24.98,,
11309,宜蘭縣,農林漁牧,8023810,2.28,,
11309,宜蘭縣,工業,140165640,39.9,,
11309,新竹縣,住宅,165959590,14.58,,
11309,新竹縣,服務業,107101206,9.41,,
11309,新竹縣,農林漁牧,2537056,0.22,,
11309,新竹縣,工業,862800843,75.79,,
11309,苗栗縣,住宅,149716652,19.95,,
11309,苗栗縣,服務業,71256023,9.5,,
11309,苗栗縣,農林漁牧,3550363,0.47,,
11309,苗栗縣,工業,525832081,70.08,,
11309,彰化縣,住宅,291340924,26.94,,
11309,彰化縣,服務業,233198416,21.56,,
11309,彰化縣,農林漁牧,55836415,5.16,,
11309,彰化縣,工業,501079732,46.33,,
11309,南投縣,住宅,85352330,33.25,,
11309,南投縣,服務業,59683760,23.25,,
11309,南投縣,農林漁牧,10814991,4.21,,
11309,南投縣,工業,100873674,39.29,,
11309,雲林縣,住宅,162967690,30.01,,
11309,雲林縣,服務業,82360320,15.17,,
11309,雲林縣,農林漁牧,44344217,8.17,,
11309,雲林縣,工業,253384563,46.66,,
11309,嘉義縣,住宅,110406498,35.9,,
11309,嘉義縣,服務業,52914731,17.2,,
11309,嘉義縣,農林漁牧,29093202,9.46,,
11309,嘉義縣,工業,115151436,37.44,,
11309,屏東縣,住宅,190731378,39.97,,
11309,屏東縣,服務業,112313763,23.54,,
11309,屏東縣,農林漁牧,65942970,13.82,,
11309,屏東縣,工業,108205952,22.68,,
11309,台東縣,住宅,46491109,46.5,,
11309,台東縣,服務業,39545715,39.55,,
11309,台東縣,農林漁牧,2853090,2.85,,
11309,台東縣,工業,11088593,11.09,,
11309,花蓮縣,住宅,75517628,32.71,,
11309,花蓮縣,服務業,65253422,28.26,,
11309,花蓮縣,農林漁牧,2710762,1.17,,
11309,花蓮縣,工業,87406469,37.86,,
11309,基隆市,住宅,82796989,53.19,,
11309,基隆市,服務業,53616152,34.45,,
11309,基隆市,農林漁牧,549591,0.35,,
11309,基隆市,工業,18691039,12.01,,
11309,新竹市,住宅,152840293,17.53,,
11309,新竹市,服務業,125251948,14.37,,
11309,新竹市,農林漁牧,966878,0.11,,
11309,新竹市,工業,592792977,67.99,,
11309,嘉義市,住宅,62636667,49.7,,
11309,嘉義市,服務業,54554596,43.29,,
11309,嘉義市,農林漁牧,816505,0.65,,
11309,嘉義市,工業,8010199,6.36,,
11309,澎湖縣,住宅,25316566,47.61,,
11309,澎湖縣,服務業,22489064,42.3,,
11309,澎湖縣,農林漁牧,512845,0.96,,
11309,澎湖縣,工業,4851148,9.12,,
11309,金門縣,住宅,17945219,49.69,,
11309,金門縣,服務業,13620660,37.71,,
11309,金門縣,農林漁牧,358088,0.99,,
11309,金門縣,工業,4193218,11.61,,
11309,連江縣,住宅,4018853,44.16,,
11309,連江縣,服務業,4284929,47.09,,
11309,連江縣,農林漁牧,10036,0.11,,
11309,連江縣,工業,786545,8.64,,
11308,新北市,住宅,1021991022,46.04,,
11308,新北市,服務業,645129125,29.06,,
11308,新北市,農林漁牧,2172914,0.1,,
11308,新北市,工業,550524215,24.8,,
11308,台北市,住宅,615716159,38.96,,
11308,台北市,服務業,917809624,58.07,,
11308,台北市,農林漁牧,251319,0.02,,
11308,台北市,工業,46737430,2.96,,
11308,桃園市,住宅,649372474,22.81,,
11308,桃園市,服務業,475343881,16.69,,
11308,桃園市,農林漁牧,6463901,0.23,,
11308,桃園市,工業,1716180454,60.27,,
11308,台中市,住宅,752826446,23.46,,
11308,台中市,服務業,579725439,18.07,,
11308,台中市,農林漁牧,16390467,0.51,,
11308,台中市,工業,1859694281,57.96,,
11308,台南市,住宅,481347159,15.2,,
11308,台南市,服務業,304968736,9.63,,
11308,台南市,農林漁牧,47716383,1.51,,
11308,台南市,工業,2333260414,73.67,,
11308,高雄市,住宅,595787153,21.59,,
11308,高雄市,服務業,520737040,18.87,,
11308,高雄市,農林漁牧,24954573,0.9,,
11308,高雄市,工業,1617704215,58.63,,
11308,宜蘭縣,住宅,122523227,33.77,,
11308,宜蘭縣,服務業,86315858,23.79,,
11308,宜蘭縣,農林漁牧,8249747,2.27,,
11308,宜蘭縣,工業,145713330,40.16,,
11308,新竹縣,住宅,177157007,14.79,,
11308,新竹縣,服務業,113497202,9.48,,
11308,新竹縣,農林漁牧,2560386,0.21,,
11308,新竹縣,工業,904386926,75.52,,
11308,苗栗縣,住宅,129230748,17.19,,
11308,苗栗縣,服務業,70371721,9.36,,
11308,苗栗縣,農林漁牧,3910927,0.52,,
11308,苗栗縣,工業,548459274,72.94,,
11308,彰化縣,住宅,287378480,25.59,,
11308,彰化縣,服務業,238359388,21.22,,
11308,彰化縣,農林漁牧,58495447,5.21,,
11308,彰化縣,工業,538808169,47.98,,
11308,南投縣,住宅,105478446,36.67,,
11308,南投縣,服務業,64859391,22.55,,
11308,南投縣,農林漁牧,11180944,3.89,,
11308,南投縣,工業,106123803,36.89,,
11308,雲林縣,住宅,156565995,28.37,,
11308,雲林縣,服務業,80403390,14.57,,
11308,雲林縣,農林漁牧,47776579,8.66,,
11308,雲林縣,工業,267044494,48.4,,
11308,嘉義縣,住宅,97925477,32.29,,
11308,嘉義縣,服務業,51285097,16.91,,
11308,嘉義縣,農林漁牧,30773802,10.15,,
11308,嘉義縣,工業,123329911,40.66,,
11308,屏東縣,住宅,183615710,37.13,,
11308,屏東縣,服務業,117349193,23.73,,
11308,屏東縣,農林漁牧,70902806,14.34,,
11308,屏東縣,工業,122637287,24.8,,
11308,台東縣,住宅,53660073,48.96,,
11308,台東縣,服務業,41449143,37.82,,
11308,台東縣,農林漁牧,3255470,2.97,,
11308,台東縣,工業,11226490,10.24,,
11308,花蓮縣,住宅,81803525,35.95,,
11308,花蓮縣,服務業,64968455,28.55,,
11308,花蓮縣,農林漁牧,2904435,1.28,,
11308,花蓮縣,工業,77856847,34.22,,
11308,基隆市,住宅,91240766,55.03,,
11308,基隆市,服務業,53987836,32.56,,
11308,基隆市,農林漁牧,571007,0.34,,
11308,基隆市,工業,19997255,12.06,,
11308,新竹市,住宅,125390035,14.58,,
11308,新竹市,服務業,121197303,14.1,,
11308,新竹市,農林漁牧,966429,0.11,,
11308,新竹市,工業,612224552,71.21,,
11308,嘉義市,住宅,63194495,50.3,,
11308,嘉義市,服務業,53259582,42.4,,
11308,嘉義市,農林漁牧,917687,0.73,,
11308,嘉義市,工業,8253455,6.57,,
11308,澎湖縣,住宅,23138999,46.18,,
11308,澎湖縣,服務業,21391445,42.69,,
11308,澎湖縣,農林漁牧,526611,1.05,,
11308,澎湖縣,工業,5047874,10.07,,
11308,金門縣,住宅,14827189,46.44,,
11308,金門縣,服務業,12362188,38.72,,
11308,金門縣,農林漁牧,394455,1.24,,
11308,金門縣,工業,4342666,13.6,,
11308,連江縣,住宅,3161640,37.5,,
11308,連江縣,服務業,4387704,52.04,,
11308,連江縣,農林漁牧,11660,0.14,,
11308,連江縣,工業,870815,10.33,,
11307,新北市,住宅,816648889,41,,
11307,新北市,服務業,636433191,31.95,,
11307,新北市,農林漁牧,2410298,0.12,,
11307,新北市,工業,536369271,26.93,,
11307,台北市,住宅,510931663,34.78,,
11307,台北市,服務業,906015031,61.68,,
11307,台北市,農林漁牧,218865,0.01,,
11307,台北市,工業,51811526,3.53,,
11307,桃園市,住宅,444957196,17.21,,
11307,桃園市,服務業,445668877,17.23,,
11307,桃園市,農林漁牧,5582628,0.22,,
11307,桃園市,工業,1689824734,65.34,,
11307,台中市,住宅,616156276,20.12,,
11307,台中市,服務業,562073977,18.35,,
11307,台中市,農林漁牧,15211681,0.5,,
11307,台中市,工業,1868882184,61.03,,
11307,台南市,住宅,411595460,13.61,,
11307,台南市,服務業,298357524,9.87,,
11307,台南市,農林漁牧,45619519,1.51,,
11307,台南市,工業,2268695372,75.02,,
11307,高雄市,住宅,675837115,24.3,,
11307,高雄市,服務業,517866769,18.62,,
11307,高雄市,農林漁牧,24065991,0.87,,
11307,高雄市,工業,1563859917,56.22,,
11307,宜蘭縣,住宅,86701732,26.46,,
11307,宜蘭縣,服務業,83901138,25.61,,
11307,宜蘭縣,農林漁牧,7824808,2.39,,
11307,宜蘭縣,工業,149212903,45.54,,
11307,新竹縣,住宅,124538677,11.25,,
11307,新竹縣,服務業,102294372,9.24,,
11307,新竹縣,農林漁牧,2498282,0.23,,
11307,新竹縣,工業,877974404,79.29,,
11307,苗栗縣,住宅,114252753,16.15,,
11307,苗栗縣,服務業,68189768,9.64,,
11307,苗栗縣,農林漁牧,3804744,0.54,,
11307,苗栗縣,工業,521273303,73.68,,
11307,彰化縣,住宅,236225237,22.72,,
11307,彰化縣,服務業,222044545,21.35,,
11307,彰化縣,農林漁牧,55238472,5.31,,
11307,彰化縣,工業,526345064,50.62,,
11307,南投縣,住宅,73016159,29.75,,
11307,南投縣,服務業,58982520,24.04,,
11307,南投縣,農林漁牧,10734683,4.37,,
11307,南投縣,工業,102659612,41.83,,
11307,雲林縣,住宅,137437943,26.11,,
11307,雲林縣,服務業,81031432,15.39,,
11307,雲林縣,農林漁牧,45798066,8.7,,
11307,雲林縣,工業,262198523,49.8,,
11307,嘉義縣,住宅,94139653,32,,
11307,嘉義縣,服務業,51740445,17.59,,
11307,嘉義縣,農林漁牧,28984456,9.85,,
11307,嘉義縣,工業,119295026,40.55,,
11307,屏東縣,住宅,176213268,36.74,,
11307,屏東縣,服務業,115840444,24.15,,
11307,屏東縣,農林漁牧,69890523,14.57,,
11307,屏東縣,工業,117729758,24.54,,
11307,台東縣,住宅,39307867,41.91,,
11307,台東縣,服務業,39794597,42.43,,
11307,台東縣,農林漁牧,3161614,3.37,,
11307,台東縣,工業,11521885,12.29,,
11307,花蓮縣,住宅,60280703,28.48,,
11307,花蓮縣,服務業,63558237,30.03,,
11307,花蓮縣,農林漁牧,2770931,1.31,,
11307,花蓮縣,工業,85058152,40.18,,
11307,基隆市,住宅,60962857,46.1,,
11307,基隆市,服務業,51387984,38.86,,
11307,基隆市,農林漁牧,546098,0.41,,
11307,基隆市,工業,19331988,14.62,,
11307,新竹市,住宅,115967776,13.61,,
11307,新竹市,服務業,120339363,14.13,,
11307,新竹市,農林漁牧,937294,0.11,,
11307,新竹市,工業,614557915,72.15,,
11307,嘉義市,住宅,54637217,46.52,,
11307,嘉義市,服務業,54136317,46.09,,
11307,嘉義市,農林漁牧,845339,0.72,,
11307,嘉義市,工業,7826786,6.66,,
11307,澎湖縣,住宅,21265417,42.66,,
11307,澎湖縣,服務業,22565164,45.27,,
11307,澎湖縣,農林漁牧,486920,0.98,,
11307,澎湖縣,工業,5529844,11.09,,
11307,金門縣,住宅,13398436,43.38,,
11307,金門縣,服務業,12922232,41.83,,
11307,金門縣,農林漁牧,340428,1.1,,
11307,金門縣,工業,4227909,13.69,,
11307,連江縣,住宅,3136858,39.46,,
11307,連江縣,服務業,3966145,49.89,,
11307,連江縣,農林漁牧,9797,0.12,,
11307,連江縣,工業,836317,10.52,,
11306,新北市,住宅,686277171,40.35,,
11306,新北市,服務業,529646196,31.14,,
11306,新北市,農林漁牧,1637876,0.1,,
11306,新北市,工業,483393500,28.42,,
11306,台北市,住宅,412798293,33.37,,
11306,台北市,服務業,784866040,63.44,,
11306,台北市,農林漁牧,198178,0.02,,
11306,台北市,工業,39296911,3.18,,
11306,桃園市,住宅,448545969,18.46,,
11306,桃園市,服務業,395193219,16.26,,
11306,桃園市,農林漁牧,4806146,0.2,,
11306,桃園市,工業,1581330202,65.08,,
11306,台中市,住宅,555804608,19.46,,
11306,台中市,服務業,496597351,17.39,,
11306,台中市,農林漁牧,14344398,0.5,,
11306,台中市,工業,1789378573,62.65,,
11306,台南市,住宅,389257994,13.29,,
11306,台南市,服務業,275068570,9.39,,
11306,台南市,農林漁牧,38755940,1.32,,
11306,台南市,工業,2226108918,76,,
11306,高雄市,住宅,502554469,19.78,,
11306,高雄市,服務業,477886599,18.81,,
11306,高雄市,農林漁牧,21612029,0.85,,
11306,高雄市,工業,1538882724,60.56,,
11306,宜蘭縣,住宅,84890222,28.19,,
11306,宜蘭縣,服務業,68156899,22.64,,
11306,宜蘭縣,農林漁牧,6306232,2.09,,
11306,宜蘭縣,工業,141745635,47.08,,
11306,新竹縣,住宅,119281040,11.39,,
11306,新竹縣,服務業,92943650,8.87,,
11306,新竹縣,農林漁牧,1887575,0.18,,
11306,新竹縣,工業,833338091,79.56,,
11306,苗栗縣,住宅,86959885,13.29,,
11306,苗栗縣,服務業,57555568,8.8,,
11306,苗栗縣,農林漁牧,3034838,0.46,,
11306,苗栗縣,工業,506825485,77.45,,
11306,彰化縣,住宅,219386620,22.82,,
11306,彰化縣,服務業,205406499,21.37,,
11306,彰化縣,農林漁牧,44812456,4.66,,
11306,彰化縣,工業,491669718,51.15,,
11306,南投縣,住宅,90112636,35.69,,
11306,南投縣,服務業,56280699,22.29,,
11306,南投縣,農林漁牧,9496060,3.76,,
11306,南投縣,工業,96627592,38.27,,
11306,雲林縣,住宅,133328061,27.3,,
11306,雲林縣,服務業,68400500,14.01,,
11306,雲林縣,農林漁牧,36903908,7.56,,
11306,雲林縣,工業,249714119,51.13,,
11306,嘉義縣,住宅,84098132,31.43,,
11306,嘉義縣,服務業,45757130,17.1,,
11306,嘉義縣,農林漁牧,24661443,9.22,,
11306,嘉義縣,工業,113030392,42.25,,
11306,屏東縣,住宅,166751648,37.4,,
11306,屏東縣,服務業,106497934,23.88,,
11306,屏東縣,農林漁牧,60839644,13.64,,
11306,屏東縣,工業,111805972,25.07,,
11306,台東縣,住宅,41994763,46.49,,
11306,台東縣,服務業,34488062,38.18,,
11306,台東縣,農林漁牧,2540736,2.81,,
11306,台東縣,工業,11308916,12.52,,
11306,花蓮縣,住宅,60980854,29.63,,
11306,花蓮縣,服務業,54863652,26.65,,
11306,花蓮縣,農林漁牧,2236375,1.09,,
11306,花蓮縣,工業,87752403,42.63,,
11306,基隆市,住宅,61793727,49.72,,
11306,基隆市,服務業,44069306,35.46,,
11306,基隆市,農林漁牧,461580,0.37,,
11306,基隆市,工業,17951345,14.44,,
11306,新竹市,住宅,82831142,10.69,,
11306,新竹市,服務業,106152303,13.7,,
11306,新竹市,農林漁牧,795821,0.1,,
11306,新竹市,工業,584919114,75.5,,
11306,嘉義市,住宅,50655316,47.9,,
11306,嘉義市,服務業,46965245,44.41,,
11306,嘉義市,農林漁牧,784679,0.74,,
11306,嘉義市,工業,7339777,6.94,,
11306,澎湖縣,住宅,16565537,41.75,,
11306,澎湖縣,服務業,17597087,44.35,,
11306,澎湖縣,農林漁牧,373637,0.94,,
11306,澎湖縣,工業,5143720,12.96,,
11306,金門縣,住宅,9452689,40.74,,
11306,金門縣,服務業,9741111,41.98,,
11306,金門縣,農林漁牧,254222,1.1,,
11306,金門縣,工業,3753885,16.18,,
11306,連江縣,住宅,2176318,35.88,,
11306,連江縣,服務業,3141160,51.79,,
11306,連江縣,農林漁牧,7417,0.12,,
11306,連江縣,工業,740406,12.21,,
11305,新北市,住宅,664467520,38.04,,
11305,新北市,服務業,568491053,32.55,,
11305,新北市,農林漁牧,2151306,0.12,,
11305,新北市,工業,511586133,29.29,,
11305,台北市,住宅,413462429,32.72,,
11305,台北市,服務業,802774022,63.53,,
11305,台北市,農林漁牧,210527,0.02,,
11305,台北市,工業,47265727,3.74,,
11305,桃園市,住宅,378321582,15.75,,
11305,桃園市,服務業,390362159,16.25,,
11305,桃園市,農林漁牧,4727463,0.2,,
11305,桃園市,工業,1628916764,67.81,,
11305,台中市,住宅,509064493,17.7,,
11305,台中市,服務業,514908179,17.9,,
11305,台中市,農林漁牧,13993443,0.49,,
11305,台中市,工業,1838225562,63.91,,
11305,台南市,住宅,345303252,11.81,,
11305,台南市,服務業,280494252,9.6,,
11305,台南市,農林漁牧,40887594,1.4,,
11305,台南市,工業,2256289090,77.19,,
11305,高雄市,住宅,560408328,21.03,,
11305,高雄市,服務業,493214909,18.51,,
11305,高雄市,農林漁牧,23977385,0.9,,
11305,高雄市,工業,1587452283,59.57,,
11305,宜蘭縣,住宅,72082365,24.79,,
11305,宜蘭縣,服務業,71553915,24.61,,
11305,宜蘭縣,農林漁牧,6455292,2.22,,
11305,宜蘭縣,工業,140691641,48.38,,
11305,新竹縣,住宅,102440769,10.16,,
11305,新竹縣,服務業,90187562,8.94,,
11305,新竹縣,農林漁牧,2046721,0.2,,
11305,新竹縣,工業,814063091,80.7,,
11305,苗栗縣,住宅,90765462,12.95,,
11305,苗栗縣,服務業,60050200,8.57,,
11305,苗栗縣,農林漁牧,3086644,0.44,,
11305,苗栗縣,工業,546760915,78.03,,
11305,彰化縣,住宅,203505223,20.66,,
11305,彰化縣,服務業,202862355,20.6,,
11305,彰化縣,農林漁牧,47681401,4.84,,
11305,彰化縣,工業,530769708,53.9,,
11305,南投縣,住宅,68351393,28.87,,
11305,南投縣,服務業,55340897,23.37,,
11305,南投縣,農林漁牧,10940107,4.62,,
11305,南投縣,工業,102144042,43.14,,
11305,雲林縣,住宅,124287158,24.91,,
11305,雲林縣,服務業,76672232,15.37,,
11305,雲林縣,農林漁牧,40986971,8.21,,
11305,雲林縣,工業,256989416,51.51,,
11305,嘉義縣,住宅,83893512,30.4,,
11305,嘉義縣,服務業,48594164,17.61,,
11305,嘉義縣,農林漁牧,27297806,9.89,,
11305,嘉義縣,工業,116197419,42.1,,
11305,屏東縣,住宅,153527015,33.75,,
11305,屏東縣,服務業,111426873,24.49,,
11305,屏東縣,農林漁牧,68703491,15.1,,
11305,屏東縣,工業,121262158,26.66,,
11305,台東縣,住宅,33117858,40.59,,
11305,台東縣,服務業,35289376,43.25,,
11305,台東縣,農林漁牧,2935349,3.6,,
11305,台東縣,工業,10246080,12.56,,
11305,花蓮縣,住宅,51983598,28.82,,
11305,花蓮縣,服務業,54407784,30.17,,
11305,花蓮縣,農林漁牧,2407716,1.34,,
11305,花蓮縣,工業,71546496,39.67,,
11305,基隆市,住宅,52157655,45.24,,
11305,基隆市,服務業,44404571,38.51,,
11305,基隆市,農林漁牧,467227,0.41,,
11305,基隆市,工業,18272577,15.85,,
11305,新竹市,住宅,90840736,11.45,,
11305,新竹市,服務業,107770901,13.58,,
11305,新竹市,農林漁牧,768732,0.1,,
11305,新竹市,工業,594077447,74.87,,
11305,嘉義市,住宅,45103966,43.47,,
11305,嘉義市,服務業,49898861,48.09,,
11305,嘉義市,農林漁牧,818484,0.79,,
11305,嘉義市,工業,7936624,7.65,,
11305,澎湖縣,住宅,16556488,40.78,,
11305,澎湖縣,服務業,18426411,45.38,,
11305,澎湖縣,農林漁牧,417969,1.03,,
11305,澎湖縣,工業,5203259,12.81,,
11305,金門縣,住宅,11773146,44.83,,
11305,金門縣,服務業,10467289,39.85,,
11305,金門縣,農林漁牧,299299,1.14,,
11305,金門縣,工業,3723944,14.18,,
11305,連江縣,住宅,2738061,41.33,,
11305,連江縣,服務業,3099129,46.78,,
11305,連江縣,農林漁牧,7140,0.11,,
11305,連江縣,工業,780633,11.78,,
11304,新北市,住宅,626113625,40.39,,
11304,新北市,服務業,464279639,29.95,,
11304,新北市,農林漁牧,1465949,0.09,,
11304,新北市,工業,458442496,29.57,,
11304,台北市,住宅,361558363,33.26,,
11304,台北市,服務業,689922641,63.47,,
11304,台北市,農林漁牧,183807,0.02,,
11304,台北市,工業,35352634,3.25,,
11304,桃園市,住宅,422520308,18.32,,
11304,桃園市,服務業,344649758,14.94,,
11304,桃園市,農林漁牧,4243842,0.18,,
11304,桃園市,工業,1534753242,66.55,,
11304,台中市,住宅,464035338,17.44,,
11304,台中市,服務業,441915936,16.61,,
11304,台中市,農林漁牧,13365064,0.5,,
11304,台中市,工業,1741777870,65.45,,
11304,台南市,住宅,301073850,11.22,,
11304,台南市,服務業,245734408,9.15,,
11304,台南市,農林漁牧,35022104,1.3,,
11304,台南市,工業,2102450089,78.32,,
11304,高雄市,住宅,361064009,15.52,,
11304,高雄市,服務業,428181238,18.41,,
11304,高雄市,農林漁牧,21622688,0.93,,
11304,高雄市,工業,1515428852,65.14,,
11304,宜蘭縣,住宅,77185622,28.21,,
11304,宜蘭縣,服務業,60041117,21.94,,
11304,宜蘭縣,農林漁牧,5224202,1.91,,
11304,宜蘭縣,工業,131174421,47.94,,
11304,新竹縣,住宅,109404133,11.53,,
11304,新竹縣,服務業,81006348,8.54,,
11304,新竹縣,農林漁牧,1694581,0.18,,
11304,新竹縣,工業,756803612,79.76,,
11304,苗栗縣,住宅,77540190,12.72,,
11304,苗栗縣,服務業,50607724,8.3,,
11304,苗栗縣,農林漁牧,2924665,0.48,,
11304,苗栗縣,工業,478579635,78.5,,
11304,彰化縣,住宅,188011189,21.16,,
11304,彰化縣,服務業,183031342,20.6,,
11304,彰化縣,農林漁牧,38193268,4.3,,
11304,彰化縣,工業,479093848,53.93,,
11304,南投縣,住宅,79664180,33.45,,
11304,南投縣,服務業,51477858,21.62,,
11304,南投縣,農林漁牧,10308377,4.33,,
11304,南投縣,工業,96700049,40.6,,
11304,雲林縣,住宅,110964560,24.8,,
11304,雲林縣,服務業,60705876,13.57,,
11304,雲林縣,農林漁牧,34513338,7.71,,
11304,雲林縣,工業,241238950,53.92,,
11304,嘉義縣,住宅,70135464,27.76,,
11304,嘉義縣,服務業,40720348,16.12,,
11304,嘉義縣,農林漁牧,22966945,9.09,,
11304,嘉義縣,工業,118845470,47.04,,
11304,屏東縣,住宅,121351763,31.24,,
11304,屏東縣,服務業,95670302,24.63,,
11304,屏東縣,農林漁牧,62534129,16.1,,
11304,屏東縣,工業,108929950,28.04,,
11304,台東縣,住宅,34701962,44.85,,
11304,台東縣,服務業,30785715,39.79,,
11304,台東縣,農林漁牧,2452932,3.17,,
11304,台東縣,工業,9427585,12.19,,
11304,花蓮縣,住宅,54547963,37.44,,
11304,花蓮縣,服務業,48278857,33.14,,
11304,花蓮縣,農林漁牧,2120938,1.46,,
11304,花蓮縣,工業,40743671,27.97,,
11304,基隆市,住宅,60658927,52.38,,
11304,基隆市,服務業,37627830,32.5,,
11304,基隆市,農林漁牧,445456,0.38,,
11304,基隆市,工業,17062697,14.74,,
11304,新竹市,住宅,72134892,10.26,,
11304,新竹市,服務業,93714264,13.33,,
11304,新竹市,農林漁牧,727708,0.1,,
11304,新竹市,工業,536435964,76.31,,
11304,嘉義市,住宅,39473671,44.44,,
11304,嘉義市,服務業,41205820,46.39,,
11304,嘉義市,農林漁牧,739869,0.83,,
11304,嘉義市,工業,7398303,8.33,,
11304,澎湖縣,住宅,13860444,41.98,,
11304,澎湖縣,服務業,14084802,42.66,,
11304,澎湖縣,農林漁牧,343804,1.04,,
11304,澎湖縣,工業,4726079,14.31,,
11304,金門縣,住宅,10060676,46.04,,
11304,金門縣,服務業,8467101,38.75,,
11304,金門縣,農林漁牧,287760,1.32,,
11304,金門縣,工業,3036289,13.89,,
11304,連江縣,住宅,2272146,40.07,,
11304,連江縣,服務業,2723899,48.04,,
11304,連江縣,農林漁牧,5888,0.1,,
11304,連江縣,工業,668444,11.79,,
11303,新北市,住宅,640065611,41.23,,
11303,新北市,服務業,455617674,29.35,,
11303,新北市,農林漁牧,1769306,0.11,,
11303,新北市,工業,454860525,29.3,,
11303,台北市,住宅,390102096,35.97,,
11303,台北市,服務業,646121192,59.57,,
11303,台北市,農林漁牧,186887,0.02,,
11303,台北市,工業,48164670,4.44,,
11303,桃園市,住宅,391135686,17.29,,
11303,桃園市,服務業,316823160,14,,
11303,桃園市,農林漁牧,3761743,0.17,,
11303,桃園市,工業,1550807965,68.54,,
11303,台中市,住宅,461821104,17.38,,
11303,台中市,服務業,411762434,15.49,,
11303,台中市,農林漁牧,12374997,0.47,,
11303,台中市,工業,1771568473,66.66,,
11303,台南市,住宅,295914988,11.28,,
11303,台南市,服務業,220313555,8.4,,
11303,台南市,農林漁牧,33162448,1.26,,
11303,台南市,工業,2074064732,79.06,,
11303,高雄市,住宅,447772902,18.85,,
11303,高雄市,服務業,399639041,16.82,,
11303,高雄市,農林漁牧,20887841,0.88,,
11303,高雄市,工業,1507276524,63.45,,
11303,宜蘭縣,住宅,71532900,25.62,,
11303,宜蘭縣,服務業,60189750,21.56,,
11303,宜蘭縣,農林漁牧,4826982,1.73,,
11303,宜蘭縣,工業,142637888,51.09,,
11303,新竹縣,住宅,102992625,11.08,,
11303,新竹縣,服務業,71497371,7.69,,
11303,新竹縣,農林漁牧,1647736,0.18,,
11303,新竹縣,工業,753184303,81.05,,
11303,苗栗縣,住宅,88182253,14.08,,
11303,苗栗縣,服務業,49178981,7.85,,
11303,苗栗縣,農林漁牧,2485652,0.4,,
11303,苗栗縣,工業,486358720,77.67,,
11303,彰化縣,住宅,190074258,21.85,,
11303,彰化縣,服務業,170254178,19.57,,
11303,彰化縣,農林漁牧,35178196,4.04,,
11303,彰化縣,工業,474458002,54.54,,
11303,南投縣,住宅,65995045,30.74,,
11303,南投縣,服務業,46718601,21.76,,
11303,南投縣,農林漁牧,8925257,4.16,,
11303,南投縣,工業,93057456,43.34,,
11303,雲林縣,住宅,110042041,24.72,,
11303,雲林縣,服務業,62730930,14.09,,
11303,雲林縣,農林漁牧,32272065,7.25,,
11303,雲林縣,工業,240190403,53.95,,
11303,嘉義縣,住宅,76133067,31.25,,
11303,嘉義縣,服務業,38985386,16,,
11303,嘉義縣,農林漁牧,22088755,9.07,,
11303,嘉義縣,工業,106452118,43.69,,
11303,屏東縣,住宅,126217994,33.02,,
11303,屏東縣,服務業,87410917,22.87,,
11303,屏東縣,農林漁牧,61311495,16.04,,
11303,屏東縣,工業,107287405,28.07,,
11303,台東縣,住宅,30578925,41.71,,
11303,台東縣,服務業,29194914,39.83,,
11303,台東縣,農林漁牧,2521759,3.44,,
11303,台東縣,工業,11008832,15.02,,
11303,花蓮縣,住宅,50316107,25.83,,
11303,花蓮縣,服務業,49340200,25.33,,
11303,花蓮縣,農林漁牧,1962089,1.01,,
11303,花蓮縣,工業,93205566,47.84,,
11303,基隆市,住宅,53454455,50.23,,
11303,基隆市,服務業,35809497,33.65,,
11303,基隆市,農林漁牧,421970,0.4,,
11303,基隆市,工業,16727530,15.72,,
11303,新竹市,住宅,88208846,12.13,,
11303,新竹市,服務業,87497786,12.03,,
11303,新竹市,農林漁牧,659021,0.09,,
11303,新竹市,工業,550744527,75.74,,
11303,嘉義市,住宅,39553785,45.84,,
11303,嘉義市,服務業,39253291,45.49,,
11303,嘉義市,農林漁牧,626738,0.73,,
11303,嘉義市,工業,6846824,7.94,,
11303,澎湖縣,住宅,14977396,44.4,,
11303,澎湖縣,服務業,13925662,41.28,,
11303,澎湖縣,農林漁牧,327895,0.97,,
11303,澎湖縣,工業,4502407,13.35,,
11303,金門縣,住宅,12521778,51.16,,
11303,金門縣,服務業,9013373,36.82,,
11303,金門縣,農林漁牧,275882,1.13,,
11303,金門縣,工業,2666288,10.89,,
11303,連江縣,住宅,3076632,47.38,,
11303,連江縣,服務業,2721136,41.9,,
11303,連江縣,農林漁牧,4454,0.07,,
11303,連江縣,工業,691383,10.65,,
11302,新北市,住宅,642313557,44.63,,
11302,新北市,服務業,408713607,28.4,,
11302,新北市,農林漁牧,1501653,0.1,,
11302,新北市,工業,386571203,26.86,,
11302,台北市,住宅,374773612,37.8,,
11302,台北市,服務業,575185391,58.02,,
11302,台北市,農林漁牧,225015,0.02,,
11302,台北市,工業,41170864,4.15,,
11302,桃園市,住宅,437469473,21.85,,
11302,桃園市,服務業,296451853,14.81,,
11302,桃園市,農林漁牧,3884457,0.19,,
11302,桃園市,工業,1264306085,63.15,,
11302,台中市,住宅,474287942,19.92,,
11302,台中市,服務業,381037476,16.01,,
11302,台中市,農林漁牧,11223258,0.47,,
11302,台中市,工業,1513981425,63.6,,
11302,台南市,住宅,302199721,12.64,,
11302,台南市,服務業,200962656,8.4,,
11302,台南市,農林漁牧,30328552,1.27,,
11302,台南市,工業,1858171718,77.69,,
11302,高雄市,住宅,357031928,17.22,,
11302,高雄市,服務業,359640058,17.34,,
11302,高雄市,農林漁牧,19247533,0.93,,
11302,高雄市,工業,1337972605,64.52,,
11302,宜蘭縣,住宅,81550188,32.09,,
11302,宜蘭縣,服務業,55047448,21.66,,
11302,宜蘭縣,農林漁牧,4461561,1.76,,
11302,宜蘭縣,工業,113088998,44.5,,
11302,新竹縣,住宅,111442664,12.95,,
11302,新竹縣,服務業,70800292,8.23,,
11302,新竹縣,農林漁牧,1427129,0.17,,
11302,新竹縣,工業,676784220,78.65,,
11302,苗栗縣,住宅,79418053,15.07,,
11302,苗栗縣,服務業,44932258,8.53,,
11302,苗栗縣,農林漁牧,2248842,0.43,,
11302,苗栗縣,工業,400309005,75.97,,
11302,彰化縣,住宅,186805039,24.63,,
11302,彰化縣,服務業,163321257,21.53,,
11302,彰化縣,農林漁牧,32913186,4.34,,
11302,彰化縣,工業,375401684,49.5,,
11302,南投縣,住宅,81807888,38.03,,
11302,南投縣,服務業,45591643,21.19,,
11302,南投縣,農林漁牧,8545694,3.97,,
11302,南投縣,工業,79188266,36.81,,
11302,雲林縣,住宅,103105477,26.1,,
11302,雲林縣,服務業,53118470,13.44,,
11302,雲林縣,農林漁牧,30785762,7.79,,
11302,雲林縣,工業,208104234,52.67,,
11302,嘉義縣,住宅,66988469,32.57,,
11302,嘉義縣,服務業,33249471,16.17,,
11302,嘉義縣,農林漁牧,1129617,9.84,,
11302,嘉義縣,工業,85196918,41.42,,
11302,屏東縣,住宅,117549088,34.16,,
11302,屏東縣,服務業,79310287,23.05,,
11302,屏東縣,農林漁牧,58700134,17.06,,
11302,屏東縣,工業,88561373,25.74,,
11302,台東縣,住宅,35347059,48.6,,
11302,台東縣,服務業,26804119,36.86,,
11302,台東縣,農林漁牧,2367446,3.26,,
11302,台東縣,工業,8209888,11.29,,
11302,花蓮縣,住宅,56159233,32.84,,
11302,花蓮縣,服務業,45559209,26.64,,
11302,花蓮縣,農林漁牧,1793201,1.05,,
11302,花蓮縣,工業,67504338,39.47,,
11302,基隆市,住宅,61291621,56.19,,
11302,基隆市,服務業,32916733,30.18,,
11302,基隆市,農林漁牧,393367,0.36,,
11302,基隆市,工業,14477931,13.27,,
11302,新竹市,住宅,75099025,11.48,,
11302,新竹市,服務業,76845723,11.75,,
11302,新竹市,農林漁牧,677382,0.1,,
11302,新竹市,工業,501415168,76.66,,
11302,嘉義市,住宅,40160745,50.52,,
11302,嘉義市,服務業,32695065,41.13,,
11302,嘉義市,農林漁牧,693457,0.87,,
11302,嘉義市,工業,5948431,7.48,,
11302,澎湖縣,住宅,13541396,46.47,,
11302,澎湖縣,服務業,11541902,39.61,,
11302,澎湖縣,農林漁牧,325551,1.12,,
11302,澎湖縣,工業,3731216,12.8,,
11302,金門縣,住宅,10364432,50.74,,
11302,金門縣,服務業,7550345,36.96,,
11302,金門縣,農林漁牧,271854,1.33,,
11302,金門縣,工業,2240553,10.97,,
11302,連江縣,住宅,2527948,42.15,,
11302,連江縣,服務業,2800553,46.69,,
11302,連江縣,農林漁牧,5025,0.08,,
11302,連江縣,工業,664650,11.08,,
11301,新北市,住宅,637097035,39.53,,
11301,新北市,服務業,492169914,30.54,,
11301,新北市,農林漁牧,2095773,0.13,,
11301,新北市,工業,480401607,29.81,,
11301,台北市,住宅,396340867,35.38,,
11301,台北市,服務業,668903137,59.71,,
11301,台北市,農林漁牧,261386,0.02,,
11301,台北市,工業,54681624,4.88,,
11301,桃園市,住宅,372326657,16.73,,
11301,桃園市,服務業,327003251,14.7,,
11301,桃園市,農林漁牧,4167802,0.19,,
11301,桃園市,工業,1521410190,68.38,,
11301,台中市,住宅,472185718,17.81,,
11301,台中市,服務業,438358388,16.54,,
11301,台中市,農林漁牧,12306366,0.46,,
11301,台中市,工業,1728184997,65.19,,
11301,台南市,住宅,307915204,11.78,,
11301,台南市,服務業,224035577,8.57,,
11301,台南市,農林漁牧,34809709,1.33,,
11301,台南市,工業,2047875443,78.32,,
11301,高雄市,住宅,491082325,20.44,,
11301,高雄市,服務業,402915859,16.77,,
11301,高雄市,農林漁牧,22688636,0.94,,
11301,高雄市,工業,1485579155,61.84,,
11301,宜蘭縣,住宅,71831086,26.54,,
11301,宜蘭縣,服務業,62997042,23.27,,
11301,宜蘭縣,農林漁牧,4953484,1.83,,
11301,宜蘭縣,工業,130888174,48.36,,
11301,新竹縣,住宅,98397218,10.99,,
11301,新竹縣,服務業,76663468,8.56,,
11301,新竹縣,農林漁牧,1744169,0.19,,
11301,新竹縣,工業,718864722,80.26,,
11301,苗栗縣,住宅,85443605,13.65,,
11301,苗栗縣,服務業,52036216,8.31,,
11301,苗栗縣,農林漁牧,2345550,0.37,,
11301,苗栗縣,工業,486011989,77.66,,
11301,彰化縣,住宅,187194334,22.06,,
11301,彰化縣,服務業,176449718,20.79,,
11301,彰化縣,農林漁牧,38459177,4.53,,
11301,彰化縣,工業,446460596,52.61,,
11301,南投縣,住宅,66797142,30.26,,
11301,南投縣,服務業,48098787,21.79,,
11301,南投縣,農林漁牧,9404710,4.26,,
11301,南投縣,工業,96439475,43.69,,
11301,雲林縣,住宅,106861725,24.05,,
11301,雲林縣,服務業,64278807,14.47,,
11301,雲林縣,農林漁牧,33149245,7.46,,
11301,雲林縣,工業,240036628,54.02,,
11301,嘉義縣,住宅,74279828,30.71,,
11301,嘉義縣,服務業,39240665,16.22,,
11301,嘉義縣,農林漁牧,20927099,8.65,,
11301,嘉義縣,工業,107417812,44.41,,
11301,屏東縣,住宅,133976214,33.88,,
11301,屏東縣,服務業,88430324,22.36,,
11301,屏東縣,農林漁牧,65441067,16.55,,
11301,屏東縣,工業,107571180,27.2,,
11301,台東縣,住宅,31547603,42.44,,
11301,台東縣,服務業,29310706,39.43,,
11301,台東縣,農林漁牧,2566292,3.45,,
11301,台東縣,工業,10909001,14.68,,
11301,花蓮縣,住宅,50289853,27.58,,
11301,花蓮縣,服務業,50739563,27.83,,
11301,花蓮縣,農林漁牧,2135991,1.17,,
11301,花蓮縣,工業,79161395,43.42,,
11301,基隆市,住宅,51524826,48.55,,
11301,基隆市,服務業,37330028,35.18,,
11301,基隆市,農林漁牧,425811,0.4,,
11301,基隆市,工業,16838856,15.87,,
11301,新竹市,住宅,85514071,11.83,,
11301,新竹市,服務業,87383838,12.09,,
11301,新竹市,農林漁牧,678950,0.09,,
11301,新竹市,工業,549223338,75.99,,
11301,嘉義市,住宅,40711717,45.36,,
11301,嘉義市,服務業,40815425,45.48,,
11301,嘉義市,農林漁牧,622891,0.69,,
11301,嘉義市,工業,7596749,8.46,,
11301,澎湖縣,住宅,15154509,42.89,,
11301,澎湖縣,服務業,15216476,43.07,,
11301,澎湖縣,農林漁牧,364187,1.03,,
11301,澎湖縣,工業,4596658,13.01,,
11301,金門縣,住宅,11603087,48.41,,
11301,金門縣,服務業,9461727,39.48,,
11301,金門縣,農林漁牧,309350,1.29,,
11301,金門縣,工業,2594425,10.82,,
11301,連江縣,住宅,2930044,44.26,,
11301,連江縣,服務業,2936953,44.37,,
11301,連江縣,農林漁牧,5159,0.08,,
11301,連江縣,工業,747662,11.29,,
11212,新北市,住宅,633697024,39.85,,
11212,新北市,服務業,492355475,30.97,,
11212,新北市,農林漁牧,1747107,0.11,,
11212,新北市,工業,462229122,29.07,,
11212,台北市,住宅,377332238,34.01,,
11212,台北市,服務業,684692427,61.71,,
11212,台北市,農林漁牧,252033,0.02,,
11212,台北市,工業,47207617,4.25,,
11212,桃園市,住宅,386520740,17.1,,
11212,桃園市,服務業,351349691,15.54,,
11212,桃園市,農林漁牧,4321000,0.19,,
11212,桃園市,工業,1518607901,67.17,,
11212,台中市,住宅,494192563,18.36,,
11212,台中市,服務業,467334136,17.36,,
11212,台中市,農林漁牧,12807927,0.48,,
11212,台中市,工業,1717073404,63.8,,
11212,台南市,住宅,31117390,12.75,,
11212,台南市,服務業,251761270,10.02,,
11212,台南市,農林漁牧,36477822,1.45,,
11212,台南市,工業,1903049473,75.77,,
11212,高雄市,住宅,401399960,16.98,,
11212,高雄市,服務業,431826456,18.27,,
11212,高雄市,農林漁牧,22129810,0.94,,
11212,高雄市,工業,1508197847,63.81,,
11212,宜蘭縣,住宅,72262941,25.87,,
11212,宜蘭縣,服務業,66786107,23.91,,
11212,宜蘭縣,農林漁牧,5246357,1.88,,
11212,宜蘭縣,工業,135077343,48.35,,
11212,新竹縣,住宅,108863014,11.41,,
11212,新竹縣,服務業,88246332,9.25,,
11212,新竹縣,農林漁牧,1577619,0.17,,
11212,新竹縣,工業,755670567,79.18,,
11212,苗栗縣,住宅,77228003,12.57,,
11212,苗栗縣,服務業,57378249,9.34,,
11212,苗栗縣,農林漁牧,2550507,0.42,,
11212,苗栗縣,工業,477034054,77.67,,
11212,彰化縣,住宅,186417276,21.27,,
11212,彰化縣,服務業,193937506,22.13,,
11212,彰化縣,農林漁牧,39180708,4.47,,
11212,彰化縣,工業,456984331,52.14,,
11212,南投縣,住宅,79647022,33.23,,
11212,南投縣,服務業,57220321,23.88,,
11212,南投縣,農林漁牧,9819239,4.1,,
11212,南投縣,工業,92963295,38.79,,
11212,雲林縣,住宅,102339086,23.14,,
11212,雲林縣,服務業,69595016,15.74,,
11212,雲林縣,農林漁牧,34042381,7.7,,
11212,雲林縣,工業,236218925,53.42,,
11212,嘉義縣,住宅,65783866,27.43,,
11212,嘉義縣,服務業,44754407,18.66,,
11212,嘉義縣,農林漁牧,22015877,9.18,,
11212,嘉義縣,工業,107273114,44.73,,
11212,屏東縣,住宅,117612486,30.51,,
11212,屏東縣,服務業,98461911,25.55,,
11212,屏東縣,農林漁牧,62405478,16.19,,
11212,屏東縣,工業,106948797,27.75,,
11212,台東縣,住宅,33571924,42.27,,
11212,台東縣,服務業,31922878,40.2,,
11212,台東縣,農林漁牧,2604960,3.28,,
11212,台東縣,工業,11314072,14.25,,
11212,花蓮縣,住宅,51084829,27.22,,
11212,花蓮縣,服務業,58137598,30.97,,
11212,花蓮縣,農林漁牧,2259271,1.2,,
11212,花蓮縣,工業,76215705,40.61,,
11212,基隆市,住宅,56170095,49.08,,
11212,基隆市,服務業,40244999,35.16,,
11212,基隆市,農林漁牧,417527,0.36,,
11212,基隆市,工業,17615430,15.39,,
11212,新竹市,住宅,72545620,10.17,,
11212,新竹市,服務業,94655670,13.28,,
11212,新竹市,農林漁牧,753196,0.11,,
11212,新竹市,工業,545081543,76.45,,
11212,嘉義市,住宅,40809966,45,,
11212,嘉義市,服務業,41736509,46.02,,
11212,嘉義市,農林漁牧,728971,0.8,,
11212,嘉義市,工業,7412653,8.17,,
11212,澎湖縣,住宅,14217406,41.44,,
11212,澎湖縣,服務業,15110961,44.04,,
11212,澎湖縣,農林漁牧,344751,1,,
11212,澎湖縣,工業,4637983,13.52,,
11212,金門縣,住宅,9158416,42.3,,
11212,金門縣,服務業,9465686,43.72,,
11212,金門縣,農林漁牧,301885,1.39,,
11212,金門縣,工業,2726314,12.59,,
11212,連江縣,住宅,1978677,34.81,,
11212,連江縣,服務業,2998340,52.76,,
11212,連江縣,農林漁牧,5715,0.1,,
11212,連江縣,工業,700724,12.33,,
11211,新北市,住宅,787421119,42.79,,
11211,新北市,服務業,558016482,30.32,,
11211,新北市,農林漁牧,2314209,0.13,,
11211,新北市,工業,492373766,26.76,,
11211,台北市,住宅,491842464,37.27,,
11211,台北市,服務業,764280386,57.92,,
11211,台北市,農林漁牧,278514,0.02,,
11211,台北市,工業,63190976,4.79,,
11211,桃園市,住宅,414535335,18.06,,
11211,桃園市,服務業,367487166,16.01,,
11211,桃園市,農林漁牧,4611334,0.2,,
11211,桃園市,工業,1508222740,65.72,,
11211,台中市,住宅,589098250,21.02,,
11211,台中市,服務業,496980341,17.73,,
11211,台中市,農林漁牧,13868020,0.49,,
11211,台中市,工業,1702918805,60.76,,
11211,台南市,住宅,382300913,14.15,,
11211,台南市,服務業,260026206,9.62,,
11211,台南市,農林漁牧,39174342,1.45,,
11211,台南市,工業,2020958728,74.78,,
11211,高雄市,住宅,618622859,24.12,,
11211,高雄市,服務業,456645319,17.8,,
11211,高雄市,農林漁牧,22350064,0.87,,
11211,高雄市,工業,1467375235,57.21,,
11211,宜蘭縣,住宅,80821292,27.69,,
11211,宜蘭縣,服務業,69221014,23.72,,
11211,宜蘭縣,農林漁牧,6160849,2.11,,
11211,宜蘭縣,工業,135659074,46.48,,
11211,新竹縣,住宅,118182977,12.18,,
11211,新竹縣,服務業,85228599,8.78,,
11211,新竹縣,農林漁牧,1969460,0.2,,
11211,新竹縣,工業,765203857,78.84,,
11211,苗栗縣,住宅,107135892,16.5,,
11211,苗栗縣,服務業,58723060,9.04,,
11211,苗栗縣,農林漁牧,2779407,0.43,,
11211,苗栗縣,工業,480742038,74.03,,
11211,彰化縣,住宅,228538719,24.51,,
11211,彰化縣,服務業,186698543,20.03,,
11211,彰化縣,農林漁牧,44017287,4.72,,
11211,彰化縣,工業,473042015,50.74,,
11211,南投縣,住宅,73847049,31.43,,
11211,南投縣,服務業,53078527,22.59,,
11211,南投縣,農林漁牧,10270999,4.37,,
11211,南投縣,工業,97733387,41.6,,
11211,雲林縣,住宅,132473127,27.43,,
11211,雲林縣,服務業,74206626,15.36,,
11211,雲林縣,農林漁牧,35569978,7.36,,
11211,雲林縣,工業,240725900,49.84,,
11211,嘉義縣,住宅,90264694,33.43,,
11211,嘉義縣,服務業,45086133,16.7,,
11211,嘉義縣,農林漁牧,24468652,9.06,,
11211,嘉義縣,工業,110190866,40.81,,
11211,屏東縣,住宅,156506978,36.74,,
11211,屏東縣,服務業,98413504,23.1,,
11211,屏東縣,農林漁牧,61080617,14.34,,
11211,屏東縣,工業,110018892,25.82,,
11211,台東縣,住宅,35832127,43.31,,
11211,台東縣,服務業,32853300,39.71,,
11211,台東縣,農林漁牧,2527789,3.05,,
11211,台東縣,工業,11529725,13.93,,
11211,花蓮縣,住宅,58042666,29.33,,
11211,花蓮縣,服務業,56891596,28.75,,
11211,花蓮縣,農林漁牧,2370263,1.2,,
11211,花蓮縣,工業,80592354,40.72,,
11211,基隆市,住宅,59610444,49.5,,
11211,基隆市,服務業,42326075,35.15,,
11211,基隆市,農林漁牧,418243,0.35,,
11211,基隆市,工業,18058404,15,,
11211,新竹市,住宅,106631177,14.08,,
11211,新竹市,服務業,102021883,13.47,,
11211,新竹市,農林漁牧,824149,0.11,,
11211,新竹市,工業,548006564,72.35,,
11211,嘉義市,住宅,50435126,47.81,,
11211,嘉義市,服務業,46536105,44.12,,
11211,嘉義市,農林漁牧,727052,0.69,,
11211,嘉義市,工業,7789850,7.38,,
11211,澎湖縣,住宅,18586412,44.97,,
11211,澎湖縣,服務業,17730395,42.9,,
11211,澎湖縣,農林漁牧,374773,0.91,,
11211,澎湖縣,工業,4642183,11.23,,
11211,金門縣,住宅,13221404,47.03,,
11211,金門縣,服務業,10994144,39.11,,
11211,金門縣,農林漁牧,322447,1.15,,
11211,金門縣,工業,3573327,12.71,,
11211,連江縣,住宅,2882252,43.75,,
11211,連江縣,服務業,2978088,45.21,,
11211,連江縣,農林漁牧,6490,0.1,,
11211,連江縣,工業,720834,10.94,,
11210,新北市,住宅,938775362,46.22,,
11210,新北市,服務業,583254881,28.72,,
11210,新北市,農林漁牧,2099021,0.1,,
11210,新北市,工業,506921320,24.96,,
11210,台北市,住宅,567939806,39.31,,
11210,台北市,服務業,818319024,56.65,,
11210,台北市,農林漁牧,311631,0.02,,
11210,台北市,工業,58025110,4.02,,
11210,桃園市,住宅,577092409,22.61,,
11210,桃園市,服務業,417618840,16.36,,
11210,桃園市,農林漁牧,5532707,0.22,,
11210,桃園市,工業,1552623537,60.82,,
11210,台中市,住宅,667825097,22.25,,
11210,台中市,服務業,529882911,17.65,,
11210,台中市,農林漁牧,15400367,0.51,,
11210,台中市,工業,1788444622,59.58,,
11210,台南市,住宅,422846489,14.13,,
11210,台南市,服務業,279769957,9.35,,
11210,台南市,農林漁牧,41784967,1.4,,
11210,台南市,工業,2248641751,75.13,,
11210,高雄市,住宅,507768970,20.47,,
11210,高雄市,服務業,479603470,19.34,,
11210,高雄市,農林漁牧,21930888,0.88,,
11210,高雄市,工業,1470694470,59.3,,
11210,宜蘭縣,住宅,108395963,33.33,,
11210,宜蘭縣,服務業,74471842,22.9,,
11210,宜蘭縣,農林漁牧,7062362,2.17,,
11210,宜蘭縣,工業,135264629,41.59,,
11210,新竹縣,住宅,158219240,14.77,,
11210,新竹縣,服務業,99309469,9.27,,
11210,新竹縣,農林漁牧,2112570,0.2,,
11210,新竹縣,工業,811280101,75.76,,
11210,苗栗縣,住宅,114612618,17.08,,
11210,苗栗縣,服務業,62631823,9.33,,
11210,苗栗縣,農林漁牧,3059791,0.46,,
11210,苗栗縣,工業,490717061,73.13,,
11210,彰化縣,住宅,258244154,26.35,,
11210,彰化縣,服務業,205770033,21,,
11210,彰化縣,農林漁牧,49359139,5.04,,
11210,彰化縣,工業,466654027,47.62,,
11210,南投縣,住宅,98518968,36.79,,
11210,南投縣,服務業,59676511,22.29,,
11210,南投縣,農林漁牧,10817502,4.04,,
11210,南投縣,工業,98746865,36.88,,
11210,雲林縣,住宅,138928728,27.86,,
11210,雲林縣,服務業,73549007,14.75,,
11210,雲林縣,農林漁牧,40272467,8.08,,
11210,雲林縣,工業,245881363,49.31,,
11210,嘉義縣,住宅,88364016,32.4,,
11210,嘉義縣,服務業,46747838,17.14,,
11210,嘉義縣,農林漁牧,26697207,9.79,,
11210,嘉義縣,工業,110958256,40.68,,
11210,屏東縣,住宅,153112279,35.87,,
11210,屏東縣,服務業,103523153,24.25,,
11210,屏東縣,農林漁牧,61724129,14.46,,
11210,屏東縣,工業,108513160,25.42,,
11210,台東縣,住宅,46775873,48.1,,
11210,台東縣,服務業,35832573,36.85,,
11210,台東縣,農林漁牧,2581785,2.65,,
11210,台東縣,工業,12061348,12.4,,
11210,花蓮縣,住宅,74402187,33.37,,
11210,花蓮縣,服務業,61334584,27.51,,
11210,花蓮縣,農林漁牧,2518643,1.13,,
11210,花蓮縣,工業,84727491,38,,
11210,基隆市,住宅,82908086,55.41,,
11210,基隆市,服務業,47146415,31.51,,
11210,基隆市,農林漁牧,490598,0.33,,
11210,基隆市,工業,19068535,12.75,,
11210,新竹市,住宅,111540309,13.87,,
11210,新竹市,服務業,110223582,13.71,,
11210,新竹市,農林漁牧,958007,0.12,,
11210,新竹市,工業,581424354,72.3,,
11210,嘉義市,住宅,56084600,49.63,,
11210,嘉義市,服務業,48073190,42.54,,
11210,嘉義市,農林漁牧,798180,0.71,,
11210,嘉義市,工業,8059273,7.13,,
11210,澎湖縣,住宅,19982528,46.95,,
11210,澎湖縣,服務業,17317213,40.69,,
11210,澎湖縣,農林漁牧,406370,0.95,,
11210,澎湖縣,工業,4853619,11.4,,
11210,金門縣,住宅,13284470,46.89,,
11210,金門縣,服務業,10992515,38.8,,
11210,金門縣,農林漁牧,362789,1.28,,
11210,金門縣,工業,3689473,13.02,,
11210,連江縣,住宅,2886085,39.61,,
11210,連江縣,服務業,3621453,49.71,,
11210,連江縣,農林漁牧,9624,0.13,,
11210,連江縣,工業,768630,10.55,,
11209,新北市,住宅,1034066376,46.02,,
11209,新北市,服務業,673257071,29.96,,
11209,新北市,農林漁牧,2697147,0.12,,
11209,新北市,工業,536932708,23.9,,
11209,台北市,住宅,650967494,39.57,,
11209,台北市,服務業,924026547,56.16,,
11209,台北市,農林漁牧,311733,0.02,,
11209,台北市,工業,69914488,4.25,,
11209,桃園市,住宅,533701038,20.66,,
11209,桃園市,服務業,451359171,17.47,,
11209,桃園市,農林漁牧,5799155,0.22,,
11209,桃園市,工業,1592815593,61.65,,
11209,台中市,住宅,714727766,22.88,,
11209,台中市,服務業,581417044,18.61,,
11209,台中市,農林漁牧,15625267,0.5,,
11209,台中市,工業,1812182086,58.01,,
11209,台南市,住宅,448531094,14.82,,
11209,台南市,服務業,293932293,9.71,,
11209,台南市,農林漁牧,45086800,1.49,,
11209,台南市,工業,2239098317,73.98,,
11209,高雄市,住宅,709832158,26.14,,
11209,高雄市,服務業,508669358,18.74,,
11209,高雄市,農林漁牧,23150076,0.85,,
11209,高雄市,工業,1473335062,54.27,,
11209,宜蘭縣,住宅,109038725,32.04,,
11209,宜蘭縣,服務業,87005518,25.57,,
11209,宜蘭縣,農林漁牧,7875251,2.31,,
11209,宜蘭縣,工業,136351069,40.07,,
11209,新竹縣,住宅,151321536,14.16,,
11209,新竹縣,服務業,104572116,9.78,,
11209,新竹縣,農林漁牧,2537042,0.24,,
11209,新竹縣,工業,810556158,75.82,,
11209,苗栗縣,住宅,138456587,19.78,,
11209,苗栗縣,服務業,70475790,10.07,,
11209,苗栗縣,農林漁牧,3408077,0.49,,
11209,苗栗縣,工業,487513521,69.66,,
11209,彰化縣,住宅,275193150,26.6,,
11209,彰化縣,服務業,211824567,20.47,,
11209,彰化縣,農林漁牧,54352242,5.25,,
11209,彰化縣,工業,493211935,47.67,,
11209,南投縣,住宅,81873834,32.81,,
11209,南投縣,服務業,59415806,23.81,,
11209,南投縣,農林漁牧,10658880,4.27,,
11209,南投縣,工業,97622626,39.12,,
11209,雲林縣,住宅,154252011,29.12,,
11209,雲林縣,服務業,85004877,16.05,,
11209,雲林縣,農林漁牧,44334861,8.37,,
11209,雲林縣,工業,246139807,46.47,,
11209,嘉義縣,住宅,104913299,35.17,,
11209,嘉義縣,服務業,52584194,17.63,,
11209,嘉義縣,農林漁牧,28572788,9.58,,
11209,嘉義縣,工業,112267901,37.63,,
11209,屏東縣,住宅,181252402,38.82,,
11209,屏東縣,服務業,109500918,23.45,,
11209,屏東縣,農林漁牧,65412873,14.01,,
11209,屏東縣,工業,110772146,23.72,,
11209,台東縣,住宅,43424866,44.79,,
11209,台東縣,服務業,39226865,40.46,,
11209,台東縣,農林漁牧,3058278,3.15,,
11209,台東縣,工業,11240062,11.59,,
11209,花蓮縣,住宅,72760947,31.49,,
11209,花蓮縣,服務業,68723453,29.75,,
11209,花蓮縣,農林漁牧,2865246,1.24,,
11209,花蓮縣,工業,86679733,37.52,,
11209,基隆市,住宅,79633648,52.26,,
11209,基隆市,服務業,52335833,34.34,,
11209,基隆市,農林漁牧,530184,0.35,,
11209,基隆市,工業,19891847,13.05,,
11209,新竹市,住宅,140673991,16.6,,
11209,新竹市,服務業,123707748,14.6,,
11209,新竹市,農林漁牧,993745,0.12,,
11209,新竹市,工業,581862293,68.68,,
11209,嘉義市,住宅,60116511,48.96,,
11209,嘉義市,服務業,53700859,43.74,,
11209,嘉義市,農林漁牧,790162,0.64,,
11209,嘉義市,工業,8173882,6.66,,
11209,澎湖縣,住宅,23850528,46.61,,
11209,澎湖縣,服務業,21945764,42.89,,
11209,澎湖縣,農林漁牧,469662,0.92,,
11209,澎湖縣,工業,4906719,9.59,,
11209,金門縣,住宅,16414556,47.7,,
11209,金門縣,服務業,13595402,39.5,,
11209,金門縣,農林漁牧,347712,1.01,,
11209,金門縣,工業,4057745,11.79,,
11209,連江縣,住宅,3690159,43.79,,
11209,連江縣,服務業,3947958,46.85,,
11209,連江縣,農林漁牧,10967,0.13,,
11209,連江縣,工業,777351,9.23,,
11208,新北市,住宅,949819756,45.37,,
11208,新北市,服務業,604585257,28.88,,
11208,新北市,農林漁牧,2119575,0.1,,
11208,新北市,工業,537083174,25.65,,
11208,台北市,住宅,576843395,37.97,,
11208,台北市,服務業,882990432,58.13,,
11208,台北市,農林漁牧,298365,0.02,,
11208,台北市,工業,58896089,3.88,,
11208,桃園市,住宅,580570375,21.56,,
11208,桃園市,服務業,445589021,16.54,,
11208,桃園市,農林漁牧,5746818,0.21,,
11208,桃園市,工業,1661338226,61.69,,
11208,台中市,住宅,681229113,22.02,,
11208,台中市,服務業,548475150,17.73,,
11208,台中市,農林漁牧,15573049,0.5,,
11208,台中市,工業,1847883049,59.74,,
11208,台南市,住宅,447689745,14.56,,
11208,台南市,服務業,289120786,9.4,,
11208,台南市,農林漁牧,42959814,1.4,,
11208,台南市,工業,2295420294,74.64,,
11208,高雄市,住宅,538188343,20.75,,
11208,高雄市,服務業,496141940,19.13,,
11208,高雄市,農林漁牧,22627436,0.87,,
11208,高雄市,工業,1536836811,59.25,,
11208,宜蘭縣,住宅,110305017,31.85,,
11208,宜蘭縣,服務業,81505345,23.53,,
11208,宜蘭縣,農林漁牧,7503378,2.17,,
11208,宜蘭縣,工業,147022064,42.45,,
11208,新竹縣,住宅,159268830,14.25,,
11208,新竹縣,服務業,105750114,9.46,,
11208,新竹縣,農林漁牧,2335229,0.21,,
11208,新竹縣,工業,850631363,76.09,,
11208,苗栗縣,住宅,115988882,16.33,,
11208,苗栗縣,服務業,65961787,9.28,,
11208,苗栗縣,農林漁牧,3390067,0.48,,
11208,苗栗縣,工業,525123124,73.91,,
11208,彰化縣,住宅,264081157,25.3,,
11208,彰化縣,服務業,212234681,20.34,,
11208,彰化縣,農林漁牧,52494558,5.03,,
11208,彰化縣,工業,514792947,49.33,,
11208,南投縣,住宅,98336262,35.95,,
11208,南投縣,服務業,61162869,22.36,,
11208,南投縣,農林漁牧,10289194,3.76,,
11208,南投縣,工業,103751280,37.93,,
11208,雲林縣,住宅,143798601,27.78,,
11208,雲林縣,服務業,76965927,14.87,,
11208,雲林縣,農林漁牧,43056047,8.32,,
11208,雲林縣,工業,253881575,49.04,,
11208,嘉義縣,住宅,90535258,31.3,,
11208,嘉義縣,服務業,47482060,16.41,,
11208,嘉義縣,農林漁牧,27417820,9.48,,
11208,嘉義縣,工業,123847836,42.81,,
11208,屏東縣,住宅,168580063,36.56,,
11208,屏東縣,服務業,108502866,23.53,,
11208,屏東縣,農林漁牧,66414507,14.4,,
11208,屏東縣,工業,117623126,25.51,,
11208,台東縣,住宅,46791422,46.7,,
11208,台東縣,服務業,38973490,38.9,,
11208,台東縣,農林漁牧,3083943,3.08,,
11208,台東縣,工業,11346699,11.32,,
11208,花蓮縣,住宅,73998963,32.06,,
11208,花蓮縣,服務業,66736250,28.91,,
11208,花蓮縣,農林漁牧,2791056,1.21,,
11208,花蓮縣,工業,87322534,37.83,,
11208,基隆市,住宅,85080457,54.15,,
11208,基隆市,服務業,50612330,32.21,,
11208,基隆市,農林漁牧,595846,0.38,,
11208,基隆市,工業,20838528,13.26,,
11208,新竹市,住宅,113304261,13.39,,
11208,新竹市,服務業,118759845,14.03,,
11208,新竹市,農林漁牧,979083,0.12,,
11208,新竹市,工業,613270067,72.46,,
11208,嘉義市,住宅,58131568,49.48,,
11208,嘉義市,服務業,50199647,42.73,,
11208,嘉義市,農林漁牧,832919,0.71,,
11208,嘉義市,工業,8330121,7.09,,
11208,澎湖縣,住宅,20662715,44.82,,
11208,澎湖縣,服務業,19950108,43.27,,
11208,澎湖縣,農林漁牧,441505,0.96,,
11208,澎湖縣,工業,5049180,10.95,,
11208,金門縣,住宅,13295220,44.91,,
11208,金門縣,服務業,11752708,39.7,,
11208,金門縣,農林漁牧,361510,1.22,,
11208,金門縣,工業,4197802,14.18,,
11208,連江縣,住宅,2913539,38.36,,
11208,連江縣,服務業,3849138,50.68,,
11208,連江縣,農林漁牧,10019,0.13,,
11208,連江縣,工業,822919,10.83,,
11207,新北市,住宅,"790,295,012",40.73,,
11207,新北市,服務業,"617,588,199",31.83,,
11207,新北市,農林漁牧,"2,377,623",0.12,,
11207,新北市,工業,"530,044,050",27.32,,
11207,台北市,住宅,"498,490,672",34.21,,
11207,台北市,服務業,892904928,61.27,,
11207,台北市,農林漁牧,268989,0.02,,
11207,台北市,工業,65642643,4.5,,
11207,桃園市,住宅,417492928,16.74,,
11207,桃園市,服務業,425713473,17.06,,
11207,桃園市,農林漁牧,5332304,0.21,,
11207,桃園市,工業,1646129588,65.99,,
11207,台中市,住宅,587754759,19.52,,
11207,台中市,服務業,549274134,18.24,,
11207,台中市,農林漁牧,14840166,0.49,,
11207,台中市,工業,1858701632,61.74,,
11207,台南市,住宅,397243290,13.1,,
11207,台南市,服務業,284901039,9.39,,
11207,台南市,農林漁牧,42606767,1.4,,
11207,台南市,工業,2308044833,76.1,,
11207,高雄市,住宅,633162301,23.64,,
11207,高雄市,服務業,498692339,18.62,,
11207,高雄市,農林漁牧,22131179,0.83,,
11207,高雄市,工業,1524115679,56.91,,
11207,宜蘭縣,住宅,81515466,26.46,,
11207,宜蘭縣,服務業,80825628,26.24,,
11207,宜蘭縣,農林漁牧,7464788,2.42,,
11207,宜蘭縣,工業,138241774,44.88,,
11207,新竹縣,住宅,115996240,10.9,,
11207,新竹縣,服務業,98218307,9.23,,
11207,新竹縣,農林漁牧,2442672,0.23,,
11207,新竹縣,工業,847986192,79.65,,
11207,苗栗縣,住宅,108976183,15.57,,
11207,苗栗縣,服務業,66522890,9.5,,
11207,苗栗縣,農林漁牧,3434901,0.49,,
11207,苗栗縣,工業,521014336,74.44,,
11207,彰化縣,住宅,226751351,22.96,,
11207,彰化縣,服務業,202536458,20.51,,
11207,彰化縣,農林漁牧,51793809,5.25,,
11207,彰化縣,工業,506306286,51.28,,
11207,南投縣,住宅,70986831,29.54,,
11207,南投縣,服務業,57322114,23.85,,
11207,南投縣,農林漁牧,10425481,4.34,,
11207,南投縣,工業,101591342,42.27,,
11207,雲林縣,住宅,133133647,26.28,,
11207,雲林縣,服務業,80379816,15.87,,
11207,雲林縣,農林漁牧,43186932,8.53,,
11207,雲林縣,工業,249870665,49.33,,
11207,嘉義縣,住宅,90869704,31.92,,
11207,嘉義縣,服務業,49457214,17.37,,
11207,嘉義縣,農林漁牧,28013348,9.84,,
11207,嘉義縣,工業,116373238,40.87,,
11207,屏東縣,住宅,164823222,36.33,,
11207,屏東縣,服務業,109453077,24.13,,
11207,屏東縣,農林漁牧,67844776,14.95,,
11207,屏東縣,工業,111552368,24.59,,
11207,台東縣,住宅,35374374,40.26,,
11207,台東縣,服務業,37901895,43.14,,
11207,台東縣,農林漁牧,2875409,3.27,,
11207,台東縣,工業,11712296,13.33,,
11207,花蓮縣,住宅,57097918,26.95,,
11207,花蓮縣,服務業,65890397,31.1,,
11207,花蓮縣,農林漁牧,2788413,1.32,,
11207,花蓮縣,工業,86105358,40.64,,
11207,基隆市,住宅,58682078,45.53,,
11207,基隆市,服務業,49883434,38.71,,
11207,基隆市,農林漁牧,580912,0.45,,
11207,基隆市,工業,19730781,15.31,,
11207,新竹市,住宅,109970410,13.1,,
11207,新竹市,服務業,116177364,13.84,,
11207,新竹市,農林漁牧,945082,0.11,,
11207,新竹市,工業,612306074,72.95,,
11207,嘉義市,住宅,52620131,46.67,,
11207,嘉義市,服務業,51681000,45.83,,
11207,嘉義市,農林漁牧,702692,0.662,,
11207,嘉義市,工業,7755657,6.88,,
11207,澎湖縣,住宅,20299559,42.81,,
11207,澎湖縣,服務業,21652770,45.66,,
11207,澎湖縣,農林漁牧,440749,0.93,,
11207,澎湖縣,工業,5025081,10.6,,
11207,金門縣,住宅,13339188,43.8,,
11207,金門縣,服務業,12721668,41.77,,
11207,金門縣,農林漁牧,359901,1.18,,
11207,金門縣,工業,4035754,13.25,,
11207,連江縣,住宅,3181521,40.26,,
11207,連江縣,服務業,3889199,49.22,,
11207,連江縣,農林漁牧,10065,0.13,,
11207,連江縣,工業,821390,10.39,,
11206,新北市,住宅,631958778,38.69,,
11206,新北市,服務業,512402447,31.37,,
11206,新北市,農林漁牧,1623015,0.1,,
11206,新北市,工業,487507217,29.84,,
11206,台北市,住宅,379883317,31.54,,
11206,台北市,服務業,773488643,64.21,,
11206,台北市,農林漁牧,234015,0.02,,
11206,台北市,工業,50957030,4.23,,
11206,桃園市,住宅,410460241,17.39,,
11206,桃園市,服務業,380508836,16.12,,
11206,桃園市,農林漁牧,4453392,0.19,,
11206,桃園市,工業,1565192552,66.3,,
11206,台中市,住宅,488525975,17.67,,
11206,台中市,服務業,481663317,17.42,,
11206,台中市,農林漁牧,13532744,0.49,,
11206,台中市,工業,1781547367,64.43,,
11206,台南市,住宅,342422917,12.2,,
11206,台南市,服務業,264595788,9.43,,
11206,台南市,農林漁牧,36474578,1.3,,
11206,台南市,工業,2163531574,77.08,,
11206,高雄市,住宅,425177310,17.66,,
11206,高雄市,服務業,464118078,19.28,,
11206,高雄市,農林漁牧,20039544,0.83,,
11206,高雄市,工業,1497971411,62.23,,
11206,宜蘭縣,住宅,76235755,27.1,,
11206,宜蘭縣,服務業,65753181,23.37,,
11206,宜蘭縣,農林漁牧,5932922,2.11,,
11206,宜蘭縣,工業,133438181,47.43,,
11206,新竹縣,住宅,108384519,10.84,,
11206,新竹縣,服務業,89319526,8.93,,
11206,新竹縣,農林漁牧,1745460,0.17,,
11206,新竹縣,工業,800764712,80.06,,
11206,苗栗縣,住宅,79300892,12.73,,
11206,苗栗縣,服務業,56497702,9.07,,
11206,苗栗縣,農林漁牧,2697215,0.43,,
11206,苗栗縣,工業,484310806,77.76,,
11206,彰化縣,住宅,195072641,21.9,,
11206,彰化縣,服務業,187412724,21.04,,
11206,彰化縣,農林漁牧,41349159,4.64,,
11206,彰化縣,工業,467046590,52.43,,
11206,南投縣,住宅,81590691,33.52,,
11206,南投縣,服務業,54652428,22.45,,
11206,南投縣,農林漁牧,9407099,3.86,,
11206,南投縣,工業,97744617,40.16,,
11206,雲林縣,住宅,118614936,25.66,,
11206,雲林縣,服務業,67739969,14.65,,
11206,雲林縣,農林漁牧,35178081,7.61,,
11206,雲林縣,工業,240717224,52.08,,
11206,嘉義縣,住宅,74895474,29.2,,
11206,嘉義縣,服務業,44365143,17.29,,
11206,嘉義縣,農林漁牧,23881329,9.31,,
11206,嘉義縣,工業,113385415,44.2,,
11206,屏東縣,住宅,143158488,34.57,,
11206,屏東縣,服務業,100656278,24.31,,
11206,屏東縣,農林漁牧,60926011,14.71,,
11206,屏東縣,工業,109387982,26.41,,
11206,台東縣,住宅,36608569,43.78,,
11206,台東縣,服務業,33416937,39.96,,
11206,台東縣,農林漁牧,2370725,2.84,,
11206,台東縣,工業,11220480,13.42,,
11206,花蓮縣,住宅,54962306,29.28,,
11206,花蓮縣,服務業,57838147,30.82,,
11206,花蓮縣,農林漁牧,2183417,1.16,,
11206,花蓮縣,工業,72702960,38.74,,
11206,基隆市,住宅,56040607,47.5,,
11206,基隆市,服務業,42876874,36.34,,
11206,基隆市,農林漁牧,513958,0.44,,
11206,基隆市,工業,18543250,15.72,,
11206,新竹市,住宅,75586972,9.75,,
11206,新竹市,服務業,105463424,13.6,,
11206,新竹市,農林漁牧,836073,0.11,,
11206,新竹市,工業,593636886,76.55,,
11206,嘉義市,住宅,43954714,45.35,,
11206,嘉義市,服務業,45213138,46.65,,
11206,嘉義市,農林漁牧,621291,0.64,,
11206,嘉義市,工業,7136512,7.36,,
11206,澎湖縣,住宅,15295860,40.87,,
11206,澎湖縣,服務業,17133163,45.78,,
11206,澎湖縣,農林漁牧,357142,0.95,,
11206,澎湖縣,工業,4640982,12.4,,
11206,金門縣,住宅,9027539,38.7,,
11206,金門縣,服務業,10177921,43.63,,
11206,金門縣,農林漁牧,293282,1.26,,
11206,金門縣,工業,3830499,16.42,,
11206,連江縣,住宅,2027729,33.8,,
11206,連江縣,服務業,3200051,53.34,,
11206,連江縣,農林漁牧,7894,0.13,,
11206,連江縣,工業,763133,12.72,,
11205,新北市,住宅,567767747,36.3,,
11205,新北市,服務業,504837352,32.28,,
11205,新北市,農林漁牧,1948523,0.12,,
11205,新北市,工業,489550609,31.3,,
11205,台北市,住宅,354080466,30.61,,
11205,台北市,服務業,747330907,64.6,,
11205,台北市,農林漁牧,247054,0.02,,
11205,台北市,工業,55218397,4.77,,
11205,桃園市,住宅,323946570,14.47,,
11205,桃園市,服務業,345490024,15.43,,
11205,桃園市,農林漁牧,4008671,0.18,,
11205,桃園市,工業,1566072864,69.93,,
11205,台中市,住宅,426498402,15.8,,
11205,台中市,服務業,461576309,17.1,,
11205,台中市,農林漁牧,13712133,0.51,,
11205,台中市,工業,1798109911,66.6,,
11205,台南市,住宅,290166007,10.57,,
11205,台南市,服務業,250861351,9.13,,
11205,台南市,農林漁牧,33674401,1.23,,
11205,台南市,工業,2171495784,79.07,,
11205,高雄市,住宅,465965144,18.64,,
11205,高雄市,服務業,453935488,18.16,,
11205,高雄市,農林漁牧,20482330,0.82,,
11205,高雄市,工業,1559478110,62.38,,
11205,宜蘭縣,住宅,63344539,23.48,,
11205,宜蘭縣,服務業,64823521,24.03,,
11205,宜蘭縣,農林漁牧,5458759,2.02,,
11205,宜蘭縣,工業,136152718,50.47,,
11205,新竹縣,住宅,86131744,8.8,,
11205,新竹縣,服務業,79014784,8.08,,
11205,新竹縣,農林漁牧,1733197,0.18,,
11205,新竹縣,工業,811348485,82.94,,
11205,苗栗縣,住宅,76958019,12.66,,
11205,苗栗縣,服務業,53856398,8.86,,
11205,苗栗縣,農林漁牧,2480806,0.41,,
11205,苗栗縣,工業,474810507,78.08,,
11205,彰化縣,住宅,175200038,20.03,,
11205,彰化縣,服務業,177861646,20.33,,
11205,彰化縣,農林漁牧,37205695,4.25,,
11205,彰化縣,工業,484411150,55.38,,
11205,南投縣,住宅,60035596,27.67,,
11205,南投縣,服務業,49887033,22.99,,
11205,南投縣,農林漁牧,9236197,4.26,,
11205,南投縣,工業,97798721,45.08,,
11205,雲林縣,住宅,106223878,23.33,,
11205,雲林縣,服務業,68708239,15.09,,
11205,雲林縣,農林漁牧,33448201,7.35,,
11205,雲林縣,工業,246846357,54.22,,
11205,嘉義縣,住宅,71752706,27.42,,
11205,嘉義縣,服務業,44060940,16.84,,
11205,嘉義縣,農林漁牧,22958342,8.77,,
11205,嘉義縣,工業,122931448,46.97,,
11205,屏東縣,住宅,131018289,32.3,,
11205,屏東縣,服務業,97304588,23.99,,
11205,屏東縣,農林漁牧,62407018,15.38,,
11205,屏東縣,工業,114913060,28.33,,
11205,台東縣,住宅,28893789,39.16,,
11205,台東縣,服務業,32035719,43.42,,
11205,台東縣,農林漁牧,2425838,3.29,,
11205,台東縣,工業,10428912,14.13,,
11205,花蓮縣,住宅,46079720,26.45,,
11205,花蓮縣,服務業,54994572,31.57,,
11205,花蓮縣,農林漁牧,2139320,1.23,,
11205,花蓮縣,工業,70973354,40.75,,
11205,基隆市,住宅,45238967,43.39,,
11205,基隆市,服務業,39933961,38.3,,
11205,基隆市,農林漁牧,440201,0.42,,
11205,基隆市,工業,18651565,17.89,,
11205,新竹市,住宅,75506045,9.84,,
11205,新竹市,服務業,99458299,12.97,,
11205,新竹市,農林漁牧,775448,0.1,,
11205,新竹市,工業,591228568,77.09,,
11205,嘉義市,住宅,37743880,41.86,,
11205,嘉義市,服務業,44827597,49.72,,
11205,嘉義市,農林漁牧,536914,0.6,,
11205,嘉義市,工業,7056965,7.83,,
11205,澎湖縣,住宅,14237739,38.95,,
11205,澎湖縣,服務業,17428175,47.68,,
11205,澎湖縣,農林漁牧,342971,0.94,,
11205,澎湖縣,工業,4546256,12.44,,
11205,金門縣,住宅,10233649,42.47,,
11205,金門縣,服務業,10005956,41.53,,
11205,金門縣,農林漁牧,264209,1.1,,
11205,金門縣,工業,3591028,14.9,,
11205,連江縣,住宅,2525335,41.48,,
11205,連江縣,服務業,2841529,46.67,,
11205,連江縣,農林漁牧,7337,0.12,,
11205,連江縣,工業,713967,11.73,,
11204,新北市,住宅,570483579,39.62,,
11204,新北市,服務業,426937147,29.65,,
11204,新北市,農林漁牧,1454054,0.1,,
11204,新北市,工業,441011764,30.63,,
11204,台北市,住宅,331902841,32.84,,
11204,台北市,服務業,634435214,62.78,,
11204,台北市,農林漁牧,224721,0.02,,
11204,台北市,工業,44071159,4.36,,
11204,桃園市,住宅,379130072,17.54,,
11204,桃園市,服務業,307754457,14.24,,
11204,桃園市,農林漁牧,3919502,0.18,,
11204,桃園市,工業,1470143487,68.03,,
11204,台中市,住宅,421250409,16.6,,
11204,台中市,服務業,401625615,15.83,,
11204,台中市,農林漁牧,12858341,0.51,,
11204,台中市,工業,1701359801,67.06,,
11204,台南市,住宅,274242254,10.8,,
11204,台南市,服務業,219220592,8.63,,
11204,台南市,農林漁牧,31189297,1.23,,
11204,台南市,工業,2014580453,79.34,,
11204,高雄市,住宅,327081574,14.18,,
11204,高雄市,服務業,394144284,17.08,,
11204,高雄市,農林漁牧,19622179,0.85,,
11204,高雄市,工業,1566136784,67.89,,
11204,宜蘭縣,住宅,71065669,26.7,,
11204,宜蘭縣,服務業,55572224,20.88,,
11204,宜蘭縣,農林漁牧,4833607,1.82,,
11204,宜蘭縣,工業,134695562,50.61,,
11204,新竹縣,住宅,99333034,10.57,,
11204,新竹縣,服務業,73145871,7.78,,
11204,新竹縣,農林漁牧,1426258,0.15,,
11204,新竹縣,工業,765833958,81.49,,
11204,苗栗縣,住宅,71321407,12.93,,
11204,苗栗縣,服務業,46631332,8.46,,
11204,苗栗縣,農林漁牧,2621019,0.48,,
11204,苗栗縣,工業,430816434,78.13,,
11204,彰化縣,住宅,173787556,21.19,,
11204,彰化縣,服務業,166036765,20.24,,
11204,彰化縣,農林漁牧,34525847,4.21,,
11204,彰化縣,工業,445899777,54.36,,
11204,南投縣,住宅,71743146,33.63,,
11204,南投縣,服務業,46231860,21.67,,
11204,南投縣,農林漁牧,8812934,4.13,,
11204,南投縣,工業,86513314,40.56,,
11204,雲林縣,住宅,102884456,24.65,,
11204,雲林縣,服務業,56770966,13.6,,
11204,雲林縣,農林漁牧,31128246,7.46,,
11204,雲林縣,工業,226628658,54.29,,
11204,嘉義縣,住宅,64296161,27.07,,
11204,嘉義縣,服務業,36625293,15.42,,
11204,嘉義縣,農林漁牧,20979632,8.83,,
11204,嘉義縣,工業,115643976,48.68,,
11204,屏東縣,住宅,110654162,30.59,,
11204,屏東縣,服務業,86057942,23.79,,
11204,屏東縣,農林漁牧,61571139,17.02,,
11204,屏東縣,工業,103439778,28.6,,
11204,台東縣,住宅,32399182,44.12,,
11204,台東縣,服務業,28481777,38.79,,
11204,台東縣,農林漁牧,2319244,3.16,,
11204,台東縣,工業,10231348,13.93,,
11204,花蓮縣,住宅,49871460,28.22,,
11204,花蓮縣,服務業,49411977,27.96,,
11204,花蓮縣,農林漁牧,1901845,1.08,,
11204,花蓮縣,工業,75515737,42.74,,
11204,基隆市,住宅,53419826,49.95,,
11204,基隆市,服務業,35202873,32.92,,
11204,基隆市,農林漁牧,388210,0.36,,
11204,基隆市,工業,17929092,16.77,,
11204,新竹市,住宅,65948477,9.4,,
11204,新竹市,服務業,86092260,12.27,,
11204,新竹市,農林漁牧,766451,0.11,,
11204,新竹市,工業,548806302,78.22,,
11204,嘉義市,住宅,35538729,44.42,,
11204,嘉義市,服務業,37315794,46.65,,
11204,嘉義市,農林漁牧,553174,0.69,,
11204,嘉義市,工業,6590968,8.24,,
11204,澎湖縣,住宅,12775291,42.54,,
11204,澎湖縣,服務業,12998038,43.28,,
11204,澎湖縣,農林漁牧,311621,1.04,,
11204,澎湖縣,工業,3948999,13.15,,
11204,金門縣,住宅,9111239,45.94,,
11204,金門縣,服務業,7900412,39.84,,
11204,金門縣,農林漁牧,314208,1.58,,
11204,金門縣,工業,2505524,12.63,,
11204,連江縣,住宅,2159594,38.93,,
11204,連江縣,服務業,2699242,48.65,,
11204,連江縣,農林漁牧,6362,0.11,,
11204,連江縣,工業,682873,12.31,,
11203,新北市,住宅,643432541,41.24,,
11203,新北市,服務業,443744715,28.44,,
11203,新北市,農林漁牧,1900250,0.12,,
11203,新北市,工業,470972584,30.19,,
11203,台北市,住宅,393766042,35.68,,
11203,台北市,服務業,658408410,59.67,,
11203,台北市,農林漁牧,242354,0.02,,
11203,台北市,工業,51048389,4.63,,
11203,桃園市,住宅,387375260,17.36,,
11203,桃園市,服務業,303282074,13.59,,
11203,桃園市,農林漁牧,3705887,0.17,,
11203,桃園市,工業,1537445695,68.89,,
11203,台中市,住宅,464583138,17.6,,
11203,台中市,服務業,397467486,15.06,,
11203,台中市,農林漁牧,13063896,0.49,,
11203,台中市,工業,1764854774,66.85,,
11203,台南市,住宅,301379174,11.75,,
11203,台南市,服務業,207670290,8.1,,
11203,台南市,農林漁牧,29291686,1.14,,
11203,台南市,工業,2027011395,79.01,,
11203,高雄市,住宅,451546336,18.53,,
11203,高雄市,服務業,379846458,15.59,,
11203,高雄市,農林漁牧,19165415,0.79,,
11203,高雄市,工業,1586082454,65.09,,
11203,宜蘭縣,住宅,73920600,26.57,,
11203,宜蘭縣,服務業,57892085,20.81,,
11203,宜蘭縣,農林漁牧,4416695,1.59,,
11203,宜蘭縣,工業,142027720,51.04,,
11203,新竹縣,住宅,101139759,10.94,,
11203,新竹縣,服務業,69482524,7.52,,
11203,新竹縣,農林漁牧,1523691,0.16,,
11203,新竹縣,工業,751928240,81.37,,
11203,苗栗縣,住宅,89744895,15.36,,
11203,苗栗縣,服務業,48099402,8.23,,
11203,苗栗縣,農林漁牧,2309855,0.4,,
11203,苗栗縣,工業,444281917,76.02,,
11203,彰化縣,住宅,195414141,22.27,,
11203,彰化縣,服務業,163557730,18.64,,
11203,彰化縣,農林漁牧,32037847,3.65,,
11203,彰化縣,工業,486627912,55.45,,
11203,南投縣,住宅,66364795,31.89,,
11203,南投縣,服務業,43834521,21.07,,
11203,南投縣,農林漁牧,9015407,4.33,,
11203,南投縣,工業,88858967,42.71,,
11203,雲林縣,住宅,113921378,25.78,,
11203,雲林縣,服務業,58851459,13.32,,
11203,雲林縣,農林漁牧,29010093,6.56,,
11203,雲林縣,工業,240122180,54.34,,
11203,嘉義縣,住宅,77349437,29.9,,
11203,嘉義縣,服務業,36604822,14.15,,
11203,嘉義縣,農林漁牧,20424023,7.9,,
11203,嘉義縣,工業,124297806,48.05,,
11203,屏東縣,住宅,128468424,33.64,,
11203,屏東縣,服務業,83327569,21.82,,
11203,屏東縣,農林漁牧,59386100,15.55,,
11203,屏東縣,工業,110697519,28.99,,
11203,台東縣,住宅,31170441,43.22,,
11203,台東縣,服務業,28052729,38.89,,
11203,台東縣,農林漁牧,2171602,3.01,,
11203,台東縣,工業,10730245,14.88,,
11203,花蓮縣,住宅,50563592,27.58,,
11203,花蓮縣,服務業,49913680,27.22,,
11203,花蓮縣,農林漁牧,1763274,0.96,,
11203,花蓮縣,工業,81115316,44.24,,
11203,基隆市,住宅,54530132,50.01,,
11203,基隆市,服務業,35560569,32.61,,
11203,基隆市,農林漁牧,385493,0.35,,
11203,基隆市,工業,18569846,17.03,,
11203,新竹市,住宅,88091223,11.7,,
11203,新竹市,服務業,87233289,11.59,,
11203,新竹市,農林漁牧,720216,0.1,,
11203,新竹市,工業,576902986,76.62,,
11203,嘉義市,住宅,40127979,47.62,,
11203,嘉義市,服務業,37227978,44.18,,
11203,嘉義市,農林漁牧,519194,0.62,,
11203,嘉義市,工業,6391663,7.59,,
11203,澎湖縣,住宅,15863034,46.96,,
11203,澎湖縣,服務業,13769536,40.76,,
11203,澎湖縣,農林漁牧,306553,0.91,,
11203,澎湖縣,工業,3839370,11.37,,
11203,金門縣,住宅,12299564,51.21,,
11203,金門縣,服務業,8858376,36.88,,
11203,金門縣,農林漁牧,239022,1,,
11203,金門縣,工業,2621673,10.92,,
11203,連江縣,住宅,2947916,45.91,,
11203,連江縣,服務業,2761485,43.01,,
11203,連江縣,農林漁牧,6403,0.1,,
11203,連江縣,工業,705271,10.98,,
11202,新北市,住宅,702902195,45.76,,
11202,新北市,服務業,415055543,27.02,,
11202,新北市,農林漁牧,1558333,0.1,,
11202,新北市,工業,416490111,27.12,,
11202,台北市,住宅,409379537,39.69,,
11202,台北市,服務業,580114156,56.24,,
11202,台北市,農林漁牧,376604,0.04,,
11202,台北市,工業,41636685,4.04,,
11202,桃園市,住宅,473733827,21.98,,
11202,桃園市,服務業,298519448,13.85,,
11202,桃園市,農林漁牧,3906223,0.18,,
11202,桃園市,工業,1378660929,63.98,,
11202,台中市,住宅,503666034,20.42,,
11202,台中市,服務業,385787674,15.64,,
11202,台中市,農林漁牧,12025348,0.49,,
11202,台中市,工業,1565640069,63.46,,
11202,台南市,住宅,323830492,14,,
11202,台南市,服務業,204519575,8.84,,
11202,台南市,農林漁牧,32072756,1.39,,
11202,台南市,工業,1753363897,75.78,,
11202,高雄市,住宅,380527505,17.52,,
11202,高雄市,服務業,361398175,16.64,,
11202,高雄市,農林漁牧,21077540,0.97,,
11202,高雄市,工業,1409205232,64.87,,
11202,宜蘭縣,住宅,90082428,33.48,,
11202,宜蘭縣,服務業,55699628,20.7,,
11202,宜蘭縣,農林漁牧,4727364,1.76,,
11202,宜蘭縣,工業,118543880,44.06,,
11202,新竹縣,住宅,119778553,15.36,,
11202,新竹縣,服務業,72998738,9.36,,
11202,新竹縣,農林漁牧,1431716,0.18,,
11202,新竹縣,工業,585389146,75.09,,
11202,苗栗縣,住宅,84528776,15.7,,
11202,苗栗縣,服務業,46445673,8.63,,
11202,苗栗縣,農林漁牧,2226476,0.41,,
11202,苗栗縣,工業,405261819,75.26,,
11202,彰化縣,住宅,201609715,24.46,,
11202,彰化縣,服務業,159936810,19.4,,
11202,彰化縣,農林漁牧,33232107,4.03,,
11202,彰化縣,工業,429466259,52.1,,
11202,南投縣,住宅,87314191,37.97,,
11202,南投縣,服務業,47041382,20.46,,
11202,南投縣,農林漁牧,9111911,3.96,,
11202,南投縣,工業,86481839,37.61,,
11202,雲林縣,住宅,112114489,27.36,,
11202,雲林縣,服務業,56346527,13.75,,
11202,雲林縣,農林漁牧,33430469,8.16,,
11202,雲林縣,工業,207859814,50.73,,
11202,嘉義縣,住宅,71367704,31.5,,
11202,嘉義縣,服務業,33976581,15,,
11202,嘉義縣,農林漁牧,21651784,9.56,,
11202,嘉義縣,工業,99579493,43.95,,
11202,屏東縣,住宅,126336704,33.87,,
11202,屏東縣,服務業,82437175,22.1,,
11202,屏東縣,農林漁牧,66944119,17.95,,
11202,屏東縣,工業,97302545,26.09,,
11202,台東縣,住宅,37108221,48.29,,
11202,台東縣,服務業,27610063,35.93,,
11202,台東縣,農林漁牧,2320261,3.02,,
11202,台東縣,工業,9800114,12.75,,
11202,花蓮縣,住宅,59210753,32.17,,
11202,花蓮縣,服務業,47713335,25.92,,
11202,花蓮縣,農林漁牧,1947099,1.06,,
11202,花蓮縣,工業,75177810,40.85,,
11202,基隆市,住宅,69385726,57.61,,
11202,基隆市,服務業,34248153,28.44,,
11202,基隆市,農林漁牧,331205,0.28,,
11202,基隆市,工業,16466770,13.67,,
11202,新竹市,住宅,79905725,11.64,,
11202,新竹市,服務業,80356399,11.71,,
11202,新竹市,農林漁牧,689610,0.1,,
11202,新竹市,工業,525404729,76.55,,
11202,嘉義市,住宅,42955953,50.61,,
11202,嘉義市,服務業,35110291,41.37,,
11202,嘉義市,農林漁牧,656243,0.77,,
11202,嘉義市,工業,6151886,7.25,,
11202,澎湖縣,住宅,14998071,49.33,,
11202,澎湖縣,服務業,11337749,37.29,,
11202,澎湖縣,農林漁牧,346626,1.14,,
11202,澎湖縣,工業,3718505,12.23,,
11202,金門縣,住宅,10946709,51.16,,
11202,金門縣,服務業,7809879,36.5,,
11202,金門縣,農林漁牧,274649,1.28,,
11202,金門縣,工業,2366754,11.06,,
11202,連江縣,住宅,2576429,42.59,,
11202,連江縣,服務業,2826041,46.71,,
11202,連江縣,農林漁牧,5821,0.1,,
11202,連江縣,工業,641591,10.61,,
11201,新北市,住宅,657739541,42.15,,
11201,新北市,服務業,467565482,29.96,,
11201,新北市,農林漁牧,2245433,0.14,,
11201,新北市,工業,433044220,27.75,,
11201,台北市,住宅,411331757,36.8,,
11201,台北市,服務業,654101058,58.52,,
11201,台北市,農林漁牧,423676,0.04,,
11201,台北市,工業,51836765,4.64,,
11201,桃園市,住宅,376238971,18.62,,
11201,桃園市,服務業,307742730,15.23,,
11201,桃園市,農林漁牧,3919934,0.19,,
11201,桃園市,工業,1333167975,65.96,,
11201,台中市,住宅,475255861,18.97,,
11201,台中市,服務業,417705657,16.67,,
11201,台中市,農林漁牧,12533675,0.5,,
11201,台中市,工業,1599797633,63.86,,
11201,台南市,住宅,308871469,12.96,,
11201,台南市,服務業,214160994,8.99,,
11201,台南市,農林漁牧,34292594,1.44,,
11201,台南市,工業,1825127782,76.61,,
11201,高雄市,住宅,496998014,21.99,,
11201,高雄市,服務業,387453613,17.14,,
11201,高雄市,農林漁牧,21808992,0.96,,
11201,高雄市,工業,1354162710,59.91,,
11201,宜蘭縣,住宅,74706471,29.75,,
11201,宜蘭縣,服務業,60341495,24.03,,
11201,宜蘭縣,農林漁牧,4680081,1.86,,
11201,宜蘭縣,工業,111383323,44.36,,
11201,新竹縣,住宅,98396839,11.47,,
11201,新竹縣,服務業,73652194,8.59,,
11201,新竹縣,農林漁牧,1669779,0.19,,
11201,新竹縣,工業,684190621,79.75,,
11201,苗栗縣,住宅,86504304,15.31,,
11201,苗栗縣,服務業,49460932,8.75,,
11201,苗栗縣,農林漁牧,2141095,0.38,,
11201,苗栗縣,工業,426935167,75.56,,
11201,彰化縣,住宅,186798383,23.62,,
11201,彰化縣,服務業,168567692,21.32,,
11201,彰化縣,農林漁牧,35382760,4.47,,
11201,彰化縣,工業,399957187,50.58,,
11201,南投縣,住宅,67366465,33.4,,
11201,南投縣,服務業,46114046,22.86,,
11201,南投縣,農林漁牧,8813034,4.37,,
11201,南投縣,工業,79396729,39.37,,
11201,雲林縣,住宅,105901006,26.08,,
11201,雲林縣,服務業,62313654,15.35,,
11201,雲林縣,農林漁牧,32124164,7.91,,
11201,雲林縣,工業,205649621,50.65,,
11201,嘉義縣,住宅,74200303,33.8,,
11201,嘉義縣,服務業,37392786,17.03,,
11201,嘉義縣,農林漁牧,20497383,9.34,,
11201,嘉義縣,工業,87444681,39.83,,
11201,屏東縣,住宅,136137403,35.96,,
11201,屏東縣,服務業,85503986,22.58,,
11201,屏東縣,農林漁牧,66412902,17.54,,
11201,屏東縣,工業,90553627,23.92,,
11201,台東縣,住宅,31688263,44.32,,
11201,台東縣,服務業,28540909,39.92,,
11201,台東縣,農林漁牧,2462019,3.44,,
11201,台東縣,工業,8806900,12.32,,
11201,花蓮縣,住宅,50206385,26.98,,
11201,花蓮縣,服務業,49738538,26.73,,
11201,花蓮縣,農林漁牧,1939258,1.04,,
11201,花蓮縣,工業,84188979,45.25,,
11201,基隆市,住宅,54591132,51.3,,
11201,基隆市,服務業,36021352,33.85,,
11201,基隆市,農林漁牧,385137,0.36,,
11201,基隆市,工業,15411351,14.48,,
11201,新竹市,住宅,87006783,10.7,,
11201,新竹市,服務業,82721431,10.17,,
11201,新竹市,農林漁牧,694865,0.09,,
11201,新竹市,工業,643090134,79.05,,
11201,嘉義市,住宅,41235829,47.83,,
11201,嘉義市,服務業,38523786,44.69,,
11201,嘉義市,農林漁牧,508469,0.59,,
11201,嘉義市,工業,5941193,6.89,,
11201,澎湖縣,住宅,15369513,44.86,,
11201,澎湖縣,服務業,14455845,42.19,,
11201,澎湖縣,農林漁牧,373933,1.09,,
11201,澎湖縣,工業,4064208,11.86,,
11201,金門縣,住宅,11559443,49.46,,
11201,金門縣,服務業,9116109,39,,
11201,金門縣,農林漁牧,260507,1.11,,
11201,金門縣,工業,2437209,10.43,,
11201,連江縣,住宅,2886290,44.08,,
11201,連江縣,服務業,2951689,45.08,,
11201,連江縣,農林漁牧,6392,0.1,,
11201,連江縣,工業,703286,10.74,,
11112,新北市,住宅,573674111,37.09,,
11112,新北市,服務業,487219613,31.5,,
11112,新北市,農林漁牧,1687228,0.11,,
11112,新北市,工業,483985972,31.29,,
11112,台北市,住宅,343386529,31.57,,
11112,台北市,服務業,696782918,64.07,,
11112,台北市,農林漁牧,435330,0.04,,
11112,台北市,工業,46940814,4.32,,
11112,桃園市,住宅,359304107,15.88,,
11112,桃園市,服務業,340936163,15.07,,
11112,桃園市,農林漁牧,4187082,0.19,,
11112,桃園市,工業,1557623885,68.86,,
11112,台中市,住宅,438655748,16.46,,
11112,台中市,服務業,456966404,17.14,,
11112,台中市,農林漁牧,13742523,0.52,,
11112,台中市,工業,1755943997,65.88,,
11112,台南市,住宅,293902444,11.61,,
11112,台南市,服務業,254376338,10.05,,
11112,台南市,農林漁牧,36956667,1.46,,
11112,台南市,工業,1947072764,76.89,,
11112,高雄市,住宅,373669159,15.86,,
11112,高雄市,服務業,433521493,18.4,,
11112,高雄市,農林漁牧,22679380,0.96,,
11112,高雄市,工業,1526204865,64.78,,
11112,宜蘭縣,住宅,70428669,26.15,,
11112,宜蘭縣,服務業,63409577,23.55,,
11112,宜蘭縣,農林漁牧,5359865,1.99,,
11112,宜蘭縣,工業,130090246,48.31,,
11112,新竹縣,住宅,95615797,11.06,,
11112,新竹縣,服務業,89767512,10.39,,
11112,新竹縣,農林漁牧,1561099,0.18,,
11112,新竹縣,工業,677280893,78.37,,
11112,苗栗縣,住宅,68672403,11.56,,
11112,苗栗縣,服務業,56329385,9.48,,
11112,苗栗縣,農林漁牧,2637072,0.44,,
11112,苗栗縣,工業,466558420,78.52,,
11112,彰化縣,住宅,171964984,19.62,,
11112,彰化縣,服務業,187773056,21.42,,
11112,彰化縣,農林漁牧,38654720,4.41,,
11112,彰化縣,工業,478074124,54.55,,
11112,南投縣,住宅,73548636,31.37,,
11112,南投縣,服務業,54636417,23.3,,
11112,南投縣,農林漁牧,9794952,4.18,,
11112,南投縣,工業,96463296,41.15,,
11112,雲林縣,住宅,96315381,22.24,,
11112,雲林縣,服務業,67807565,15.66,,
11112,雲林縣,農林漁牧,33417213,7.72,,
11112,雲林縣,工業,235467946,54.38,,
11112,嘉義縣,住宅,61830985,26,,
11112,嘉義縣,服務業,44020995,18.51,,
11112,嘉義縣,農林漁牧,22184621,9.33,,
11112,嘉義縣,工業,109809899,46.17,,
11112,屏東縣,住宅,118909754,30.33,,
11112,屏東縣,服務業,98277740,25.07,,
11112,屏東縣,農林漁牧,65374632,16.67,,
11112,屏東縣,工業,109493776,27.93,,
11112,台東縣,住宅,32267594,41.41,,
11112,台東縣,服務業,31838072,40.86,,
11112,台東縣,農林漁牧,2651884,3.4,,
11112,台東縣,工業,11169886,14.33,,
11112,花蓮縣,住宅,48878119,23.77,,
11112,花蓮縣,服務業,58664311,28.53,,
11112,花蓮縣,農林漁牧,2143781,1.04,,
11112,花蓮縣,工業,95960604,46.66,,
11112,基隆市,住宅,53828072,48.17,,
11112,基隆市,服務業,40272383,36.04,,
11112,基隆市,農林漁牧,676549,0.61,,
11112,基隆市,工業,16965426,15.18,,
11112,新竹市,住宅,64601293,8.31,,
11112,新竹市,服務業,94957305,12.21,,
11112,新竹市,農林漁牧,746047,0.1,,
11112,新竹市,工業,617198276,79.38,,
11112,嘉義市,住宅,37914425,43.43,,
11112,嘉義市,服務業,41627071,47.69,,
11112,嘉義市,農林漁牧,658211,0.75,,
11112,嘉義市,工業,7093309,8.13,,
11112,澎湖縣,住宅,12957399,40.49,,
11112,澎湖縣,服務業,14657528,45.8,,
11112,澎湖縣,農林漁牧,363651,1.14,,
11112,澎湖縣,工業,4026037,12.58,,
11112,金門縣,住宅,8148749,39.83,,
11112,金門縣,服務業,9329297,45.6,,
11112,金門縣,農林漁牧,283735,1.39,,
11112,金門縣,工業,2698508,13.19,,
11112,連江縣,住宅,1787545,32.58,,
11112,連江縣,服務業,3000688,54.7,,
11112,連江縣,農林漁牧,6635,0.12,,
11112,連江縣,工業,691127,12.6,,
11111,新北市,住宅,709913388,40.27,,
11111,新北市,服務業,552914135,31.36,,
11111,新北市,農林漁牧,2303644,0.13,,
11111,新北市,工業,497933399,28.24,,
11111,台北市,住宅,447027336,34.91,,
11111,台北市,服務業,775222779,60.54,,
11111,台北市,農林漁牧,429596,0.03,,
11111,台北市,工業,57821099,4.52,,
11111,桃園市,住宅,374646067,16.16,,
11111,桃園市,服務業,361710584,15.6,,
11111,桃園市,農林漁牧,4138638,0.18,,
11111,桃園市,工業,1577450006,68.05,,
11111,台中市,住宅,548445758,19.32,,
11111,台中市,服務業,502353084,17.69,,
11111,台中市,農林漁牧,14761818,0.52,,
11111,台中市,工業,1773615255,62.47,,
11111,台南市,住宅,366977081,13.49,,
11111,台南市,服務業,274203471,10.08,,
11111,台南市,農林漁牧,37795484,1.39,,
11111,台南市,工業,2042198608,75.05,,
11111,高雄市,住宅,597899194,22.63,,
11111,高雄市,服務業,475774334,18.01,,
11111,高雄市,農林漁牧,21793545,0.82,,
11111,高雄市,工業,1546408115,58.53,,
11111,宜蘭縣,住宅,77640318,26.62,,
11111,宜蘭縣,服務業,71941822,24.66,,
11111,宜蘭縣,農林漁牧,5661223,1.94,,
11111,宜蘭縣,工業,136441677,46.78,,
11111,新竹縣,住宅,103710821,11.45,,
11111,新竹縣,服務業,89738713,9.91,,
11111,新竹縣,農林漁牧,1962433,0.22,,
11111,新竹縣,工業,710471995,78.43,,
11111,苗栗縣,住宅,95739508,16.22,,
11111,苗栗縣,服務業,61739321,10.46,,
11111,苗栗縣,農林漁牧,2649073,0.45,,
11111,苗栗縣,工業,430204440,72.87,,
11111,彰化縣,住宅,218152159,23.25,,
11111,彰化縣,服務業,191268380,20.39,,
11111,彰化縣,農林漁牧,39730897,4.24,,
11111,彰化縣,工業,488965194,52.12,,
11111,南投縣,住宅,70846839,30.18,,
11111,南投縣,服務業,55980379,23.85,,
11111,南投縣,農林漁牧,9556061,4.07,,
11111,南投縣,工業,98339197,41.9,,
11111,雲林縣,住宅,127628064,26.64,,
11111,雲林縣,服務業,77077312,16.09,,
11111,雲林縣,農林漁牧,33983586,7.09,,
11111,雲林縣,工業,240378815,50.18,,
11111,嘉義縣,住宅,86955291,32.06,,
11111,嘉義縣,服務業,49709084,18.33,,
11111,嘉義縣,農林漁牧,23442755,8.64,,
11111,嘉義縣,工業,111155766,40.98,,
11111,屏東縣,住宅,155225673,35.61,,
11111,屏東縣,服務業,105070499,24.1,,
11111,屏東縣,農林漁牧,62249816,14.28,,
11111,屏東縣,工業,113393301,26.01,,
11111,台東縣,住宅,35010221,42.53,,
11111,台東縣,服務業,33720897,40.96,,
11111,台東縣,農林漁牧,2513218,3.05,,
11111,台東縣,工業,11073876,13.45,,
11111,花蓮縣,住宅,55580548,28.57,,
11111,花蓮縣,服務業,62813700,32.29,,
11111,花蓮縣,農林漁牧,2090557,1.07,,
11111,花蓮縣,工業,74063696,38.07,,
11111,基隆市,住宅,56101871,45.49,,
11111,基隆市,服務業,48519570,39.34,,
11111,基隆市,農林漁牧,762757,0.62,,
11111,基隆市,工業,17950761,14.55,,
11111,新竹市,住宅,94525373,11.33,,
11111,新竹市,服務業,103257981,12.37,,
11111,新竹市,農林漁牧,770887,0.09,,
11111,新竹市,工業,636005123,76.21,,
11111,嘉義市,住宅,48280452,46.64,,
11111,嘉義市,服務業,47273255,45.66,,
11111,嘉義市,農林漁牧,581666,0.56,,
11111,嘉義市,工業,7391039,7.14,,
11111,澎湖縣,住宅,17825963,43.51,,
11111,澎湖縣,服務業,18528091,45.22,,
11111,澎湖縣,農林漁牧,399977,0.98,,
11111,澎湖縣,工業,4215173,10.29,,
11111,金門縣,住宅,12700114,45.32,,
11111,金門縣,服務業,11401391,40.69,,
11111,金門縣,農林漁牧,316993,1.13,,
11111,金門縣,工業,3604039,12.86,,
11111,連江縣,住宅,2630150,41.42,,
11111,連江縣,服務業,3040912,47.89,,
11111,連江縣,農林漁牧,6003,0.09,,
11111,連江縣,工業,673146,10.6,,
11110,新北市,住宅,947039888,46.17,,
11110,新北市,服務業,588710619,28.7,,
11110,新北市,農林漁牧,2071837,0.1,,
11110,新北市,工業,513585147,25.04,,
11110,台北市,住宅,574270630,39.48,,
11110,台北市,服務業,824666263,56.69,,
11110,台北市,農林漁牧,462471,0.03,,
11110,台北市,工業,55302768,3.8,,
11110,桃園市,住宅,573155644,21.74,,
11110,桃園市,服務業,412221590,15.64,,
11110,桃園市,農林漁牧,5112701,0.19,,
11110,桃園市,工業,1645780283,62.43,,
11110,台中市,住宅,683898493,22.27,,
11110,台中市,服務業,546695772,17.8,,
11110,台中市,農林漁牧,15910533,0.52,,
11110,台中市,工業,1824368742,59.41,,
11110,台南市,住宅,447258363,15.78,,
11110,台南市,服務業,299615459,10.57,,
11110,台南市,農林漁牧,42781679,1.51,,
11110,台南市,工業,2043956020,72.13,,
11110,高雄市,住宅,545312749,20.4,,
11110,高雄市,服務業,509413968,19.06,,
11110,高雄市,農林漁牧,23627690,0.88,,
11110,高雄市,工業,1594683048,59.66,,
11110,宜蘭縣,住宅,111765932,32.89,,
11110,宜蘭縣,服務業,77480033,22.8,,
11110,宜蘭縣,農林漁牧,7125542,2.1,,
11110,宜蘭縣,工業,143449246,42.21,,
11110,新竹縣,住宅,155084622,16.01,,
11110,新竹縣,服務業,103159901,10.65,,
11110,新竹縣,農林漁牧,2091095,0.22,,
11110,新竹縣,工業,708560130,73.13,,
11110,苗栗縣,住宅,112270650,17.14,,
11110,苗栗縣,服務業,65415082,9.99,,
11110,苗栗縣,農林漁牧,2971284,0.45,,
11110,苗栗縣,工業,474289357,72.42,,
11110,彰化縣,住宅,271280775,25.95,,
11110,彰化縣,服務業,212843333,20.36,,
11110,彰化縣,農林漁牧,48876722,4.68,,
11110,彰化縣,工業,512477155,49.02,,
11110,南投縣,住宅,101723227,37,,
11110,南投縣,服務業,63784892,23.2,,
11110,南投縣,農林漁牧,11092667,4.03,,
11110,南投縣,工業,98350660,35.77,,
11110,雲林縣,住宅,146396422,28.64,,
11110,雲林縣,服務業,79642319,15.58,,
11110,雲林縣,農林漁牧,40450873,7.91,,
11110,雲林縣,工業,244688913,47.87,,
11110,嘉義縣,住宅,9112105,32.22,,
11110,嘉義縣,服務業,51284473,17.95,,
11110,嘉義縣,農林漁牧,27008114,9.46,,
11110,嘉義縣,工業,115332014,40.38,,
11110,屏東縣,住宅,166193933,36.14,,
11110,屏東縣,服務業,111802425,24.31,,
11110,屏東縣,農林漁牧,67689868,14.72,,
11110,屏東縣,工業,114153031,24.82,,
11110,台東縣,住宅,49241160,48.48,,
11110,台東縣,服務業,38570424,37.97,,
11110,台東縣,農林漁牧,2808556,2.77,,
11110,台東縣,工業,10948109,10.78,,
11110,花蓮縣,住宅,78349328,34.5,,
11110,花蓮縣,服務業,68510267,30.17,,
11110,花蓮縣,農林漁牧,2546116,1.12,,
11110,花蓮縣,工業,77692442,34.21,,
11110,基隆市,住宅,85023931,55.38,,
11110,基隆市,服務業,48164746,31.37,,
11110,基隆市,農林漁牧,880842,0.57,,
11110,基隆市,工業,19470075,12.68,,
11110,新竹市,住宅,109568998,11.95,,
11110,新竹市,服務業,110718185,12.08,,
11110,新竹市,農林漁牧,945585,0.1,,
11110,新竹市,工業,695339614,75.86,,
11110,嘉義市,住宅,58350986,49.73,,
11110,嘉義市,服務業,50358343,42.92,,
11110,嘉義市,農林漁牧,750320,0.64,,
11110,嘉義市,工業,7872469,6.71,,
11110,澎湖縣,住宅,21337022,47.72,,
11110,澎湖縣,服務業,18528569,41.44,,
11110,澎湖縣,農林漁牧,442307,0.99,,
11110,澎湖縣,工業,4400572,9.84,,
11110,金門縣,住宅,14364713,47.37,,
11110,金門縣,服務業,11729494,38.68,,
11110,金門縣,農林漁牧,391485,1.29,,
11110,金門縣,工業,3837413,12.66,,
11110,連江縣,住宅,2959218,39.46,,
11110,連江縣,服務業,3764578,50.2,,
11110,連江縣,農林漁牧,10250,0.14,,
11110,連江縣,工業,765525,10.21,,
11109,新北市,住宅,1106581205,46.33,,
11109,新北市,服務業,701472911,29.37,,
11109,新北市,農林漁牧,3139640,0.13,,
11109,新北市,工業,577227563,24.17,,
11109,台北市,住宅,697546339,40.64,,
11109,台北市,服務業,948828222,55.29,,
11109,台北市,農林漁牧,490202,0.03,,
11109,台北市,工業,69375448,4.04,,
11109,桃園市,住宅,557580250,20.78,,
11109,桃園市,服務業,450030259,16.78,,
11109,桃園市,農林漁牧,5718766,0.21,,
11109,桃園市,工業,1669289104,62.23,,
11109,台中市,住宅,743144252,23.49,,
11109,台中市,服務業,607670092,19.21,,
11109,台中市,農林漁牧,17018561,0.54,,
11109,台中市,工業,1795212072,56.76,,
11109,台南市,住宅,466789124,16.18,,
11109,台南市,服務業,315539826,10.94,,
11109,台南市,農林漁牧,47296071,1.64,,
11109,台南市,工業,2054503019,71.23,,
11109,高雄市,住宅,757756526,26.66,,
11109,高雄市,服務業,540654020,19.02,,
11109,高雄市,農林漁牧,24804748,0.87,,
11109,高雄市,工業,1519177074,53.45,,
11109,宜蘭縣,住宅,117665301,33.4,,
11109,宜蘭縣,服務業,91603779,26.01,,
11109,宜蘭縣,農林漁牧,8211421,2.33,,
11109,宜蘭縣,工業,134773613,38.26,,
11109,新竹縣,住宅,153630363,15.63,,
11109,新竹縣,服務業,108716181,11.06,,
11109,新竹縣,農林漁牧,2766653,0.28,,
11109,新竹縣,工業,717799136,73.03,,
11109,苗栗縣,住宅,143237885,20.8,,
11109,苗栗縣,服務業,74585469,10.83,,
11109,苗栗縣,農林漁牧,3348454,0.49,,
11109,苗栗縣,工業,467502070,67.88,,
11109,彰化縣,住宅,290140191,26.46,,
11109,彰化縣,服務業,218699608,19.94,,
11109,彰化縣,農林漁牧,56004612,5.11,,
11109,彰化縣,工業,531745127,48.49,,
11109,南投縣,住宅,85397573,33.03,,
11109,南投縣,服務業,64415437,24.91,,
11109,南投縣,農林漁牧,10532570,4.07,,
11109,南投縣,工業,98209393,37.98,,
11109,雲林縣,住宅,161554613,29.73,,
11109,雲林縣,服務業,90469831,16.65,,
11109,雲林縣,農林漁牧,45604216,8.39,,
11109,雲林縣,工業,245735409,45.22,,
11109,嘉義縣,住宅,109269050,32.63,,
11109,嘉義縣,服務業,57267886,17.1,,
11109,嘉義縣,農林漁牧,29365110,8.77,,
11109,嘉義縣,工業,139011871,41.51,,
11109,屏東縣,住宅,189484736,38.24,,
11109,屏東縣,服務業,118560471,23.92,,
11109,屏東縣,農林漁牧,72139968,14.56,,
11109,屏東縣,工業,115381024,23.28,,
11109,台東縣,住宅,46700902,45.1,,
11109,台東縣,服務業,42843323,41.37,,
11109,台東縣,農林漁牧,3102374,3,,
11109,台東縣,工業,10913010,10.54,,
11109,花蓮縣,住宅,79003681,32.49,,
11109,花蓮縣,服務業,77566782,31.89,,
11109,花蓮縣,農林漁牧,2975374,1.22,,
11109,花蓮縣,工業,83650045,34.4,,
11109,基隆市,住宅,83766516,52.66,,
11109,基隆市,服務業,53832038,33.84,,
11109,基隆市,農林漁牧,965459,0.61,,
11109,基隆市,工業,20494972,12.89,,
11109,新竹市,住宅,144296850,14.91,,
11109,新竹市,服務業,122555978,12.66,,
11109,新竹市,農林漁牧,1001004,0.1,,
11109,新竹市,工業,700206892,72.33,,
11109,嘉義市,住宅,63259239,49.25,,
11109,嘉義市,服務業,56027150,43.62,,
11109,嘉義市,農林漁牧,733273,0.57,,
11109,嘉義市,工業,8427647,6.56,,
11109,澎湖縣,住宅,25460568,46.43,,
11109,澎湖縣,服務業,24062795,43.88,,
11109,澎湖縣,農林漁牧,549727,1,,
11109,澎湖縣,工業,4766062,8.69,,
11109,金門縣,住宅,17564406,47.35,,
11109,金門縣,服務業,14842223,40.01,,
11109,金門縣,農林漁牧,413399,1.11,,
11109,金門縣,工業,4278698,11.53,,
11109,連江縣,住宅,3995633,43.01,,
11109,連江縣,服務業,4492998,48.37,,
11109,連江縣,農林漁牧,12359,0.13,,
11109,連江縣,工業,788527,8.49,,
11108,新北市,住宅,949189905,43.14,,
11108,新北市,服務業,634809208,28.85,,
11108,新北市,農林漁牧,2200249,0.1,,
11108,新北市,工業,614055108,27.91,,
11108,台北市,住宅,577847950,36.82,,
11108,台北市,服務業,931998553,59.39,,
11108,台北市,農林漁牧,497666,0.03,,
11108,台北市,工業,58990459,3.76,,
11108,桃園市,住宅,576606811,20.34,,
11108,桃園市,服務業,455623264,16.07,,
11108,桃園市,農林漁牧,5551171,0.2,,
11108,桃園市,工業,1797630157,63.4,,
11108,台中市,住宅,663063369,21.15,,
11108,台中市,服務業,565036800,18.03,,
11108,台中市,農林漁牧,17024411,0.54,,
11108,台中市,工業,1889569579,60.28,,
11108,台南市,住宅,447904025,14.92,,
11108,台南市,服務業,303333047,10.1,,
11108,台南市,農林漁牧,43295561,1.44,,
11108,台南市,工業,2207591049,73.53,,
11108,高雄市,住宅,548385981,20.51,,
11108,高雄市,服務業,518610819,19.4,,
11108,高雄市,農林漁牧,22677506,0.85,,
11108,高雄市,工業,1584259564,59.25,,
11108,宜蘭縣,住宅,110953632,31.07,,
11108,宜蘭縣,服務業,85310390,23.89,,
11108,宜蘭縣,農林漁牧,7828295,2.19,,
11108,宜蘭縣,工業,152969313,42.84,,
11108,新竹縣,住宅,153912773,14.73,,
11108,新竹縣,服務業,110983314,10.62,,
11108,新竹縣,農林漁牧,2467336,0.24,,
11108,新竹縣,工業,777822185,74.42,,
11108,苗栗縣,住宅,112293008,16.69,,
11108,苗栗縣,服務業,70262558,10.45,,
11108,苗栗縣,農林漁牧,3458497,0.51,,
11108,苗栗縣,工業,486663226,72.35,,
11108,彰化縣,住宅,261688040,23.87,,
11108,彰化縣,服務業,218498321,19.93,,
11108,彰化縣,農林漁牧,52486841,4.79,,
11108,彰化縣,工業,563804246,51.42,,
11108,南投縣,住宅,97796671,35.16,,
11108,南投縣,服務業,64414782,23.16,,
11108,南投縣,農林漁牧,10785625,3.88,,
11108,南投縣,工業,105151658,37.8,,
11108,雲林縣,住宅,143250071,27.17,,
11108,雲林縣,服務業,80445299,15.26,,
11108,雲林縣,農林漁牧,43592944,8.27,,
11108,雲林縣,工業,259938707,49.3,,
11108,嘉義縣,住宅,90754581,27.94,,
11108,嘉義縣,服務業,52171900,16.06,,
11108,嘉義縣,農林漁牧,27265877,8.39,,
11108,嘉義縣,工業,154613417,47.6,,
11108,屏東縣,住宅,168275700,36.02,,
11108,屏東縣,服務業,112945470,24.17,,
11108,屏東縣,農林漁牧,66855823,14.31,,
11108,屏東縣,工業,119146165,25.5,,
11108,台東縣,住宅,48969999,46.64,,
11108,台東縣,服務業,41826261,39.83,,
11108,台東縣,農林漁牧,2693561,2.57,,
11108,台東縣,工業,11516509,10.97,,
11108,花蓮縣,住宅,77079630,33.18,,
11108,花蓮縣,服務業,74412607,32.03,,
11108,花蓮縣,農林漁牧,2640244,1.14,,
11108,花蓮縣,工業,78205032,33.66,,
11108,基隆市,住宅,83062612,52.83,,
11108,基隆市,服務業,52249838,33.23,,
11108,基隆市,農林漁牧,1120963,0.71,,
11108,基隆市,工業,20793765,13.23,,
11108,新竹市,住宅,110061619,11.25,,
11108,新竹市,服務業,119286976,12.19,,
11108,新竹市,農林漁牧,970497,0.1,,
11108,新竹市,工業,748198550,76.46,,
11108,嘉義市,住宅,59224701,49.11,,
11108,嘉義市,服務業,51854710,43,,
11108,嘉義市,農林漁牧,726712,0.6,,
11108,嘉義市,工業,8799991,7.3,,
11108,澎湖縣,住宅,20000193,43.55,,
11108,澎湖縣,服務業,20489857,44.62,,
11108,澎湖縣,農林漁牧,480725,1.05,,
11108,澎湖縣,工業,4949641,10.78,,
11108,金門縣,住宅,12929815,42.99,,
11108,金門縣,服務業,12456210,41.41,,
11108,金門縣,農林漁牧,382049,1.27,,
11108,金門縣,工業,4309399,14.33,,
11108,連江縣,住宅,2892567,35.89,,
11108,連江縣,服務業,4306730,53.44,,
11108,連江縣,農林漁牧,11555,0.14,,
11108,連江縣,工業,847970,10.52,,
11107,新北市,住宅,791984831,40.25,,
11107,新北市,服務業,628720099,31.96,,
11107,新北市,農林漁牧,2590739,0.13,,
11107,新北市,工業,544151095,27.66,,
11107,台北市,住宅,497087589,33.75,,
11107,台北市,服務業,911711730,61.91,,
11107,台北市,農林漁牧,626358,0.04,,
11107,台北市,工業,63221336,4.29,,
11107,桃園市,住宅,414706619,15.82,,
11107,桃園市,服務業,423172983,16.14,,
11107,桃園市,農林漁牧,4898695,0.19,,
11107,桃園市,工業,1778856022,67.85,,
11107,台中市,住宅,582626690,18.92,,
11107,台中市,服務業,554571523,18.01,,
11107,台中市,農林漁牧,15141035,0.49,,
11107,台中市,工業,1926295483,62.57,,
11107,台南市,住宅,398831682,13.71,,
11107,台南市,服務業,296345091,10.19,,
11107,台南市,農林漁牧,41956872,1.44,,
11107,台南市,工業,2172135695,74.66,,
11107,高雄市,住宅,660141776,23.54,,
11107,高雄市,服務業,519644323,18.53,,
11107,高雄市,農林漁牧,21313664,0.76,,
11107,高雄市,工業,1603496666,57.17,,
11107,宜蘭縣,住宅,83955365,26.38,,
11107,宜蘭縣,服務業,82569389,25.95,,
11107,宜蘭縣,農林漁牧,7649593,2.4,,
11107,宜蘭縣,工業,144028420,45.26,,
11107,新竹縣,住宅,113022903,11.33,,
11107,新竹縣,服務業,100247435,10.05,,
11107,新竹縣,農林漁牧,2519244,0.25,,
11107,新竹縣,工業,781375232,78.36,,
11107,苗栗縣,住宅,106006493,15.81,,
11107,苗栗縣,服務業,68790720,10.26,,
11107,苗栗縣,農林漁牧,3126034,0.47,,
11107,苗栗縣,工業,492423730,73.46,,
11107,彰化縣,住宅,227212069,21.84,,
11107,彰化縣,服務業,207216216,19.92,,
11107,彰化縣,農林漁牧,48961166,4.71,,
11107,彰化縣,工業,556730279,53.53,,
11107,南投縣,住宅,72285495,29.08,,
11107,南投縣,服務業,58932509,23.71,,
11107,南投縣,農林漁牧,9556570,3.84,,
11107,南投縣,工業,107775925,43.36,,
11107,雲林縣,住宅,131255747,24.89,,
11107,雲林縣,服務業,83438472,15.82,,
11107,雲林縣,農林漁牧,42179680,8,,
11107,雲林縣,工業,270459224,51.29,,
11107,嘉義縣,住宅,90393220,27.51,,
11107,嘉義縣,服務業,53333715,16.23,,
11107,嘉義縣,農林漁牧,26138515,7.96,,
11107,嘉義縣,工業,158670878,48.3,,
11107,屏東縣,住宅,169924387,36.34,,
11107,屏東縣,服務業,110631967,23.66,,
11107,屏東縣,農林漁牧,66507786,14.22,,
11107,屏東縣,工業,120565390,25.78,,
11107,台東縣,住宅,38744454,41.74,,
11107,台東縣,服務業,39671339,42.74,,
11107,台東縣,農林漁牧,2737039,2.95,,
11107,台東縣,工業,11665195,12.57,,
11107,花蓮縣,住宅,59783389,26.84,,
11107,花蓮縣,服務業,72035039,32.34,,
11107,花蓮縣,農林漁牧,2386895,1.07,,
11107,花蓮縣,工業,88556374,39.75,,
11107,基隆市,住宅,59526725,45.57,,
11107,基隆市,服務業,49601659,37.97,,
11107,基隆市,農林漁牧,913249,0.7,,
11107,基隆市,工業,20589250,15.76,,
11107,新竹市,住宅,106965088,10.99,,
11107,新竹市,服務業,115475391,11.87,,
11107,新竹市,農林漁牧,886863,0.09,,
11107,新竹市,工業,749895041,77.05,,
11107,嘉義市,住宅,53555755,46.36,,
11107,嘉義市,服務業,52980405,45.86,,
11107,嘉義市,農林漁牧,653792,0.57,,
11107,嘉義市,工業,8327472,7.21,,
11107,澎湖縣,住宅,20048624,42.08,,
11107,澎湖縣,服務業,22273806,46.75,,
11107,澎湖縣,農林漁牧,457781,0.96,,
11107,澎湖縣,工業,4863130,10.21,,
11107,金門縣,住宅,12463953,42.2,,
11107,金門縣,服務業,12565897,42.55,,
11107,金門縣,農林漁牧,330991,1.12,,
11107,金門縣,工業,4171498,14.13,,
11107,連江縣,住宅,2998523,38.94,,
11107,連江縣,服務業,3865895,50.2,,
11107,連江縣,農林漁牧,10497,0.14,,
11107,連江縣,工業,825898,10.72,,
11106,新北市,住宅,632219252,37.52,,
11106,新北市,服務業,523026882,31.04,,
11106,新北市,農林漁牧,1732355,0.1,,
11106,新北市,工業,528178029,31.34,,
11106,台北市,住宅,376948142,31.17,,
11106,台北市,服務業,781452425,64.63,,
11106,台北市,農林漁牧,1212657,0.1,,
11106,台北市,工業,49576271,4.1,,
11106,桃園市,住宅,396663848,16.08,,
11106,桃園市,服務業,380188999,15.41,,
11106,桃園市,農林漁牧,4343827,0.18,,
11106,桃園市,工業,1685998735,68.34,,
11106,台中市,住宅,479169616,16.98,,
11106,台中市,服務業,495925111,17.57,,
11106,台中市,農林漁牧,13844912,0.49,,
11106,台中市,工業,1833548992,64.96,,
11106,台南市,住宅,327860194,11.73,,
11106,台南市,服務業,277109977,9.92,,
11106,台南市,農林漁牧,37095408,1.33,,
11106,台南市,工業,2152567775,77.03,,
11106,高雄市,住宅,414264590,16.29,,
11106,高雄市,服務業,486968616,19.15,,
11106,高雄市,農林漁牧,19464083,0.77,,
11106,高雄市,工業,1622013237,63.79,,
11106,宜蘭縣,住宅,75339122,26.53,,
11106,宜蘭縣,服務業,69328445,24.41,,
11106,宜蘭縣,農林漁牧,6723750,2.37,,
11106,宜蘭縣,工業,132628984,46.7,,
11106,新竹縣,住宅,104716930,11.06,,
11106,新竹縣,服務業,93989817,9.93,,
11106,新竹縣,農林漁牧,1882295,0.2,,
11106,新竹縣,工業,746176947,78.81,,
11106,苗栗縣,住宅,76303396,12.63,,
11106,苗栗縣,服務業,61010742,10.1,,
11106,苗栗縣,農林漁牧,2870539,0.48,,
11106,苗栗縣,工業,463953535,76.8,,
11106,彰化縣,住宅,188469942,19.61,,
11106,彰化縣,服務業,197197419,20.52,,
11106,彰化縣,農林漁牧,43625400,4.54,,
11106,彰化縣,工業,531840217,55.33,,
11106,南投縣,住宅,78172643,31.36,,
11106,南投縣,服務業,58104202,23.31,,
11106,南投縣,農林漁牧,9011977,3.62,,
11106,南投縣,工業,103992552,41.72,,
11106,雲林縣,住宅,109163205,22.73,,
11106,雲林縣,服務業,71744205,14.94,,
11106,雲林縣,農林漁牧,37183429,7.74,,
11106,雲林縣,工業,262274785,54.6,,
11106,嘉義縣,住宅,68514035,22.99,,
11106,嘉義縣,服務業,58748894,19.71,,
11106,嘉義縣,農林漁牧,23396739,7.85,,
11106,嘉義縣,工業,147408735,49.45,,
11106,屏東縣,住宅,133485822,32.22,,
11106,屏東縣,服務業,103353773,24.95,,
11106,屏東縣,農林漁牧,63584209,15.35,,
11106,屏東縣,工業,113840228,27.48,,
11106,台東縣,住宅,35655288,42.5,,
11106,台東縣,服務業,34923812,41.62,,
11106,台東縣,農林漁牧,2515197,3,,
11106,台東縣,工業,10808366,12.88,,
11106,花蓮縣,住宅,54579522,26.59,,
11106,花蓮縣,服務業,62980238,30.69,,
11106,花蓮縣,農林漁牧,2225658,1.08,,
11106,花蓮縣,工業,85459283,41.64,,
11106,基隆市,住宅,56906808,47.64,,
11106,基隆市,服務業,43597925,36.5,,
11106,基隆市,農林漁牧,11653,0.01,,
11106,基隆市,工業,18932763,15.85,,
11106,新竹市,住宅,73614409,8.27,,
11106,新竹市,服務業,103400978,11.62,,
11106,新竹市,農林漁牧,786496,0.09,,
11106,新竹市,工業,712274592,80.02,,
11106,嘉義市,住宅,41624362,40.88,,
11106,嘉義市,服務業,51495042,50.57,,
11106,嘉義市,農林漁牧,594404,0.58,,
11106,嘉義市,工業,8113801,7.97,,
11106,澎湖縣,住宅,14118526,38.3,,
11106,澎湖縣,服務業,17922658,48.62,,
11106,澎湖縣,農林漁牧,403784,1.1,,
11106,澎湖縣,工業,4418155,11.99,,
11106,金門縣,住宅,8932668,39.06,,
11106,金門縣,服務業,9926993,43.41,,
11106,金門縣,農林漁牧,319884,1.4,,
11106,金門縣,工業,3688207,16.13,,
11106,連江縣,住宅,2025149,32.86,,
11106,連江縣,服務業,3360411,54.52,,
11106,連江縣,農林漁牧,7745,0.13,,
11106,連江縣,工業,770335,12.5,,
11105,新北市,住宅,548332860,35.25,,
11105,新北市,服務業,497296601,31.97,,
11105,新北市,農林漁牧,2128209,0.14,,
11105,新北市,工業,507971540,32.65,,
11105,台北市,住宅,342630235,30.61,,
11105,台北市,服務業,725692045,64.83,,
11105,台北市,農林漁牧,1157519,0.1,,
11105,台北市,工業,49849497,4.45,,
11105,桃園市,住宅,307529401,13.32,,
11105,桃園市,服務業,334933258,14.51,,
11105,桃園市,農林漁牧,3764169,0.16,,
11105,桃園市,工業,1662761401,72.01,,
11105,台中市,住宅,408168040,14.77,,
11105,台中市,服務業,461434918,16.7,,
11105,台中市,農林漁牧,12744958,0.46,,
11105,台中市,工業,1880583840,68.06,,
11105,台南市,住宅,271989418,10.16,,
11105,台南市,服務業,254300559,9.5,,
11105,台南市,農林漁牧,32392283,1.21,,
11105,台南市,工業,2117916412,79.13,,
11105,高雄市,住宅,444794267,17.05,,
11105,高雄市,服務業,451939443,17.32,,
11105,高雄市,農林漁牧,18584747,0.71,,
11105,高雄市,工業,1693846459,64.92,,
11105,宜蘭縣,住宅,60894960,22.68,,
11105,宜蘭縣,服務業,63708307,23.73,,
11105,宜蘭縣,農林漁牧,5654894,2.11,,
11105,宜蘭縣,工業,138196163,51.48,,
11105,新竹縣,住宅,81511472,9.08,,
11105,新竹縣,服務業,81597860,9.09,,
11105,新竹縣,農林漁牧,1823595,0.2,,
11105,新竹縣,工業,733116566,81.63,,
11105,苗栗縣,住宅,74102973,11.79,,
11105,苗栗縣,服務業,55165307,8.78,,
11105,苗栗縣,農林漁牧,2417048,0.38,,
11105,苗栗縣,工業,496673801,79.04,,
11105,彰化縣,住宅,168008767,18.1,,
11105,彰化縣,服務業,181784542,19.58,,
11105,彰化縣,農林漁牧,37931667,4.09,,
11105,彰化縣,工業,540696473,58.24,,
11105,南投縣,住宅,56891155,25.73,,
11105,南投縣,服務業,51600212,23.34,,
11105,南投縣,農林漁牧,8751990,3.96,,
11105,南投縣,工業,103862106,46.97,,
11105,雲林縣,住宅,98846588,21.22,,
11105,雲林縣,服務業,70476139,15.13,,
11105,雲林縣,農林漁牧,33092356,7.1,,
11105,雲林縣,工業,263419252,56.55,,
11105,嘉義縣,住宅,66114247,19.98,,
11105,嘉義縣,服務業,44872517,13.56,,
11105,嘉義縣,農林漁牧,21162592,6.4,,
11105,嘉義縣,工業,198729143,60.06,,
11105,屏東縣,住宅,123170620,31.34,,
11105,屏東縣,服務業,95533103,24.3,,
11105,屏東縣,農林漁牧,61077339,15.54,,
11105,屏東縣,工業,113290988,28.82,,
11105,台東縣,住宅,27350123,38.47,,
11105,台東縣,服務業,30903690,43.47,,
11105,台東縣,農林漁牧,2326977,3.27,,
11105,台東縣,工業,10507218,14.78,,
11105,花蓮縣,住宅,43314308,20.98,,
11105,花蓮縣,服務業,57873134,28.03,,
11105,花蓮縣,農林漁牧,1976982,0.96,,
11105,花蓮縣,工業,103332476,50.04,,
11105,基隆市,住宅,43265349,43.3,,
11105,基隆市,服務業,39330024,39.37,,
11105,基隆市,農林漁牧,5008,0.01,,
11105,基隆市,工業,17310227,17.33,,
11105,新竹市,住宅,73208718,8.42,,
11105,新竹市,服務業,93664336,10.78,,
11105,新竹市,農林漁牧,714575,0.08,,
11105,新竹市,工業,701677698,80.72,,
11105,嘉義市,住宅,36262131,41.51,,
11105,嘉義市,服務業,42855951,49.06,,
11105,嘉義市,農林漁牧,507430,0.58,,
11105,嘉義市,工業,7734267,8.85,,
11105,澎湖縣,住宅,13671008,38.1,,
11105,澎湖縣,服務業,17573256,48.98,,
11105,澎湖縣,農林漁牧,356396,0.99,,
11105,澎湖縣,工業,4277328,11.92,,
11105,金門縣,住宅,9605249,41.72,,
11105,金門縣,服務業,9695227,42.11,,
11105,金門縣,農林漁牧,355621,1.54,,
11105,金門縣,工業,3366698,14.62,,
11105,連江縣,住宅,2301710,37.99,,
11105,連江縣,服務業,3009340,49.67,,
11105,連江縣,農林漁牧,7076,0.12,,
11105,連江縣,工業,740007,12.22,,
11104,新北市,住宅,584038871,39.05,,
11104,新北市,服務業,437069134,29.22,,
11104,新北市,農林漁牧,1467094,0.1,,
11104,新北市,工業,473182825,31.63,,
11104,台北市,住宅,340813727,32.77,,
11104,台北市,服務業,657762441,63.25,,
11104,台北市,農林漁牧,892359,0.09,,
11104,台北市,工業,40413915,3.89,,
11104,桃園市,住宅,387949808,16.6,,
11104,桃園市,服務業,315105291,13.49,,
11104,桃園市,農林漁牧,3082743,0.13,,
11104,桃園市,工業,1630354711,69.78,,
11104,台中市,住宅,431839029,16.14,,
11104,台中市,服務業,419967025,15.7,,
11104,台中市,農林漁牧,12046805,0.45,,
11104,台中市,工業,1811859697,67.72,,
11104,台南市,住宅,284387803,11.27,,
11104,台南市,服務業,230158852,9.12,,
11104,台南市,農林漁牧,28524038,1.13,,
11104,台南市,工業,1980104878,78.48,,
11104,高雄市,住宅,333025677,13.9,,
11104,高雄市,服務業,409356416,17.08,,
11104,高雄市,農林漁牧,17086921,0.71,,
11104,高雄市,工業,1636670319,68.3,,
11104,宜蘭縣,住宅,71993563,26.56,,
11104,宜蘭縣,服務業,57944406,21.37,,
11104,宜蘭縣,農林漁牧,4802645,1.77,,
11104,宜蘭縣,工業,136353777,50.3,,
11104,新竹縣,住宅,99860904,11.46,,
11104,新竹縣,服務業,79113503,9.08,,
11104,新竹縣,農林漁牧,1437752,0.17,,
11104,新竹縣,工業,690934487,79.3,,
11104,苗栗縣,住宅,71880178,11.54,,
11104,苗栗縣,服務業,50833097,8.16,,
11104,苗栗縣,農林漁牧,2239516,0.36,,
11104,苗栗縣,工業,497918707,79.94,,
11104,彰化縣,住宅,177663156,19.58,,
11104,彰化縣,服務業,173052858,19.07,,
11104,彰化縣,農林漁牧,33017680,3.64,,
11104,彰化縣,工業,523817481,57.72,,
11104,南投縣,住宅,75541781,32.04,,
11104,南投縣,服務業,50352183,21.36,,
11104,南投縣,農林漁牧,7528679,3.19,,
11104,南投縣,工業,102331156,43.41,,
11104,雲林縣,住宅,99695395,22.79,,
11104,雲林縣,服務業,60822449,13.9,,
11104,雲林縣,農林漁牧,27811893,6.36,,
11104,雲林縣,工業,249149015,56.95,,
11104,嘉義縣,住宅,62699155,23.59,,
11104,嘉義縣,服務業,40335914,15.18,,
11104,嘉義縣,農林漁牧,17261022,6.49,,
11104,嘉義縣,工業,145481317,54.74,,
11104,屏東縣,住宅,111149485,30.79,,
11104,屏東縣,服務業,87072202,24.12,,
11104,屏東縣,農林漁牧,55052403,15.25,,
11104,屏東縣,工業,107746770,29.85,,
11104,台東縣,住宅,31778372,43.47,,
11104,台東縣,服務業,29243594,40,,
11104,台東縣,農林漁牧,2112109,2.89,,
11104,台東縣,工業,9972140,13.64,,
11104,花蓮縣,住宅,50364036,27.12,,
11104,花蓮縣,服務業,53649808,28.89,,
11104,花蓮縣,農林漁牧,1703137,0.92,,
11104,花蓮縣,工業,79986154,43.07,,
11104,基隆市,住宅,56223604,51.24,,
11104,基隆市,服務業,36570643,33.33,,
11104,基隆市,農林漁牧,10597,0.01,,
11104,基隆市,工業,16931110,15.43,,
11104,新竹市,住宅,67296754,8.21,,
11104,新竹市,服務業,85680742,10.45,,
11104,新竹市,農林漁牧,680560,0.08,,
11104,新竹市,工業,666061540,81.25,,
11104,嘉義市,住宅,37761650,45.67,,
11104,嘉義市,服務業,37656205,45.54,,
11104,嘉義市,農林漁牧,476383,0.58,,
11104,嘉義市,工業,6792864,8.22,,
11104,澎湖縣,住宅,13220159,41.83,,
11104,澎湖縣,服務業,14134978,44.72,,
11104,澎湖縣,農林漁牧,292160,0.92,,
11104,澎湖縣,工業,3959435,12.53,,
11104,金門縣,住宅,9264260,45.62,,
11104,金門縣,服務業,8249612,40.63,,
11104,金門縣,農林漁牧,292786,1.44,,
11104,金門縣,工業,2499365,12.31,,
11104,連江縣,住宅,2141615,38.2,,
11104,連江縣,服務業,2778867,49.56,,
11104,連江縣,農林漁牧,6377,0.11,,
11104,連江縣,工業,679771,12.12,,
11103,新北市,住宅,68822110,40.58,,
11103,新北市,服務業,496991336,29.3,,
11103,新北市,農林漁牧,2239524,0.13,,
11103,新北市,工業,508571658,29.99,,
11103,台北市,住宅,421676141,35.61,,
11103,台北市,服務業,710780186,60.02,,
11103,台北市,農林漁牧,966413,0.08,,
11103,台北市,工業,50780815,4.29,,
11103,桃園市,住宅,404224312,16.48,,
11103,桃園市,服務業,329852693,13.45,,
11103,桃園市,農林漁牧,3331871,0.14,,
11103,桃園市,工業,1715222819,69.93,,
11103,台中市,住宅,493364196,17.36,,
11103,台中市,服務業,450297806,15.85,,
11103,台中市,農林漁牧,12555661,0.44,,
11103,台中市,工業,1885045760,66.35,,
11103,台南市,住宅,318198718,12.54,,
11103,台南市,服務業,238598428,9.41,,
11103,台南市,農林漁牧,30617965,1.21,,
11103,台南市,工業,1949071917,76.84,,
11103,高雄市,住宅,478891685,18.74,,
11103,高雄市,服務業,425163800,16.63,,
11103,高雄市,農林漁牧,20049425,0.78,,
11103,高雄市,工業,1632027202,63.85,,
11103,宜蘭縣,住宅,77938507,28.46,,
11103,宜蘭縣,服務業,65943924,24.08,,
11103,宜蘭縣,農林漁牧,5317550,1.94,,
11103,宜蘭縣,工業,124652490,45.52,,
11103,新竹縣,住宅,105097616,11.74,,
11103,新竹縣,服務業,79787321,8.91,,
11103,新竹縣,農林漁牧,1717287,0.19,,
11103,新竹縣,工業,708494959,79.15,,
11103,苗栗縣,住宅,92653775,13.87,,
11103,苗栗縣,服務業,56372997,8.44,,
11103,苗栗縣,農林漁牧,2420045,0.36,,
11103,苗栗縣,工業,516787431,77.34,,
11103,彰化縣,住宅,203388752,20.84,,
11103,彰化縣,服務業,177927565,18.23,,
11103,彰化縣,農林漁牧,35860282,3.68,,
11103,彰化縣,工業,558602268,57.25,,
11103,南投縣,住宅,71579054,30.57,,
11103,南投縣,服務業,52494200,22.42,,
11103,南投縣,農林漁牧,8193171,3.5,,
11103,南投縣,工業,101896202,43.52,,
11103,雲林縣,住宅,114996713,24.14,,
11103,雲林縣,服務業,68981461,14.48,,
11103,雲林縣,農林漁牧,32291835,6.78,,
11103,雲林縣,工業,260141734,54.6,,
11103,嘉義縣,住宅,80362609,25.81,,
11103,嘉義縣,服務業,44351352,14.25,,
11103,嘉義縣,農林漁牧,20157650,6.47,,
11103,嘉義縣,工業,166461272,53.47,,
11103,屏東縣,住宅,132092399,33.37,,
11103,屏東縣,服務業,91269555,23.06,,
11103,屏東縣,農林漁牧,61140625,15.45,,
11103,屏東縣,工業,111322692,28.12,,
11103,台東縣,住宅,32278240,42.37,,
11103,台東縣,服務業,30971894,40.66,,
11103,台東縣,農林漁牧,2511199,3.3,,
11103,台東縣,工業,10415810,13.67,,
11103,花蓮縣,住宅,52427251,25.07,,
11103,花蓮縣,服務業,57827019,27.65,,
11103,花蓮縣,農林漁牧,2090716,1,,
11103,花蓮縣,工業,96775454,46.28,,
11103,基隆市,住宅,58484328,50.18,,
11103,基隆市,服務業,39698839,34.06,,
11103,基隆市,農林漁牧,6668,0.01,,
11103,基隆市,工業,18359469,15.75,,
11103,新竹市,住宅,91320767,10.76,,
11103,新竹市,服務業,90748980,10.7,,
11103,新竹市,農林漁牧,695732,0.08,,
11103,新竹市,工業,665730369,78.46,,
11103,嘉義市,住宅,43005083,46.97,,
11103,嘉義市,服務業,40551348,44.29,,
11103,嘉義市,農林漁牧,497354,0.54,,
11103,嘉義市,工業,7511075,8.2,,
11103,澎湖縣,住宅,16381026,45,,
11103,澎湖縣,服務業,15543791,42.7,,
11103,澎湖縣,農林漁牧,346594,0.95,,
11103,澎湖縣,工業,4131825,11.35,,
11103,金門縣,住宅,12885519,50.53,,
11103,金門縣,服務業,9771938,38.32,,
11103,金門縣,農林漁牧,282559,1.11,,
11103,金門縣,工業,2562704,10.05,,
11103,連江縣,住宅,3178742,47.14,,
11103,連江縣,服務業,2905265,43.09,,
11103,連江縣,農林漁牧,5747,0.09,,
11103,連江縣,工業,652908,9.68,,
11102,新北市,住宅,651832735,43.29,,
11102,新北市,服務業,427263831,28.37,,
11102,新北市,農林漁牧,1654171,0.11,,
11102,新北市,工業,425065874,28.23,,
11102,台北市,住宅,384018580,37.74,,
11102,台北市,服務業,593192874,58.3,,
11102,台北市,農林漁牧,807268,0.08,,
11102,台北市,工業,39479919,3.88,,
11102,桃園市,住宅,433534840,20.47,,
11102,桃園市,服務業,295734399,13.96,,
11102,桃園市,農林漁牧,3431608,0.16,,
11102,桃園市,工業,1385033330,65.4,,
11102,台中市,住宅,468001571,19,,
11102,台中市,服務業,403659939,16.39,,
11102,台中市,農林漁牧,11234240,0.46,,
11102,台中市,工業,1580352195,64.16,,
11102,台南市,住宅,303781882,13.43,,
11102,台南市,服務業,214016510,9.46,,
11102,台南市,農林漁牧,30890360,1.37,,
11102,台南市,工業,1713770892,75.75,,
11102,高雄市,住宅,359700291,16.4,,
11102,高雄市,服務業,368160630,16.79,,
11102,高雄市,農林漁牧,19440840,0.89,,
11102,高雄市,工業,1445683384,65.92,,
11102,宜蘭縣,住宅,82790457,31.67,,
11102,宜蘭縣,服務業,58567197,22.41,,
11102,宜蘭縣,農林漁牧,4874932,1.86,,
11102,宜蘭縣,工業,115166630,44.06,,
11102,新竹縣,住宅,108011817,13.52,,
11102,新竹縣,服務業,76895501,9.62,,
11102,新竹縣,農林漁牧,1488520,0.19,,
11102,新竹縣,工業,612628653,76.67,,
11102,苗栗縣,住宅,77942266,13.77,,
11102,苗栗縣,服務業,49730463,8.79,,
11102,苗栗縣,農林漁牧,2281705,0.4,,
11102,苗栗縣,工業,435913703,77.03,,
11102,彰化縣,住宅,188450943,22.45,,
11102,彰化縣,服務業,166276799,19.81,,
11102,彰化縣,農林漁牧,35069406,4.18,,
11102,彰化縣,工業,449710811,53.57,,
11102,南投縣,住宅,8210826,36.31,,
11102,南投縣,服務業,50374831,22.25,,
11102,南投縣,農林漁牧,7754870,3.43,,
11102,南投縣,工業,86031062,38.01,,
11102,雲林縣,住宅,103309800,25.18,,
11102,雲林縣,服務業,58209092,14.19,,
11102,雲林縣,農林漁牧,31261141,7.62,,
11102,雲林縣,工業,217484094,53.01,,
11102,嘉義縣,住宅,67580750,27.99,,
11102,嘉義縣,服務業,37793486,15.65,,
11102,嘉義縣,農林漁牧,20345910,8.43,,
11102,嘉義縣,工業,115764911,47.94,,
11102,屏東縣,住宅,119158703,33.66,,
11102,屏東縣,服務業,82910858,23.42,,
11102,屏東縣,農林漁牧,64220298,18.14,,
11102,屏東縣,工業,87750499,24.79,,
11102,台東縣,住宅,35081655,46.93,,
11102,台東縣,服務業,28249865,37.79,,
11102,台東縣,農林漁牧,2494104,3.34,,
11102,台東縣,工業,8924696,11.94,,
11102,花蓮縣,住宅,57122979,29.26,,
11102,花蓮縣,服務業,52098798,26.69,,
11102,花蓮縣,農林漁牧,1973547,1.01,,
11102,花蓮縣,工業,83997811,43.03,,
11102,基隆市,住宅,62445164,55.26,,
11102,基隆市,服務業,35718594,31.61,,
11102,基隆市,農林漁牧,13304,0.01,,
11102,基隆市,工業,14825762,13.12,,
11102,新竹市,住宅,74013529,10,,
11102,新竹市,服務業,76397397,10.32,,
11102,新竹市,農林漁牧,693711,0.09,,
11102,新竹市,工業,589007221,79.58,,
11102,嘉義市,住宅,40559326,49.03,,
11102,嘉義市,服務業,35026499,42.34,,
11102,嘉義市,農林漁牧,595843,0.72,,
11102,嘉義市,工業,6541184,7.91,,
11102,澎湖縣,住宅,13377459,45.08,,
11102,澎湖縣,服務業,12202558,41.12,,
11102,澎湖縣,農林漁牧,358660,1.21,,
11102,澎湖縣,工業,3736520,12.59,,
11102,金門縣,住宅,10035614,48.71,,
11102,金門縣,服務業,7982314,38.74,,
11102,金門縣,農林漁牧,312738,1.52,,
11102,金門縣,工業,2271638,11.03,,
11102,連江縣,住宅,2530899,39.93,,
11102,連江縣,服務業,3161368,49.88,,
11102,連江縣,農林漁牧,6438,0.1,,
11102,連江縣,工業,639102,10.08,,
11101,新北市,住宅,601310915,38,,
11101,新北市,服務業,487102083,30.79,,
11101,新北市,農林漁牧,2346969,0.15,,
11101,新北市,工業,491466480,31.06,,
11101,台北市,住宅,376095933,33.84,,
11101,台北市,服務業,682419561,61.41,,
11101,台北市,農林漁牧,970128,0.09,,
11101,台北市,工業,51746568,4.66,,
11101,桃園市,住宅,341501074,15.08,,
11101,桃園市,服務業,318521890,14.07,,
11101,桃園市,農林漁牧,3371649,0.15,,
11101,桃園市,工業,1600654456,70.7,,
11101,台中市,住宅,438440377,16.25,,
11101,台中市,服務業,445652183,16.52,,
11101,台中市,農林漁牧,12046373,0.45,,
11101,台中市,工業,1801398252,66.78,,
11101,台南市,住宅,286014043,11.82,,
11101,台南市,服務業,230691274,9.53,,
11101,台南市,農林漁牧,31931845,1.32,,
11101,台南市,工業,1871433661,77.33,,
11101,高雄市,住宅,457046599,18.69,,
11101,高雄市,服務業,411141703,16.82,,
11101,高雄市,農林漁牧,20303255,0.83,,
11101,高雄市,工業,1556342971,63.66,,
11101,宜蘭縣,住宅,68506019,24.72,,
11101,宜蘭縣,服務業,64148049,23.15,,
11101,宜蘭縣,農林漁牧,4850539,1.75,,
11101,宜蘭縣,工業,139645968,50.39,,
11101,新竹縣,住宅,88729452,10.47,,
11101,新竹縣,服務業,78408345,9.25,,
11101,新竹縣,農林漁牧,1723660,0.2,,
11101,新竹縣,工業,678447351,80.07,,
11101,苗栗縣,住宅,80118715,12.75,,
11101,苗栗縣,服務業,54906997,8.74,,
11101,苗栗縣,農林漁牧,2277205,0.36,,
11101,苗栗縣,工業,491004374,78.15,,
11101,彰化縣,住宅,177236083,19.2,,
11101,彰化縣,服務業,176252311,19.09,,
11101,彰化縣,農林漁牧,36262910,3.93,,
11101,彰化縣,工業,533467526,57.78,,
11101,南投縣,住宅,63825517,28.54,,
11101,南投縣,服務業,51244048,22.92,,
11101,南投縣,農林漁牧,8073734,3.61,,
11101,南投縣,工業,100469168,44.93,,
11101,雲林縣,住宅,98828427,22.12,,
11101,雲林縣,服務業,66836227,14.96,,
11101,雲林縣,農林漁牧,31143273,6.97,,
11101,雲林縣,工業,249988106,55.95,,
11101,嘉義縣,住宅,69737214,29.03,,
11101,嘉義縣,服務業,42547799,17.71,,
11101,嘉義縣,農林漁牧,19406786,8.08,,
11101,嘉義縣,工業,108552271,45.18,,
11101,屏東縣,住宅,126395421,32.84,,
11101,屏東縣,服務業,88697749,23.05,,
11101,屏東縣,農林漁牧,63160296,16.41,,
11101,屏東縣,工業,106573727,27.69,,
11101,台東縣,住宅,30253338,41.79,,
11101,台東縣,服務業,29386347,40.59,,
11101,台東縣,農林漁牧,2525900,3.49,,
11101,台東縣,工業,10235421,14.14,,
11101,花蓮縣,住宅,47647936,23.7,,
11101,花蓮縣,服務業,56710109,28.2,,
11101,花蓮縣,農林漁牧,2042908,1.02,,
11101,花蓮縣,工業,94671810,47.08,,
11101,基隆市,住宅,48801795,46.47,,
11101,基隆市,服務業,38874209,37.01,,
11101,基隆市,農林漁牧,5692,0.01,,
11101,基隆市,工業,17345884,16.52,,
11101,新竹市,住宅,78574907,9.67,,
11101,新竹市,服務業,90578610,11.15,,
11101,新竹市,農林漁牧,683014,0.08,,
11101,新竹市,工業,642742797,79.1,,
11101,嘉義市,住宅,38395015,44.86,,
11101,嘉義市,服務業,39472078,46.12,,
11101,嘉義市,農林漁牧,501971,0.59,,
11101,嘉義市,工業,7215148,8.43,,
11101,澎湖縣,住宅,14316541,41.73,,
11101,澎湖縣,服務業,15447186,45.03,,
11101,澎湖縣,農林漁牧,360635,1.05,,
11101,澎湖縣,工業,4179826,12.18,,
11101,金門縣,住宅,10409124,45.3,,
11101,金門縣,服務業,9633747,41.93,,
11101,金門縣,農林漁牧,313238,1.36,,
11101,金門縣,工業,2621195,11.41,,
11101,連江縣,住宅,2687760,42.15,,
11101,連江縣,服務業,3010294,47.21,,
11101,連江縣,農林漁牧,5704,0.09,,
11101,連江縣,工業,673180,10.56,,
11012,新北市,住宅,650451773,39.68,,
11012,新北市,服務業,474218518,28.93,,
11012,新北市,農林漁牧,1881914,0.11,,
11012,新北市,工業,512582986,31.27,,
11012,台北市,住宅,386895893,34.12,,
11012,台北市,服務業,698906684,61.64,,
11012,台北市,農林漁牧,1001153,0.09,,
11012,台北市,工業,47077465,4.15,,
11012,桃園市,住宅,408507731,16.98,,
11012,桃園市,服務業,336645127,13.99,,
11012,桃園市,農林漁牧,3609634,0.15,,
11012,桃園市,工業,1657192732,68.88,,
11012,台中市,住宅,494941537,17.62,,
11012,台中市,服務業,453785832,16.16,,
11012,台中市,農林漁牧,12943967,0.46,,
11012,台中市,工業,1846814952,65.76,,
11012,台南市,住宅,330676800,12.87,,
11012,台南市,服務業,246221004,9.58,,
11012,台南市,農林漁牧,33863813,1.32,,
11012,台南市,工業,1958155720,76.22,,
11012,高雄市,住宅,411751459,16.38,,
11012,高雄市,服務業,427044207,16.99,,
11012,高雄市,農林漁牧,20606383,0.82,,
11012,高雄市,工業,1654785549,65.82,,
11012,宜蘭縣,住宅,76183986,26.41,,
11012,宜蘭縣,服務業,62528666,21.67,,
11012,宜蘭縣,農林漁牧,5109855,1.77,,
11012,宜蘭縣,工業,144687808,50.15,,
11012,新竹縣,住宅,108804986,13.31,,
11012,新竹縣,服務業,84709097,10.37,,
11012,新竹縣,農林漁牧,1613747,0.2,,
11012,新竹縣,工業,622101179,76.12,,
11012,苗栗縣,住宅,79326743,12.72,,
11012,苗栗縣,服務業,55820789,8.95,,
11012,苗栗縣,農林漁牧,2706933,0.43,,
11012,苗栗縣,工業,485749862,77.89,,
11012,彰化縣,住宅,200030990,20.39,,
11012,彰化縣,服務業,184482385,18.8,,
11012,彰化縣,農林漁牧,39220702,4,,
11012,彰化縣,工業,557414568,56.81,,
11012,南投縣,住宅,83343511,32.96,,
11012,南投縣,服務業,54087035,21.39,,
11012,南投縣,農林漁牧,8971241,3.55,,
11012,南投縣,工業,106480904,42.11,,
11012,雲林縣,住宅,112416852,23.86,,
11012,雲林縣,服務業,66129975,14.04,,
11012,雲林縣,農林漁牧,33629453,7.14,,
11012,雲林縣,工業,258934251,54.96,,
11012,嘉義縣,住宅,70992533,27.61,,
11012,嘉義縣,服務業,43869174,17.06,,
11012,嘉義縣,農林漁牧,21560025,8.38,,
11012,嘉義縣,工業,120727104,46.95,,
11012,屏東縣,住宅,131846482,33.18,,
11012,屏東縣,服務業,92206775,23.21,,
11012,屏東縣,農林漁牧,62884069,15.83,,
11012,屏東縣,工業,110373705,27.78,,
11012,台東縣,住宅,35708210,45.08,,
11012,台東縣,服務業,30205664,38.13,,
11012,台東縣,農林漁牧,2737500,3.46,,
11012,台東縣,工業,10556143,13.33,,
11012,花蓮縣,住宅,54629425,26.62,,
11012,花蓮縣,服務業,56662464,27.62,,
11012,花蓮縣,農林漁牧,2241826,1.09,,
11012,花蓮縣,工業,91652247,44.67,,
11012,基隆市,住宅,60083321,50.54,,
11012,基隆市,服務業,40281199,33.88,,
11012,基隆市,農林漁牧,11355,0.01,,
11012,基隆市,工業,18514443,15.57,,
11012,新竹市,住宅,73662990,8.32,,
11012,新竹市,服務業,94928836,10.72,,
11012,新竹市,農林漁牧,726889,0.08,,
11012,新竹市,工業,716509059,80.89,,
11012,嘉義市,住宅,44292169,47.2,,
11012,嘉義市,服務業,40919793,43.61,,
11012,嘉義市,農林漁牧,595455,0.63,,
11012,嘉義市,工業,8032361,8.56,,
11012,澎湖縣,住宅,15010950,45.73,,
11012,澎湖縣,服務業,13238108,40.33,,
11012,澎湖縣,農林漁牧,384038,1.17,,
11012,澎湖縣,工業,4190783,12.77,,
11012,金門縣,住宅,9709296,45.04,,
11012,金門縣,服務業,8808052,40.86,,
11012,金門縣,農林漁牧,312586,1.45,,
11012,金門縣,工業,2727725,12.65,,
11012,連江縣,住宅,109829,35.92,,
11012,連江縣,服務業,2931788,52.11,,
11012,連江縣,農林漁牧,6853,0.12,,
11012,連江縣,工業,666817,11.85,,
11011,新北市,住宅,855667280,44.23,,
11011,新北市,服務業,548503645,28.35,,
11011,新北市,農林漁牧,2545555,0.13,,
11011,新北市,工業,527962921,27.29,,
11011,台北市,住宅,539006246,39.47,,
11011,台北市,服務業,765780475,56.07,,
11011,台北市,農林漁牧,1013171,0.07,,
11011,台北市,工業,59956329,4.39,,
11011,桃園市,住宅,432149296,17.75,,
11011,桃園市,服務業,356516989,14.64,,
11011,桃園市,農林漁牧,3690174,0.15,,
11011,桃園市,工業,1642861678,67.46,,
11011,台中市,住宅,627911150,21.06,,
11011,台中市,服務業,504800229,16.93,,
11011,台中市,農林漁牧,14129047,0.47,,
11011,台中市,工業,1833991293,61.53,,
11011,台南市,住宅,402305179,15.17,,
11011,台南市,服務業,270695215,10.21,,
11011,台南市,農林漁牧,37412827,1.41,,
11011,台南市,工業,1941363422,73.21,,
11011,高雄市,住宅,642508040,23.35,,
11011,高雄市,服務業,465802293,16.93,,
11011,高雄市,農林漁牧,20760788,0.75,,
11011,高雄市,工業,1622301441,58.96,,
11011,宜蘭縣,住宅,85820572,29.04,,
11011,宜蘭縣,服務業,70541028,23.87,,
11011,宜蘭縣,農林漁牧,5907496,2,,
11011,宜蘭縣,工業,133282457,45.1,,
11011,新竹縣,住宅,122917806,14.88,,
11011,新竹縣,服務業,86640445,10.49,,
11011,新竹縣,農林漁牧,2113710,0.26,,
11011,新竹縣,工業,614216938,74.37,,
11011,苗栗縣,住宅,115576309,17.16,,
11011,苗栗縣,服務業,62589466,9.29,,
11011,苗栗縣,農林漁牧,2854015,0.42,,
11011,苗栗縣,工業,492671538,73.13,,
11011,彰化縣,住宅,250282705,23.94,,
11011,彰化縣,服務業,189595089,18.14,,
11011,彰化縣,農林漁牧,45492566,4.35,,
11011,彰化縣,工業,560072762,53.57,,
11011,南投縣,住宅,76266734,30.58,,
11011,南投縣,服務業,57225287,22.95,,
11011,南投縣,農林漁牧,9455652,3.79,,
11011,南投縣,工業,106412932,42.67,,
11011,雲林縣,住宅,143428843,27.4,,
11011,雲林縣,服務業,77779829,14.86,,
11011,雲林縣,農林漁牧,37628349,7.19,,
11011,雲林縣,工業,264621313,50.55,,
11011,嘉義縣,住宅,97174695,32.25,,
11011,嘉義縣,服務業,48433731,16.08,,
11011,嘉義縣,農林漁牧,24585064,8.16,,
11011,嘉義縣,工業,131085859,43.51,,
11011,屏東縣,住宅,163196863,37.53,,
11011,屏東縣,服務業,99028146,22.77,,
11011,屏東縣,農林漁牧,61161254,14.07,,
11011,屏東縣,工業,111452227,25.63,,
11011,台東縣,住宅,37185038,44.67,,
11011,台東縣,服務業,33065883,39.72,,
11011,台東縣,農林漁牧,2679850,3.22,,
11011,台東縣,工業,10310975,12.39,,
11011,花蓮縣,住宅,59421144,27.33,,
11011,花蓮縣,服務業,61277095,28.18,,
11011,花蓮縣,農林漁牧,2102523,0.97,,
11011,花蓮縣,工業,94621256,43.52,,
11011,基隆市,住宅,64586626,50.9,,
11011,基隆市,服務業,43526753,34.31,,
11011,基隆市,農林漁牧,5336,0,,
11011,基隆市,工業,18761520,14.79,,
11011,新竹市,住宅,113279587,12.22,,
11011,新竹市,服務業,104513107,11.28,,
11011,新竹市,農林漁牧,786038,0.08,,
11011,新竹市,工業,708152074,76.41,,
11011,嘉義市,住宅,54683309,49.7,,
11011,嘉義市,服務業,46810728,42.55,,
11011,嘉義市,農林漁牧,595162,0.54,,
11011,嘉義市,工業,7933427,7.21,,
11011,澎湖縣,住宅,20319941,47.04,,
11011,澎湖縣,服務業,18257029,42.26,,
11011,澎湖縣,農林漁牧,414487,0.96,,
11011,澎湖縣,工業,4206993,9.74,,
11011,金門縣,住宅,14595316,48.89,,
11011,金門縣,服務業,11257582,37.71,,
11011,金門縣,農林漁牧,343267,1.15,,
11011,金門縣,工業,3659670,12.26,,
11011,連江縣,住宅,2910433,44.52,,
11011,連江縣,服務業,2995121,45.82,,
11011,連江縣,農林漁牧,6750,0.1,,
11011,連江縣,工業,624382,9.55,,
11010,新北市,住宅,990430952,46.19,,
11010,新北市,服務業,584840744,27.28,,
11010,新北市,農林漁牧,2388911,0.11,,
11010,新北市,工業,566386351,26.42,,
11010,台北市,住宅,611087438,40.46,,
11010,台北市,服務業,842796300,55.8,,
11010,台北市,農林漁牧,1251204,0.08,,
11010,台北市,工業,55351740,3.66,,
11010,桃園市,住宅,594707482,21.49,,
11010,桃園市,服務業,416880451,15.06,,
11010,桃園市,農林漁牧,5414600,0.2,,
11010,桃園市,工業,1750366260,63.25,,
11010,台中市,住宅,682151364,21.54,,
11010,台中市,服務業,541177198,17.09,,
11010,台中市,農林漁牧,16426497,0.52,,
11010,台中市,工業,1927505588,60.86,,
11010,台南市,住宅,438919997,15.43,,
11010,台南市,服務業,293352863,10.31,,
11010,台南市,農林漁牧,42248115,1.49,,
11010,台南市,工業,2069800732,72.77,,
11010,高雄市,住宅,525064643,19.32,,
11010,高雄市,服務業,497473546,18.3,,
11010,高雄市,農林漁牧,22171059,0.82,,
11010,高雄市,工業,1673623311,61.57,,
11010,宜蘭縣,住宅,108673540,31.85,,
11010,宜蘭縣,服務業,74692364,21.89,,
11010,宜蘭縣,農林漁牧,7706088,2.26,,
11010,宜蘭縣,工業,150110716,44,,
11010,新竹縣,住宅,158636768,17.27,,
11010,新竹縣,服務業,101895803,11.09,,
11010,新竹縣,農林漁牧,2325640,0.25,,
11010,新竹縣,工業,655825445,71.39,,
11010,苗栗縣,住宅,116555697,16.59,,
11010,苗栗縣,服務業,67459442,9.6,,
11010,苗栗縣,農林漁牧,3421889,0.49,,
11010,苗栗縣,工業,515140477,73.32,,
11010,彰化縣,住宅,272347988,24.4,,
11010,彰化縣,服務業,209456582,18.77,,
11010,彰化縣,農林漁牧,54762337,4.91,,
11010,彰化縣,工業,579487029,51.92,,
11010,南投縣,住宅,99397497,35.1,,
11010,南投縣,服務業,62268655,21.99,,
11010,南投縣,農林漁牧,10642693,3.76,,
11010,南投縣,工業,110843004,39.15,,
11010,雲林縣,住宅,146407056,26.83,,
11010,雲林縣,服務業,78823397,14.45,,
11010,雲林縣,農林漁牧,44616826,8.18,,
11010,雲林縣,工業,275737511,50.54,,
11010,嘉義縣,住宅,92099810,29.5,,
11010,嘉義縣,服務業,51108676,16.37,,
11010,嘉義縣,農林漁牧,28331943,9.08,,
11010,嘉義縣,工業,140655677,45.05,,
11010,屏東縣,住宅,158705706,35.76,,
11010,屏東縣,服務業,103999014,23.43,,
11010,屏東縣,農林漁牧,67188573,15.14,,
11010,屏東縣,工業,113950268,25.67,,
11010,台東縣,住宅,47037053,48.45,,
11010,台東縣,服務業,36685953,37.79,,
11010,台東縣,農林漁牧,2964476,3.05,,
11010,台東縣,工業,10390070,10.7,,
11010,花蓮縣,住宅,76117192,33.31,,
11010,花蓮縣,服務業,67003699,29.32,,
11010,花蓮縣,農林漁牧,2546260,1.11,,
11010,花蓮縣,工業,82867538,36.26,,
11010,基隆市,住宅,87898639,55.6,,
11010,基隆市,服務業,49705184,31.44,,
11010,基隆市,農林漁牧,14761,0.01,,
11010,基隆市,工業,20470771,12.95,,
11010,新竹市,住宅,115689447,11.71,,
11010,新竹市,服務業,116702236,11.81,,
11010,新竹市,農林漁牧,997437,0.1,,
11010,新竹市,工業,754857287,76.38,,
11010,嘉義市,住宅,5801088,50.05,,
11010,嘉義市,服務業,48487535,41.83,,
11010,嘉義市,農林漁牧,747479,0.64,,
11010,嘉義市,工業,8661469,7.47,,
11010,澎湖縣,住宅,19527147,46.12,,
11010,澎湖縣,服務業,17829543,42.11,,
11010,澎湖縣,農林漁牧,474675,1.12,,
11010,澎湖縣,工業,4505418,10.64,,
11010,金門縣,住宅,14210315,48.06,,
11010,金門縣,服務業,10953929,37.05,,
11010,金門縣,農林漁牧,415287,1.4,,
11010,金門縣,工業,3989349,13.49,,
11010,連江縣,住宅,2938322,40.01,,
11010,連江縣,服務業,3671527,49.99,,
11010,連江縣,農林漁牧,10311,0.14,,
11010,連江縣,工業,723952,9.86,,
11009,新北市,住宅,1031508233,46,,
11009,新北市,服務業,620616730,27.68,,
11009,新北市,農林漁牧,2988285,0.13,,
11009,新北市,工業,587319054,26.19,,
11009,台北市,住宅,656940979,40.8,,
11009,台北市,服務業,886802200,55.07,,
11009,台北市,農林漁牧,1291042,0.08,,
11009,台北市,工業,65177321,4.05,,
11009,桃園市,住宅,506445319,19,,
11009,桃園市,服務業,416380230,15.62,,
11009,桃園市,農林漁牧,5027693,0.19,,
11009,桃園市,工業,1737495292,65.19,,
11009,台中市,住宅,668925051,21.41,,
11009,台中市,服務業,541737210,17.34,,
11009,台中市,農林漁牧,16271996,0.52,,
11009,台中市,工業,1897145026,60.73,,
11009,台南市,住宅,416834238,15.12,,
11009,台南市,服務業,280410097,10.17,,
11009,台南市,農林漁牧,41095798,1.49,,
11009,台南市,工業,107563388,73.22,,
11009,高雄市,住宅,673186950,24.08,,
11009,高雄市,服務業,488584959,17.47,,
11009,高雄市,農林漁牧,21833235,0.78,,
11009,高雄市,工業,1612497532,57.67,,
11009,宜蘭縣,住宅,103619837,30.69,,
11009,宜蘭縣,服務業,79264835,23.48,,
11009,宜蘭縣,農林漁牧,7845571,2.32,,
11009,宜蘭縣,工業,146902931,43.51,,
11009,新竹縣,住宅,140640515,15.62,,
11009,新竹縣,服務業,92891891,10.32,,
11009,新竹縣,農林漁牧,2557499,0.28,,
11009,新竹縣,工業,664079964,73.77,,
11009,苗栗縣,住宅,130284635,18.53,,
11009,苗栗縣,服務業,68669807,9.77,,
11009,苗栗縣,農林漁牧,3272297,0.47,,
11009,苗栗縣,工業,500894539,71.24,,
11009,彰化縣,住宅,260752968,24,,
11009,彰化縣,服務業,199612247,18.38,,
11009,彰化縣,農林漁牧,52741175,4.86,,
11009,彰化縣,工業,573188426,52.77,,
11009,南投縣,住宅,77826924,30.41,,
11009,南投縣,服務業,57603409,22.51,,
11009,南投縣,農林漁牧,9186118,3.59,,
11009,南投縣,工業,111313971,43.49,,
11009,雲林縣,住宅,144877937,26.64,,
11009,雲林縣,服務業,82065897,15.09,,
11009,雲林縣,農林漁牧,42709553,7.85,,
11009,雲林縣,工業,274120910,50.41,,
11009,嘉義縣,住宅,98615945,33.28,,
11009,嘉義縣,服務業,51326646,17.32,,
11009,嘉義縣,農林漁牧,27077954,9.14,,
11009,嘉義縣,工業,119312830,40.26,,
11009,屏東縣,住宅,167392064,37.85,,
11009,屏東縣,服務業,99536031,22.51,,
11009,屏東縣,農林漁牧,61935075,14.01,,
11009,屏東縣,工業,113338211,25.63,,
11009,台東縣,住宅,42112714,45.89,,
11009,台東縣,服務業,35928863,39.15,,
11009,台東縣,農林漁牧,2934475,3.2,,
11009,台東縣,工業,10796458,11.76,,
11009,花蓮縣,住宅,71287166,32.92,,
11009,花蓮縣,服務業,68897265,31.81,,
11009,花蓮縣,農林漁牧,2670852,1.23,,
11009,花蓮縣,工業,73712246,34.04,,
11009,基隆市,住宅,77408110,52.19,,
11009,基隆市,服務業,50772155,34.23,,
11009,基隆市,農林漁牧,5713,0,,
11009,基隆市,工業,20136722,13.58,,
11009,新竹市,住宅,132855990,13.31,,
11009,新竹市,服務業,117047294,11.72,,
11009,新竹市,農林漁牧,957526,0.1,,
11009,新竹市,工業,747455534,74.87,,
11009,嘉義市,住宅,56312143,48.77,,
11009,嘉義市,服務業,48982507,42.42,,
11009,嘉義市,農林漁牧,617608,0.53,,
11009,嘉義市,工業,9564034,8.28,,
11009,澎湖縣,住宅,22277414,47.28,,
11009,澎湖縣,服務業,19762613,41.94,,
11009,澎湖縣,農林漁牧,486940,1.03,,
11009,澎湖縣,工業,4589720,9.74,,
11009,金門縣,住宅,16291509,48.53,,
11009,金門縣,服務業,12646281,37.67,,
11009,金門縣,農林漁牧,376214,1.12,,
11009,金門縣,工業,4254210,12.67,,
11009,連江縣,住宅,3616930,44.08,,
11009,連江縣,服務業,3821479,46.57,,
11009,連江縣,農林漁牧,9631,0.12,,
11009,連江縣,工業,758088,9.24,,
11008,新北市,住宅,1029156270,47.82,,
11008,新北市,服務業,529838956,24.62,,
11008,新北市,農林漁牧,2411543,0.11,,
11008,新北市,工業,590569315,27.44,,
11008,台北市,住宅,631540380,42.42,,
11008,台北市,服務業,801852205,53.86,,
11008,台北市,農林漁牧,1292092,0.09,,
11008,台北市,工業,54077565,3.63,,
11008,桃園市,住宅,591179981,21.19,,
11008,桃園市,服務業,394689260,14.15,,
11008,桃園市,農林漁牧,5092658,0.18,,
11008,桃園市,工業,1798768139,64.48,,
11008,台中市,住宅,639336766,20.7,,
11008,台中市,服務業,484207347,15.68,,
11008,台中市,農林漁牧,15715359,0.51,,
11008,台中市,工業,1949178224,63.11,,
11008,台南市,住宅,413271070,14.89,,
11008,台南市,服務業,263464737,9.49,,
11008,台南市,農林漁牧,38970071,1.4,,
11008,台南市,工業,2059847508,74.21,,
11008,高雄市,住宅,504660187,19.07,,
11008,高雄市,服務業,459599012,17.37,,
11008,高雄市,農林漁牧,20385369,0.77,,
11008,高雄市,工業,1661451078,62.79,,
11008,宜蘭縣,住宅,108067634,31.93,,
11008,宜蘭縣,服務業,68699118,20.3,,
11008,宜蘭縣,農林漁牧,7528350,2.22,,
11008,宜蘭縣,工業,154118443,45.54,,
11008,新竹縣,住宅,155250722,16.58,,
11008,新竹縣,服務業,91608183,9.79,,
11008,新竹縣,農林漁牧,2212429,0.24,,
11008,新竹縣,工業,687103193,73.39,,
11008,苗栗縣,住宅,109598056,16.05,,
11008,苗栗縣,服務業,62473974,9.15,,
11008,苗栗縣,農林漁牧,3206422,0.47,,
11008,苗栗縣,工業,507650302,74.33,,
11008,彰化縣,住宅,250132086,23.73,,
11008,彰化縣,服務業,197021476,18.69,,
11008,彰化縣,農林漁牧,52277993,4.96,,
11008,彰化縣,工業,554844116,52.63,,
11008,南投縣,住宅,93575201,34.3,,
11008,南投縣,服務業,55334332,20.28,,
11008,南投縣,農林漁牧,8813645,3.23,,
11008,南投縣,工業,115090325,42.19,,
11008,雲林縣,住宅,133014269,25.37,,
11008,雲林縣,服務業,72724203,13.87,,
11008,雲林縣,農林漁牧,40969165,7.81,,
11008,雲林縣,工業,277551791,52.94,,
11008,嘉義縣,住宅,85097477,30.73,,
11008,嘉義縣,服務業,46843291,16.91,,
11008,嘉義縣,農林漁牧,26035001,9.4,,
11008,嘉義縣,工業,118988204,42.96,,
11008,屏東縣,住宅,152684298,36,,
11008,屏東縣,服務業,93590133,22.07,,
11008,屏東縣,農林漁牧,61513212,14.51,,
11008,屏東縣,工業,116279559,27.42,,
11008,台東縣,住宅,46371744,49.5,,
11008,台東縣,服務業,33674887,35.95,,
11008,台東縣,農林漁牧,2779030,2.97,,
11008,台東縣,工業,10849453,11.58,,
11008,花蓮縣,住宅,77013351,33.72,,
11008,花蓮縣,服務業,64818863,28.38,,
11008,花蓮縣,農林漁牧,2659495,1.16,,
11008,花蓮縣,工業,83870850,36.73,,
11008,基隆市,住宅,89297708,56.89,,
11008,基隆市,服務業,46601753,29.69,,
11008,基隆市,農林漁牧,13598,0.01,,
11008,基隆市,工業,21050254,13.41,,
11008,新竹市,住宅,112560751,11.4,,
11008,新竹市,服務業,107712266,10.91,,
11008,新竹市,農林漁牧,965163,0.1,,
11008,新竹市,工業,765876851,77.59,,
11008,嘉義市,住宅,54882780,50.69,,
11008,嘉義市,服務業,42930490,39.65,,
11008,嘉義市,農林漁牧,631366,0.58,,
11008,嘉義市,工業,9821336,9.07,,
11008,澎湖縣,住宅,18410648,46.62,,
11008,澎湖縣,服務業,16050649,40.64,,
11008,澎湖縣,農林漁牧,468624,1.19,,
11008,澎湖縣,工業,4560058,11.55,,
11008,金門縣,住宅,12844032,45.63,,
11008,金門縣,服務業,10588832,37.61,,
11008,金門縣,農林漁牧,391192,1.39,,
11008,金門縣,工業,4326707,15.37,,
11008,連江縣,住宅,2763602,38.6,,
11008,連江縣,服務業,3593552,50.19,,
11008,連江縣,農林漁牧,7008,0.1,,
11008,連江縣,工業,795360,11.11,,
11007,新北市,住宅,953081021,45.54,,
11007,新北市,服務業,539815698,25.8,,
11007,新北市,農林漁牧,2747316,0.13,,
11007,新北市,工業,596973848,28.53,,
11007,台北市,住宅,609381213,41.55,,
11007,台北市,服務業,793483846,54.1,,
11007,台北市,農林漁牧,1264440,0.09,,
11007,台北市,工業,62567810,4.27,,
11007,桃園市,住宅,454315149,17.13,,
11007,桃園市,服務業,378117825,14.25,,
11007,桃園市,農林漁牧,4772399,0.18,,
11007,桃園市,工業,1815651692,68.44,,
11007,台中市,住宅,630611443,20.5,,
11007,台中市,服務業,478495444,15.56,,
11007,台中市,農林漁牧,14994823,0.49,,
11007,台中市,工業,1951691821,63.45,,
11007,台南市,住宅,408190090,14.72,,
11007,台南市,服務業,253730445,9.15,,
11007,台南市,農林漁牧,38002546,1.37,,
11007,台南市,工業,2072257104,74.75,,
11007,高雄市,住宅,663338144,23.72,,
11007,高雄市,服務業,453478657,16.22,,
11007,高雄市,農林漁牧,20026302,0.72,,
11007,高雄市,工業,1659408381,59.34,,
11007,宜蘭縣,住宅,90120894,28.06,,
11007,宜蘭縣,服務業,67957164,21.16,,
11007,宜蘭縣,農林漁牧,7616072,2.37,,
11007,宜蘭縣,工業,155443905,48.4,,
11007,新竹縣,住宅,123462506,13.7,,
11007,新竹縣,服務業,82573706,9.16,,
11007,新竹縣,農林漁牧,2350537,0.26,,
11007,新竹縣,工業,692921390,76.88,,
11007,苗栗縣,住宅,11711069,17.21,,
11007,苗栗縣,服務業,62583764,9.19,,
11007,苗栗縣,農林漁牧,3134178,0.46,,
11007,苗栗縣,工業,497864696,73.14,,
11007,彰化縣,住宅,240663900,22.5,,
11007,彰化縣,服務業,186128605,17.4,,
11007,彰化縣,農林漁牧,50052447,4.68,,
11007,彰化縣,工業,592821197,55.42,,
11007,南投縣,住宅,73425086,29.47,,
11007,南投縣,服務業,50533179,20.28,,
11007,南投縣,農林漁牧,8552367,3.43,,
11007,南投縣,工業,116668049,46.82,,
11007,雲林縣,住宅,139742261,26.02,,
11007,雲林縣,服務業,75764068,14.11,,
11007,雲林縣,農林漁牧,41039828,7.64,,
11007,雲林縣,工業,280438968,52.22,,
11007,嘉義縣,住宅,96419721,34.59,,
11007,嘉義縣,服務業,48178320,17.28,,
11007,嘉義縣,農林漁牧,25137655,9.02,,
11007,嘉義縣,工業,109023334,39.11,,
11007,屏東縣,住宅,168568186,38.08,,
11007,屏東縣,服務業,91971056,20.78,,
11007,屏東縣,農林漁牧,61226663,13.83,,
11007,屏東縣,工業,120929097,27.32,,
11007,台東縣,住宅,38940456,45.92,,
11007,台東縣,服務業,31889574,37.61,,
11007,台東縣,農林漁牧,2801130,3.3,,
11007,台東縣,工業,11167226,13.17,,
11007,花蓮縣,住宅,63280085,28.68,,
11007,花蓮縣,服務業,62768388,28.44,,
11007,花蓮縣,農林漁牧,2685180,1.22,,
11007,花蓮縣,工業,91940212,41.66,,
11007,基隆市,住宅,67423045,50.82,,
11007,基隆市,服務業,44900852,33.84,,
11007,基隆市,農林漁牧,4948,0,,
11007,基隆市,工業,20344676,15.33,,
11007,新竹市,住宅,119314937,11.97,,
11007,新竹市,服務業,106794888,10.71,,
11007,新竹市,農林漁牧,911961,0.09,,
11007,新竹市,工業,769720608,77.22,,
11007,嘉義市,住宅,55937647,50.77,,
11007,嘉義市,服務業,43716610,39.68,,
11007,嘉義市,農林漁牧,633795,0.58,,
11007,嘉義市,工業,9881508,8.97,,
11007,澎湖縣,住宅,20531408,46.67,,
11007,澎湖縣,服務業,18087859,41.12,,
11007,澎湖縣,農林漁牧,440517,1,,
11007,澎湖縣,工業,4932559,11.21,,
11007,金門縣,住宅,12984872,45,,
11007,金門縣,服務業,11316932,39.22,,
11007,金門縣,農林漁牧,305667,1.06,,
11007,金門縣,工業,4247960,14.72,,
11007,連江縣,住宅,2923921,41.38,,
11007,連江縣,服務業,3374676,47.76,,
11007,連江縣,農林漁牧,5594,0.08,,
11007,連江縣,工業,761110,10.77,,
11006,新北市,住宅,762093185,42.13,,
11006,新北市,服務業,485797620,26.85,,
11006,新北市,農林漁牧,2226685,0.12,,
11006,新北市,工業,558879322,30.89,,
11006,台北市,住宅,470480803,37.96,,
11006,台北市,服務業,719859856,58.08,,
11006,台北市,農林漁牧,1219839,0.1,,
11006,台北市,工業,47900634,3.86,,
11006,桃園市,住宅,465679185,18.25,,
11006,桃園市,服務業,367883167,14.42,,
11006,桃園市,農林漁牧,4635469,0.18,,
11006,桃園市,工業,1713632360,67.15,,
11006,台中市,住宅,541911895,18.74,,
11006,台中市,服務業,466557844,16.13,,
11006,台中市,農林漁牧,14933684,0.52,,
11006,台中市,工業,1868562464,64.61,,
11006,台南市,住宅,374090968,14.2,,
11006,台南市,服務業,253369148,9.62,,
11006,台南市,農林漁牧,36816404,1.4,,
11006,台南市,工業,1969341814,74.78,,
11006,高雄市,住宅,456781231,18.04,,
11006,高雄市,服務業,443481828,17.51,,
11006,高雄市,農林漁牧,20423651,0.81,,
11006,高雄市,工業,1612012077,63.65,,
11006,宜蘭縣,住宅,84103377,28.55,,
11006,宜蘭縣,服務業,60972885,20.7,,
11006,宜蘭縣,農林漁牧,6984965,2.37,,
11006,宜蘭縣,工業,142496881,48.38,,
11006,新竹縣,住宅,117699954,13.77,,
11006,新竹縣,服務業,82682847,9.67,,
11006,新竹縣,農林漁牧,1899174,0.22,,
11006,新竹縣,工業,652651431,76.34,,
11006,苗栗縣,住宅,89345623,14.07,,
11006,苗栗縣,服務業,56560401,8.91,,
11006,苗栗縣,農林漁牧,3306081,0.52,,
11006,苗栗縣,工業,485767097,76.5,,
11006,彰化縣,住宅,221873239,21.39,,
11006,彰化縣,服務業,185115666,17.84,,
11006,彰化縣,農林漁牧,48605322,4.69,,
11006,彰化縣,工業,581851177,56.08,,
11006,南投縣,住宅,88940918,33.69,,
11006,南投縣,服務業,54471129,20.63,,
11006,南投縣,農林漁牧,9836594,3.73,,
11006,南投縣,工業,110763160,41.95,,
11006,雲林縣,住宅,141187064,26.76,,
11006,雲林縣,服務業,78321194,14.84,,
11006,雲林縣,農林漁牧,42714249,8.09,,
11006,雲林縣,工業,265442989,50.31,,
11006,嘉義縣,住宅,86359125,32.66,,
11006,嘉義縣,服務業,46168051,17.46,,
11006,嘉義縣,農林漁牧,27777316,10.51,,
11006,嘉義縣,工業,104078625,39.37,,
11006,屏東縣,住宅,155454937,36.7,,
11006,屏東縣,服務業,90866346,21.45,,
11006,屏東縣,農林漁牧,65783634,15.53,,
11006,屏東縣,工業,111527638,26.33,,
11006,台東縣,住宅,39765557,47.21,,
11006,台東縣,服務業,31056042,36.87,,
11006,台東縣,農林漁牧,2721214,3.23,,
11006,台東縣,工業,10682561,12.68,,
11006,花蓮縣,住宅,62996942,29.34,,
11006,花蓮縣,服務業,59921193,27.91,,
11006,花蓮縣,農林漁牧,2385775,1.11,,
11006,花蓮縣,工業,89389959,41.64,,
11006,基隆市,住宅,64363217,50.82,,
11006,基隆市,服務業,42342547,33.43,,
11006,基隆市,農林漁牧,10701,0.01,,
11006,基隆市,工業,19925446,15.73,,
11006,新竹市,住宅,86866493,9.39,,
11006,新竹市,服務業,99422282,10.75,,
11006,新竹市,農林漁牧,972978,0.11,,
11006,新竹市,工業,737630819,79.75,,
11006,嘉義市,住宅,49982490,49.16,,
11006,嘉義市,服務業,41796222,41.11,,
11006,嘉義市,農林漁牧,736330,0.72,,
11006,嘉義市,工業,9164668,9.01,,
11006,澎湖縣,住宅,15832459,42.33,,
11006,澎湖縣,服務業,16506791,44.13,,
11006,澎湖縣,農林漁牧,413756,1.11,,
11006,澎湖縣,工業,4650605,12.43,,
11006,金門縣,住宅,9309195,40.73,,
11006,金門縣,服務業,9381756,41.05,,
11006,金門縣,農林漁牧,284462,1.24,,
11006,金門縣,工業,3878121,16.97,,
11006,連江縣,住宅,1990266,34.07,,
11006,連江縣,服務業,3122492,53.45,,
11006,連江縣,農林漁牧,5174,0.09,,
11006,連江縣,工業,723784,12.39,,
11005,新北市,住宅,602469201,36.02,,
11005,新北市,服務業,512336920,30.63,,
11005,新北市,農林漁牧,2375605,0.14,,
11005,新北市,工業,555336819,33.2,,
11005,台北市,住宅,390590617,31.83,,
11005,台北市,服務業,779813023,63.55,,
11005,台北市,農林漁牧,1219460,0.1,,
11005,台北市,工業,55369370,4.51,,
11005,桃園市,住宅,323196354,13.19,,
11005,桃園市,服務業,358797024,14.64,,
11005,桃園市,農林漁牧,4109546,0.17,,
11005,桃園市,工業,1764413909,72,,
11005,台中市,住宅,431449836,15.24,,
11005,台中市,服務業,478506831,16.91,,
11005,台中市,農林漁牧,14825355,0.52,,
11005,台中市,工業,1905524702,67.33,,
11005,台南市,住宅,289693680,11.31,,
11005,台南市,服務業,263508738,10.28,,
11005,台南市,農林漁牧,33838649,1.32,,
11005,台南市,工業,1975320477,77.09,,
11005,高雄市,住宅,471588114,17.93,,
11005,高雄市,服務業,469166803,17.84,,
11005,高雄市,農林漁牧,20892164,0.79,,
11005,高雄市,工業,1667997215,63.43,,
11005,宜蘭縣,住宅,64055746,23.01,,
11005,宜蘭縣,服務業,68589588,24.63,,
11005,宜蘭縣,農林漁牧,6257254,2.25,,
11005,宜蘭縣,工業,139534887,50.11,,
11005,新竹縣,住宅,83437540,10.04,,
11005,新竹縣,服務業,77926146,9.38,,
11005,新竹縣,農林漁牧,2014868,0.24,,
11005,新竹縣,工業,667348801,80.33,,
11005,苗栗縣,住宅,77567401,11.78,,
11005,苗栗縣,服務業,60792922,9.23,,
11005,苗栗縣,農林漁牧,3024409,0.46,,
11005,苗栗縣,工業,517154898,78.53,,
11005,彰化縣,住宅,180480202,18.14,,
11005,彰化縣,服務業,180390718,18.13,,
11005,彰化縣,農林漁牧,42254624,4.25,,
11005,彰化縣,工業,591798318,59.48,,
11005,南投縣,住宅,60960798,25.56,,
11005,南投縣,服務業,53832450,22.57,,
11005,南投縣,農林漁牧,10218444,4.29,,
11005,南投縣,工業,113455176,47.58,,
11005,雲林縣,住宅,111710037,22.56,,
11005,雲林縣,服務業,75538713,15.25,,
11005,雲林縣,農林漁牧,38628173,7.8,,
11005,雲林縣,工業,269338554,54.39,,
11005,嘉義縣,住宅,73466056,29.19,,
11005,嘉義縣,服務業,48405605,19.23,,
11005,嘉義縣,農林漁牧,25286233,10.05,,
11005,嘉義縣,工業,104510984,41.53,,
11005,屏東縣,住宅,133278219,31.89,,
11005,屏東縣,服務業,98611379,23.59,,
11005,屏東縣,農林漁牧,65881990,15.76,,
11005,屏東縣,工業,11079526,28.76,,
11005,台東縣,住宅,29357579,38.65,,
11005,台東縣,服務業,32789883,43.17,,
11005,台東縣,農林漁牧,2684984,3.53,,
11005,台東縣,工業,11130916,14.65,,
11005,花蓮縣,住宅,46493914,23.02,,
11005,花蓮縣,服務業,62965655,31.18,,
11005,花蓮縣,農林漁牧,2171279,1.08,,
11005,花蓮縣,工業,90330092,44.73,,
11005,基隆市,住宅,46136893,42.88,,
11005,基隆市,服務業,42450261,39.45,,
11005,基隆市,農林漁牧,4334,0,,
11005,基隆市,工業,19010877,17.67,,
11005,新竹市,住宅,75383501,8.09,,
11005,新竹市,服務業,103304504,11.09,,
11005,新竹市,農林漁牧,959977,0.1,,
11005,新竹市,工業,752027416,80.72,,
11005,嘉義市,住宅,38510928,40.74,,
11005,嘉義市,服務業,46238011,48.92,,
11005,嘉義市,農林漁牧,614412,0.65,,
11005,嘉義市,工業,9162850,9.69,,
11005,澎湖縣,住宅,14421306,37.78,,
11005,澎湖縣,服務業,18183388,47.64,,
11005,澎湖縣,農林漁牧,400627,1.05,,
11005,澎湖縣,工業,5166930,13.54,,
11005,金門縣,住宅,9609126,39.08,,
11005,金門縣,服務業,10792972,43.89,,
11005,金門縣,農林漁牧,268443,1.09,,
11005,金門縣,工業,3918053,15.93,,
11005,連江縣,住宅,2428775,38.99,,
11005,連江縣,服務業,3053653,49.02,,
11005,連江縣,農林漁牧,7398,0.12,,
11005,連江縣,工業,739970,11.88,,
11004,新北市,住宅,602679244,38.37,,
11004,新北市,服務業,441822822,28.13,,
11004,新北市,農林漁牧,2025992,0.13,,
11004,新北市,工業,524038563,33.37,,
11004,台北市,住宅,366850355,33.57,,
11004,台北市,服務業,681155892,62.34,,
11004,台北市,農林漁牧,1042891,0.1,,
11004,台北市,工業,43635209,3.99,,
11004,桃園市,住宅,384630971,16.5,,
11004,桃園市,服務業,320321810,13.74,,
11004,桃園市,農林漁牧,3922995,0.17,,
11004,桃園市,工業,1622696016,69.6,,
11004,台中市,住宅,439189664,16.54,,
11004,台中市,服務業,428238230,16.12,,
11004,台中市,農林漁牧,13370914,0.5,,
11004,台中市,工業,1775236890,66.84,,
11004,台南市,住宅,291429938,12.26,,
11004,台南市,服務業,240377283,10.11,,
11004,台南市,農林漁牧,30726724,1.29,,
11004,台南市,工業,1813950837,76.33,,
11004,高雄市,住宅,355853748,14.73,,
11004,高雄市,服務業,424915202,17.58,,
11004,高雄市,農林漁牧,20135814,0.83,,
11004,高雄市,工業,1615594733,66.86,,
11004,宜蘭縣,住宅,72525481,27.05,,
11004,宜蘭縣,服務業,61431369,22.91,,
11004,宜蘭縣,農林漁牧,5474043,2.04,,
11004,宜蘭縣,工業,128696938,48,,
11004,新竹縣,住宅,96634603,12.28,,
11004,新竹縣,服務業,73740297,9.37,,
11004,新竹縣,農林漁牧,1578726,0.2,,
11004,新竹縣,工業,614765334,78.14,,
11004,苗栗縣,住宅,71487131,11.71,,
11004,苗栗縣,服務業,53257062,8.72,,
11004,苗栗縣,農林漁牧,2600091,0.43,,
11004,苗栗縣,工業,483127965,79.14,,
11004,彰化縣,住宅,185599183,19.58,,
11004,彰化縣,服務業,168172926,17.74,,
11004,彰化縣,農林漁牧,37947731,4,,
11004,彰化縣,工業,556129475,58.67,,
11004,南投縣,住宅,77380946,31.29,,
11004,南投縣,服務業,52808898,21.35,,
11004,南投縣,農林漁牧,9470850,3.83,,
11004,南投縣,工業,107640575,43.53,,
11004,雲林縣,住宅,110904496,23.63,,
11004,雲林縣,服務業,65185053,13.89,,
11004,雲林縣,農林漁牧,34017827,7.25,,
11004,雲林縣,工業,259276898,55.24,,
11004,嘉義縣,住宅,69211792,29.34,,
11004,嘉義縣,服務業,41813302,17.72,,
11004,嘉義縣,農林漁牧,21966570,9.31,,
11004,嘉義縣,工業,102925281,43.63,,
11004,屏東縣,住宅,121213979,31.2,,
11004,屏東縣,服務業,90829687,23.38,,
11004,屏東縣,農林漁牧,63848256,16.43,,
11004,屏東縣,工業,112644033,28.99,,
11004,台東縣,住宅,34069803,44.23,,
11004,台東縣,服務業,30530783,39.64,,
11004,台東縣,農林漁牧,2530226,3.29,,
11004,台東縣,工業,9890918,12.84,,
11004,花蓮縣,住宅,53890920,27.28,,
11004,花蓮縣,服務業,57025548,28.87,,
11004,花蓮縣,農林漁牧,2000545,1.01,,
11004,花蓮縣,工業,84597487,42.83,,
11004,基隆市,住宅,56523484,50.69,,
11004,基隆市,服務業,37439532,33.58,,
11004,基隆市,農林漁牧,9419,0.01,,
11004,基隆市,工業,17529478,15.72,,
11004,新竹市,住宅,65841473,8.2,,
11004,新竹市,服務業,90945325,11.33,,
11004,新竹市,農林漁牧,891086,0.11,,
11004,新竹市,工業,645059902,80.36,,
11004,嘉義市,住宅,38888051,44.17,,
11004,嘉義市,服務業,40056333,45.5,,
11004,嘉義市,農林漁牧,607005,0.69,,
11004,嘉義市,工業,8485034,9.64,,
11004,澎湖縣,住宅,13372540,41.8,,
11004,澎湖縣,服務業,14109137,44.1,,
11004,澎湖縣,農林漁牧,352837,1.1,,
11004,澎湖縣,工業,4158817,13,,
11004,金門縣,住宅,8877122,43.99,,
11004,金門縣,服務業,8441585,41.83,,
11004,金門縣,農林漁牧,263117,1.3,,
11004,金門縣,工業,2597835,12.87,,
11004,連江縣,住宅,2113831,37.27,,
11004,連江縣,服務業,2862409,50.46,,
11004,連江縣,農林漁牧,7704,0.14,,
11004,連江縣,工業,688381,12.14,,
11003,新北市,住宅,649645302,40.03,,
11003,新北市,服務業,473412653,29.17,,
11003,新北市,農林漁牧,2257087,0.14,,
11003,新北市,工業,497388406,30.65,,
11003,台北市,住宅,412836083,35.29,,
11003,台北市,服務業,705060039,60.27,,
11003,台北市,農林漁牧,1218779,0.1,,
11003,台北市,工業,50786075,4.34,,
11003,桃園市,住宅,363492772,15.61,,
11003,桃園市,服務業,316618372,13.6,,
11003,桃園市,農林漁牧,3712271,0.16,,
11003,桃園市,工業,1644355165,70.63,,
11003,台中市,住宅,467190931,17.01,,
11003,台中市,服務業,437472669,15.93,,
11003,台中市,農林漁牧,13228500,0.48,,
11003,台中市,工業,1828621506,66.58,,
11003,台南市,住宅,298967038,12.06,,
11003,台南市,服務業,235700782,9.51,,
11003,台南市,農林漁牧,32057510,1.29,,
11003,台南市,工業,1912439012,77.14,,
11003,高雄市,住宅,459394199,18.06,,
11003,高雄市,服務業,421648568,16.58,,
11003,高雄市,農林漁牧,21523789,0.85,,
11003,高雄市,工業,1641246561,64.52,,
11003,宜蘭縣,住宅,72199529,26.24,,
11003,宜蘭縣,服務業,66679302,24.24,,
11003,宜蘭縣,農林漁牧,5388707,1.96,,
11003,宜蘭縣,工業,130855505,47.56,,
11003,新竹縣,住宅,93509215,11.93,,
11003,新竹縣,服務業,71411056,9.11,,
11003,新竹縣,農林漁牧,1836983,0.23,,
11003,新竹縣,工業,617207641,78.73,,
11003,苗栗縣,住宅,84832521,13.18,,
11003,苗栗縣,服務業,55605079,8.64,,
11003,苗栗縣,農林漁牧,2609968,0.41,,
11003,苗栗縣,工業,500569844,77.77,,
11003,彰化縣,住宅,193098242,20.21,,
11003,彰化縣,服務業,163492345,17.11,,
11003,彰化縣,農林漁牧,37979627,3.97,,
11003,彰化縣,工業,560934546,58.71,,
11003,南投縣,住宅,67746511,28.42,,
11003,南投縣,服務業,51807824,21.73,,
11003,南投縣,農林漁牧,9020623,3.78,,
11003,南投縣,工業,109830597,46.07,,
11003,雲林縣,住宅,111207396,23.47,,
11003,雲林縣,服務業,69806472,14.73,,
11003,雲林縣,農林漁牧,35142113,7.42,,
11003,雲林縣,工業,257760022,54.39,,
11003,嘉義縣,住宅,77125059,30.59,,
11003,嘉義縣,服務業,42994108,17.05,,
11003,嘉義縣,農林漁牧,22626497,8.97,,
11003,嘉義縣,工業,109375767,43.38,,
11003,屏東縣,住宅,128563718,31.91,,
11003,屏東縣,服務業,90578933,22.48,,
11003,屏東縣,農林漁牧,68261303,16.94,,
11003,屏東縣,工業,115543936,28.67,,
11003,台東縣,住宅,31272186,41.84,,
11003,台東縣,服務業,30347796,40.6,,
11003,台東縣,農林漁牧,2769293,3.7,,
11003,台東縣,工業,10356861,13.86,,
11003,花蓮縣,住宅,50693958,25.6,,
11003,花蓮縣,服務業,58233655,29.41,,
11003,花蓮縣,農林漁牧,2243097,1.13,,
11003,花蓮縣,工業,86837488,43.86,,
11003,基隆市,住宅,52750532,48.27,,
11003,基隆市,服務業,38934758,35.63,,
11003,基隆市,農林漁牧,5097,0,,
11003,基隆市,工業,17598511,16.1,,
11003,新竹市,住宅,80931617,9.47,,
11003,新竹市,服務業,93130197,10.9,,
11003,新竹市,農林漁牧,878417,0.1,,
11003,新竹市,工業,679770301,79.53,,
11003,嘉義市,住宅,40617648,44.56,,
11003,嘉義市,服務業,41252272,45.26,,
11003,嘉義市,農林漁牧,553421,0.61,,
11003,嘉義市,工業,8729072,9.58,,
11003,澎湖縣,住宅,15455522,44.23,,
11003,澎湖縣,服務業,14754116,42.22,,
11003,澎湖縣,農林漁牧,384393,1.1,,
11003,澎湖縣,工業,4350018,12.45,,
11003,金門縣,住宅,11136629,46.68,,
11003,金門縣,服務業,9823609,41.18,,
11003,金門縣,農林漁牧,254462,1.07,,
11003,金門縣,工業,2642084,11.07,,
11003,連江縣,住宅,2635467,42.45,,
11003,連江縣,服務業,2897742,46.68,,
11003,連江縣,農林漁牧,5929,0.1,,
11003,連江縣,工業,668974,10.78,,
11002,新北市,住宅,641061049,43.81,,
11002,新北市,服務業,391034407,26.72,,
11002,新北市,農林漁牧,2053383,0.14,,
11002,新北市,工業,429032841,29.32,,
11002,台北市,住宅,390393905,38.45,,
11002,台北市,服務業,585301517,57.64,,
11002,台北市,農林漁牧,1035621,0.1,,
11002,台北市,工業,38714278,3.81,,
11002,桃園市,住宅,414057080,20.37,,
11002,桃園市,服務業,279427793,13.75,,
11002,桃園市,農林漁牧,3753621,0.18,,
11002,桃園市,工業,1335506353,65.7,,
11002,台中市,住宅,450846855,19.11,,
11002,台中市,服務業,370429911,15.7,,
11002,台中市,農林漁牧,11798493,0.5,,
11002,台中市,工業,1526194320,64.69,,
11002,台南市,住宅,287909256,13.89,,
11002,台南市,服務業,200809739,9.69,,
11002,台南市,農林漁牧,28160017,1.36,,
11002,台南市,工業,1555846950,75.06,,
11002,高雄市,住宅,343944006,16.86,,
11002,高雄市,服務業,349849529,17.15,,
11002,高雄市,農林漁牧,18428935,0.9,,
11002,高雄市,工業,1327288300,65.08,,
11002,宜蘭縣,住宅,78476925,32.48,,
11002,宜蘭縣,服務業,54816351,22.69,,
11002,宜蘭縣,農林漁牧,4482730,1.86,,
11002,宜蘭縣,工業,103847528,42.98,,
11002,新竹縣,住宅,101477723,14.19,,
11002,新竹縣,服務業,65504770,9.16,,
11002,新竹縣,農林漁牧,1382452,0.19,,
11002,新竹縣,工業,546981785,76.46,,
11002,苗栗縣,住宅,72748870,13.6,,
11002,苗栗縣,服務業,47736873,8.92,,
11002,苗栗縣,農林漁牧,2181781,0.41,,
11002,苗栗縣,工業,412328156,77.07,,
11002,彰化縣,住宅,180543612,22.41,,
11002,彰化縣,服務業,150734621,18.71,,
11002,彰化縣,農林漁牧,33404086,4.15,,
11002,彰化縣,工業,440871614,54.73,,
11002,南投縣,住宅,77680560,35.61,,
11002,南投縣,服務業,46749085,21.43,,
11002,南投縣,農林漁牧,7583167,3.48,,
11002,南投縣,工業,86105920,39.48,,
11002,雲林縣,住宅,97628633,24.41,,
11002,雲林縣,服務業,54633409,13.66,,
11002,雲林縣,農林漁牧,32075011,8.02,,
11002,雲林縣,工業,215687897,53.92,,
11002,嘉義縣,住宅,63277957,31.77,,
11002,嘉義縣,服務業,35123080,17.63,,
11002,嘉義縣,農林漁牧,18648226,9.36,,
11002,嘉義縣,工業,82142044,41.24,,
11002,屏東縣,住宅,114563800,33.56,,
11002,屏東縣,服務業,76108736,22.3,,
11002,屏東縣,農林漁牧,61367059,17.98,,
11002,屏東縣,工業,89322465,26.17,,
11002,台東縣,住宅,33130532,47.26,,
11002,台東縣,服務業,26054053,37.17,,
11002,台東縣,農林漁牧,2389260,3.41,,
11002,台東縣,工業,8529591,12.17,,
11002,花蓮縣,住宅,54266698,29.68,,
11002,花蓮縣,服務業,49310852,26.97,,
11002,花蓮縣,農林漁牧,1953438,1.07,,
11002,花蓮縣,工業,77301236,42.28,,
11002,基隆市,住宅,61281124,55.59,,
11002,基隆市,服務業,33566156,30.45,,
11002,基隆市,農林漁牧,12091,0.01,,
11002,基隆市,工業,15376429,13.95,,
11002,新竹市,住宅,70505591,9.48,,
11002,新竹市,服務業,76741599,10.31,,
11002,新竹市,農林漁牧,819246,0.11,,
11002,新竹市,工業,595999161,80.1,,
11002,嘉義市,住宅,38843061,48.68,,
11002,嘉義市,服務業,33031452,41.39,,
11002,嘉義市,農林漁牧,594040,0.74,,
11002,嘉義市,工業,7331587,9.19,,
11002,澎湖縣,住宅,12805205,44.13,,
11002,澎湖縣,服務業,11868219,40.9,,
11002,澎湖縣,農林漁牧,339516,1.17,,
11002,澎湖縣,工業,4001367,13.79,,
11002,金門縣,住宅,9375357,48.97,,
11002,金門縣,服務業,7418434,38.75,,
11002,金門縣,農林漁牧,222984,1.16,,
11002,金門縣,工業,2130012,11.12,,
11002,連江縣,住宅,2216398,40.4,,
11002,連江縣,服務業,2630567,47.95,,
11002,連江縣,農林漁牧,6682,0.12,,
11002,連江縣,工業,632859,11.53,,
11001,新北市,住宅,611251115,38.96,,
11001,新北市,服務業,459842480,29.31,,
11001,新北市,農林漁牧,2326856,0.15,,
11001,新北市,工業,495650897,31.59,,
11001,台北市,住宅,399211598,35.61,,
11001,台北市,服務業,668672895,59.64,,
11001,台北市,農林漁牧,1129074,0.1,,
11001,台北市,工業,52177065,4.65,,
11001,桃園市,住宅,333162819,14.78,,
11001,桃園市,服務業,305794181,13.57,,
11001,桃園市,農林漁牧,3834893,0.17,,
11001,桃園市,工業,1611487819,71.49,,
11001,台中市,住宅,433898371,16.44,,
11001,台中市,服務業,421618095,15.97,,
11001,台中市,農林漁牧,12330394,0.47,,
11001,台中市,工業,1771769239,67.12,,
11001,台南市,住宅,276795188,12.99,,
11001,台南市,服務業,224559914,10.54,,
11001,台南市,農林漁牧,31440875,1.48,,
11001,台南市,工業,1597983126,75,,
11001,高雄市,住宅,450087280,18.86,,
11001,高雄市,服務業,398921862,16.72,,
11001,高雄市,農林漁牧,20799943,0.87,,
11001,高雄市,工業,1516397635,63.55,,
11001,宜蘭縣,住宅,68874783,25.54,,
11001,宜蘭縣,服務業,63564146,23.57,,
11001,宜蘭縣,農林漁牧,4621197,1.71,,
11001,宜蘭縣,工業,132636860,49.18,,
11001,新竹縣,住宅,85188873,11.47,,
11001,新竹縣,服務業,69837591,9.41,,
11001,新竹縣,農林漁牧,1675772,0.23,,
11001,新竹縣,工業,585747571,78.89,,
11001,苗栗縣,住宅,77454432,12.4,,
11001,苗栗縣,服務業,54719959,8.76,,
11001,苗栗縣,農林漁牧,2343754,0.38,,
11001,苗栗縣,工業,490187023,78.47,,
11001,彰化縣,住宅,173029749,18.88,,
11001,彰化縣,服務業,160468777,17.51,,
11001,彰化縣,農林漁牧,36289220,3.96,,
11001,彰化縣,工業,546604664,59.65,,
11001,南投縣,住宅,61570369,27.77,,
11001,南投縣,服務業,49710211,22.42,,
11001,南投縣,農林漁牧,7685118,3.47,,
11001,南投縣,工業,102768513,46.35,,
11001,雲林縣,住宅,95600765,21.55,,
11001,雲林縣,服務業,66050750,14.89,,
11001,雲林縣,農林漁牧,30733156,6.93,,
11001,雲林縣,工業,251202880,56.63,,
11001,嘉義縣,住宅,67721815,30.28,,
11001,嘉義縣,服務業,40669168,18.18,,
11001,嘉義縣,農林漁牧,19073690,8.53,,
11001,嘉義縣,工業,96221943,43.02,,
11001,屏東縣,住宅,123798626,32.44,,
11001,屏東縣,服務業,85534620,22.41,,
11001,屏東縣,農林漁牧,65211041,17.09,,
11001,屏東縣,工業,107137214,28.07,,
11001,台東縣,住宅,29129100,41.82,,
11001,台東縣,服務業,27737300,39.82,,
11001,台東縣,農林漁牧,2502513,3.59,,
11001,台東縣,工業,10279897,14.76,,
11001,花蓮縣,住宅,46311411,23.62,,
11001,花蓮縣,服務業,55473740,28.29,,
11001,花蓮縣,農林漁牧,2054159,1.05,,
11001,花蓮縣,工業,92249952,47.04,,
11001,基隆市,住宅,49639544,47.26,,
11001,基隆市,服務業,37998951,36.18,,
11001,基隆市,農林漁牧,6728,0.01,,
11001,基隆市,工業,17383993,16.55,,
11001,新竹市,住宅,76453631,9.08,,
11001,新竹市,服務業,88212305,10.48,,
11001,新竹市,農林漁牧,824209,0.1,,
11001,新竹市,工業,676174908,80.34,,
11001,嘉義市,住宅,37843944,44.45,,
11001,嘉義市,服務業,38617454,45.36,,
11001,嘉義市,農林漁牧,498270,0.59,,
11001,嘉義市,工業,8184303,9.61,,
11001,澎湖縣,住宅,14194511,41.8,,
11001,澎湖縣,服務業,15070796,44.38,,
11001,澎湖縣,農林漁牧,365677,1.08,,
11001,澎湖縣,工業,4328985,12.75,,
11001,金門縣,住宅,10187733,45.4,,
11001,金門縣,服務業,9514012,42.4,,
11001,金門縣,農林漁牧,237756,1.06,,
11001,金門縣,工業,2497971,11.13,,
11001,連江縣,住宅,2582075,41.57,,
11001,連江縣,服務業,2946971,47.45,,
11001,連江縣,農林漁牧,5743,0.09,,
11001,連江縣,工業,676548,10.89,,
10912,新北市,住宅,532352066,35.77,,
10912,新北市,服務業,458153934,30.79,,
10912,新北市,農林漁牧,2101667,0.14,,
10912,新北市,工業,495502045,33.3,,
10912,台北市,住宅,332428173,31.18,,
10912,台北市,服務業,686693876,64.4,,
10912,台北市,農林漁牧,1228614,0.12,,
10912,台北市,工業,45965846,4.31,,
10912,桃園市,住宅,320917131,14.39,,
10912,桃園市,服務業,326423475,14.64,,
10912,桃園市,農林漁牧,4021584,0.18,,
10912,桃園市,工業,1578926293,70.79,,
10912,台中市,住宅,422389217,15.95,,
10912,台中市,服務業,430424759,16.26,,
10912,台中市,農林漁牧,13614528,0.51,,
10912,台中市,工業,1781261457,67.28,,
10912,台南市,住宅,285110029,12.12,,
10912,台南市,服務業,242850145,10.32,,
10912,台南市,農林漁牧,32630751,1.39,,
10912,台南市,工業,1792351027,76.17,,
10912,高雄市,住宅,368751029,15.6,,
10912,高雄市,服務業,424908706,17.97,,
10912,高雄市,農林漁牧,19863428,0.84,,
10912,高雄市,工業,1550403894,65.59,,
10912,宜蘭縣,住宅,61990461,23.96,,
10912,宜蘭縣,服務業,61354420,23.71,,
10912,宜蘭縣,農林漁牧,4838569,1.87,,
10912,宜蘭縣,工業,130554810,50.46,,
10912,新竹縣,住宅,83286164,10.79,,
10912,新竹縣,服務業,77149193,10,,
10912,新竹縣,農林漁牧,1544633,0.2,,
10912,新竹縣,工業,609667467,79.01,,
10912,苗栗縣,住宅,62528499,10.17,,
10912,苗栗縣,服務業,57074844,9.28,,
10912,苗栗縣,農林漁牧,2602593,0.42,,
10912,苗栗縣,工業,492720814,80.13,,
10912,彰化縣,住宅,166290918,17.98,,
10912,彰化縣,服務業,168070730,18.18,,
10912,彰化縣,農林漁牧,38630041,4.18,,
10912,彰化縣,工業,551622129,59.66,,
10912,南投縣,住宅,71080459,29.79,,
10912,南投縣,服務業,54134053,22.69,,
10912,南投縣,農林漁牧,8816768,3.69,,
10912,南投縣,工業,104602375,43.83,,
10912,雲林縣,住宅,89176909,20.43,,
10912,雲林縣,服務業,63701061,14.59,,
10912,雲林縣,農林漁牧,32149990,7.37,,
10912,雲林縣,工業,251477798,57.61,,
10912,嘉義縣,住宅,59875576,26.71,,
10912,嘉義縣,服務業,42341936,18.89,,
10912,嘉義縣,農林漁牧,20572682,9.18,,
10912,嘉義縣,工業,101363030,45.22,,
10912,屏東縣,住宅,109636763,29.58,,
10912,屏東縣,服務業,89298226,24.1,,
10912,屏東縣,農林漁牧,61331107,16.55,,
10912,屏東縣,工業,110334410,29.77,,
10912,台東縣,住宅,30145032,41.34,,
10912,台東縣,服務業,29854737,40.94,,
10912,台東縣,農林漁牧,2448260,3.36,,
10912,台東縣,工業,10473260,14.36,,
10912,花蓮縣,住宅,45686667,22.82,,
10912,花蓮縣,服務業,57041854,28.49,,
10912,花蓮縣,農林漁牧,2228520,1.11,,
10912,花蓮縣,工業,95232763,47.57,,
10912,基隆市,住宅,48657770,46.02,,
10912,基隆市,服務業,38768328,36.67,,
10912,基隆市,農林漁牧,10755,0.01,,
10912,基隆市,工業,18297923,17.31,,
10912,新竹市,住宅,57422628,6.95,,
10912,新竹市,服務業,94635330,11.46,,
10912,新竹市,農林漁牧,813571,0.1,,
10912,新竹市,工業,672908233,81.49,,
10912,嘉義市,住宅,37037854,42.89,,
10912,嘉義市,服務業,40110360,46.45,,
10912,嘉義市,農林漁牧,599869,0.69,,
10912,嘉義市,工業,8598036,9.96,,
10912,澎湖縣,住宅,11930706,37.97,,
10912,澎湖縣,服務業,14673276,46.7,,
10912,澎湖縣,農林漁牧,358196,1.14,,
10912,澎湖縣,工業,4455788,14.18,,
10912,金門縣,住宅,8041514,40.67,,
10912,金門縣,服務業,8937309,45.2,,
10912,金門縣,農林漁牧,239762,1.21,,
10912,金門縣,工業,2554342,12.92,,
10912,連江縣,住宅,1749373,32.92,,
10912,連江縣,服務業,2864663,53.92,,
10912,連江縣,農林漁牧,6822,0.13,,
10912,連江縣,工業,692404,13.03,,
10911,新北市,住宅,679879925,40.12,,
10911,新北市,服務業,509571496,30.07,,
10911,新北市,農林漁牧,2326628,0.14,,
10911,新北市,工業,502674121,29.67,,
10911,台北市,住宅,442744676,35.09,,
10911,台北市,服務業,760965594,60.31,,
10911,台北市,農林漁牧,1268769,0.1,,
10911,台北市,工業,56708208,4.49,,
10911,桃園市,住宅,337059295,15.2,,
10911,桃園市,服務業,341203433,15.39,,
10911,桃園市,農林漁牧,4007040,0.18,,
10911,桃園市,工業,1534724986,69.23,,
10911,台中市,住宅,529328702,18.99,,
10911,台中市,服務業,483354052,17.34,,
10911,台中市,農林漁牧,14678150,0.53,,
10911,台中市,工業,1760402456,63.15,,
10911,台南市,住宅,346963726,14.13,,
10911,台南市,服務業,262309911,10.68,,
10911,台南市,農林漁牧,36576635,1.49,,
10911,台南市,工業,1809322438,73.69,,
10911,高雄市,住宅,582892843,22.45,,
10911,高雄市,服務業,467954673,18.03,,
10911,高雄市,農林漁牧,21195058,0.82,,
10911,高雄市,工業,1523984480,58.7,,
10911,宜蘭縣,住宅,70673389,26.32,,
10911,宜蘭縣,服務業,69537669,25.89,,
10911,宜蘭縣,農林漁牧,5611165,2.09,,
10911,宜蘭縣,工業,122715021,45.7,,
10911,新竹縣,住宅,93477983,11.94,,
10911,新竹縣,服務業,76268248,9.74,,
10911,新竹縣,農林漁牧,1880968,0.24,,
10911,新竹縣,工業,611151360,78.07,,
10911,苗栗縣,住宅,90690887,15.11,,
10911,苗栗縣,服務業,61492370,10.25,,
10911,苗栗縣,農林漁牧,2940214,0.49,,
10911,苗栗縣,工業,445091513,74.16,,
10911,彰化縣,住宅,209303578,21.75,,
10911,彰化縣,服務業,173336770,18.01,,
10911,彰化縣,農林漁牧,42064002,4.37,,
10911,彰化縣,工業,537666435,55.87,,
10911,南投縣,住宅,68728738,29.86,,
10911,南投縣,服務業,56032877,24.35,,
10911,南投縣,農林漁牧,9316603,4.05,,
10911,南投縣,工業,96061426,41.74,,
10911,雲林縣,住宅,120925269,24.89,,
10911,雲林縣,服務業,75701049,15.58,,
10911,雲林縣,農林漁牧,35688935,7.35,,
10911,雲林縣,工業,253427173,52.17,,
10911,嘉義縣,住宅,83961908,32.38,,
10911,嘉義縣,服務業,47448967,18.3,,
10911,嘉義縣,農林漁牧,24089108,9.29,,
10911,嘉義縣,工業,103836113,40.04,,
10911,屏東縣,住宅,152134140,35.87,,
10911,屏東縣,服務業,98633560,23.26,,
10911,屏東縣,農林漁牧,63971134,15.08,,
10911,屏東縣,工業,109332705,25.78,,
10911,台東縣,住宅,33021813,42.75,,
10911,台東縣,服務業,31399935,40.65,,
10911,台東縣,農林漁牧,2567728,3.32,,
10911,台東縣,工業,10263035,13.29,,
10911,花蓮縣,住宅,51641584,25.31,,
10911,花蓮縣,服務業,62326875,30.55,,
10911,花蓮縣,農林漁牧,2271660,1.11,,
10911,花蓮縣,工業,87792599,43.03,,
10911,基隆市,住宅,52244934,46.56,,
10911,基隆市,服務業,42004116,37.43,,
10911,基隆市,農林漁牧,6234,0.01,,
10911,基隆市,工業,17954285,16,,
10911,新竹市,住宅,84802211,9.88,,
10911,新竹市,服務業,101247896,11.79,,
10911,新竹市,農林漁牧,799665,0.09,,
10911,新竹市,工業,671798919,78.24,,
10911,嘉義市,住宅,46615597,45.37,,
10911,嘉義市,服務業,46879000,45.63,,
10911,嘉義市,農林漁牧,589942,0.57,,
10911,嘉義市,工業,8661408,8.43,,
10911,澎湖縣,住宅,16543916,42.18,,
10911,澎湖縣,服務業,17827843,45.46,,
10911,澎湖縣,農林漁牧,359643,0.92,,
10911,澎湖縣,工業,4486253,11.44,,
10911,金門縣,住宅,11176307,42.8,,
10911,金門縣,服務業,11401373,43.66,,
10911,金門縣,農林漁牧,280397,1.07,,
10911,金門縣,工業,3253044,12.46,,
10911,連江縣,住宅,2359674,38.86,,
10911,連江縣,服務業,2959802,48.75,,
10911,連江縣,農林漁牧,6114,0.1,,
10911,連江縣,工業,746388,12.29,,
10910,新北市,住宅,889831748,46.08,,
10910,新北市,服務業,527648269,27.32,,
10910,新北市,農林漁牧,2536560,0.13,,
10910,新北市,工業,511188837,26.47,,
10910,台北市,住宅,564603228,39.85,,
10910,台北市,服務業,798862688,56.38,,
10910,台北市,農林漁牧,1395216,0.1,,
10910,台北市,工業,52035417,3.67,,
10910,桃園市,住宅,533002822,20.17,,
10910,桃園市,服務業,380356614,14.39,,
10910,桃園市,農林漁牧,5001622,0.19,,
10910,桃園市,工業,1724353334,65.25,,
10910,台中市,住宅,627913184,21.59,,
10910,台中市,服務業,498569761,17.15,,
10910,台中市,農林漁牧,16113892,0.55,,
10910,台中市,工業,1765231262,60.71,,
10910,台南市,住宅,405437294,15.67,,
10910,台南市,服務業,282478596,10.92,,
10910,台南市,農林漁牧,39332116,1.52,,
10910,台南市,工業,1860257234,71.89,,
10910,高雄市,住宅,503281499,19.44,,
10910,高雄市,服務業,488668107,18.88,,
10910,高雄市,農林漁牧,21389145,0.83,,
10910,高雄市,工業,1575075467,60.85,,
10910,宜蘭縣,住宅,96997404,31.5,,
10910,宜蘭縣,服務業,71488933,23.22,,
10910,宜蘭縣,農林漁牧,6450028,2.09,,
10910,宜蘭縣,工業,132987418,43.19,,
10910,新竹縣,住宅,137618266,16.01,,
10910,新竹縣,服務業,87769231,10.21,,
10910,新竹縣,農林漁牧,1974284,0.23,,
10910,新竹縣,工業,631974793,73.54,,
10910,苗栗縣,住宅,103011598,16.62,,
10910,苗栗縣,服務業,63520914,10.25,,
10910,苗栗縣,農林漁牧,3154803,0.51,,
10910,苗栗縣,工業,450110881,72.62,,
10910,彰化縣,住宅,252193811,24.45,,
10910,彰化縣,服務業,187746387,18.2,,
10910,彰化縣,農林漁牧,48134068,4.67,,
10910,彰化縣,工業,543481450,52.69,,
10910,南投縣,住宅,94090993,35.7,,
10910,南投縣,服務業,61265541,23.25,,
10910,南投縣,農林漁牧,10088935,3.83,,
10910,南投縣,工業,98112915,37.23,,
10910,雲林縣,住宅,135117929,26.51,,
10910,雲林縣,服務業,74652639,14.65,,
10910,雲林縣,農林漁牧,38429297,7.54,,
10910,雲林縣,工業,261405265,51.3,,
10910,嘉義縣,住宅,85904380,33.8,,
10910,嘉義縣,服務業,48044923,18.9,,
10910,嘉義縣,農林漁牧,26204310,10.31,,
10910,嘉義縣,工業,93998737,36.99,,
10910,屏東縣,住宅,148992410,35.28,,
10910,屏東縣,服務業,101196130,23.96,,
10910,屏東縣,農林漁牧,65288966,15.46,,
10910,屏東縣,工業,106848203,25.3,,
10910,台東縣,住宅,43540447,46.74,,
10910,台東縣,服務業,36387021,39.06,,
10910,台東縣,農林漁牧,2523185,2.71,,
10910,台東縣,工業,10712428,11.5,,
10910,花蓮縣,住宅,70807926,32.32,,
10910,花蓮縣,服務業,66254015,30.24,,
10910,花蓮縣,農林漁牧,2390776,1.09,,
10910,花蓮縣,工業,79647399,36.35,,
10910,基隆市,住宅,79628805,55.11,,
10910,基隆市,服務業,46042393,31.87,,
10910,基隆市,農林漁牧,14683,0.01,,
10910,基隆市,工業,18792890,13.01,,
10910,新竹市,住宅,100609378,11.05,,
10910,新竹市,服務業,105323390,11.57,,
10910,新竹市,農林漁牧,981648,0.11,,
10910,新竹市,工業,703346360,77.27,,
10910,嘉義市,住宅,54525981,48.61,,
10910,嘉義市,服務業,48207175,42.98,,
10910,嘉義市,農林漁牧,711046,0.63,,
10910,嘉義市,工業,8726011,7.78,,
10910,澎湖縣,住宅,19168826,45,,
10910,澎湖縣,服務業,18365349,43.12,,
10910,澎湖縣,農林漁牧,436744,1.03,,
10910,澎湖縣,工業,4625080,10.86,,
10910,金門縣,住宅,12692614,46.29,,
10910,金門縣,服務業,10861954,39.62,,
10910,金門縣,農林漁牧,286537,1.05,,
10910,金門縣,工業,3575850,13.04,,
10910,連江縣,住宅,2576436,37.98,,
10910,連江縣,服務業,3521463,51.91,,
10910,連江縣,農林漁牧,9688,0.14,,
10910,連江縣,工業,675634,9.96,,
10909,新北市,住宅,1041353736,46.17,,
10909,新北市,服務業,642459036,28.49,,
10909,新北市,農林漁牧,3045928,0.14,,
10909,新北市,工業,568422480,25.2,,
10909,台北市,住宅,680800675,40.3,,
10909,台北市,服務業,940229635,55.65,,
10909,台北市,農林漁牧,1535698,0.09,,
10909,台北市,工業,66970873,3.96,,
10909,桃園市,住宅,499168200,19.6,,
10909,桃園市,服務業,428091043,16.81,,
10909,桃園市,農林漁牧,5436549,0.21,,
10909,桃園市,工業,1613692443,63.37,,
10909,台中市,住宅,700121874,22.79,,
10909,台中市,服務業,569612031,18.54,,
10909,台中市,農林漁牧,16912708,0.55,,
10909,台中市,工業,1785117988,58.11,,
10909,台南市,住宅,422762414,16.05,,
10909,台南市,服務業,302552280,11.49,,
10909,台南市,農林漁牧,43779279,1.66,,
10909,台南市,工業,1865095875,70.8,,
10909,高雄市,住宅,686964183,24.86,,
10909,高雄市,服務業,527521246,19.09,,
10909,高雄市,農林漁牧,23549532,0.85,,
10909,高雄市,工業,1525028348,55.19,,
10909,宜蘭縣,住宅,104330491,31.16,,
10909,宜蘭縣,服務業,87598518,26.17,,
10909,宜蘭縣,農林漁牧,8050595,2.4,,
10909,宜蘭縣,工業,134808741,40.27,,
10909,新竹縣,住宅,137907029,15.68,,
10909,新竹縣,服務業,93589219,10.64,,
10909,新竹縣,農林漁牧,2680456,0.3,,
10909,新竹縣,工業,645598625,73.38,,
10909,苗栗縣,住宅,133050762,20.37,,
10909,苗栗縣,服務業,74028885,11.33,,
10909,苗栗縣,農林漁牧,3523366,0.54,,
10909,苗栗縣,工業,442539740,67.76,,
10909,彰化縣,住宅,269360794,25.05,,
10909,彰化縣,服務業,195570896,18.19,,
10909,彰化縣,農林漁牧,54772417,5.09,,
10909,彰化縣,工業,555657212,51.67,,
10909,南投縣,住宅,78293660,30.53,,
10909,南投縣,服務業,63057123,24.59,,
10909,南投縣,農林漁牧,9887988,3.86,,
10909,南投縣,工業,105179961,41.02,,
10909,雲林縣,住宅,148671182,27.46,,
10909,雲林縣,服務業,87849940,16.22,,
10909,雲林縣,農林漁牧,44449311,8.21,,
10909,雲林縣,工業,260534903,48.11,,
10909,嘉義縣,住宅,101606320,35.94,,
10909,嘉義縣,服務業,54244631,19.19,,
10909,嘉義縣,農林漁牧,28788068,10.18,,
10909,嘉義縣,工業,98066752,34.69,,
10909,屏東縣,住宅,176044286,37.42,,
10909,屏東縣,服務業,111335307,23.66,,
10909,屏東縣,農林漁牧,69926876,14.86,,
10909,屏東縣,工業,113197046,24.06,,
10909,台東縣,住宅,42410566,44.04,,
10909,台東縣,服務業,40912779,42.49,,
10909,台東縣,農林漁牧,2793090,2.9,,
10909,台東縣,工業,10173282,10.57,,
10909,花蓮縣,住宅,71970147,32.64,,
10909,花蓮縣,服務業,75650025,34.31,,
10909,花蓮縣,農林漁牧,2955760,1.34,,
10909,花蓮縣,工業,69936502,31.72,,
10909,基隆市,住宅,77771672,51.19,,
10909,基隆市,服務業,53706222,35.35,,
10909,基隆市,農林漁牧,10425,0.01,,
10909,基隆市,工業,20437987,13.45,,
10909,新竹市,住宅,130885509,13.63,,
10909,新竹市,服務業,120846826,12.59,,
10909,新竹市,農林漁牧,1052779,0.11,,
10909,新竹市,工業,707313039,73.67,,
10909,嘉義市,住宅,58774441,47.22,,
10909,嘉義市,服務業,56080487,45.05,,
10909,嘉義市,農林漁牧,658768,0.53,,
10909,嘉義市,工業,8957857,7.2,,
10909,澎湖縣,住宅,23716538,44.41,,
10909,澎湖縣,服務業,24250951,45.41,,
10909,澎湖縣,農林漁牧,511956,0.96,,
10909,澎湖縣,工業,4919211,9.21,,
10909,金門縣,住宅,15458559,44.65,,
10909,金門縣,服務業,14492246,41.86,,
10909,金門縣,農林漁牧,354413,1.02,,
10909,金門縣,工業,4316356,12.47,,
10909,連江縣,住宅,3489752,41.72,,
10909,連江縣,服務業,4152422,49.64,,
10909,連江縣,農林漁牧,12761,0.15,,
10909,連江縣,工業,710375,8.49,,
10908,新北市,住宅,1022667676,47.64,,
10908,新北市,服務業,576253281,26.85,,
10908,新北市,農林漁牧,2756959,0.13,,
10908,新北市,工業,544871475,25.38,,
10908,台北市,住宅,647375629,40.27,,
10908,台北市,服務業,902405551,56.14,,
10908,台北市,農林漁牧,1667674,0.1,,
10908,台北市,工業,56092474,3.49,,
10908,桃園市,住宅,606656374,22.85,,
10908,桃園市,服務業,424962600,16.01,,
10908,桃園市,農林漁牧,5514710,0.21,,
10908,桃園市,工業,1617280531,60.93,,
10908,台中市,住宅,672106347,22.25,,
10908,台中市,服務業,516269575,17.09,,
10908,台中市,農林漁牧,16369870,0.54,,
10908,台中市,工業,1815948569,60.12,,
10908,台南市,住宅,443822753,16.66,,
10908,台南市,服務業,288288237,10.82,,
10908,台南市,農林漁牧,40038083,1.5,,
10908,台南市,工業,1892006029,71.02,,
10908,高雄市,住宅,552150663,21.19,,
10908,高雄市,服務業,498468599,19.13,,
10908,高雄市,農林漁牧,21248787,0.82,,
10908,高雄市,工業,1533787207,58.86,,
10908,宜蘭縣,住宅,109654762,31.99,,
10908,宜蘭縣,服務業,80725287,23.55,,
10908,宜蘭縣,農林漁牧,7447010,2.17,,
10908,宜蘭縣,工業,144964033,42.29,,
10908,新竹縣,住宅,153283821,16.76,,
10908,新竹縣,服務業,95800140,10.48,,
10908,新竹縣,農林漁牧,2350011,0.26,,
10908,新竹縣,工業,663068782,72.51,,
10908,苗栗縣,住宅,115878892,18.07,,
10908,苗栗縣,服務業,69600975,10.85,,
10908,苗栗縣,農林漁牧,3401098,0.53,,
10908,苗栗縣,工業,452388564,70.55,,
10908,彰化縣,住宅,269874651,25.61,,
10908,彰化縣,服務業,192214294,18.24,,
10908,彰化縣,農林漁牧,50751940,4.82,,
10908,彰化縣,工業,541131554,51.34,,
10908,南投縣,住宅,97851252,35.76,,
10908,南投縣,服務業,62909649,22.99,,
10908,南投縣,農林漁牧,9346166,3.42,,
10908,南投縣,工業,103520790,37.83,,
10908,雲林縣,住宅,145313761,27.66,,
10908,雲林縣,服務業,78050755,14.86,,
10908,雲林縣,農林漁牧,40557166,7.72,,
10908,雲林縣,工業,261349824,49.76,,
10908,嘉義縣,住宅,92213181,34.96,,
10908,嘉義縣,服務業,49341851,18.71,,
10908,嘉義縣,農林漁牧,26879871,10.19,,
10908,嘉義縣,工業,95326959,36.14,,
10908,屏東縣,住宅,166261784,37.5,,
10908,屏東縣,服務業,102811501,23.19,,
10908,屏東縣,農林漁牧,65563970,14.79,,
10908,屏東縣,工業,108731501,24.52,,
10908,台東縣,住宅,48705237,47.5,,
10908,台東縣,服務業,40350265,39.35,,
10908,台東縣,農林漁牧,2783910,2.72,,
10908,台東縣,工業,10693191,10.43,,
10908,花蓮縣,住宅,78977103,34.23,,
10908,花蓮縣,服務業,72466452,31.41,,
10908,花蓮縣,農林漁牧,2813930,1.22,,
10908,花蓮縣,工業,76470587,33.14,,
10908,基隆市,住宅,88663104,55.08,,
10908,基隆市,服務業,51504567,32,,
10908,基隆市,農林漁牧,16990,0.01,,
10908,基隆市,工業,20788386,12.91,,
10908,新竹市,住宅,114361708,11.75,,
10908,新竹市,服務業,117601749,12.08,,
10908,新竹市,農林漁牧,1047920,0.11,,
10908,新竹市,工業,740334690,76.06,,
10908,嘉義市,住宅,60147978,50.2,,
10908,嘉義市,服務業,50527056,42.17,,
10908,嘉義市,農林漁牧,696860,0.58,,
10908,嘉義市,工業,8448730,7.05,,
10908,澎湖縣,住宅,19497092,43.43,,
10908,澎湖縣,服務業,20077904,44.72,,
10908,澎湖縣,農林漁牧,466871,1.04,,
10908,澎湖縣,工業,4853024,10.81,,
10908,金門縣,住宅,12564660,43.02,,
10908,金門縣,服務業,12132575,41.54,,
10908,金門縣,農林漁牧,311450,1.07,,
10908,金門縣,工業,4195352,14.37,,
10908,連江縣,住宅,2753940,36.19,,
10908,連江縣,服務業,4032621,52.99,,
10908,連江縣,農林漁牧,10336,0.14,,
10908,連江縣,工業,813500,10.69,,
10907,新北市,住宅,942896546,43.84,,
10907,新北市,服務業,635751458,29.56,,
10907,新北市,農林漁牧,2883912,0.13,,
10907,新北市,工業,569364825,26.47,,
10907,台北市,住宅,616958564,37.25,,
10907,台北市,服務業,969311390,58.52,,
10907,台北市,農林漁牧,1672812,0.1,,
10907,台北市,工業,68369910,4.13,,
10907,桃園市,住宅,444560215,17.82,,
10907,桃園市,服務業,434052774,17.4,,
10907,桃園市,農林漁牧,5456049,0.22,,
10907,桃園市,工業,1610316748,64.56,,
10907,台中市,住宅,647324929,21.22,,
10907,台中市,服務業,558105739,18.29,,
10907,台中市,農林漁牧,16549856,0.54,,
10907,台中市,工業,1828781188,59.95,,
10907,台南市,住宅,423850782,15.93,,
10907,台南市,服務業,303911301,11.42,,
10907,台南市,農林漁牧,43446022,1.63,,
10907,台南市,工業,1889870859,71.02,,
10907,高雄市,住宅,700504491,25.67,,
10907,高雄市,服務業,536485810,19.66,,
10907,高雄市,農林漁牧,23479928,0.86,,
10907,高雄市,工業,1468453865,53.81,,
10907,宜蘭縣,住宅,92251681,27.79,,
10907,宜蘭縣,服務業,87119097,26.25,,
10907,宜蘭縣,農林漁牧,8553856,2.58,,
10907,宜蘭縣,工業,144004013,43.38,,
10907,新竹縣,住宅,120029707,13.42,,
10907,新竹縣,服務業,94284724,10.54,,
10907,新竹縣,農林漁牧,2674781,0.3,,
10907,新竹縣,工業,677191207,75.73,,
10907,苗栗縣,住宅,119411684,18.46,,
10907,苗栗縣,服務業,73871227,11.42,,
10907,苗栗縣,農林漁牧,3875927,0.6,,
10907,苗栗縣,工業,449697346,69.52,,
10907,彰化縣,住宅,249787732,23.96,,
10907,彰化縣,服務業,192903519,18.5,,
10907,彰化縣,農林漁牧,54313878,5.21,,
10907,彰化縣,工業,545535242,52.33,,
10907,南投縣,住宅,76492866,30.2,,
10907,南投縣,服務業,61833478,24.41,,
10907,南投縣,農林漁牧,10782259,4.26,,
10907,南投縣,工業,104167399,41.13,,
10907,雲林縣,住宅,143175010,26.6,,
10907,雲林縣,服務業,87254554,16.21,,
10907,雲林縣,農林漁牧,45057289,8.37,,
10907,雲林縣,工業,262665134,48.81,,
10907,嘉義縣,住宅,98166028,34.77,,
10907,嘉義縣,服務業,53575299,18.98,,
10907,嘉義縣,農林漁牧,29501902,10.45,,
10907,嘉義縣,工業,101070075,35.8,,
10907,屏東縣,住宅,182281902,37.55,,
10907,屏東縣,服務業,113587905,23.4,,
10907,屏東縣,農林漁牧,74673712,15.38,,
10907,屏東縣,工業,114928906,23.67,,
10907,台東縣,住宅,39968795,41.96,,
10907,台東縣,服務業,41075051,43.13,,
10907,台東縣,農林漁牧,3123767,3.28,,
10907,台東縣,工業,11078455,11.63,,
10907,花蓮縣,住宅,64617473,28.71,,
10907,花蓮縣,服務業,75927892,33.74,,
10907,花蓮縣,農林漁牧,3029864,1.35,,
10907,花蓮縣,工業,81477623,36.2,,
10907,基隆市,住宅,67627164,47.3,,
10907,基隆市,服務業,53973707,37.75,,
10907,基隆市,農林漁牧,12033,0.01,,
10907,基隆市,工業,21375176,14.95,,
10907,新竹市,住宅,116489543,11.85,,
10907,新竹市,服務業,124491318,12.66,,
10907,新竹市,農林漁牧,1091010,0.11,,
10907,新竹市,工業,741339574,75.38,,
10907,嘉義市,住宅,58156431,47.07,,
10907,嘉義市,服務業,55990754,45.31,,
10907,嘉義市,農林漁牧,728707,0.59,,
10907,嘉義市,工業,8684721,7.03,,
10907,澎湖縣,住宅,20837414,42.66,,
10907,澎湖縣,服務業,22578120,46.23,,
10907,澎湖縣,農林漁牧,488414,1,,
10907,澎湖縣,工業,4937396,10.11,,
10907,金門縣,住宅,12951234,41.37,,
10907,金門縣,服務業,13570645,43.34,,
10907,金門縣,農林漁牧,358925,1.15,,
10907,金門縣,工業,4428106,14.14,,
10907,連江縣,住宅,3145075,39.41,,
10907,連江縣,服務業,4024018,50.42,,
10907,連江縣,農林漁牧,13041,0.16,,
10907,連江縣,工業,798451,10,,
10906,新北市,住宅,728250353,41.41,,
10906,新北市,服務業,524388893,29.81,,
10906,新北市,農林漁牧,2367793,0.13,,
10906,新北市,工業,503837156,28.65,,
10906,台北市,住宅,462474398,34.23,,
10906,台北市,服務業,836254965,61.89,,
10906,台北市,農林漁牧,1536386,0.11,,
10906,台北市,工業,50843223,3.76,,
10906,桃園市,住宅,445310658,19.11,,
10906,桃園市,服務業,386456227,16.58,,
10906,桃園市,農林漁牧,4683283,0.2,,
10906,桃園市,工業,1494014215,64.11,,
10906,台中市,住宅,531068219,19.31,,
10906,台中市,服務業,484504996,17.61,,
10906,台中市,農林漁牧,15404725,0.56,,
10906,台中市,工業,1719843805,62.52,,
10906,台南市,住宅,360532790,14.77,,
10906,台南市,服務業,280416344,11.49,,
10906,台南市,農林漁牧,37505019,1.54,,
10906,台南市,工業,1761933827,72.2,,
10906,高雄市,住宅,456344483,18.82,,
10906,高雄市,服務業,490231051,20.22,,
10906,高雄市,農林漁牧,20845625,0.86,,
10906,高雄市,工業,1456756998,60.09,,
10906,宜蘭縣,住宅,79553179,27.31,,
10906,宜蘭縣,服務業,69969637,24.02,,
10906,宜蘭縣,農林漁牧,6846268,2.35,,
10906,宜蘭縣,工業,134886423,46.31,,
10906,新竹縣,住宅,111648658,13.3,,
10906,新竹縣,服務業,86860144,10.35,,
10906,新竹縣,農林漁牧,1989786,0.24,,
10906,新竹縣,工業,638936822,76.12,,
10906,苗栗縣,住宅,84476294,14.77,,
10906,苗栗縣,服務業,62811180,10.98,,
10906,苗栗縣,農林漁牧,3158639,0.55,,
10906,苗栗縣,工業,421675425,73.7,,
10906,彰化縣,住宅,215473194,23.16,,
10906,彰化縣,服務業,182974127,19.67,,
10906,彰化縣,農林漁牧,45148155,4.85,,
10906,彰化縣,工業,486635519,52.31,,
10906,南投縣,住宅,86494484,34.52,,
10906,南投縣,服務業,58790499,23.47,,
10906,南投縣,農林漁牧,8662813,3.46,,
10906,南投縣,工業,96592995,38.55,,
10906,雲林縣,住宅,127289434,26.45,,
10906,雲林縣,服務業,71720139,14.9,,
10906,雲林縣,農林漁牧,38283263,7.95,,
10906,雲林縣,工業,243959618,50.69,,
10906,嘉義縣,住宅,80400451,33.37,,
10906,嘉義縣,服務業,46909906,19.47,,
10906,嘉義縣,農林漁牧,25816215,10.71,,
10906,嘉義縣,工業,87809187,36.45,,
10906,屏東縣,住宅,149550854,35.41,,
10906,屏東縣,服務業,101553239,24.05,,
10906,屏東縣,農林漁牧,65699431,15.56,,
10906,屏東縣,工業,105515236,24.98,,
10906,台東縣,住宅,38389698,44.37,,
10906,台東縣,服務業,34924283,40.37,,
10906,台東縣,農林漁牧,2555521,2.95,,
10906,台東縣,工業,10646675,12.31,,
10906,花蓮縣,住宅,59361265,28.35,,
10906,花蓮縣,服務業,65406828,31.24,,
10906,花蓮縣,農林漁牧,2268550,1.08,,
10906,花蓮縣,工業,82362567,39.33,,
10906,基隆市,住宅,63909887,48.95,,
10906,基隆市,服務業,46912594,35.93,,
10906,基隆市,農林漁牧,11647,0.01,,
10906,基隆市,工業,19725812,15.11,,
10906,新竹市,住宅,82452794,9.2,,
10906,新竹市,服務業,110376494,12.32,,
10906,新竹市,農林漁牧,906448,0.1,,
10906,新竹市,工業,702392328,78.38,,
10906,嘉義市,住宅,48177569,46.06,,
10906,嘉義市,服務業,47649211,45.55,,
10906,嘉義市,農林漁牧,644776,0.62,,
10906,嘉義市,工業,8133142,7.78,,
10906,澎湖縣,住宅,14965945,41.37,,
10906,澎湖縣,服務業,16430960,45.42,,
10906,澎湖縣,農林漁牧,403923,1.12,,
10906,澎湖縣,工業,4371882,12.09,,
10906,金門縣,住宅,8982875,37.35,,
10906,金門縣,服務業,10688198,44.44,,
10906,金門縣,農林漁牧,268210,1.12,,
10906,金門縣,工業,4109421,17.09,,
10906,連江縣,住宅,1961884,33.35,,
10906,連江縣,服務業,3226928,54.86,,
10906,連江縣,農林漁牧,8840,0.15,,
10906,連江縣,工業,684761,11.64,,
10905,新北市,住宅,612966618,38.36,,
10905,新北市,服務業,486060765,30.42,,
10905,新北市,農林漁牧,2306523,0.14,,
10905,新北市,工業,496449639,31.07,,
10905,台北市,住宅,398132374,32.53,,
10905,台北市,服務業,769519607,62.87,,
10905,台北市,農林漁牧,1439011,0.12,,
10905,台北市,工業,54888987,4.48,,
10905,桃園市,住宅,321047038,14.95,,
10905,桃園市,服務業,340944382,15.88,,
10905,桃園市,農林漁牧,3969040,0.18,,
10905,桃園市,工業,1481421015,68.99,,
10905,台中市,住宅,444598310,16.82,,
10905,台中市,服務業,451191348,17.07,,
10905,台中市,農林漁牧,14605380,0.55,,
10905,台中市,工業,1733510913,65.57,,
10905,台南市,住宅,290415507,12.45,,
10905,台南市,服務業,252908516,10.84,,
10905,台南市,農林漁牧,33791667,1.45,,
10905,台南市,工業,1756089750,75.27,,
10905,高雄市,住宅,478162772,19.54,,
10905,高雄市,服務業,460782721,18.83,,
10905,高雄市,農林漁牧,20915220,0.85,,
10905,高雄市,工業,1487745156,60.78,,
10905,宜蘭縣,住宅,64440266,23.86,,
10905,宜蘭縣,服務業,65516944,24.26,,
10905,宜蘭縣,農林漁牧,5905613,2.19,,
10905,宜蘭縣,工業,134226244,49.7,,
10905,新竹縣,住宅,83761089,10.54,,
10905,新竹縣,服務業,73188716,9.21,,
10905,新竹縣,農林漁牧,1900447,0.24,,
10905,新竹縣,工業,635936126,80.01,,
10905,苗栗縣,住宅,78808652,13.59,,
10905,苗栗縣,服務業,58755738,10.14,,
10905,苗栗縣,農林漁牧,2616259,0.45,,
10905,苗栗縣,工業,439523913,75.82,,
10905,彰化縣,住宅,183143753,21.15,,
10905,彰化縣,服務業,164615604,19.01,,
10905,彰化縣,農林漁牧,38722369,4.47,,
10905,彰化縣,工業,479275568,55.36,,
10905,南投縣,住宅,61541764,28.27,,
10905,南投縣,服務業,50383834,23.15,,
10905,南投縣,農林漁牧,8897800,4.09,,
10905,南投縣,工業,96833270,44.49,,
10905,雲林縣,住宅,109169371,23.87,,
10905,雲林縣,服務業,71097904,15.55,,
10905,雲林縣,農林漁牧,33747446,7.38,,
10905,雲林縣,工業,243245416,53.2,,
10905,嘉義縣,住宅,72663621,32.02,,
10905,嘉義縣,服務業,45604106,20.09,,
10905,嘉義縣,農林漁牧,23458632,10.34,,
10905,嘉義縣,工業,85234218,37.55,,
10905,屏東縣,住宅,134906698,33.82,,
10905,屏東縣,服務業,94996430,23.81,,
10905,屏東縣,農林漁牧,64246347,16.11,,
10905,屏東縣,工業,104766677,26.26,,
10905,台東縣,住宅,29271175,40.93,,
10905,台東縣,服務業,30231528,42.27,,
10905,台東縣,農林漁牧,2322369,3.25,,
10905,台東縣,工業,9692453,13.55,,
10905,花蓮縣,住宅,46691646,23.93,,
10905,花蓮縣,服務業,59526186,30.51,,
10905,花蓮縣,農林漁牧,2065710,1.06,,
10905,花蓮縣,工業,86846409,44.51,,
10905,基隆市,住宅,47551181,43.93,,
10905,基隆市,服務業,41546231,38.38,,
10905,基隆市,農林漁牧,8922,0.01,,
10905,基隆市,工業,19129866,17.67,,
10905,新竹市,住宅,75783408,8.57,,
10905,新竹市,服務業,101072252,11.43,,
10905,新竹市,農林漁牧,835181,0.09,,
10905,新竹市,工業,706461386,79.9,,
10905,嘉義市,住宅,39734499,42.64,,
10905,嘉義市,服務業,44895886,48.18,,
10905,嘉義市,農林漁牧,570421,0.61,,
10905,嘉義市,工業,7981558,8.57,,
10905,澎湖縣,住宅,14205535,39.88,,
10905,澎湖縣,服務業,16612594,46.64,,
10905,澎湖縣,農林漁牧,360525,1.01,,
10905,澎湖縣,工業,4439758,12.46,,
10905,金門縣,住宅,9999153,41.25,,
10905,金門縣,服務業,10248763,42.28,,
10905,金門縣,農林漁牧,269437,1.11,,
10905,金門縣,工業,3723257,15.36,,
10905,連江縣,住宅,2431346,41.17,,
10905,連江縣,服務業,2772658,46.95,,
10905,連江縣,農林漁牧,5899,0.1,,
10905,連江縣,工業,695496,11.78,,
10904,新北市,住宅,583412684,39.8,,
10904,新北市,服務業,410926574,28.04,,
10904,新北市,農林漁牧,2149325,0.15,,
10904,新北市,工業,469188478,32.01,,
10904,台北市,住宅,357907072,34.24,,
10904,台北市,服務業,643542166,61.56,,
10904,台北市,農林漁牧,1120700,0.11,,
10904,台北市,工業,42736484,4.09,,
10904,桃園市,住宅,372936424,17.56,,
10904,桃園市,服務業,305185286,14.37,,
10904,桃園市,農林漁牧,3870499,0.18,,
10904,桃園市,工業,1442246999,67.89,,
10904,台中市,住宅,417699550,16.99,,
10904,台中市,服務業,392546022,15.97,,
10904,台中市,農林漁牧,13227146,0.54,,
10904,台中市,工業,1634322630,66.5,,
10904,台南市,住宅,273423119,12.46,,
10904,台南市,服務業,225747855,10.29,,
10904,台南市,農林漁牧,32284842,1.47,,
10904,台南市,工業,1662254162,75.77,,
10904,高雄市,住宅,340146557,15.17,,
10904,高雄市,服務業,409407566,18.26,,
10904,高雄市,農林漁牧,20625248,0.92,,
10904,高雄市,工業,1471393465,65.64,,
10904,宜蘭縣,住宅,66340101,27.13,,
10904,宜蘭縣,服務業,55457885,22.68,,
10904,宜蘭縣,農林漁牧,5334777,2.18,,
10904,宜蘭縣,工業,117424787,48.02,,
10904,新竹縣,住宅,91282825,12.26,,
10904,新竹縣,服務業,68457147,9.19,,
10904,新竹縣,農林漁牧,1567068,0.21,,
10904,新竹縣,工業,583459849,78.34,,
10904,苗栗縣,住宅,66833745,12.72,,
10904,苗栗縣,服務業,50861785,9.68,,
10904,苗栗縣,農林漁牧,2505120,0.48,,
10904,苗栗縣,工業,405183734,77.12,,
10904,彰化縣,住宅,174170601,20.7,,
10904,彰化縣,服務業,156616595,18.61,,
10904,彰化縣,農林漁牧,37644125,4.47,,
10904,彰化縣,工業,472935572,56.21,,
10904,南投縣,住宅,72297977,32.98,,
10904,南投縣,服務業,48933583,22.33,,
10904,南投縣,農林漁牧,8069734,3.68,,
10904,南投縣,工業,89883974,41.01,,
10904,雲林縣,住宅,100105069,23.4,,
10904,雲林縣,服務業,62040869,14.5,,
10904,雲林縣,農林漁牧,31338761,7.33,,
10904,雲林縣,工業,234290147,54.77,,
10904,嘉義縣,住宅,62762008,28.6,,
10904,嘉義縣,服務業,38790151,17.68,,
10904,嘉義縣,農林漁牧,20975885,9.56,,
10904,嘉義縣,工業,96899524,44.16,,
10904,屏東縣,住宅,110466404,30.73,,
10904,屏東縣,服務業,84411363,23.48,,
10904,屏東縣,農林漁牧,63181636,17.57,,
10904,屏東縣,工業,101449667,28.22,,
10904,台東縣,住宅,31519478,44.23,,
10904,台東縣,服務業,26846379,37.68,,
10904,台東縣,農林漁牧,2409152,3.38,,
10904,台東縣,工業,10481258,14.71,,
10904,花蓮縣,住宅,50053368,26.67,,
10904,花蓮縣,服務業,52403482,27.92,,
10904,花蓮縣,農林漁牧,2047005,1.09,,
10904,花蓮縣,工業,83186686,44.32,,
10904,基隆市,住宅,54300674,50.09,,
10904,基隆市,服務業,36446769,33.62,,
10904,基隆市,農林漁牧,11975,0.01,,
10904,基隆市,工業,17643753,16.28,,
10904,新竹市,住宅,63750482,7.96,,
10904,新竹市,服務業,85182313,10.64,,
10904,新竹市,農林漁牧,809965,0.1,,
10904,新竹市,工業,650956398,81.3,,
10904,嘉義市,住宅,36609685,44.53,,
10904,嘉義市,服務業,37495113,45.6,,
10904,嘉義市,農林漁牧,562275,0.68,,
10904,嘉義市,工業,7550877,9.18,,
10904,澎湖縣,住宅,12104112,41.37,,
10904,澎湖縣,服務業,12693373,43.39,,
10904,澎湖縣,農林漁牧,361612,1.24,,
10904,澎湖縣,工業,4097043,14,,
10904,金門縣,住宅,8490273,43.93,,
10904,金門縣,服務業,8133805,42.08,,
10904,金門縣,農林漁牧,295021,1.53,,
10904,金門縣,工業,2408326,12.46,,
10904,連江縣,住宅,2001499,37.41,,
10904,連江縣,服務業,2710436,50.67,,
10904,連江縣,農林漁牧,5373,0.1,,
10904,連江縣,工業,632354,11.82,,
10903,新北市,住宅,621147414,40.4,,
10903,新北市,服務業,431583503,28.07,,
10903,新北市,農林漁牧,2176410,0.14,,
10903,新北市,工業,482690316,31.39,,
10903,台北市,住宅,395854023,35.26,,
10903,台北市,服務業,675198143,60.15,,
10903,台北市,農林漁牧,1162382,0.1,,
10903,台北市,工業,50381133,4.49,,
10903,桃園市,住宅,339041050,15.39,,
10903,桃園市,服務業,304211184,13.81,,
10903,桃園市,農林漁牧,3445987,0.16,,
10903,桃園市,工業,1555859549,70.64,,
10903,台中市,住宅,444668557,17.22,,
10903,台中市,服務業,393668244,15.24,,
10903,台中市,農林漁牧,12885299,0.5,,
10903,台中市,工業,1731239752,67.04,,
10903,台南市,住宅,285045829,12.69,,
10903,台南市,服務業,218536059,9.73,,
10903,台南市,農林漁牧,28645212,1.28,,
10903,台南市,工業,1713304515,76.3,,
10903,高雄市,住宅,445057009,18.4,,
10903,高雄市,服務業,402499029,16.64,,
10903,高雄市,農林漁牧,20038490,0.83,,
10903,高雄市,工業,1551066749,64.13,,
10903,宜蘭縣,住宅,67479437,25.3,,
10903,宜蘭縣,服務業,59765693,22.41,,
10903,宜蘭縣,農林漁牧,4630546,1.74,,
10903,宜蘭縣,工業,134790574,50.55,,
10903,新竹縣,住宅,87947517,11.49,,
10903,新竹縣,服務業,64021104,8.36,,
10903,新竹縣,農林漁牧,1606759,0.21,,
10903,新竹縣,工業,611833061,79.94,,
10903,苗栗縣,住宅,81200720,14.33,,
10903,苗栗縣,服務業,52198129,9.21,,
10903,苗栗縣,農林漁牧,2274736,0.4,,
10903,苗栗縣,工業,430784267,76.05,,
10903,彰化縣,住宅,185376969,20.77,,
10903,彰化縣,服務業,152449321,17.08,,
10903,彰化縣,農林漁牧,33484306,3.75,,
10903,彰化縣,工業,521003651,58.39,,
10903,南投縣,住宅,65209763,30.07,,
10903,南投縣,服務業,46318404,21.36,,
10903,南投縣,農林漁牧,7455427,3.44,,
10903,南投縣,工業,97859399,45.13,,
10903,雲林縣,住宅,105521174,23.56,,
10903,雲林縣,服務業,63383693,14.15,,
10903,雲林縣,農林漁牧,28330846,6.33,,
10903,雲林縣,工業,250572541,55.96,,
10903,嘉義縣,住宅,73509641,33.64,,
10903,嘉義縣,服務業,39491622,18.07,,
10903,嘉義縣,農林漁牧,19198858,8.79,,
10903,嘉義縣,工業,86297111,39.5,,
10903,屏東縣,住宅,127169279,34.31,,
10903,屏東縣,服務業,82925330,22.38,,
10903,屏東縣,農林漁牧,57356179,15.48,,
10903,屏東縣,工業,103159060,27.83,,
10903,台東縣,住宅,29841411,42.91,,
10903,台東縣,服務業,26771793,38.49,,
10903,台東縣,農林漁牧,2351208,3.38,,
10903,台東縣,工業,10586910,15.22,,
10903,花蓮縣,住宅,48089897,25.6,,
10903,花蓮縣,服務業,53821682,28.65,,
10903,花蓮縣,農林漁牧,1939091,1.03,,
10903,花蓮縣,工業,84025103,44.72,,
10903,基隆市,住宅,50322532,48.18,,
10903,基隆市,服務業,36398676,34.85,,
10903,基隆市,農林漁牧,9532,0.01,,
10903,基隆市,工業,17712912,16.96,,
10903,新竹市,住宅,77154192,9.28,,
10903,新竹市,服務業,87776401,10.56,,
10903,新竹市,農林漁牧,754179,0.09,,
10903,新竹市,工業,665321574,80.06,,
10903,嘉義市,住宅,38978109,46.01,,
10903,嘉義市,服務業,38099053,44.97,,
10903,嘉義市,農林漁牧,461278,0.54,,
10903,嘉義市,工業,7187163,8.48,,
10903,澎湖縣,住宅,14280888,42.63,,
10903,澎湖縣,服務業,14722129,43.95,,
10903,澎湖縣,農林漁牧,315956,0.94,,
10903,澎湖縣,工業,4180048,12.48,,
10903,金門縣,住宅,10889095,47.74,,
10903,金門縣,服務業,9330141,40.91,,
10903,金門縣,農林漁牧,207650,0.91,,
10903,金門縣,工業,2381142,10.44,,
10903,連江縣,住宅,2511689,43.54,,
10903,連江縣,服務業,2620534,45.43,,
10903,連江縣,農林漁牧,4480,0.08,,
10903,連江縣,工業,631367,10.95,,
10902,新北市,住宅,611372532,41.61,,
10902,新北市,服務業,409072040,27.84,,
10902,新北市,農林漁牧,2259159,0.15,,
10902,新北市,工業,446593178,30.4,,
10902,台北市,住宅,374776025,35.68,,
10902,台北市,服務業,632389689,60.2,,
10902,台北市,農林漁牧,1075740,0.1,,
10902,台北市,工業,42193358,4.02,,
10902,桃園市,住宅,394940316,18.49,,
10902,桃園市,服務業,303582309,14.22,,
10902,桃園市,農林漁牧,3900798,0.18,,
10902,桃園市,工業,1433141936,67.11,,
10902,台中市,住宅,435360297,17.97,,
10902,台中市,服務業,379215804,15.65,,
10902,台中市,農林漁牧,12365046,0.51,,
10902,台中市,工業,1595821402,65.87,,
10902,台南市,住宅,284767095,13.61,,
10902,台南市,服務業,212610823,10.16,,
10902,台南市,農林漁牧,32206258,1.54,,
10902,台南市,工業,1562399763,74.69,,
10902,高雄市,住宅,346623517,15.86,,
10902,高雄市,服務業,380875127,17.42,,
10902,高雄市,農林漁牧,21134174,0.97,,
10902,高雄市,工業,1437356929,65.75,,
10902,宜蘭縣,住宅,70978737,27.42,,
10902,宜蘭縣,服務業,57303029,22.14,,
10902,宜蘭縣,農林漁牧,5136040,1.98,,
10902,宜蘭縣,工業,125411678,48.45,,
10902,新竹縣,住宅,95243605,12.99,,
10902,新竹縣,服務業,68245094,9.31,,
10902,新竹縣,農林漁牧,1527941,0.21,,
10902,新竹縣,工業,568389026,77.5,,
10902,苗栗縣,住宅,69582093,13.76,,
10902,苗栗縣,服務業,50642430,10.01,,
10902,苗栗縣,農林漁牧,2265538,0.45,,
10902,苗栗縣,工業,383264519,75.78,,
10902,彰化縣,住宅,177387746,20.89,,
10902,彰化縣,服務業,153346951,18.06,,
10902,彰化縣,農林漁牧,35222697,4.15,,
10902,彰化縣,工業,483318626,56.91,,
10902,南投縣,住宅,77726104,34.19,,
10902,南投縣,服務業,50064894,22.03,,
10902,南投縣,農林漁牧,8312027,3.66,,
10902,南投縣,工業,91201151,40.12,,
10902,雲林縣,住宅,96063701,23,,
10902,雲林縣,服務業,59145640,14.16,,
10902,雲林縣,農林漁牧,30956515,7.41,,
10902,雲林縣,工業,231562551,55.43,,
10902,嘉義縣,住宅,63678301,31.77,,
10902,嘉義縣,服務業,36464485,18.19,,
10902,嘉義縣,農林漁牧,21065480,10.51,,
10902,嘉義縣,工業,79221330,39.53,,
10902,屏東縣,住宅,112437893,31.75,,
10902,屏東縣,服務業,80424133,22.71,,
10902,屏東縣,農林漁牧,67061637,18.94,,
10902,屏東縣,工業,94234375,26.61,,
10902,台東縣,住宅,32874929,45.45,,
10902,台東縣,服務業,27249398,37.67,,
10902,台東縣,農林漁牧,2546961,3.52,,
10902,台東縣,工業,9666430,13.36,,
10902,花蓮縣,住宅,52656404,27.88,,
10902,花蓮縣,服務業,51623929,27.33,,
10902,花蓮縣,農林漁牧,2091494,1.11,,
10902,花蓮縣,工業,82525717,43.69,,
10902,基隆市,住宅,58435733,52.24,,
10902,基隆市,服務業,36284803,32.44,,
10902,基隆市,農林漁牧,12964,0.01,,
10902,基隆市,工業,17117776,15.3,,
10902,新竹市,住宅,67459474,8.8,,
10902,新竹市,服務業,82031831,10.7,,
10902,新竹市,農林漁牧,763009,0.1,,
10902,新竹市,工業,616505854,80.4,,
10902,嘉義市,住宅,38825638,47.19,,
10902,嘉義市,服務業,35847898,43.57,,
10902,嘉義市,農林漁牧,617797,0.75,,
10902,嘉義市,工業,6983504,8.49,,
10902,澎湖縣,住宅,12504657,41.91,,
10902,澎湖縣,服務業,13012328,43.61,,
10902,澎湖縣,農林漁牧,373392,1.25,,
10902,澎湖縣,工業,3948323,13.23,,
10902,金門縣,住宅,9084300,45.99,,
10902,金門縣,服務業,8062786,40.82,,
10902,金門縣,農林漁牧,248487,1.26,,
10902,金門縣,工業,2357302,11.93,,
10902,連江縣,住宅,2035728,37.4,,
10902,連江縣,服務業,2773057,50.95,,
10902,連江縣,農林漁牧,5602,0.1,,
10902,連江縣,工業,628665,11.55,,
10901,新北市,住宅,541209695,38.34,,
10901,新北市,服務業,427169496,30.26,,
10901,新北市,農林漁牧,2212824,0.16,,
10901,新北市,工業,441136587,31.25,,
10901,台北市,住宅,350787555,32.96,,
10901,台北市,服務業,663459897,62.33,,
10901,台北市,農林漁牧,1158389,0.11,,
10901,台北市,工業,48979335,4.6,,
10901,桃園市,住宅,287884683,14.59,,
10901,桃園市,服務業,298807936,15.15,,
10901,桃園市,農林漁牧,3539430,0.18,,
10901,桃園市,工業,1382559476,70.08,,
10901,台中市,住宅,393278505,16.68,,
10901,台中市,服務業,384559871,16.31,,
10901,台中市,農林漁牧,11993072,0.51,,
10901,台中市,工業,1567585683,66.5,,
10901,台南市,住宅,252814679,12.35,,
10901,台南市,服務業,208790350,10.2,,
10901,台南市,農林漁牧,29008059,1.42,,
10901,台南市,工業,1555914649,76.03,,
10901,高雄市,住宅,408751160,18.4,,
10901,高雄市,服務業,387861524,17.46,,
10901,高雄市,農林漁牧,18836288,0.85,,
10901,高雄市,工業,1406450379,63.3,,
10901,宜蘭縣,住宅,59503442,24.83,,
10901,宜蘭縣,服務業,60027690,25.05,,
10901,宜蘭縣,農林漁牧,4122739,1.72,,
10901,宜蘭縣,工業,116003739,48.4,,
10901,新竹縣,住宅,74747845,10.41,,
10901,新竹縣,服務業,63520700,8.85,,
10901,新竹縣,農林漁牧,1552330,0.22,,
10901,新竹縣,工業,578302708,80.53,,
10901,苗栗縣,住宅,69879210,13.92,,
10901,苗栗縣,服務業,51270405,10.22,,
10901,苗栗縣,農林漁牧,1995080,0.4,,
10901,苗栗縣,工業,378715947,75.46,,
10901,彰化縣,住宅,157663283,19.84,,
10901,彰化縣,服務業,150424033,18.93,,
10901,彰化縣,農林漁牧,32039830,4.03,,
10901,彰化縣,工業,454517075,57.2,,
10901,南投縣,住宅,57091671,29.28,,
10901,南投縣,服務業,46021894,23.61,,
10901,南投縣,農林漁牧,7168651,3.68,,
10901,南投縣,工業,84675329,43.43,,
10901,雲林縣,住宅,86957261,21.63,,
10901,雲林縣,服務業,60773122,15.12,,
10901,雲林縣,農林漁牧,25569739,6.36,,
10901,雲林縣,工業,228665115,56.89,,
10901,嘉義縣,住宅,62649139,32.93,,
10901,嘉義縣,服務業,37445437,19.68,,
10901,嘉義縣,農林漁牧,17160432,9.02,,
10901,嘉義縣,工業,73000854,38.37,,
10901,屏東縣,住宅,114748359,33.74,,
10901,屏東縣,服務業,79471257,23.37,,
10901,屏東縣,農林漁牧,57213983,16.82,,
10901,屏東縣,工業,88689836,26.08,,
10901,台東縣,住宅,26876624,41.83,,
10901,台東縣,服務業,26278745,40.9,,
10901,台東縣,農林漁牧,2240286,3.49,,
10901,台東縣,工業,8856131,13.78,,
10901,花蓮縣,住宅,42186173,24.86,,
10901,花蓮縣,服務業,53098391,31.3,,
10901,花蓮縣,農林漁牧,1870194,1.1,,
10901,花蓮縣,工業,72510782,42.74,,
10901,基隆市,住宅,43117510,45,,
10901,基隆市,服務業,36250616,37.83,,
10901,基隆市,農林漁牧,9075,0.01,,
10901,基隆市,工業,16435742,17.15,,
10901,新竹市,住宅,66824622,8.41,,
10901,新竹市,服務業,81634703,10.27,,
10901,新竹市,農林漁牧,686660,0.09,,
10901,新竹市,工業,645702395,81.24,,
10901,嘉義市,住宅,34423799,43.98,,
10901,嘉義市,服務業,36817442,47.03,,
10901,嘉義市,農林漁牧,438929,0.56,,
10901,嘉義市,工業,6597503,8.43,,
10901,澎湖縣,住宅,12681469,38.94,,
10901,澎湖縣,服務業,15496159,47.58,,
10901,澎湖縣,農林漁牧,310712,0.95,,
10901,澎湖縣,工業,4080661,12.53,,
10901,金門縣,住宅,9137778,43.39,,
10901,金門縣,服務業,9403209,44.65,,
10901,金門縣,農林漁牧,205557,0.98,,
10901,金門縣,工業,2314951,10.99,,
10901,連江縣,住宅,2200617,40.3,,
10901,連江縣,服務業,2619526,47.97,,
10901,連江縣,農林漁牧,5499,0.1,,
10901,連江縣,工業,635521,11.64,,
10812,新北市,住宅,568966589,38.08,,
10812,新北市,服務業,433406953,29.01,,
10812,新北市,農林漁牧,2290743,0.15,,
10812,新北市,工業,489308704,32.75,,
10812,台北市,住宅,357165678,32.51,,
10812,台北市,服務業,695036102,63.27,,
10812,台北市,農林漁牧,1213291,0.11,,
10812,台北市,工業,45156930,4.11,,
10812,桃園市,住宅,348463223,15.84,,
10812,桃園市,服務業,324321114,14.74,,
10812,桃園市,農林漁牧,3997105,0.18,,
10812,桃園市,工業,1523347635,69.24,,
10812,台中市,住宅,429045112,16.78,,
10812,台中市,服務業,408236342,15.97,,
10812,台中市,農林漁牧,13260701,0.52,,
10812,台中市,工業,1706440887,66.74,,
10812,台南市,住宅,288305599,13.17,,
10812,台南市,服務業,232675300,10.63,,
10812,台南市,農林漁牧,32483644,1.48,,
10812,台南市,工業,1636376711,74.73,,
10812,高雄市,住宅,371217553,16.28,,
10812,高雄市,服務業,421530481,18.49,,
10812,高雄市,農林漁牧,19882360,0.87,,
10812,高雄市,工業,1467184658,64.36,,
10812,宜蘭縣,住宅,64552151,25.43,,
10812,宜蘭縣,服務業,59120916,23.29,,
10812,宜蘭縣,農林漁牧,4501393,1.77,,
10812,宜蘭縣,工業,125636592,49.5,,
10812,新竹縣,住宅,87889782,11.57,,
10812,新竹縣,服務業,72500132,9.54,,
10812,新竹縣,農林漁牧,1490186,0.2,,
10812,新竹縣,工業,598065242,78.7,,
10812,苗栗縣,住宅,66441910,12.47,,
10812,苗栗縣,服務業,53641694,10.06,,
10812,苗栗縣,農林漁牧,2471639,0.46,,
10812,苗栗縣,工業,410439445,77.01,,
10812,彰化縣,住宅,174450465,19.6,,
10812,彰化縣,服務業,164393352,18.47,,
10812,彰化縣,農林漁牧,35818019,4.02,,
10812,彰化縣,工業,515298667,57.9,,
10812,南投縣,住宅,74015772,31.83,,
10812,南投縣,服務業,52568959,22.6,,
10812,南投縣,農林漁牧,8364145,3.6,,
10812,南投縣,工業,97614259,41.97,,
10812,雲林縣,住宅,96739061,22.31,,
10812,雲林縣,服務業,62892938,14.5,,
10812,雲林縣,農林漁牧,29348379,6.77,,
10812,雲林縣,工業,244709534,56.43,,
10812,嘉義縣,住宅,62649098,29.89,,
10812,嘉義縣,服務業,39574897,18.88,,
10812,嘉義縣,農林漁牧,19980269,9.53,,
10812,嘉義縣,工業,87414130,41.7,,
10812,屏東縣,住宅,116139160,32.08,,
10812,屏東縣,服務業,85145734,23.52,,
10812,屏東縣,農林漁牧,59589480,16.46,,
10812,屏東縣,工業,101149167,27.94,,
10812,台東縣,住宅,32012280,43.5,,
10812,台東縣,服務業,28474918,38.69,,
10812,台東縣,農林漁牧,2514548,3.42,,
10812,台東縣,工業,10596082,14.4,,
10812,花蓮縣,住宅,48859561,25.08,,
10812,花蓮縣,服務業,55034665,28.25,,
10812,花蓮縣,農林漁牧,2162199,1.11,,
10812,花蓮縣,工業,88728145,45.55,,
10812,基隆市,住宅,52209948,47.63,,
10812,基隆市,服務業,38954850,35.53,,
10812,基隆市,農林漁牧,13473,0.01,,
10812,基隆市,工業,18448755,16.83,,
10812,新竹市,住宅,62629821,7.75,,
10812,新竹市,服務業,90213760,11.17,,
10812,新竹市,農林漁牧,730455,0.09,,
10812,新竹市,工業,654167508,80.99,,
10812,嘉義市,住宅,38096623,44.95,,
10812,嘉義市,服務業,38647003,45.6,,
10812,嘉義市,農林漁牧,572873,0.68,,
10812,嘉義市,工業,7443620,8.78,,
10812,澎湖縣,住宅,12483826,40.05,,
10812,澎湖縣,服務業,14211189,45.59,,
10812,澎湖縣,農林漁牧,343409,1.1,,
10812,澎湖縣,工業,4129919,13.25,,
10812,金門縣,住宅,8083408,40.43,,
10812,金門縣,服務業,9057544,45.3,,
10812,金門縣,農林漁牧,244079,1.22,,
10812,金門縣,工業,2609033,13.05,,
10812,連江縣,住宅,1763876,34.53,,
10812,連江縣,服務業,2680439,52.48,,
10812,連江縣,農林漁牧,6941,0.14,,
10812,連江縣,工業,656449,12.85,,
10811,新北市,住宅,687380070,40.24,,
10811,新北市,服務業,509645799,29.84,,
10811,新北市,農林漁牧,2549901,0.15,,
10811,新北市,工業,508622327,29.78,,
10811,台北市,住宅,445803367,34.75,,
10811,台北市,服務業,776055452,60.49,,
10811,台北市,農林漁牧,1305001,0.1,,
10811,台北市,工業,59707618,4.65,,
10811,桃園市,住宅,337923082,15.36,,
10811,桃園市,服務業,344274315,15.65,,
10811,桃園市,農林漁牧,4095757,0.19,,
10811,桃園市,工業,1513999407,68.81,,
10811,台中市,住宅,522411387,19.88,,
10811,台中市,服務業,467950222,17.81,,
10811,台中市,農林漁牧,14625570,0.56,,
10811,台中市,工業,1622330877,61.75,,
10811,台南市,住宅,339469200,15.11,,
10811,台南市,服務業,259840970,11.57,,
10811,台南市,農林漁牧,37521679,1.67,,
10811,台南市,工業,1609663488,71.65,,
10811,高雄市,住宅,568871709,22.39,,
10811,高雄市,服務業,470328830,18.51,,
10811,高雄市,農林漁牧,21542243,0.85,,
10811,高雄市,工業,1480452485,58.26,,
10811,宜蘭縣,住宅,70872810,25.34,,
10811,宜蘭縣,服務業,68619313,24.53,,
10811,宜蘭縣,農林漁牧,5236155,1.87,,
10811,宜蘭縣,工業,135013036,48.26,,
10811,新竹縣,住宅,93056917,12.2,,
10811,新竹縣,服務業,75318132,9.88,,
10811,新竹縣,農林漁牧,1912654,0.25,,
10811,新竹縣,工業,592178759,77.67,,
10811,苗栗縣,住宅,91224660,15.73,,
10811,苗栗縣,服務業,60830893,10.49,,
10811,苗栗縣,農林漁牧,2670668,0.46,,
10811,苗栗縣,工業,425378534,73.33,,
10811,彰化縣,住宅,208771854,22.34,,
10811,彰化縣,服務業,169951587,18.19,,
10811,彰化縣,農林漁牧,41487455,4.44,,
10811,彰化縣,工業,514174773,55.03,,
10811,南投縣,住宅,68607454,29.7,,
10811,南投縣,服務業,54805330,23.73,,
10811,南投縣,農林漁牧,9180123,3.97,,
10811,南投縣,工業,98376965,42.59,,
10811,雲林縣,住宅,119971717,25.14,,
10811,雲林縣,服務業,74492085,15.61,,
10811,雲林縣,農林漁牧,33436022,7.01,,
10811,雲林縣,工業,249220934,52.23,,
10811,嘉義縣,住宅,82908108,34.28,,
10811,嘉義縣,服務業,45637063,18.87,,
10811,嘉義縣,農林漁牧,24025034,9.93,,
10811,嘉義縣,工業,89294902,36.92,,
10811,屏東縣,住宅,149471679,36.36,,
10811,屏東縣,服務業,96705012,23.52,,
10811,屏東縣,農林漁牧,63086240,15.34,,
10811,屏東縣,工業,101867824,24.78,,
10811,台東縣,住宅,32494846,42.26,,
10811,台東縣,服務業,30988934,40.3,,
10811,台東縣,農林漁牧,2602979,3.39,,
10811,台東縣,工業,10801803,14.05,,
10811,花蓮縣,住宅,52165457,26.38,,
10811,花蓮縣,服務業,61109457,30.91,,
10811,花蓮縣,農林漁牧,2170604,1.1,,
10811,花蓮縣,工業,82272108,41.61,,
10811,基隆市,住宅,52979790,46.27,,
10811,基隆市,服務業,42932918,37.5,,
10811,基隆市,農林漁牧,11307,0.01,,
10811,基隆市,工業,18576003,16.22,,
10811,新竹市,住宅,85345057,10.3,,
10811,新竹市,服務業,99665424,12.03,,
10811,新竹市,農林漁牧,823907,0.1,,
10811,新竹市,工業,642806002,77.57,,
10811,嘉義市,住宅,45801297,45.3,,
10811,嘉義市,服務業,46704051,46.19,,
10811,嘉義市,農林漁牧,631850,0.62,,
10811,嘉義市,工業,7979432,7.89,,
10811,澎湖縣,住宅,16388983,41.13,,
10811,澎湖縣,服務業,18790347,47.16,,
10811,澎湖縣,農林漁牧,372585,0.94,,
10811,澎湖縣,工業,4295288,10.78,,
10811,金門縣,住宅,12046731,43.41,,
10811,金門縣,服務業,11839734,42.66,,
10811,金門縣,農林漁牧,320689,1.16,,
10811,金門縣,工業,3544059,12.77,,
10811,連江縣,住宅,2460728,41.67,,
10811,連江縣,服務業,2808259,47.56,,
10811,連江縣,農林漁牧,9185,0.16,,
10811,連江縣,工業,626663,10.61,,
10810,新北市,住宅,880215360,45.1,,
10810,新北市,服務業,533054665,27.32,,
10810,新北市,農林漁牧,2748875,0.14,,
10810,新北市,工業,535486763,27.44,,
10810,台北市,住宅,542987457,37.37,,
10810,台北市,服務業,850268021,58.51,,
10810,台北市,農林漁牧,1486284,0.1,,
10810,台北市,工業,58402821,4.02,,
10810,桃園市,住宅,514133770,20.65,,
10810,桃園市,服務業,392575921,15.77,,
10810,桃園市,農林漁牧,5074200,0.2,,
10810,桃園市,工業,1577891250,63.38,,
10810,台中市,住宅,585769617,20.96,,
10810,台中市,服務業,491949768,17.61,,
10810,台中市,農林漁牧,16294193,0.58,,
10810,台中市,工業,1700326033,60.85,,
10810,台南市,住宅,379283233,15.82,,
10810,台南市,服務業,293183247,12.23,,
10810,台南市,農林漁牧,37831244,1.58,,
10810,台南市,工業,1686799178,70.37,,
10810,高雄市,住宅,478834916,19.02,,
10810,高雄市,服務業,503537524,20,,
10810,高雄市,農林漁牧,22070409,0.88,,
10810,高雄市,工業,1513029768,60.1,,
10810,宜蘭縣,住宅,91136992,30.02,,
10810,宜蘭縣,服務業,70010709,23.06,,
10810,宜蘭縣,農林漁牧,6209522,2.05,,
10810,宜蘭縣,工業,136181407,44.86,,
10810,新竹縣,住宅,129980378,15.24,,
10810,新竹縣,服務業,93052517,10.91,,
10810,新竹縣,農林漁牧,1632448,0.19,,
10810,新竹縣,工業,628283181,73.66,,
10810,苗栗縣,住宅,96655472,16.55,,
10810,苗栗縣,服務業,63259382,10.83,,
10810,苗栗縣,農林漁牧,2846142,0.49,,
10810,苗栗縣,工業,421192484,72.13,,
10810,彰化縣,住宅,237749888,23.77,,
10810,彰化縣,服務業,191899943,19.19,,
10810,彰化縣,農林漁牧,44416386,4.44,,
10810,彰化縣,工業,525952081,52.59,,
10810,南投縣,住宅,90310048,34.15,,
10810,南投縣,服務業,60778216,22.98,,
10810,南投縣,農林漁牧,10101068,3.82,,
10810,南投縣,工業,103242596,39.04,,
10810,雲林縣,住宅,126809857,25.31,,
10810,雲林縣,服務業,75242116,15.02,,
10810,雲林縣,農林漁牧,36486563,7.28,,
10810,雲林縣,工業,262484448,52.39,,
10810,嘉義縣,住宅,80784836,33.08,,
10810,嘉義縣,服務業,4710868,19.33,,
10810,嘉義縣,農林漁牧,25917790,10.61,,
10810,嘉義縣,工業,90279632,36.97,,
10810,屏東縣,住宅,142699172,34.7,,
10810,屏東縣,服務業,99307255,24.15,,
10810,屏東縣,農林漁牧,63281791,15.39,,
10810,屏東縣,工業,105919760,25.76,,
10810,台東縣,住宅,41445609,45.92,,
10810,台東縣,服務業,34287284,37.99,,
10810,台東縣,農林漁牧,2449332,2.71,,
10810,台東縣,工業,12080230,13.38,,
10810,花蓮縣,住宅,67683250,32.19,,
10810,花蓮縣,服務業,64606254,30.73,,
10810,花蓮縣,農林漁牧,2275642,1.08,,
10810,花蓮縣,工業,75702004,36,,
10810,基隆市,住宅,79559631,53.95,,
10810,基隆市,服務業,47852157,32.45,,
10810,基隆市,農林漁牧,17843,0.01,,
10810,基隆市,工業,20043266,13.59,,
10810,新竹市,住宅,95375571,10.69,,
10810,新竹市,服務業,113024253,12.67,,
10810,新竹市,農林漁牧,947513,0.11,,
10810,新竹市,工業,682781190,76.53,,
10810,嘉義市,住宅,51196129,46.95,,
10810,嘉義市,服務業,48564509,44.54,,
10810,嘉義市,農林漁牧,749003,0.69,,
10810,嘉義市,工業,8524635,7.82,,
10810,澎湖縣,住宅,17418890,42.94,,
10810,澎湖縣,服務業,18141944,44.72,,
10810,澎湖縣,農林漁牧,435821,1.07,,
10810,澎湖縣,工業,4572726,11.27,,
10810,金門縣,住宅,12903494,44.47,,
10810,金門縣,服務業,11767786,40.55,,
10810,金門縣,農林漁牧,350576,1.21,,
10810,金門縣,工業,3996213,13.77,,
10810,連江縣,住宅,2539868,38.54,,
10810,連江縣,服務業,3395510,51.53,,
10810,連江縣,農林漁牧,11924,0.18,,
10810,連江縣,工業,642648,9.75,,
10809,新北市,住宅,1043568447,46.89,,
10809,新北市,服務業,623783632,28.03,,
10809,新北市,農林漁牧,3172530,0.14,,
10809,新北市,工業,555273648,24.95,,
10809,台北市,住宅,664694423,39.45,,
10809,台北市,服務業,947489293,56.23,,
10809,台北市,農林漁牧,684856,0.04,,
10809,台北市,工業,72143110,4.28,,
10809,桃園市,住宅,484431254,19.74,,
10809,桃園市,服務業,414713791,16.9,,
10809,桃園市,農林漁牧,5195697,0.21,,
10809,桃園市,工業,1549592971,63.15,,
10809,台中市,住宅,654854166,22.85,,
10809,台中市,服務業,534125816,18.64,,
10809,台中市,農林漁牧,16554908,0.58,,
10809,台中市,工業,1660036590,57.93,,
10809,台南市,住宅,396172778,16.73,,
10809,台南市,服務業,298383107,12.6,,
10809,台南市,農林漁牧,38205221,1.61,,
10809,台南市,工業,1635612563,69.06,,
10809,高雄市,住宅,649377467,24.66,,
10809,高雄市,服務業,517156622,19.64,,
10809,高雄市,農林漁牧,21687326,0.82,,
10809,高雄市,工業,1444608710,54.87,,
10809,宜蘭縣,住宅,103167826,31.72,,
10809,宜蘭縣,服務業,83527695,25.68,,
10809,宜蘭縣,農林漁牧,7201007,2.21,,
10809,宜蘭縣,工業,131327269,40.38,,
10809,新竹縣,住宅,130983226,15.38,,
10809,新竹縣,服務業,93216585,10.95,,
10809,新竹縣,農林漁牧,2113764,0.25,,
10809,新竹縣,工業,625174903,73.42,,
10809,苗栗縣,住宅,127199643,20.56,,
10809,苗栗縣,服務業,70902452,11.46,,
10809,苗栗縣,農林漁牧,2880483,0.47,,
10809,苗栗縣,工業,417829633,67.52,,
10809,彰化縣,住宅,254782698,25.49,,
10809,彰化縣,服務業,195927332,19.6,,
10809,彰化縣,農林漁牧,47480852,4.75,,
10809,彰化縣,工業,501466532,50.16,,
10809,南投縣,住宅,76876984,31.47,,
10809,南投縣,服務業,59485789,24.35,,
10809,南投縣,農林漁牧,9303374,3.81,,
10809,南投縣,工業,98655287,40.38,,
10809,雲林縣,住宅,138851156,27.12,,
10809,雲林縣,服務業,83353933,16.28,,
10809,雲林縣,農林漁牧,38120761,7.45,,
10809,雲林縣,工業,251619470,49.15,,
10809,嘉義縣,住宅,94571964,36.42,,
10809,嘉義縣,服務業,50200656,19.33,,
10809,嘉義縣,農林漁牧,26750042,10.3,,
10809,嘉義縣,工業,88121759,33.94,,
10809,屏東縣,住宅,166844239,38.18,,
10809,屏東縣,服務業,103797932,23.75,,
10809,屏東縣,農林漁牧,61016099,13.96,,
10809,屏東縣,工業,105303915,24.1,,
10809,台東縣,住宅,40449137,44.57,,
10809,台東縣,服務業,37736939,41.58,,
10809,台東縣,農林漁牧,2539434,2.8,,
10809,台東縣,工業,10024209,11.05,,
10809,花蓮縣,住宅,70076788,31.76,,
10809,花蓮縣,服務業,72092691,32.67,,
10809,花蓮縣,農林漁牧,2652936,1.2,,
10809,花蓮縣,工業,75816033,34.36,,
10809,基隆市,住宅,77381038,51.57,,
10809,基隆市,服務業,52757139,35.16,,
10809,基隆市,農林漁牧,13261,0.01,,
10809,基隆市,工業,19886178,13.25,,
10809,新竹市,住宅,126148639,13.65,,
10809,新竹市,服務業,120891890,13.09,,
10809,新竹市,農林漁牧,1002478,0.11,,
10809,新竹市,工業,675816561,73.15,,
10809,嘉義市,住宅,55215667,47.12,,
10809,嘉義市,服務業,52805364,45.06,,
10809,嘉義市,農林漁牧,657243,0.56,,
10809,嘉義市,工業,8498677,7.25,,
10809,澎湖縣,住宅,21813214,44.25,,
10809,澎湖縣,服務業,22510194,45.67,,
10809,澎湖縣,農林漁牧,450496,0.91,,
10809,澎湖縣,工業,4518788,9.17,,
10809,金門縣,住宅,15932510,45.42,,
10809,金門縣,服務業,14589086,41.59,,
10809,金門縣,農林漁牧,340669,0.97,,
10809,金門縣,工業,4214663,12.02,,
10809,連江縣,住宅,3397862,43.37,,
10809,連江縣,服務業,3768259,48.09,,
10809,連江縣,農林漁牧,14803,0.19,,
10809,連江縣,工業,654271,8.35,,
10808,新北市,住宅,910505788,44.01,,
10808,新北市,服務業,586862110,28.37,,
10808,新北市,農林漁牧,2874890,0.14,,
10808,新北市,工業,568692231,27.49,,
10808,台北市,住宅,570733303,35.89,,
10808,台北市,服務業,955957404,60.11,,
10808,台北市,農林漁牧,755008,0.05,,
10808,台北市,工業,62995463,3.96,,
10808,桃園市,住宅,533448180,20.15,,
10808,桃園市,服務業,437977585,16.55,,
10808,桃園市,農林漁牧,5396924,0.2,,
10808,桃園市,工業,1670208572,63.1,,
10808,台中市,住宅,599140614,20.84,,
10808,台中市,服務業,515939358,17.94,,
10808,台中市,農林漁牧,16716466,0.58,,
10808,台中市,工業,1743426326,60.64,,
10808,台南市,住宅,384560473,15.73,,
10808,台南市,服務業,299226729,12.24,,
10808,台南市,農林漁牧,37830130,1.55,,
10808,台南市,工業,1723742155,70.49,,
10808,高雄市,住宅,485287063,19.13,,
10808,高雄市,服務業,512592755,20.21,,
10808,高雄市,農林漁牧,21411565,0.84,,
10808,高雄市,工業,1516982546,59.81,,
10808,宜蘭縣,住宅,97242064,30.01,,
10808,宜蘭縣,服務業,79301677,24.47,,
10808,宜蘭縣,農林漁牧,7522905,2.32,,
10808,宜蘭縣,工業,139992803,43.2,,
10808,新竹縣,住宅,135528531,14.84,,
10808,新竹縣,服務業,101338447,11.1,,
10808,新竹縣,農林漁牧,1985035,0.22,,
10808,新竹縣,工業,674349945,73.84,,
10808,苗栗縣,住宅,101872186,16.72,,
10808,苗栗縣,服務業,69739243,11.44,,
10808,苗栗縣,農林漁牧,3251116,0.53,,
10808,苗栗縣,工業,434556089,71.31,,
10808,彰化縣,住宅,239161168,22.95,,
10808,彰化縣,服務業,203583007,19.53,,
10808,彰化縣,農林漁牧,48977782,4.7,,
10808,彰化縣,工業,550477691,52.82,,
10808,南投縣,住宅,89084975,33.37,,
10808,南投縣,服務業,62753213,23.51,,
10808,南投縣,農林漁牧,9761260,3.66,,
10808,南投縣,工業,105335064,39.46,,
10808,雲林縣,住宅,124982955,24.64,,
10808,雲林縣,服務業,77963491,15.37,,
10808,雲林縣,農林漁牧,38659586,7.62,,
10808,雲林縣,工業,265731010,52.38,,
10808,嘉義縣,住宅,80379462,32.37,,
10808,嘉義縣,服務業,48616865,19.58,,
10808,嘉義縣,農林漁牧,26690636,10.75,,
10808,嘉義縣,工業,92629124,37.3,,
10808,屏東縣,住宅,146731126,35,,
10808,屏東縣,服務業,101422348,24.19,,
10808,屏東縣,農林漁牧,63462754,15.14,,
10808,屏東縣,工業,107629999,25.67,,
10808,台東縣,住宅,43413499,45.15,,
10808,台東縣,服務業,39433306,41.01,,
10808,台東縣,農林漁牧,2529784,2.63,,
10808,台東縣,工業,10772179,11.2,,
10808,花蓮縣,住宅,70653716,31.69,,
10808,花蓮縣,服務業,71216871,31.94,,
10808,花蓮縣,農林漁牧,2924369,1.31,,
10808,花蓮縣,工業,78166087,35.06,,
10808,基隆市,住宅,79426489,51.7,,
10808,基隆市,服務業,53631621,34.91,,
10808,基隆市,農林漁牧,17534,0.01,,
10808,基隆市,工業,20549511,13.38,,
10808,新竹市,住宅,101638189,10.75,,
10808,新竹市,服務業,122500842,12.96,,
10808,新竹市,農林漁牧,1055002,0.11,,
10808,新竹市,工業,719973124,76.17,,
10808,嘉義市,住宅,52984973,46.86,,
10808,嘉義市,服務業,50513975,44.68,,
10808,嘉義市,農林漁牧,705418,0.62,,
10808,嘉義市,工業,8863054,7.84,,
10808,澎湖縣,住宅,17491351,41.61,,
10808,澎湖縣,服務業,19556438,46.52,,
10808,澎湖縣,農林漁牧,438323,1.04,,
10808,澎湖縣,工業,4548482,10.82,,
10808,金門縣,住宅,11483985,40.68,,
10808,金門縣,服務業,12450778,44.1,,
10808,金門縣,農林漁牧,309601,1.1,,
10808,金門縣,工業,3988426,14.13,,
10808,連江縣,住宅,2506843,35.38,,
10808,連江縣,服務業,3798094,53.6,,
10808,連江縣,農林漁牧,13038,0.18,,
10808,連江縣,工業,767615,10.83,,
10807,新北市,住宅,768743328,40.08,,
10807,新北市,服務業,591312369,30.83,,
10807,新北市,農林漁牧,2660954,0.14,,
10807,新北市,工業,555166772,28.95,,
10807,台北市,住宅,496899546,32.85,,
10807,台北市,服務業,946659596,62.58,,
10807,台北市,農林漁牧,724884,0.05,,
10807,台北市,工業,68404624,4.52,,
10807,桃園市,住宅,364405230,14.83,,
10807,桃園市,服務業,428240237,17.43,,
10807,桃園市,農林漁牧,4191577,0.17,,
10807,桃園市,工業,1659969066,67.57,,
10807,台中市,住宅,535415787,19.11,,
10807,台中市,服務業,507071460,18.1,,
10807,台中市,農林漁牧,15852093,0.57,,
10807,台中市,工業,1743815200,62.23,,
10807,台南市,住宅,357858454,14.95,,
10807,台南市,服務業,292077950,12.2,,
10807,台南市,農林漁牧,33665270,1.41,,
10807,台南市,工業,1710062197,71.44,,
10807,高雄市,住宅,599074773,22.75,,
10807,高雄市,服務業,510450387,19.39,,
10807,高雄市,農林漁牧,20420490,0.78,,
10807,高雄市,工業,1503228326,57.09,,
10807,宜蘭縣,住宅,77358974,25.36,,
10807,宜蘭縣,服務業,79475018,26.06,,
10807,宜蘭縣,農林漁牧,7155023,2.35,,
10807,宜蘭縣,工業,141028188,46.24,,
10807,新竹縣,住宅,98486946,11.28,,
10807,新竹縣,服務業,90064625,10.31,,
10807,新竹縣,農林漁牧,1849419,0.21,,
10807,新竹縣,工業,682887320,78.2,,
10807,苗栗縣,住宅,98245698,16.34,,
10807,苗栗縣,服務業,68372336,11.37,,
10807,苗栗縣,農林漁牧,2940775,0.49,,
10807,苗栗縣,工業,431760750,71.8,,
10807,彰化縣,住宅,208783381,20.8,,
10807,彰化縣,服務業,190292469,18.96,,
10807,彰化縣,農林漁牧,42794255,4.26,,
10807,彰化縣,工業,561838730,55.98,,
10807,南投縣,住宅,66255147,27.86,,
10807,南投縣,服務業,57102843,24.01,,
10807,南投縣,農林漁牧,8545657,3.59,,
10807,南投縣,工業,105885021,44.53,,
10807,雲林縣,住宅,119485954,24,,
10807,雲林縣,服務業,81441845,16.36,,
10807,雲林縣,農林漁牧,34988798,7.03,,
10807,雲林縣,工業,262025865,52.62,,
10807,嘉義縣,住宅,83334043,33.21,,
10807,嘉義縣,服務業,51773645,20.63,,
10807,嘉義縣,農林漁牧,24031609,9.58,,
10807,嘉義縣,工業,91806741,36.58,,
10807,屏東縣,住宅,158128706,36.71,,
10807,屏東縣,服務業,102774749,23.86,,
10807,屏東縣,農林漁牧,61244285,14.22,,
10807,屏東縣,工業,108547897,25.2,,
10807,台東縣,住宅,33328061,39.43,,
10807,台東縣,服務業,37742967,44.65,,
10807,台東縣,農林漁牧,2091641,2.47,,
10807,台東縣,工業,11366110,13.45,,
10807,花蓮縣,住宅,54319399,25.92,,
10807,花蓮縣,服務業,70005046,33.4,,
10807,花蓮縣,農林漁牧,2445685,1.17,,
10807,花蓮縣,工業,82799686,39.51,,
10807,基隆市,住宅,56007848,43.97,,
10807,基隆市,服務業,51021238,40.06,,
10807,基隆市,農林漁牧,10823,0.01,,
10807,基隆市,工業,20332309,15.96,,
10807,新竹市,住宅,95149736,10.19,,
10807,新竹市,服務業,121589270,13.02,,
10807,新竹市,農林漁牧,895653,0.1,,
10807,新竹市,工業,716370462,76.7,,
10807,嘉義市,住宅,49094820,44.58,,
10807,嘉義市,服務業,52492425,47.66,,
10807,嘉義市,農林漁牧,615727,0.56,,
10807,嘉義市,工業,7926820,7.2,,
10807,澎湖縣,住宅,18442168,40.65,,
10807,澎湖縣,服務業,22009483,48.52,,
10807,澎湖縣,農林漁牧,389122,0.86,,
10807,澎湖縣,工業,4524633,9.97,,
10807,金門縣,住宅,11578871,39.35,,
10807,金門縣,服務業,13336942,45.32,,
10807,金門縣,農林漁牧,253773,0.86,,
10807,金門縣,工業,4258987,14.47,,
10807,連江縣,住宅,2574040,39.26,,
10807,連江縣,服務業,3284348,50.1,,
10807,連江縣,農林漁牧,10125,0.15,,
10807,連江縣,工業,687268,10.48,,
10806,新北市,住宅,645308144,38.28,,
10806,新北市,服務業,531211990,31.51,,
10806,新北市,農林漁牧,2481938,0.15,,
10806,新北市,工業,506702224,30.06,,
10806,台北市,住宅,406626583,30.96,,
10806,台北市,服務業,851099023,64.79,,
10806,台北市,農林漁牧,664876,0.05,,
10806,台北市,工業,55141444,4.2,,
10806,桃園市,住宅,389617192,16.57,,
10806,桃園市,服務業,402040745,17.1,,
10806,桃園市,農林漁牧,4208559,0.18,,
10806,桃園市,工業,1555483635,66.15,,
10806,台中市,住宅,475572797,18.31,,
10806,台中市,服務業,476542503,18.35,,
10806,台中市,農林漁牧,14785102,0.57,,
10806,台中市,工業,1629781609,62.76,,
10806,台南市,住宅,327959291,14.46,,
10806,台南市,服務業,290022026,12.79,,
10806,台南市,農林漁牧,33518607,1.48,,
10806,台南市,工業,1616069801,71.27,,
10806,高雄市,住宅,424730491,17.61,,
10806,高雄市,服務業,502708461,20.84,,
10806,高雄市,農林漁牧,20392283,0.85,,
10806,高雄市,工業,1463829384,60.7,,
10806,宜蘭縣,住宅,71026973,25.67,,
10806,宜蘭縣,服務業,69482954,25.11,,
10806,宜蘭縣,農林漁牧,6372515,2.3,,
10806,宜蘭縣,工業,129819423,46.92,,
10806,新竹縣,住宅,99092050,11.85,,
10806,新竹縣,服務業,89292893,10.68,,
10806,新竹縣,農林漁牧,1567008,0.19,,
10806,新竹縣,工業,646130857,77.28,,
10806,苗栗縣,住宅,74964881,13.76,,
10806,苗栗縣,服務業,62029239,11.39,,
10806,苗栗縣,農林漁牧,2669297,0.49,,
10806,苗栗縣,工業,405066792,74.36,,
10806,彰化縣,住宅,192583599,20.35,,
10806,彰化縣,服務業,189008656,19.97,,
10806,彰化縣,農林漁牧,40790878,4.31,,
10806,彰化縣,工業,524112277,55.37,,
10806,南投縣,住宅,78315347,32.34,,
10806,南投縣,服務業,58602528,24.2,,
10806,南投縣,農林漁牧,8446244,3.49,,
10806,南投縣,工業,96795157,39.97,,
10806,雲林縣,住宅,110262164,23.52,,
10806,雲林縣,服務業,74659839,15.93,,
10806,雲林縣,農林漁牧,33521307,7.15,,
10806,雲林縣,工業,250291405,53.4,,
10806,嘉義縣,住宅,71171508,30.76,,
10806,嘉義縣,服務業,49583280,21.43,,
10806,嘉義縣,農林漁牧,23772703,10.28,,
10806,嘉義縣,工業,86825970,37.53,,
10806,屏東縣,住宅,133177972,33.55,,
10806,屏東縣,服務業,100761977,25.38,,
10806,屏東縣,農林漁牧,62712896,15.8,,
10806,屏東縣,工業,100326980,25.27,,
10806,台東縣,住宅,34537441,42.44,,
10806,台東縣,服務業,34600122,42.52,,
10806,台東縣,農林漁牧,1986404,2.44,,
10806,台東縣,工業,10252725,12.6,,
10806,花蓮縣,住宅,54137967,26.67,,
10806,花蓮縣,服務業,64527280,31.79,,
10806,花蓮縣,農林漁牧,1764179,0.87,,
10806,花蓮縣,工業,82563360,40.67,,
10806,基隆市,住宅,57306977,46.84,,
10806,基隆市,服務業,46525769,38.03,,
10806,基隆市,農林漁牧,14232,0.01,,
10806,基隆市,工業,18492170,15.12,,
10806,新竹市,住宅,72911212,8.46,,
10806,新竹市,服務業,111405800,12.92,,
10806,新竹市,農林漁牧,868394,0.1,,
10806,新竹市,工業,677004088,78.52,,
10806,嘉義市,住宅,43387475,43.62,,
10806,嘉義市,服務業,47815017,48.07,,
10806,嘉義市,農林漁牧,624257,0.63,,
10806,嘉義市,工業,7638479,7.68,,
10806,澎湖縣,住宅,14054551,37.87,,
10806,澎湖縣,服務業,18307999,49.33,,
10806,澎湖縣,農林漁牧,365348,0.98,,
10806,澎湖縣,工業,4387642,11.82,,
10806,金門縣,住宅,8842836,36.48,,
10806,金門縣,服務業,11034751,45.52,,
10806,金門縣,農林漁牧,245035,1.01,,
10806,金門縣,工業,4117671,16.99,,
10806,連江縣,住宅,1960090,34.26,,
10806,連江縣,服務業,3084786,53.92,,
10806,連江縣,農林漁牧,8917,0.16,,
10806,連江縣,工業,667653,11.67,,
10805,新北市,住宅,592465985,35.96,,
10805,新北市,服務業,531832311,32.28,,
10805,新北市,農林漁牧,2384090,0.14,,
10805,新北市,工業,520726170,31.61,,
10805,台北市,住宅,383138279,30.08,,
10805,台北市,服務業,828124754,65.01,,
10805,台北市,農林漁牧,642721,0.05,,
10805,台北市,工業,61966031,4.86,,
10805,桃園市,住宅,308644435,13.44,,
10805,桃園市,服務業,375175763,16.33,,
10805,桃園市,農林漁牧,3486935,0.15,,
10805,桃園市,工業,1609737151,70.08,,
10805,台中市,住宅,437401515,16.69,,
10805,台中市,服務業,474495654,18.1,,
10805,台中市,農林漁牧,13817713,0.53,,
10805,台中市,工業,1695447660,64.68,,
10805,台南市,住宅,285249576,12.63,,
10805,台南市,服務業,277625554,12.29,,
10805,台南市,農林漁牧,30664730,1.36,,
10805,台南市,工業,1665316685,73.72,,
10805,高雄市,住宅,473908004,18.84,,
10805,高雄市,服務業,495180673,19.69,,
10805,高雄市,農林漁牧,20397123,0.81,,
10805,高雄市,工業,1525951460,60.66,,
10805,宜蘭縣,住宅,64921302,24.04,,
10805,宜蘭縣,服務業,70712953,26.19,,
10805,宜蘭縣,農林漁牧,6008333,2.23,,
10805,宜蘭縣,工業,128379414,47.54,,
10805,新竹縣,住宅,81583102,10.11,,
10805,新竹縣,服務業,80524611,9.98,,
10805,新竹縣,農林漁牧,1552833,0.19,,
10805,新竹縣,工業,643535208,79.72,,
10805,苗栗縣,住宅,78213178,13.29,,
10805,苗栗縣,服務業,61000439,10.37,,
10805,苗栗縣,農林漁牧,2395051,0.41,,
10805,苗栗縣,工業,446721630,75.93,,
10805,彰化縣,住宅,179147301,18.8,,
10805,彰化縣,服務業,180469413,18.94,,
10805,彰化縣,農林漁牧,38049586,3.99,,
10805,彰化縣,工業,555372449,58.27,,
10805,南投縣,住宅,61884870,27.43,,
10805,南投縣,服務業,55483327,24.6,,
10805,南投縣,農林漁牧,8516059,3.78,,
10805,南投縣,工業,99689547,44.19,,
10805,雲林縣,住宅,105560118,22.18,,
10805,雲林縣,服務業,76060729,15.98,,
10805,雲林縣,農林漁牧,32609234,6.85,,
10805,雲林縣,工業,261666259,54.98,,
10805,嘉義縣,住宅,71458379,30.32,,
10805,嘉義縣,服務業,49468577,20.99,,
10805,嘉義縣,農林漁牧,22830846,9.69,,
10805,嘉義縣,工業,91888236,38.99,,
10805,屏東縣,住宅,134476695,32.99,,
10805,屏東縣,服務業,102388949,25.12,,
10805,屏東縣,農林漁牧,63827359,15.66,,
10805,屏東縣,工業,106918723,26.23,,
10805,台東縣,住宅,28990223,38.79,,
10805,台東縣,服務業,32450181,43.42,,
10805,台東縣,農林漁牧,2147737,2.87,,
10805,台東縣,工業,11153247,14.92,,
10805,花蓮縣,住宅,46700335,24.06,,
10805,花蓮縣,服務業,63068408,32.49,,
10805,花蓮縣,農林漁牧,1827471,0.94,,
10805,花蓮縣,工業,82527694,42.51,,
10805,基隆市,住宅,47443380,42.91,,
10805,基隆市,服務業,44803108,40.52,,
10805,基隆市,農林漁牧,10134,0.01,,
10805,基隆市,工業,18300798,16.55,,
10805,新竹市,住宅,73813092,8.58,,
10805,新竹市,服務業,106943237,12.43,,
10805,新竹市,農林漁牧,797978,0.09,,
10805,新竹市,工業,678545629,78.89,,
10805,嘉義市,住宅,39114602,40.79,,
10805,嘉義市,服務業,48485794,50.57,,
10805,嘉義市,農林漁牧,581137,0.61,,
10805,嘉義市,工業,7705107,8.04,,
10805,澎湖縣,住宅,14115579,37.95,,
10805,澎湖縣,服務業,18438330,49.57,,
10805,澎湖縣,農林漁牧,327110,0.88,,
10805,澎湖縣,工業,4317979,11.61,,
10805,金門縣,住宅,9935579,39.55,,
10805,金門縣,服務業,11192194,44.55,,
10805,金門縣,農林漁牧,219761,0.87,,
10805,金門縣,工業,3774619,15.03,,
10805,連江縣,住宅,2341821,40.8,,
10805,連江縣,服務業,2762344,48.12,,
10805,連江縣,農林漁牧,8921,0.16,,
10805,連江縣,工業,626927,10.92,,
10804,新北市,住宅,549619279,37.18,,
10804,新北市,服務業,446742619,30.22,,
10804,新北市,農林漁牧,2117747,0.14,,
10804,新北市,工業,479813022,32.46,,
10804,台北市,住宅,334554739,30.21,,
10804,台北市,服務業,722818693,65.27,,
10804,台北市,農林漁牧,539708,0.05,,
10804,台北市,工業,49588433,4.48,,
10804,桃園市,住宅,354120795,15.95,,
10804,桃園市,服務業,343547014,15.48,,
10804,桃園市,農林漁牧,3404570,0.15,,
10804,桃園市,工業,1518537054,68.41,,
10804,台中市,住宅,397906146,16.43,,
10804,台中市,服務業,410763389,16.96,,
10804,台中市,農林漁牧,13117755,0.54,,
10804,台中市,工業,1600696685,66.08,,
10804,台南市,住宅,260990860,12.39,,
10804,台南市,服務業,249726160,11.86,,
10804,台南市,農林漁牧,27162608,1.29,,
10804,台南市,工業,1568129952,74.46,,
10804,高雄市,住宅,327897986,14.3,,
10804,高雄市,服務業,442242654,19.28,,
10804,高雄市,農林漁牧,19555013,0.85,,
10804,高雄市,工業,1503932534,65.57,,
10804,宜蘭縣,住宅,63727933,26.08,,
10804,宜蘭縣,服務業,60339276,24.7,,
10804,宜蘭縣,農林漁牧,5080963,2.08,,
10804,宜蘭縣,工業,115184594,47.14,,
10804,新竹縣,住宅,87195741,11.26,,
10804,新竹縣,服務業,76188793,9.84,,
10804,新竹縣,農林漁牧,1210565,0.16,,
10804,新竹縣,工業,609664802,78.74,,
10804,苗栗縣,住宅,64606877,11.72,,
10804,苗栗縣,服務業,53382221,9.68,,
10804,苗栗縣,農林漁牧,2294408,0.42,,
10804,苗栗縣,工業,431112675,78.19,,
10804,彰化縣,住宅,168998892,18.96,,
10804,彰化縣,服務業,169467832,19.02,,
10804,彰化縣,農林漁牧,33208989,3.73,,
10804,彰化縣,工業,519488226,58.29,,
10804,南投縣,住宅,71666815,31.38,,
10804,南投縣,服務業,53049948,23.23,,
10804,南投縣,農林漁牧,8155928,3.57,,
10804,南投縣,工業,95475728,41.81,,
10804,雲林縣,住宅,96738582,22.08,,
10804,雲林縣,服務業,64737096,14.78,,
10804,雲林縣,農林漁牧,28987331,6.62,,
10804,雲林縣,工業,247656826,56.53,,
10804,嘉義縣,住宅,61637307,28.81,,
10804,嘉義縣,服務業,4321119,20.2,,
10804,嘉義縣,農林漁牧,19329174,9.03,,
10804,嘉義縣,工業,89751513,41.95,,
10804,屏東縣,住宅,109461541,30.49,,
10804,屏東縣,服務業,90969958,25.34,,
10804,屏東縣,農林漁牧,59909226,16.69,,
10804,屏東縣,工業,98629581,27.48,,
10804,台東縣,住宅,30550436,42.09,,
10804,台東縣,服務業,29850520,41.13,,
10804,台東縣,農林漁牧,1877096,2.59,,
10804,台東縣,工業,10303631,14.2,,
10804,花蓮縣,住宅,48676182,25.62,,
10804,花蓮縣,服務業,57306949,30.16,,
10804,花蓮縣,農林漁牧,1614529,0.85,,
10804,花蓮縣,工業,82392082,43.37,,
10804,基隆市,住宅,55234582,49.1,,
10804,基隆市,服務業,39793708,35.37,,
10804,基隆市,農林漁牧,12688,0.01,,
10804,基隆市,工業,17462265,15.52,,
10804,新竹市,住宅,61153691,7.58,,
10804,新竹市,服務業,95456060,11.84,,
10804,新竹市,農林漁牧,779998,0.1,,
10804,新竹市,工業,649043734,80.48,,
10804,嘉義市,住宅,35378510,42.35,,
10804,嘉義市,服務業,40493065,48.48,,
10804,嘉義市,農林漁牧,553767,0.66,,
10804,嘉義市,工業,7104518,8.51,,
10804,澎湖縣,住宅,12026902,39.58,,
10804,澎湖縣,服務業,14251861,46.9,,
10804,澎湖縣,農林漁牧,291210,0.96,,
10804,澎湖縣,工業,3816950,12.56,,
10804,金門縣,住宅,8415651,41.61,,
10804,金門縣,服務業,8944095,44.22,,
10804,金門縣,農林漁牧,203791,1.01,,
10804,金門縣,工業,2662285,13.16,,
10804,連江縣,住宅,1889146,36.8,,
10804,連江縣,服務業,2630292,51.23,,
10804,連江縣,農林漁牧,7118,0.14,,
10804,連江縣,工業,607539,11.83,,
10803,新北市,住宅,557974921,37.66,,
10803,新北市,服務業,450136489,30.38,,
10803,新北市,農林漁牧,2074939,0.14,,
10803,新北市,工業,471521449,31.82,,
10803,台北市,住宅,353535732,32.06,,
10803,台北市,服務業,695577522,63.08,,
10803,台北市,農林漁牧,542609,0.05,,
10803,台北市,工業,52969004,4.8,,
10803,桃園市,住宅,305723767,14.23,,
10803,桃園市,服務業,319247046,14.86,,
10803,桃園市,農林漁牧,2923947,0.14,,
10803,桃園市,工業,1520481195,70.77,,
10803,台中市,住宅,401601395,16.51,,
10803,台中市,服務業,400373949,16.46,,
10803,台中市,農林漁牧,12429337,0.51,,
10803,台中市,工業,1618167280,66.52,,
10803,台南市,住宅,259582634,12.52,,
10803,台南市,服務業,234949865,11.33,,
10803,台南市,農林漁牧,24600839,1.19,,
10803,台南市,工業,1554439764,74.96,,
10803,高雄市,住宅,413224836,17.44,,
10803,高雄市,服務業,423430400,17.87,,
10803,高雄市,農林漁牧,19424809,0.82,,
10803,高雄市,工業,1513768210,63.88,,
10803,宜蘭縣,住宅,63130953,23.96,,
10803,宜蘭縣,服務業,61828811,23.47,,
10803,宜蘭縣,農林漁牧,4557949,1.73,,
10803,宜蘭縣,工業,133946429,50.84,,
10803,新竹縣,住宅,79033184,10.46,,
10803,新竹縣,服務業,70246161,9.3,,
10803,新竹縣,農林漁牧,1278294,0.17,,
10803,新竹縣,工業,604853591,80.07,,
10803,苗栗縣,住宅,74585402,14,,
10803,苗栗縣,服務業,52723859,9.9,,
10803,苗栗縣,農林漁牧,2130755,0.4,,
10803,苗栗縣,工業,403297626,75.7,,
10803,彰化縣,住宅,170627516,19.37,,
10803,彰化縣,服務業,161563476,18.34,,
10803,彰化縣,農林漁牧,30766195,3.49,,
10803,彰化縣,工業,517891660,58.79,,
10803,南投縣,住宅,59641299,28.52,,
10803,南投縣,服務業,49973604,23.89,,
10803,南投縣,農林漁牧,7561715,3.62,,
10803,南投縣,工業,91967039,43.97,,
10803,雲林縣,住宅,97559360,22.28,,
10803,雲林縣,服務業,65628534,14.99,,
10803,雲林縣,農林漁牧,27991472,6.39,,
10803,雲林縣,工業,246614708,56.33,,
10803,嘉義縣,住宅,68428877,30.41,,
10803,嘉義縣,服務業,41774175,18.56,,
10803,嘉義縣,農林漁牧,19267173,8.56,,
10803,嘉義縣,工業,95550248,42.46,,
10803,屏東縣,住宅,120909249,33.16,,
10803,屏東縣,服務業,89655936,24.59,,
10803,屏東縣,農林漁牧,58171373,15.95,,
10803,屏東縣,工業,95930546,26.31,,
10803,台東縣,住宅,27905907,39.99,,
10803,台東縣,服務業,28933140,41.47,,
10803,台東縣,農林漁牧,2040931,2.92,,
10803,台東縣,工業,10895874,15.62,,
10803,花蓮縣,住宅,44328931,24.28,,
10803,花蓮縣,服務業,56384407,30.89,,
10803,花蓮縣,農林漁牧,1597015,0.87,,
10803,花蓮縣,工業,80230366,43.95,,
10803,基隆市,住宅,48228844,46.83,,
10803,基隆市,服務業,38081609,36.98,,
10803,基隆市,農林漁牧,9044,0.01,,
10803,基隆市,工業,16667263,16.18,,
10803,新竹市,住宅,69513234,8.68,,
10803,新竹市,服務業,90656177,11.32,,
10803,新竹市,農林漁牧,696194,0.09,,
10803,新竹市,工業,640257597,79.92,,
10803,嘉義市,住宅,35728025,42.92,,
10803,嘉義市,服務業,40155877,48.24,,
10803,嘉義市,農林漁牧,501053,0.6,,
10803,嘉義市,工業,6848930,8.23,,
10803,澎湖縣,住宅,13311368,41.31,,
10803,澎湖縣,服務業,14889871,46.21,,
10803,澎湖縣,農林漁牧,297675,0.92,,
10803,澎湖縣,工業,3722772,11.55,,
10803,金門縣,住宅,10171530,45.95,,
10803,金門縣,服務業,9472468,42.8,,
10803,金門縣,農林漁牧,201574,0.91,,
10803,金門縣,工業,2288941,10.34,,
10803,連江縣,住宅,2451980,43.94,,
10803,連江縣,服務業,2504506,44.88,,
10803,連江縣,農林漁牧,5592,0.1,,
10803,連江縣,工業,618699,11.09,,
10802,新北市,住宅,552182772,41.04,,
10802,新北市,服務業,402700480,29.93,,
10802,新北市,農林漁牧,2102209,0.16,,
10802,新北市,工業,388499754,28.87,,
10802,台北市,住宅,338095776,33.92,,
10802,台北市,服務業,615405369,61.74,,
10802,台北市,農林漁牧,465516,0.05,,
10802,台北市,工業,42855962,4.3,,
10802,桃園市,住宅,356089544,18.7,,
10802,桃園市,服務業,298705247,15.68,,
10802,桃園市,農林漁牧,3246549,0.17,,
10802,桃園市,工業,1246679977,65.45,,
10802,台中市,住宅,396046056,18.63,,
10802,台中市,服務業,364711790,17.16,,
10802,台中市,農林漁牧,12005230,0.56,,
10802,台中市,工業,1352950122,63.65,,
10802,台南市,住宅,258971782,14.2,,
10802,台南市,服務業,223961814,12.28,,
10802,台南市,農林漁牧,25828724,1.42,,
10802,台南市,工業,1314936931,72.1,,
10802,高雄市,住宅,322525419,16,,
10802,高雄市,服務業,381673495,18.93,,
10802,高雄市,農林漁牧,18728915,0.93,,
10802,高雄市,工業,1293254378,64.14,,
10802,宜蘭縣,住宅,66937576,30.87,,
10802,宜蘭縣,服務業,54467131,25.12,,
10802,宜蘭縣,農林漁牧,4180100,1.93,,
10802,宜蘭縣,工業,91221815,42.08,,
10802,新竹縣,住宅,85689623,12.7,,
10802,新竹縣,服務業,69627047,10.32,,
10802,新竹縣,農林漁牧,1151768,0.17,,
10802,新竹縣,工業,518283629,76.81,,
10802,苗栗縣,住宅,64397131,14.67,,
10802,苗栗縣,服務業,47564601,10.83,,
10802,苗栗縣,農林漁牧,1985753,0.45,,
10802,苗栗縣,工業,325134934,74.05,,
10802,彰化縣,住宅,164535647,21.77,,
10802,彰化縣,服務業,152980514,20.24,,
10802,彰化縣,農林漁牧,30063351,3.98,,
10802,彰化縣,工業,408377414,54.02,,
10802,南投縣,住宅,69352581,35.45,,
10802,南投縣,服務業,47456922,24.26,,
10802,南投縣,農林漁牧,8121976,4.15,,
10802,南投縣,工業,70676375,36.13,,
10802,雲林縣,住宅,90703742,23.81,,
10802,雲林縣,服務業,56061513,14.72,,
10802,雲林縣,農林漁牧,27735842,7.28,,
10802,雲林縣,工業,206473734,54.2,,
10802,嘉義縣,住宅,60777465,33.15,,
10802,嘉義縣,服務業,36473132,19.89,,
10802,嘉義縣,農林漁牧,19130893,10.43,,
10802,嘉義縣,工業,66978888,36.53,,
10802,屏東縣,住宅,107001042,33.03,,
10802,屏東縣,服務業,80793817,24.94,,
10802,屏東縣,農林漁牧,58950477,18.2,,
10802,屏東縣,工業,77227796,23.84,,
10802,台東縣,住宅,30391231,44.82,,
10802,台東縣,服務業,26345076,38.85,,
10802,台東縣,農林漁牧,1839097,2.71,,
10802,台東縣,工業,9231685,13.61,,
10802,花蓮縣,住宅,49231747,27.8,,
10802,花蓮縣,服務業,51260880,28.95,,
10802,花蓮縣,農林漁牧,1478567,0.83,,
10802,花蓮縣,工業,75122187,42.42,,
10802,基隆市,住宅,54577151,52.81,,
10802,基隆市,服務業,34384357,33.27,,
10802,基隆市,農林漁牧,12973,0.01,,
10802,基隆市,工業,14369785,13.9,,
10802,新竹市,住宅,61821817,8.64,,
10802,新竹市,服務業,79042434,11.05,,
10802,新竹市,農林漁牧,718003,0.1,,
10802,新竹市,工業,573807193,80.21,,
10802,嘉義市,住宅,35389709,45.81,,
10802,嘉義市,服務業,35322738,45.73,,
10802,嘉義市,農林漁牧,608524,0.79,,
10802,嘉義市,工業,5928344,7.67,,
10802,澎湖縣,住宅,11608353,41.96,,
10802,澎湖縣,服務業,12278024,44.38,,
10802,澎湖縣,農林漁牧,317460,1.15,,
10802,澎湖縣,工業,3462711,12.52,,
10802,金門縣,住宅,8510483,45.99,,
10802,金門縣,服務業,7762524,41.95,,
10802,金門縣,農林漁牧,218103,1.18,,
10802,金門縣,工業,2014397,10.89,,
10802,連江縣,住宅,2081052,39.13,,
10802,連江縣,服務業,2667450,50.15,,
10802,連江縣,農林漁牧,6646,0.12,,
10802,連江縣,工業,563558,10.6,,
10801,新北市,住宅,553429935,36.65,,
10801,新北市,服務業,487093470,32.26,,
10801,新北市,農林漁牧,2321776,0.15,,
10801,新北市,工業,467165077,30.94,,
10801,台北市,住宅,358179967,31.66,,
10801,台北市,服務業,714973678,63.2,,
10801,台北市,農林漁牧,543048,0.05,,
10801,台北市,工業,57513110,5.08,,
10801,桃園市,住宅,293209109,13.45,,
10801,桃園市,服務業,367476595,16.85,,
10801,桃園市,農林漁牧,3029985,0.14,,
10801,桃園市,工業,1516634248,69.56,,
10801,台中市,住宅,402854536,16.69,,
10801,台中市,服務業,425589299,17.63,,
10801,台中市,農林漁牧,12931669,0.54,,
10801,台中市,工業,1573093523,65.15,,
10801,台南市,住宅,259323202,12.47,,
10801,台南市,服務業,323935059,15.57,,
10801,台南市,農林漁牧,26552166,1.28,,
10801,台南市,工業,1470104316,70.68,,
10801,高雄市,住宅,431364517,18.15,,
10801,高雄市,服務業,435363718,18.32,,
10801,高雄市,農林漁牧,19663015,0.83,,
10801,高雄市,工業,1490493841,62.71,,
10801,宜蘭縣,住宅,62690453,23.82,,
10801,宜蘭縣,服務業,65580386,24.92,,
10801,宜蘭縣,農林漁牧,4252705,1.62,,
10801,宜蘭縣,工業,130611488,49.64,,
10801,新竹縣,住宅,75670638,10.04,,
10801,新竹縣,服務業,86262679,11.45,,
10801,新竹縣,農林漁牧,1339515,0.18,,
10801,新竹縣,工業,590315008,78.33,,
10801,苗栗縣,住宅,72468036,14.06,,
10801,苗栗縣,服務業,57372175,11.13,,
10801,苗栗縣,農林漁牧,1995948,0.39,,
10801,苗栗縣,工業,383542893,74.42,,
10801,彰化縣,住宅,163665818,18.79,,
10801,彰化縣,服務業,175026586,20.09,,
10801,彰化縣,農林漁牧,30901033,3.55,,
10801,彰化縣,工業,501612058,57.58,,
10801,南投縣,住宅,58752131,27.88,,
10801,南投縣,服務業,53836693,25.55,,
10801,南投縣,農林漁牧,8051651,3.82,,
10801,南投縣,工業,90101948,42.75,,
10801,雲林縣,住宅,91036914,21.25,,
10801,雲林縣,服務業,67761517,15.81,,
10801,雲林縣,農林漁牧,26146359,6.1,,
10801,雲林縣,工業,243557257,56.84,,
10801,嘉義縣,住宅,64790187,31.01,,
10801,嘉義縣,服務業,42671939,20.43,,
10801,嘉義縣,農林漁牧,17391861,8.33,,
10801,嘉義縣,工業,84052989,40.23,,
10801,屏東縣,住宅,122217102,33.15,,
10801,屏東縣,服務業,91179258,24.73,,
10801,屏東縣,農林漁牧,58857419,15.97,,
10801,屏東縣,工業,96393069,26.15,,
10801,台東縣,住宅,27487368,40.37,,
10801,台東縣,服務業,27792849,40.82,,
10801,台東縣,農林漁牧,1778052,2.61,,
10801,台東縣,工業,11035615,16.21,,
10801,花蓮縣,住宅,43755366,24.38,,
10801,花蓮縣,服務業,82149589,45.77,,
10801,花蓮縣,農林漁牧,1472779,0.82,,
10801,花蓮縣,工業,52087368,29.02,,
10801,基隆市,住宅,45491581,44.53,,
10801,基隆市,服務業,41268324,40.39,,
10801,基隆市,農林漁牧,7797,0.01,,
10801,基隆市,工業,15397021,15.07,,
10801,新竹市,住宅,68493095,8.65,,
10801,新竹市,服務業,91720861,11.58,,
10801,新竹市,農林漁牧,702100,0.09,,
10801,新竹市,工業,631074774,79.68,,
10801,嘉義市,住宅,35751603,42.54,,
10801,嘉義市,服務業,40825582,48.57,,
10801,嘉義市,農林漁牧,500654,0.6,,
10801,嘉義市,工業,6973446,8.3,,
10801,澎湖縣,住宅,13280256,40.48,,
10801,澎湖縣,服務業,15557824,47.42,,
10801,澎湖縣,農林漁牧,319018,0.97,,
10801,澎湖縣,工業,3652499,11.13,,
10801,金門縣,住宅,9259756,43.73,,
10801,金門縣,服務業,9312642,43.98,,
10801,金門縣,農林漁牧,197064,0.93,,
10801,金門縣,工業,2406267,11.36,,
10801,連江縣,住宅,2393610,42.29,,
10801,連江縣,服務業,2656475,46.94,,
10801,連江縣,農林漁牧,6144,0.11,,
10801,連江縣,工業,603486,10.66,,
10712,新北市,住宅,549464883,36.52,,
10712,新北市,服務業,467585038,31.08,,
10712,新北市,農林漁牧,2318124,0.15,,
10712,新北市,工業,485098220,32.24,,
10712,台北市,住宅,342560002,30.34,,
10712,台北市,服務業,734458244,65.06,,
10712,台北市,農林漁牧,542509,0.05,,
10712,台北市,工業,51418018,4.55,,
10712,桃園市,住宅,341572650,15.27,,
10712,桃園市,服務業,349528707,15.62,,
10712,桃園市,農林漁牧,3475618,0.16,,
10712,桃園市,工業,1542984704,68.96,,
10712,台中市,住宅,417044952,17.03,,
10712,台中市,服務業,428406856,17.49,,
10712,台中市,農林漁牧,13861803,0.57,,
10712,台中市,工業,1590248481,64.92,,
10712,台南市,住宅,276991416,13.12,,
10712,台南市,服務業,264590757,12.53,,
10712,台南市,農林漁牧,30095189,1.43,,
10712,台南市,工業,1539372727,72.92,,
10712,高雄市,住宅,366796512,15.5,,
10712,高雄市,服務業,449468739,19,,
10712,高雄市,農林漁牧,20415357,0.86,,
10712,高雄市,工業,1528991117,64.63,,
10712,宜蘭縣,住宅,63545986,24.79,,
10712,宜蘭縣,服務業,61886660,24.14,,
10712,宜蘭縣,農林漁牧,4743700,1.85,,
10712,宜蘭縣,工業,126195761,49.22,,
10712,新竹縣,住宅,85134499,10.91,,
10712,新竹縣,服務業,81077235,10.39,,
10712,新竹縣,農林漁牧,1268623,0.16,,
10712,新竹縣,工業,612749871,78.53,,
10712,苗栗縣,住宅,64848131,12.46,,
10712,苗栗縣,服務業,56023542,10.76,,
10712,苗栗縣,農林漁牧,2472338,0.47,,
10712,苗栗縣,工業,397249669,76.31,,
10712,彰化縣,住宅,170504891,19.25,,
10712,彰化縣,服務業,173271054,19.57,,
10712,彰化縣,農林漁牧,35226566,3.98,,
10712,彰化縣,工業,506554930,57.2,,
10712,南投縣,住宅,73518427,31.53,,
10712,南投縣,服務業,54932990,23.56,,
10712,南投縣,農林漁牧,9000565,3.86,,
10712,南投縣,工業,95746712,41.06,,
10712,雲林縣,住宅,93691200,21.57,,
10712,雲林縣,服務業,66252011,15.26,,
10712,雲林縣,農林漁牧,29497553,6.79,,
10712,雲林縣,工業,244854818,56.38,,
10712,嘉義縣,住宅,61777354,27.58,,
10712,嘉義縣,服務業,43700998,19.51,,
10712,嘉義縣,農林漁牧,19831828,8.85,,
10712,嘉義縣,工業,98663806,44.05,,
10712,屏東縣,住宅,116558015,31.64,,
10712,屏東縣,服務業,93205238,25.3,,
10712,屏東縣,農林漁牧,59793314,16.23,,
10712,屏東縣,工業,98796435,26.82,,
10712,台東縣,住宅,31477036,42.49,,
10712,台東縣,服務業,29968286,40.45,,
10712,台東縣,農林漁牧,1932446,2.61,,
10712,台東縣,工業,10703927,14.45,,
10712,花蓮縣,住宅,48764628,24.76,,
10712,花蓮縣,服務業,58242355,29.57,,
10712,花蓮縣,農林漁牧,1683866,0.85,,
10712,花蓮縣,工業,88277262,44.82,,
10712,基隆市,住宅,52441152,47.38,,
10712,基隆市,服務業,41055557,37.09,,
10712,基隆市,農林漁牧,9757,0.01,,
10712,基隆市,工業,17180993,15.52,,
10712,新竹市,住宅,61039010,7.66,,
10712,新竹市,服務業,94499837,11.86,,
10712,新竹市,農林漁牧,749027,0.09,,
10712,新竹市,工業,640706804,80.39,,
10712,嘉義市,住宅,37770676,43.4,,
10712,嘉義市,服務業,41323506,47.48,,
10712,嘉義市,農林漁牧,606808,0.7,,
10712,嘉義市,工業,7337793,8.43,,
10712,澎湖縣,住宅,12435965,40.45,,
10712,澎湖縣,服務業,14395862,46.83,,
10712,澎湖縣,農林漁牧,333756,1.09,,
10712,澎湖縣,工業,3574721,11.63,,
10712,金門縣,住宅,7875997,40.12,,
10712,金門縣,服務業,9074253,46.23,,
10712,金門縣,農林漁牧,200271,1.02,,
10712,金門縣,工業,2479288,12.63,,
10712,連江縣,住宅,1738211,34.49,,
10712,連江縣,服務業,2692935,53.44,,
10712,連江縣,農林漁牧,7934,0.16,,
10712,連江縣,工業,600505,11.92,,
10711,新北市,住宅,652100460,38.79,,
10711,新北市,服務業,520999634,30.99,,
10711,新北市,農林漁牧,2422075,0.14,,
10711,新北市,工業,505616679,30.08,,
10711,台北市,住宅,424190360,33.2,,
10711,台北市,服務業,792205629,62.01,,
10711,台北市,農林漁牧,560856,0.04,,
10711,台北市,工業,60636049,4.75,,
10711,桃園市,住宅,321955177,14.35,,
10711,桃園市,服務業,359469313,16.02,,
10711,桃園市,農林漁牧,3277692,0.15,,
10711,桃園市,工業,1559307721,69.49,,
10711,台中市,住宅,485190891,19.03,,
10711,台中市,服務業,464919236,18.24,,
10711,台中市,農林漁牧,14480945,0.57,,
10711,台中市,工業,1584730820,62.16,,
10711,台南市,住宅,314319033,14.53,,
10711,台南市,服務業,275941829,12.76,,
10711,台南市,農林漁牧,31987936,1.48,,
10711,台南市,工業,1540969579,71.24,,
10711,高雄市,住宅,531726270,20.6,,
10711,高雄市,服務業,471873747,18.28,,
10711,高雄市,農林漁牧,20896592,0.81,,
10711,高雄市,工業,1557305423,60.32,,
10711,宜蘭縣,住宅,69576670,25.97,,
10711,宜蘭縣,服務業,68806258,25.68,,
10711,宜蘭縣,農林漁牧,5139439,1.92,,
10711,宜蘭縣,工業,124368667,46.43,,
10711,新竹縣,住宅,86504961,11.04,,
10711,新竹縣,服務業,78299269,9.99,,
10711,新竹縣,農林漁牧,1503370,0.19,,
10711,新竹縣,工業,617531181,78.78,,
10711,苗栗縣,住宅,85836900,16.12,,
10711,苗栗縣,服務業,59976641,11.27,,
10711,苗栗縣,農林漁牧,2533451,0.48,,
10711,苗栗縣,工業,383992612,72.13,,
10711,彰化縣,住宅,195753898,21.14,,
10711,彰化縣,服務業,173917909,18.78,,
10711,彰化縣,農林漁牧,36454251,3.94,,
10711,彰化縣,工業,519766413,56.14,,
10711,南投縣,住宅,65069619,28.81,,
10711,南投縣,服務業,54315710,24.05,,
10711,南投縣,農林漁牧,9123883,4.04,,
10711,南投縣,工業,97332844,43.1,,
10711,雲林縣,住宅,111663032,23.67,,
10711,雲林縣,服務業,74336914,15.76,,
10711,雲林縣,農林漁牧,30174766,6.4,,
10711,雲林縣,工業,255587899,54.18,,
10711,嘉義縣,住宅,77023101,30.92,,
10711,嘉義縣,服務業,47281035,18.98,,
10711,嘉義縣,農林漁牧,21562694,8.66,,
10711,嘉義縣,工業,103199375,41.43,,
10711,屏東縣,住宅,141157931,35.53,,
10711,屏東縣,服務業,98050850,24.68,,
10711,屏東縣,農林漁牧,59048568,14.86,,
10711,屏東縣,工業,99067637,24.93,,
10711,台東縣,住宅,30902517,41.51,,
10711,台東縣,服務業,30957111,41.58,,
10711,台東縣,農林漁牧,1708898,2.3,,
10711,台東縣,工業,10875459,14.61,,
10711,花蓮縣,住宅,50223718,25.3,,
10711,花蓮縣,服務業,61640159,31.05,,
10711,花蓮縣,農林漁牧,1709268,0.86,,
10711,花蓮縣,工業,84930184,42.79,,
10711,基隆市,住宅,51721179,45.83,,
10711,基隆市,服務業,43804035,38.81,,
10711,基隆市,農林漁牧,7329,0.01,,
10711,基隆市,工業,17324237,15.35,,
10711,新竹市,住宅,80211388,9.69,,
10711,新竹市,服務業,101624173,12.28,,
10711,新竹市,農林漁牧,824892,0.1,,
10711,新竹市,工業,644889728,77.93,,
10711,嘉義市,住宅,43153741,44.23,,
10711,嘉義市,服務業,46522829,47.69,,
10711,嘉義市,農林漁牧,586396,0.6,,
10711,嘉義市,工業,7293666,7.48,,
10711,澎湖縣,住宅,15607520,42.9,,
10711,澎湖縣,服務業,16870236,46.37,,
10711,澎湖縣,農林漁牧,328613,0.9,,
10711,澎湖縣,工業,3576756,9.83,,
10711,金門縣,住宅,10501981,41.81,,
10711,金門縣,服務業,11013176,43.85,,
10711,金門縣,農林漁牧,218409,0.87,,
10711,金門縣,工業,3383585,13.47,,
10711,連江縣,住宅,2301371,41.49,,
10711,連江縣,服務業,2646014,47.7,,
10711,連江縣,農林漁牧,7470,0.13,,
10711,連江縣,工業,591847,10.67,,
10710,新北市,住宅,818327506,43.32,,
10710,新北市,服務業,537996355,28.48,,
10710,新北市,農林漁牧,2664826,0.14,,
10710,新北市,工業,530131344,28.06,,
10710,台北市,住宅,518891350,36.81,,
10710,台北市,服務業,834458055,59.2,,
10710,台北市,農林漁牧,596338,0.04,,
10710,台北市,工業,55674492,3.95,,
10710,桃園市,住宅,477416325,19.22,,
10710,桃園市,服務業,396215447,15.95,,
10710,桃園市,農林漁牧,4200865,0.17,,
10710,桃園市,工業,1606037635,64.66,,
10710,台中市,住宅,554218549,20.56,,
10710,台中市,服務業,481723369,17.87,,
10710,台中市,農林漁牧,15508680,0.58,,
10710,台中市,工業,1644269296,61,,
10710,台南市,住宅,355971530,15.57,,
10710,台南市,服務業,295430545,12.92,,
10710,台南市,農林漁牧,34418154,1.51,,
10710,台南市,工業,1600648952,70.01,,
10710,高雄市,住宅,449361484,17.5,,
10710,高雄市,服務業,486763229,18.96,,
10710,高雄市,農林漁牧,20683416,0.81,,
10710,高雄市,工業,1610997385,62.74,,
10710,宜蘭縣,住宅,89205168,30.02,,
10710,宜蘭縣,服務業,69335533,23.33,,
10710,宜蘭縣,農林漁牧,6147620,2.07,,
10710,宜蘭縣,工業,132504079,44.59,,
10710,新竹縣,住宅,122711359,14.26,,
10710,新竹縣,服務業,89822807,10.43,,
10710,新竹縣,農林漁牧,1572901,0.18,,
10710,新竹縣,工業,646718006,75.13,,
10710,苗栗縣,住宅,92014325,15.73,,
10710,苗栗縣,服務業,62631888,10.7,,
10710,苗栗縣,農林漁牧,2564815,0.44,,
10710,苗栗縣,工業,427883748,73.13,,
10710,彰化縣,住宅,229029767,22.98,,
10710,彰化縣,服務業,187252617,18.79,,
10710,彰化縣,農林漁牧,41096626,4.12,,
10710,彰化縣,工業,539266991,54.11,,
10710,南投縣,住宅,86897905,33.37,,
10710,南投縣,服務業,59701645,22.93,,
10710,南投縣,農林漁牧,9920470,3.81,,
10710,南投縣,工業,103858649,39.89,,
10710,雲林縣,住宅,120265136,24.26,,
10710,雲林縣,服務業,73524504,14.83,,
10710,雲林縣,農林漁牧,33663036,6.79,,
10710,雲林縣,工業,268304002,54.12,,
10710,嘉義縣,住宅,77651716,31.02,,
10710,嘉義縣,服務業,48297175,19.29,,
10710,嘉義縣,農林漁牧,23119780,9.24,,
10710,嘉義縣,工業,101268690,40.45,,
10710,屏東縣,住宅,134974323,34.29,,
10710,屏東縣,服務業,100152511,25.44,,
10710,屏東縣,農林漁牧,57989489,14.73,,
10710,屏東縣,工業,100553377,25.54,,
10710,台東縣,住宅,39426640,45.71,,
10710,台東縣,服務業,34212636,39.67,,
10710,台東縣,農林漁牧,1684915,1.95,,
10710,台東縣,工業,10921734,12.66,,
10710,花蓮縣,住宅,64998348,29.91,,
10710,花蓮縣,服務業,64552243,29.71,,
10710,花蓮縣,農林漁牧,1795857,0.83,,
10710,花蓮縣,工業,85943755,39.55,,
10710,基隆市,住宅,76172530,53.6,,
10710,基隆市,服務業,47427336,33.37,,
10710,基隆市,農林漁牧,11552,0.01,,
10710,基隆市,工業,18497348,13.02,,
10710,新竹市,住宅,91050626,10.48,,
10710,新竹市,服務業,108159300,12.45,,
10710,新竹市,農林漁牧,900654,0.1,,
10710,新竹市,工業,668827054,76.97,,
10710,嘉義市,住宅,49092003,46.94,,
10710,嘉義市,服務業,47521357,45.44,,
10710,嘉義市,農林漁牧,656338,0.63,,
10710,嘉義市,工業,7319715,7,,
10710,澎湖縣,住宅,16314141,44.53,,
10710,澎湖縣,服務業,16174262,44.15,,
10710,澎湖縣,農林漁牧,373317,1.02,,
10710,澎湖縣,工業,3772726,10.3,,
10710,金門縣,住宅,11394743,43.59,,
10710,金門縣,服務業,10861099,41.55,,
10710,金門縣,農林漁牧,269049,1.03,,
10710,金門縣,工業,3616204,13.83,,
10710,連江縣,住宅,2320659,37.81,,
10710,連江縣,服務業,3191083,51.99,,
10710,連江縣,農林漁牧,9547,0.16,,
10710,連江縣,工業,616293,10.04,,
10709,新北市,住宅,968438171,44.62,,
10709,新北市,服務業,638033889,29.4,,
10709,新北市,農林漁牧,2958940,0.14,,
10709,新北市,工業,560896789,25.84,,
10709,台北市,住宅,629975211,38.01,,
10709,台北市,服務業,955555369,57.65,,
10709,台北市,農林漁牧,681525,0.04,,
10709,台北市,工業,71207136,4.3,,
10709,桃園市,住宅,450077751,17.89,,
10709,桃園市,服務業,430725550,17.12,,
10709,桃園市,農林漁牧,4226348,0.17,,
10709,桃園市,工業,1630461848,64.82,,
10709,台中市,住宅,626976758,22.39,,
10709,台中市,服務業,531558411,18.98,,
10709,台中市,農林漁牧,16292931,0.58,,
10709,台中市,工業,1625336013,58.04,,
10709,台南市,住宅,380688772,16.53,,
10709,台南市,服務業,303307203,13.17,,
10709,台南市,農林漁牧,36467016,1.58,,
10709,台南市,工業,1582328070,68.71,,
10709,高雄市,住宅,622517195,23.42,,
10709,高雄市,服務業,505008377,19,,
10709,高雄市,農林漁牧,21438199,0.81,,
10709,高雄市,工業,1508976752,56.77,,
10709,宜蘭縣,住宅,99416974,31.46,,
10709,宜蘭縣,服務業,84963805,26.88,,
10709,宜蘭縣,農林漁牧,7324353,2.32,,
10709,宜蘭縣,工業,124335438,39.34,,
10709,新竹縣,住宅,124165342,14.19,,
10709,新竹縣,服務業,91377890,10.45,,
10709,新竹縣,農林漁牧,2091291,0.24,,
10709,新竹縣,工業,657154504,75.12,,
10709,苗栗縣,住宅,123171084,19.49,,
10709,苗栗縣,服務業,70775246,11.2,,
10709,苗栗縣,農林漁牧,2826351,0.45,,
10709,苗栗縣,工業,435349937,68.87,,
10709,彰化縣,住宅,249785941,24.92,,
10709,彰化縣,服務業,190091826,18.96,,
10709,彰化縣,農林漁牧,44628028,4.45,,
10709,彰化縣,工業,517896016,51.67,,
10709,南投縣,住宅,74775826,30.75,,
10709,南投縣,服務業,60244393,24.77,,
10709,南投縣,農林漁牧,9155446,3.76,,
10709,南投縣,工業,99006001,40.71,,
10709,雲林縣,住宅,137936390,26.59,,
10709,雲林縣,服務業,83577977,16.11,,
10709,雲林縣,農林漁牧,36706985,7.08,,
10709,雲林縣,工業,260597703,50.23,,
10709,嘉義縣,住宅,93572036,35.55,,
10709,嘉義縣,服務業,53167657,20.2,,
10709,嘉義縣,農林漁牧,24106852,9.16,,
10709,嘉義縣,工業,92338329,35.08,,
10709,屏東縣,住宅,160305391,38.05,,
10709,屏東縣,服務業,105693105,25.09,,
10709,屏東縣,農林漁牧,57611227,13.68,,
10709,屏東縣,工業,97637848,23.18,,
10709,台東縣,住宅,38564858,43.71,,
10709,台東縣,服務業,37077361,42.02,,
10709,台東縣,農林漁牧,1943215,2.2,,
10709,台東縣,工業,10649016,12.07,,
10709,花蓮縣,住宅,65704275,29.81,,
10709,花蓮縣,服務業,72531827,32.91,,
10709,花蓮縣,農林漁牧,2068590,0.94,,
10709,花蓮縣,工業,80082061,36.34,,
10709,基隆市,住宅,73761507,50.1,,
10709,基隆市,服務業,54441844,36.98,,
10709,基隆市,農林漁牧,9273,0.01,,
10709,基隆市,工業,19004320,12.91,,
10709,新竹市,住宅,119570460,13.04,,
10709,新竹市,服務業,121315294,13.23,,
10709,新竹市,農林漁牧,1000926,0.11,,
10709,新竹市,工業,675392370,73.63,,
10709,嘉義市,住宅,53972778,46.87,,
10709,嘉義市,服務業,53317105,46.3,,
10709,嘉義市,農林漁牧,625331,0.54,,
10709,嘉義市,工業,7236200,6.28,,
10709,澎湖縣,住宅,21009502,44.86,,
10709,澎湖縣,服務業,21498223,45.9,,
10709,澎湖縣,農林漁牧,413749,0.88,,
10709,澎湖縣,工業,3916144,8.36,,
10709,金門縣,住宅,14854742,44.63,,
10709,金門縣,服務業,14080231,42.3,,
10709,金門縣,農林漁牧,305749,0.92,,
10709,金門縣,工業,4047176,12.16,,
10709,連江縣,住宅,3228245,43.46,,
10709,連江縣,服務業,3520757,47.39,,
10709,連江縣,農林漁牧,11785,0.16,,
10709,連江縣,工業,667995,8.99,,
10708,新北市,住宅,916764114,43.57,,
10708,新北市,服務業,602559973,28.64,,
10708,新北市,農林漁牧,2894448,0.14,,
10708,新北市,工業,581740291,27.65,,
10708,台北市,住宅,586625078,36.46,,
10708,台北市,服務業,960370332,59.69,,
10708,台北市,農林漁牧,730183,0.05,,
10708,台北市,工業,61239109,3.81,,
10708,桃園市,住宅,534088690,19.5,,
10708,桃園市,服務業,448291099,16.37,,
10708,桃園市,農林漁牧,5148922,0.19,,
10708,桃園市,工業,1751050554,63.94,,
10708,台中市,住宅,607779554,21.38,,
10708,台中市,服務業,517732816,18.22,,
10708,台中市,農林漁牧,16472957,0.58,,
10708,台中市,工業,1700136187,59.82,,
10708,台南市,住宅,389978024,16.27,,
10708,台南市,服務業,309428096,12.91,,
10708,台南市,農林漁牧,37454538,1.56,,
10708,台南市,工業,1659759984,69.25,,
10708,高雄市,住宅,492100914,19.12,,
10708,高雄市,服務業,501827858,19.5,,
10708,高雄市,農林漁牧,21241423,0.83,,
10708,高雄市,工業,1558812979,60.56,,
10708,宜蘭縣,住宅,96257442,29.55,,
10708,宜蘭縣,服務業,80260622,24.64,,
10708,宜蘭縣,農林漁牧,7255525,2.23,,
10708,宜蘭縣,工業,141944593,43.58,,
10708,新竹縣,住宅,137731822,14.74,,
10708,新竹縣,服務業,101752716,10.89,,
10708,新竹縣,農林漁牧,1935011,0.21,,
10708,新竹縣,工業,692765458,74.16,,
10708,苗栗縣,住宅,103890803,16.21,,
10708,苗栗縣,服務業,69616840,10.86,,
10708,苗栗縣,農林漁牧,3217743,0.5,,
10708,苗栗縣,工業,464170379,72.43,,
10708,彰化縣,住宅,248919770,23.53,,
10708,彰化縣,服務業,199443293,18.85,,
10708,彰化縣,農林漁牧,47845724,4.52,,
10708,彰化縣,工業,561885828,53.1,,
10708,南投縣,住宅,92109388,33.79,,
10708,南投縣,服務業,63878896,23.43,,
10708,南投縣,農林漁牧,9739436,3.57,,
10708,南投縣,工業,106889040,39.21,,
10708,雲林縣,住宅,131880593,25.44,,
10708,雲林縣,服務業,79282367,15.29,,
10708,雲林縣,農林漁牧,39221098,7.56,,
10708,雲林縣,工業,268072436,51.71,,
10708,嘉義縣,住宅,83688918,32.57,,
10708,嘉義縣,服務業,51704061,20.12,,
10708,嘉義縣,農林漁牧,25443947,9.9,,
10708,嘉義縣,工業,96115844,37.41,,
10708,屏東縣,住宅,147659525,35.51,,
10708,屏東縣,服務業,104991744,25.25,,
10708,屏東縣,農林漁牧,61269560,14.73,,
10708,屏東縣,工業,101921068,24.51,,
10708,台東縣,住宅,43141562,45.65,,
10708,台東縣,服務業,38498729,40.73,,
10708,台東縣,農林漁牧,2004746,2.12,,
10708,台東縣,工業,10869073,11.5,,
10708,花蓮縣,住宅,70187933,32.37,,
10708,花蓮縣,服務業,70990804,32.74,,
10708,花蓮縣,農林漁牧,2301109,1.06,,
10708,花蓮縣,工業,73332167,33.82,,
10708,基隆市,住宅,80583031,52.3,,
10708,基隆市,服務業,53446518,34.69,,
10708,基隆市,農林漁牧,13759,0.01,,
10708,基隆市,工業,20040875,13.01,,
10708,新竹市,住宅,105360933,11.2,,
10708,新竹市,服務業,121236691,12.88,,
10708,新竹市,農林漁牧,1068914,0.11,,
10708,新竹市,工業,713255473,75.8,,
10708,嘉義市,住宅,53665328,47.21,,
10708,嘉義市,服務業,51491069,45.3,,
10708,嘉義市,農林漁牧,745402,0.66,,
10708,嘉義市,工業,7776324,6.84,,
10708,澎湖縣,住宅,17570284,42.2,,
10708,澎湖縣,服務業,19077969,45.82,,
10708,澎湖縣,農林漁牧,454662,1.09,,
10708,澎湖縣,工業,4534232,10.89,,
10708,金門縣,住宅,11943889,40.47,,
10708,金門縣,服務業,12708894,43.06,,
10708,金門縣,農林漁牧,328854,1.11,,
10708,金門縣,工業,4534745,15.36,,
10708,連江縣,住宅,2485068,35.73,,
10708,連江縣,服務業,3740530,53.77,,
10708,連江縣,農林漁牧,8959,0.13,,
10708,連江縣,工業,721498,10.37,,
10707,新北市,住宅,835853651,41.19,,
10707,新北市,服務業,619045669,30.51,,
10707,新北市,農林漁牧,2797669,0.14,,
10707,新北市,工業,571541090,28.17,,
10707,台北市,住宅,547191919,34.56,,
10707,台北市,服務業,965315106,60.98,,
10707,台北市,農林漁牧,718813,0.05,,
10707,台北市,工業,69884364,4.41,,
10707,桃園市,住宅,395057167,15.48,,
10707,桃園市,服務業,430607135,16.87,,
10707,桃園市,農林漁牧,4337056,0.17,,
10707,桃園市,工業,1722222475,67.48,,
10707,台中市,住宅,590046326,20.8,,
10707,台中市,服務業,526317834,18.55,,
10707,台中市,農林漁牧,15840441,0.56,,
10707,台中市,工業,1704844183,60.09,,
10707,台南市,住宅,380965350,16,,
10707,台南市,服務業,309881921,13.02,,
10707,台南市,農林漁牧,35038582,1.47,,
10707,台南市,工業,1654916454,69.51,,
10707,高雄市,住宅,632237650,23.32,,
10707,高雄市,服務業,510758874,18.84,,
10707,高雄市,農林漁牧,20891416,0.77,,
10707,高雄市,工業,1547642097,57.08,,
10707,宜蘭縣,住宅,83750717,27.37,,
10707,宜蘭縣,服務業,82377115,26.92,,
10707,宜蘭縣,農林漁牧,7158370,2.34,,
10707,宜蘭縣,工業,132689754,43.37,,
10707,新竹縣,住宅,106649287,11.87,,
10707,新竹縣,服務業,92182790,10.26,,
10707,新竹縣,農林漁牧,2068838,0.23,,
10707,新竹縣,工業,697266492,77.63,,
10707,苗栗縣,住宅,108947328,16.91,,
10707,苗栗縣,服務業,70257130,10.9,,
10707,苗栗縣,農林漁牧,3395967,0.53,,
10707,苗栗縣,工業,461701873,71.66,,
10707,彰化縣,住宅,233081177,22.8,,
10707,彰化縣,服務業,188583402,18.45,,
10707,彰化縣,農林漁牧,44444016,4.35,,
10707,彰化縣,工業,556280923,54.41,,
10707,南投縣,住宅,71939798,29.25,,
10707,南投縣,服務業,60488369,24.59,,
10707,南投縣,農林漁牧,9093596,3.7,,
10707,南投縣,工業,104423354,42.46,,
10707,雲林縣,住宅,136529769,25.98,,
10707,雲林縣,服務業,83417415,15.87,,
10707,雲林縣,農林漁牧,38117786,7.25,,
10707,雲林縣,工業,267474369,50.9,,
10707,嘉義縣,住宅,92883433,34.86,,
10707,嘉義縣,服務業,53045318,19.91,,
10707,嘉義縣,農林漁牧,24874880,9.33,,
10707,嘉義縣,工業,95675533,35.9,,
10707,屏東縣,住宅,165992453,38.08,,
10707,屏東縣,服務業,106784681,24.5,,
10707,屏東縣,農林漁牧,60667284,13.92,,
10707,屏東縣,工業,102456536,23.5,,
10707,台東縣,住宅,36009835,41.41,,
10707,台東縣,服務業,37846654,43.52,,
10707,台東縣,農林漁牧,2211543,2.54,,
10707,台東縣,工業,10894997,12.53,,
10707,花蓮縣,住宅,58061526,26.64,,
10707,花蓮縣,服務業,70507534,32.35,,
10707,花蓮縣,農林漁牧,2116155,0.97,,
10707,花蓮縣,工業,87292900,40.05,,
10707,基隆市,住宅,59907782,45.35,,
10707,基隆市,服務業,53160419,40.24,,
10707,基隆市,農林漁牧,8967,0.01,,
10707,基隆市,工業,19036875,14.41,,
10707,新竹市,住宅,104702660,11.22,,
10707,新竹市,服務業,121723900,13.05,,
10707,新竹市,農林漁牧,977840,0.1,,
10707,新竹市,工業,705401661,75.62,,
10707,嘉義市,住宅,53039904,46.04,,
10707,嘉義市,服務業,53988230,46.86,,
10707,嘉義市,農林漁牧,720935,0.63,,
10707,嘉義市,工業,7462085,6.48,,
10707,澎湖縣,住宅,18863417,41.45,,
10707,澎湖縣,服務業,21576835,47.41,,
10707,澎湖縣,農林漁牧,415331,0.91,,
10707,澎湖縣,工業,4654004,10.23,,
10707,金門縣,住宅,12436694,40.11,,
10707,金門縣,服務業,13748802,44.35,,
10707,金門縣,農林漁牧,287627,0.93,,
10707,金門縣,工業,4530140,14.61,,
10707,連江縣,住宅,2722655,40.1,,
10707,連江縣,服務業,3381282,49.8,,
10707,連江縣,農林漁牧,6968,0.1,,
10707,連江縣,工業,678610,9.99,,
10706,新北市,住宅,661424478,38.06,,
10706,新北市,服務業,542852405,31.24,,
10706,新北市,農林漁牧,2532439,0.15,,
10706,新北市,工業,531065762,30.56,,
10706,台北市,住宅,424575580,31.35,,
10706,台北市,服務業,874105035,64.54,,
10706,台北市,農林漁牧,686771,0.05,,
10706,台北市,工業,54914280,4.05,,
10706,桃園市,住宅,397385330,16.14,,
10706,桃園市,服務業,407283290,16.54,,
10706,桃園市,農林漁牧,411032,0.17,,
10706,桃園市,工業,1653589147,67.15,,
10706,台中市,住宅,499445406,19.07,,
10706,台中市,服務業,487337921,18.61,,
10706,台中市,農林漁牧,15529813,0.59,,
10706,台中市,工業,1616731566,61.73,,
10706,台南市,住宅,341435622,15.03,,
10706,台南市,服務業,307459431,13.53,,
10706,台南市,農林漁牧,33046081,1.45,,
10706,台南市,工業,1590366535,69.99,,
10706,高雄市,住宅,435859290,17.7,,
10706,高雄市,服務業,497507734,20.21,,
10706,高雄市,農林漁牧,20717867,0.84,,
10706,高雄市,工業,1507912309,61.25,,
10706,宜蘭縣,住宅,71275508,25.53,,
10706,宜蘭縣,服務業,70744529,25.34,,
10706,宜蘭縣,農林漁牧,6616090,2.37,,
10706,宜蘭縣,工業,130533112,46.76,,
10706,新竹縣,住宅,101228858,11.8,,
10706,新竹縣,服務業,91895099,10.71,,
10706,新竹縣,農林漁牧,1644420,0.19,,
10706,新竹縣,工業,663331805,77.3,,
10706,苗栗縣,住宅,78628344,13.38,,
10706,苗栗縣,服務業,63967780,10.88,,
10706,苗栗縣,農林漁牧,3036133,0.52,,
10706,苗栗縣,工業,442085477,75.22,,
10706,彰化縣,住宅,204288086,21.18,,
10706,彰化縣,服務業,185089189,19.19,,
10706,彰化縣,農林漁牧,43314367,4.49,,
10706,彰化縣,工業,531811007,55.14,,
10706,南投縣,住宅,80514377,31.75,,
10706,南投縣,服務業,60913897,24.02,,
10706,南投縣,農林漁牧,10466251,4.13,,
10706,南投縣,工業,101666879,40.1,,
10706,雲林縣,住宅,123742129,24.96,,
10706,雲林縣,服務業,76083716,15.35,,
10706,雲林縣,農林漁牧,37967331,7.66,,
10706,雲林縣,工業,257891628,52.03,,
10706,嘉義縣,住宅,79521280,32.61,,
10706,嘉義縣,服務業,50443678,20.69,,
10706,嘉義縣,農林漁牧,26354935,10.81,,
10706,嘉義縣,工業,87502424,35.89,,
10706,屏東縣,住宅,136641548,34.06,,
10706,屏東縣,服務業,103217985,25.73,,
10706,屏東縣,農林漁牧,63654177,15.87,,
10706,屏東縣,工業,97629908,24.34,,
10706,台東縣,住宅,34400653,42.51,,
10706,台東縣,服務業,34229460,42.3,,
10706,台東縣,農林漁牧,2049244,2.53,,
10706,台東縣,工業,10239627,12.65,,
10706,花蓮縣,住宅,54728245,26.97,,
10706,花蓮縣,服務業,65416718,32.24,,
10706,花蓮縣,農林漁牧,1978616,0.98,,
10706,花蓮縣,工業,80807529,39.82,,
10706,基隆市,住宅,57749308,46.44,,
10706,基隆市,服務業,47883921,38.51,,
10706,基隆市,農林漁牧,16883,0.01,,
10706,基隆市,工業,18694506,15.03,,
10706,新竹市,住宅,76503995,8.85,,
10706,新竹市,服務業,110775031,12.81,,
10706,新竹市,農林漁牧,951286,0.11,,
10706,新竹市,工業,676306815,78.23,,
10706,嘉義市,住宅,45930903,44.23,,
10706,嘉義市,服務業,49615918,47.78,,
10706,嘉義市,農林漁牧,817243,0.79,,
10706,嘉義市,工業,7480278,7.2,,
10706,澎湖縣,住宅,14001630,39.29,,
10706,澎湖縣,服務業,16870348,47.35,,
10706,澎湖縣,農林漁牧,384783,1.08,,
10706,澎湖縣,工業,4375665,12.28,,
10706,金門縣,住宅,8846887,36.57,,
10706,金門縣,服務業,11170655,46.18,,
10706,金門縣,農林漁牧,261939,1.08,,
10706,金門縣,工業,3912002,16.17,,
10706,連江縣,住宅,1895598,34.19,,
10706,連江縣,服務業,3042922,54.88,,
10706,連江縣,農林漁牧,5923,0.11,,
10706,連江縣,工業,600514,10.83,,
10705,新北市,住宅,571924758,34.73,,
10705,新北市,服務業,536535174,32.58,,
10705,新北市,農林漁牧,2352890,0.14,,
10705,新北市,工業,536112547,32.55,,
10705,台北市,住宅,370032635,28.72,,
10705,台北市,服務業,857212136,66.54,,
10705,台北市,農林漁牧,683104,0.05,,
10705,台北市,工業,60429908,4.69,,
10705,桃園市,住宅,295348654,12.32,,
10705,桃園市,服務業,383153115,15.99,,
10705,桃園市,農林漁牧,3393988,0.14,,
10705,桃園市,工業,1714796322,71.55,,
10705,台中市,住宅,425124354,16.41,,
10705,台中市,服務業,474577349,18.32,,
10705,台中市,農林漁牧,14458560,0.56,,
10705,台中市,工業,1676673827,64.72,,
10705,台南市,住宅,281335499,12.49,,
10705,台南市,服務業,294902716,13.1,,
10705,台南市,農林漁牧,29098364,1.29,,
10705,台南市,工業,1646556991,73.12,,
10705,高雄市,住宅,464349652,18.04,,
10705,高雄市,服務業,486721888,18.91,,
10705,高雄市,農林漁牧,20762552,0.81,,
10705,高雄市,工業,1601750530,62.24,,
10705,宜蘭縣,住宅,61544504,23.01,,
10705,宜蘭縣,服務業,70538288,26.37,,
10705,宜蘭縣,農林漁牧,5711430,2.14,,
10705,宜蘭縣,工業,129666274,48.48,,
10705,新竹縣,住宅,77808518,9.26,,
10705,新竹縣,服務業,81703431,9.72,,
10705,新竹縣,農林漁牧,1560668,0.19,,
10705,新竹縣,工業,679250416,80.83,,
10705,苗栗縣,住宅,76550474,12.8,,
10705,苗栗縣,服務業,62160898,10.4,,
10705,苗栗縣,農林漁牧,2404158,0.4,,
10705,苗栗縣,工業,456831630,76.4,,
10705,彰化縣,住宅,177653936,18.91,,
10705,彰化縣,服務業,172296823,18.34,,
10705,彰化縣,農林漁牧,37422480,3.98,,
10705,彰化縣,工業,552197536,58.77,,
10705,南投縣,住宅,59693167,26,,
10705,南投縣,服務業,56598725,24.65,,
10705,南投縣,農林漁牧,8896682,3.87,,
10705,南投縣,工業,104440623,45.48,,
10705,雲林縣,住宅,106867261,22.25,,
10705,雲林縣,服務業,76041838,15.83,,
10705,雲林縣,農林漁牧,33743737,7.03,,
10705,雲林縣,工業,263585244,54.89,,
10705,嘉義縣,住宅,72424615,29.98,,
10705,嘉義縣,服務業,50303151,20.83,,
10705,嘉義縣,農林漁牧,22582063,9.35,,
10705,嘉義縣,工業,96237430,39.84,,
10705,屏東縣,住宅,130882250,33.05,,
10705,屏東縣,服務業,102747935,25.95,,
10705,屏東縣,農林漁牧,61232816,15.46,,
10705,屏東縣,工業,101140524,25.54,,
10705,台東縣,住宅,27790180,38.4,,
10705,台東縣,服務業,32334585,44.68,,
10705,台東縣,農林漁牧,1822326,2.52,,
10705,台東縣,工業,10423717,14.4,,
10705,花蓮縣,住宅,44183913,22.28,,
10705,花蓮縣,服務業,63409428,31.98,,
10705,花蓮縣,農林漁牧,1634077,0.82,,
10705,花蓮縣,工業,89048618,44.91,,
10705,基隆市,住宅,44742012,41.07,,
10705,基隆市,服務業,46478875,42.66,,
10705,基隆市,農林漁牧,11323,0.01,,
10705,基隆市,工業,17714865,16.26,,
10705,新竹市,住宅,71839344,8.27,,
10705,新竹市,服務業,109487331,12.6,,
10705,新竹市,農林漁牧,838529,0.1,,
10705,新竹市,工業,686838252,79.04,,
10705,嘉義市,住宅,38926735,40.37,,
10705,嘉義市,服務業,49527077,51.36,,
10705,嘉義市,農林漁牧,655430,0.68,,
10705,嘉義市,工業,7322821,7.59,,
10705,澎湖縣,住宅,13875398,37.65,,
10705,澎湖縣,服務業,18183132,49.34,,
10705,澎湖縣,農林漁牧,324506,0.88,,
10705,澎湖縣,工業,4468188,12.12,,
10705,金門縣,住宅,9224238,36.62,,
10705,金門縣,服務業,11798547,46.84,,
10705,金門縣,農林漁牧,238524,0.95,,
10705,金門縣,工業,3929960,15.6,,
10705,連江縣,住宅,2206412,39.29,,
10705,連江縣,服務業,2774608,49.4,,
10705,連江縣,農林漁牧,3565,0.06,,
10705,連江縣,工業,631650,11.25,,
10704,新北市,住宅,591605740,39.23,,
10704,新北市,服務業,441549977,29.28,,
10704,新北市,農林漁牧,2090094,0.14,,
10704,新北市,工業,472886030,31.36,,
10704,台北市,住宅,362207742,32.45,,
10704,台北市,服務業,707921382,63.42,,
10704,台北市,農林漁牧,550339,0.05,,
10704,台北市,工業,45648967,4.09,,
10704,桃園市,住宅,379752654,16.63,,
10704,桃園市,服務業,331693177,14.53,,
10704,桃園市,農林漁牧,3399233,0.15,,
10704,桃園市,工業,1568743892,68.7,,
10704,台中市,住宅,432906978,18.32,,
10704,台中市,服務業,398622321,16.87,,
10704,台中市,農林漁牧,13031675,0.55,,
10704,台中市,工業,1518593665,64.26,,
10704,台南市,住宅,278070188,13.41,,
10704,台南市,服務業,258465991,12.47,,
10704,台南市,農林漁牧,26851406,1.3,,
10704,台南市,工業,1509446647,72.82,,
10704,高雄市,住宅,345967420,14.99,,
10704,高雄市,服務業,421603459,18.26,,
10704,高雄市,農林漁牧,19928960,0.86,,
10704,高雄市,工業,1521115595,65.89,,
10704,宜蘭縣,住宅,68716500,26.44,,
10704,宜蘭縣,服務業,58352285,22.45,,
10704,宜蘭縣,農林漁牧,4886553,1.88,,
10704,宜蘭縣,工業,127989729,49.24,,
10704,新竹縣,住宅,92583238,11.74,,
10704,新竹縣,服務業,74986817,9.51,,
10704,新竹縣,農林漁牧,1263536,0.16,,
10704,新竹縣,工業,619978756,78.6,,
10704,苗栗縣,住宅,69124632,12.55,,
10704,苗栗縣,服務業,52518328,9.53,,
10704,苗栗縣,農林漁牧,2238577,0.41,,
10704,苗栗縣,工業,427089227,77.52,,
10704,彰化縣,住宅,180745492,20.77,,
10704,彰化縣,服務業,156384772,17.97,,
10704,彰化縣,農林漁牧,33203280,3.82,,
10704,彰化縣,工業,499745155,57.44,,
10704,南投縣,住宅,75568365,32.88,,
10704,南投縣,服務業,51496382,22.41,,
10704,南投縣,農林漁牧,8326964,3.62,,
10704,南投縣,工業,94450558,41.09,,
10704,雲林縣,住宅,102446560,23.03,,
10704,雲林縣,服務業,62684778,14.09,,
10704,雲林縣,農林漁牧,30414886,6.84,,
10704,雲林縣,工業,249385560,56.05,,
10704,嘉義縣,住宅,66101599,30.31,,
10704,嘉義縣,服務業,42403404,19.44,,
10704,嘉義縣,農林漁牧,19118316,8.77,,
10704,嘉義縣,工業,90491262,41.49,,
10704,屏東縣,住宅,113651767,32.4,,
10704,屏東縣,服務業,88255670,25.16,,
10704,屏東縣,農林漁牧,59559876,16.98,,
10704,屏東縣,工業,89294781,25.46,,
10704,台東縣,住宅,31958234,44.35,,
10704,台東縣,服務業,28088044,38.98,,
10704,台東縣,農林漁牧,1741501,2.42,,
10704,台東縣,工業,10273804,14.26,,
10704,花蓮縣,住宅,51211069,26.96,,
10704,花蓮縣,服務業,54847659,28.87,,
10704,花蓮縣,農林漁牧,1581490,0.83,,
10704,花蓮縣,工業,82328661,43.34,,
10704,基隆市,住宅,57708512,50.81,,
10704,基隆市,服務業,39261831,34.57,,
10704,基隆市,農林漁牧,15885,0.01,,
10704,基隆市,工業,16591087,14.61,,
10704,新竹市,住宅,66421113,8.35,,
10704,新竹市,服務業,91552431,11.51,,
10704,新竹市,農林漁牧,820138,0.1,,
10704,新竹市,工業,636299450,80.03,,
10704,嘉義市,住宅,38806743,44.89,,
10704,嘉義市,服務業,40243045,46.55,,
10704,嘉義市,農林漁牧,629254,0.73,,
10704,嘉義市,工業,6764877,7.83,,
10704,澎湖縣,住宅,12471008,41.1,,
10704,澎湖縣,服務業,13586513,44.78,,
10704,澎湖縣,農林漁牧,310868,1.02,,
10704,澎湖縣,工業,3972797,13.09,,
10704,金門縣,住宅,8740011,41.79,,
10704,金門縣,服務業,9034002,43.2,,
10704,金門縣,農林漁牧,219317,1.05,,
10704,金門縣,工業,2919858,13.96,,
10704,連江縣,住宅,1882374,37.78,,
10704,連江縣,服務業,2506277,50.3,,
10704,連江縣,農林漁牧,3884,0.08,,
10704,連江縣,工業,589950,11.84,,
10703,新北市,住宅,603660195,39.36,,
10703,新北市,服務業,448169321,29.22,,
10703,新北市,農林漁牧,2093412,0.14,,
10703,新北市,工業,479933942,31.29,,
10703,台北市,住宅,385705468,33.83,,
10703,台北市,服務業,703067928,61.67,,
10703,台北市,農林漁牧,533862,0.05,,
10703,台北市,工業,50801456,4.46,,
10703,桃園市,住宅,329142529,14.39,,
10703,桃園市,服務業,316320984,13.83,,
10703,桃園市,農林漁牧,2917730,0.13,,
10703,桃園市,工業,1638740592,71.65,,
10703,台中市,住宅,431264825,18.12,,
10703,台中市,服務業,388995640,16.34,,
10703,台中市,農林漁牧,12265116,0.52,,
10703,台中市,工業,1547673982,65.02,,
10703,台南市,住宅,272476833,12.98,,
10703,台南市,服務業,240574314,11.46,,
10703,台南市,農林漁牧,25539460,1.22,,
10703,台南市,工業,1560689423,74.34,,
10703,高雄市,住宅,428808598,17.57,,
10703,高雄市,服務業,405099588,16.6,,
10703,高雄市,農林漁牧,18437749,0.76,,
10703,高雄市,工業,1588600737,65.08,,
10703,宜蘭縣,住宅,67271179,25.93,,
10703,宜蘭縣,服務業,60794563,23.43,,
10703,宜蘭縣,農林漁牧,4569713,1.76,,
10703,宜蘭縣,工業,126835411,48.88,,
10703,新竹縣,住宅,84872712,10.8,,
10703,新竹縣,服務業,68534304,8.72,,
10703,新竹縣,農林漁牧,1363320,0.17,,
10703,新竹縣,工業,630916901,80.3,,
10703,苗栗縣,住宅,79652618,13.81,,
10703,苗栗縣,服務業,52562223,9.11,,
10703,苗栗縣,農林漁牧,1981840,0.34,,
10703,苗栗縣,工業,442478936,76.73,,
10703,彰化縣,住宅,178650619,20.65,,
10703,彰化縣,服務業,147272106,17.03,,
10703,彰化縣,農林漁牧,30788616,3.56,,
10703,彰化縣,工業,508272533,58.76,,
10703,南投縣,住宅,62813040,28.58,,
10703,南投縣,服務業,48698747,22.15,,
10703,南投縣,農林漁牧,7238749,3.29,,
10703,南投縣,工業,101060300,45.98,,
10703,雲林縣,住宅,99240471,22.15,,
10703,雲林縣,服務業,63021858,14.07,,
10703,雲林縣,農林漁牧,29499852,6.58,,
10703,雲林縣,工業,256275813,57.2,,
10703,嘉義縣,住宅,70315734,33.55,,
10703,嘉義縣,服務業,41741783,19.91,,
10703,嘉義縣,農林漁牧,18317727,8.74,,
10703,嘉義縣,工業,79228760,37.8,,
10703,屏東縣,住宅,121664350,33.78,,
10703,屏東縣,服務業,86852470,24.11,,
10703,屏東縣,農林漁牧,59926359,16.64,,
10703,屏東縣,工業,91756837,25.47,,
10703,台東縣,住宅,27815561,41.09,,
10703,台東縣,服務業,27496975,40.62,,
10703,台東縣,農林漁牧,1735694,2.56,,
10703,台東縣,工業,10640608,15.72,,
10703,花蓮縣,住宅,44668306,24.92,,
10703,花蓮縣,服務業,54697667,30.52,,
10703,花蓮縣,農林漁牧,1550913,0.87,,
10703,花蓮縣,工業,78305411,43.69,,
10703,基隆市,住宅,50496294,47.56,,
10703,基隆市,服務業,39042919,36.78,,
10703,基隆市,農林漁牧,11835,0.01,,
10703,基隆市,工業,16614824,15.65,,
10703,新竹市,住宅,76234519,9.37,,
10703,新竹市,服務業,89382708,10.99,,
10703,新竹市,農林漁牧,766094,0.09,,
10703,新竹市,工業,646837766,79.54,,
10703,嘉義市,住宅,38539026,45.02,,
10703,嘉義市,服務業,40269290,47.04,,
10703,嘉義市,農林漁牧,523467,0.61,,
10703,嘉義市,工業,6271601,7.33,,
10703,澎湖縣,住宅,13925568,43.04,,
10703,澎湖縣,服務業,14243255,44.02,,
10703,澎湖縣,農林漁牧,321791,0.99,,
10703,澎湖縣,工業,3865889,11.95,,
10703,金門縣,住宅,10257078,45.82,,
10703,金門縣,服務業,9579864,42.79,,
10703,金門縣,農林漁牧,217561,0.97,,
10703,金門縣,工業,2333186,10.42,,
10703,連江縣,住宅,2320527,42.89,,
10703,連江縣,服務業,2526489,46.7,,
10703,連江縣,農林漁牧,2111,0.04,,
10703,連江縣,工業,560682,10.36,,
10702,新北市,住宅,556277135,41.41,,
10702,新北市,服務業,374142475,27.85,,
10702,新北市,農林漁牧,110405,0.15,,
10702,新北市,工業,410791455,30.58,,
10702,台北市,住宅,345008917,35.92,,
10702,台北市,服務業,576389103,60,,
10702,台北市,農林漁牧,456280,0.05,,
10702,台北市,工業,38719668,4.03,,
10702,桃園市,住宅,361186375,18.64,,
10702,桃園市,服務業,274628945,14.17,,
10702,桃園市,農林漁牧,2875353,0.15,,
10702,桃園市,工業,1299230146,67.04,,
10702,台中市,住宅,400185923,19.75,,
10702,台中市,服務業,328984323,16.23,,
10702,台中市,農林漁牧,10972049,0.54,,
10702,台中市,工業,1286293451,63.48,,
10702,台南市,住宅,258068383,14.35,,
10702,台南市,服務業,11156353,11.25,,
10702,台南市,農林漁牧,23098506,1.28,,
10702,台南市,工業,1314883101,73.12,,
10702,高雄市,住宅,314010047,15.95,,
10702,高雄市,服務業,338719435,17.2,,
10702,高雄市,農林漁牧,16929031,0.86,,
10702,高雄市,工業,1299427902,65.99,,
10702,宜蘭縣,住宅,66323429,30.23,,
10702,宜蘭縣,服務業,49407462,22.52,,
10702,宜蘭縣,農林漁牧,3758228,1.71,,
10702,宜蘭縣,工業,99875623,45.53,,
10702,新竹縣,住宅,87220069,12.73,,
10702,新竹縣,服務業,62870904,9.18,,
10702,新竹縣,農林漁牧,1083625,0.16,,
10702,新竹縣,工業,533836062,77.93,,
10702,苗栗縣,住宅,64024611,13.89,,
10702,苗栗縣,服務業,44858020,9.73,,
10702,苗栗縣,農林漁牧,1815850,0.39,,
10702,苗栗縣,工業,350109420,75.98,,
10702,彰化縣,住宅,165009280,22.77,,
10702,彰化縣,服務業,132796020,18.33,,
10702,彰化縣,農林漁牧,27932770,3.85,,
10702,彰化縣,工業,398868850,55.05,,
10702,南投縣,住宅,70955722,35.67,,
10702,南投縣,服務業,43741541,21.99,,
10702,南投縣,農林漁牧,6280342,3.16,,
10702,南投縣,工業,77934602,39.18,,
10702,雲林縣,住宅,85959223,23.03,,
10702,雲林縣,服務業,51809128,13.88,,
10702,雲林縣,農林漁牧,24702764,6.62,,
10702,雲林縣,工業,210856204,56.48,,
10702,嘉義縣,住宅,58484401,34.61,,
10702,嘉義縣,服務業,34369532,20.34,,
10702,嘉義縣,農林漁牧,15480423,9.16,,
10702,嘉義縣,工業,60651134,35.89,,
10702,屏東縣,住宅,102878698,34.48,,
10702,屏東縣,服務業,72687445,24.36,,
10702,屏東縣,農林漁牧,53073485,17.79,,
10702,屏東縣,工業,69746495,23.37,,
10702,台東縣,住宅,29209025,46.2,,
10702,台東縣,服務業,23629283,37.38,,
10702,台東縣,農林漁牧,1501783,2.38,,
10702,台東縣,工業,8879372,14.05,,
10702,花蓮縣,住宅,47984405,28.98,,
10702,花蓮縣,服務業,45365175,27.4,,
10702,花蓮縣,農林漁牧,1291893,0.78,,
10702,花蓮縣,工業,70952851,42.85,,
10702,基隆市,住宅,54459683,54.1,,
10702,基隆市,服務業,32932187,32.71,,
10702,基隆市,農林漁牧,13678,0.01,,
10702,基隆市,工業,13261298,13.17,,
10702,新竹市,住宅,63747691,9.09,,
10702,新竹市,服務業,72836402,10.38,,
10702,新竹市,農林漁牧,632621,0.09,,
10702,新竹市,工業,564418316,80.44,,
10702,嘉義市,住宅,36023350,48.43,,
10702,嘉義市,服務業,32192139,43.28,,
10702,嘉義市,農林漁牧,535738,0.72,,
10702,嘉義市,工業,5638013,7.58,,
10702,澎湖縣,住宅,11251220,43.62,,
10702,澎湖縣,服務業,10975469,42.55,,
10702,澎湖縣,農林漁牧,272331,1.06,,
10702,澎湖縣,工業,3292525,12.77,,
10702,金門縣,住宅,8133259,46.09,,
10702,金門縣,服務業,7471065,42.34,,
10702,金門縣,農林漁牧,178877,1.01,,
10702,金門縣,工業,1861667,10.55,,
10702,連江縣,住宅,1838388,39.21,,
10702,連江縣,服務業,2328651,49.67,,
10702,連江縣,農林漁牧,1807,0.04,,
10702,連江縣,工業,519134,11.07,,
10701,新北市,住宅,567361415,37.01,,
10701,新北市,服務業,455136698,29.69,,
10701,新北市,農林漁牧,2258851,0.15,,
10701,新北市,工業,508214000,33.15,,
10701,台北市,住宅,367603251,32.88,,
10701,台北市,服務業,696676943,62.31,,
10701,台北市,農林漁牧,547230,0.05,,
10701,台北市,工業,53219150,4.76,,
10701,桃園市,住宅,301386849,13.49,,
10701,桃園市,服務業,313964255,14.05,,
10701,桃園市,農林漁牧,2909672,0.13,,
10701,桃園市,工業,1616453519,72.33,,
10701,台中市,住宅,405744039,17.38,,
10701,台中市,服務業,389495882,16.68,,
10701,台中市,農林漁牧,12436983,0.53,,
10701,台中市,工業,1526833237,65.4,,
10701,台南市,住宅,259292859,12.62,,
10701,台南市,服務業,233136259,11.35,,
10701,台南市,農林漁牧,25898576,1.26,,
10701,台南市,工業,1536475135,74.77,,
10701,高雄市,住宅,425577665,18.24,,
10701,高雄市,服務業,395056899,16.93,,
10701,高雄市,農林漁牧,18889248,0.81,,
10701,高雄市,工業,1493917655,64.02,,
10701,宜蘭縣,住宅,64297581,24.42,,
10701,宜蘭縣,服務業,60324520,22.92,,
10701,宜蘭縣,農林漁牧,4147811,1.58,,
10701,宜蘭縣,工業,134478808,51.08,,
10701,新竹縣,住宅,77609298,10.13,,
10701,新竹縣,服務業,67980681,8.88,,
10701,新竹縣,農林漁牧,1385966,0.18,,
10701,新竹縣,工業,618967032,80.81,,
10701,苗栗縣,住宅,73783419,13.35,,
10701,苗栗縣,服務業,53135507,9.62,,
10701,苗栗縣,農林漁牧,1999128,0.36,,
10701,苗栗縣,工業,423697768,76.67,,
10701,彰化縣,住宅,165559285,19.47,,
10701,彰化縣,服務業,145946101,17.17,,
10701,彰化縣,農林漁牧,29984885,3.53,,
10701,彰化縣,工業,508675651,59.83,,
10701,南投縣,住宅,59243619,27.85,,
10701,南投縣,服務業,47904414,22.52,,
10701,南投縣,農林漁牧,7089554,3.33,,
10701,南投縣,工業,98495673,46.3,,
10701,雲林縣,住宅,90079021,21.18,,
10701,雲林縣,服務業,62300410,14.65,,
10701,雲林縣,農林漁牧,25345353,5.96,,
10701,雲林縣,工業,247563005,58.21,,
10701,嘉義縣,住宅,64518586,31.98,,
10701,嘉義縣,服務業,41696162,20.67,,
10701,嘉義縣,農林漁牧,16383292,8.12,,
10701,嘉義縣,工業,79124979,39.22,,
10701,屏東縣,住宅,120334605,34.26,,
10701,屏東縣,服務業,84984339,24.19,,
10701,屏東縣,農林漁牧,57952647,16.5,,
10701,屏東縣,工業,88017046,25.06,,
10701,台東縣,住宅,27750038,42.03,,
10701,台東縣,服務業,26635021,40.34,,
10701,台東縣,農林漁牧,1675631,2.54,,
10701,台東縣,工業,9965682,15.09,,
10701,花蓮縣,住宅,43856358,23.31,,
10701,花蓮縣,服務業,54381482,28.9,,
10701,花蓮縣,農林漁牧,1468863,0.78,,
10701,花蓮縣,工業,88455775,47.01,,
10701,基隆市,住宅,47162176,46.16,,
10701,基隆市,服務業,38515156,37.69,,
10701,基隆市,農林漁牧,11296,0.01,,
10701,基隆市,工業,16492367,16.14,,
10701,新竹市,住宅,70446371,9.01,,
10701,新竹市,服務業,84903867,10.86,,
10701,新竹市,農林漁牧,689852,0.09,,
10701,新竹市,工業,626101875,80.05,,
10701,嘉義市,住宅,36163731,44.1,,
10701,嘉義市,服務業,38765127,47.27,,
10701,嘉義市,農林漁牧,479877,0.59,,
10701,嘉義市,工業,6604483,8.05,,
10701,澎湖縣,住宅,13296067,43.84,,
10701,澎湖縣,服務業,13106965,43.22,,
10701,澎湖縣,農林漁牧,288226,0.95,,
10701,澎湖縣,工業,3635276,11.99,,
10701,金門縣,住宅,9318324,43.79,,
10701,金門縣,服務業,9468411,44.5,,
10701,金門縣,農林漁牧,198838,0.93,,
10701,金門縣,工業,2292034,10.77,,
10701,連江縣,住宅,2269171,41.95,,
10701,連江縣,服務業,2556055,47.26,,
10701,連江縣,農林漁牧,1900,0.04,,
10701,連江縣,工業,581665,10.75,,
10612,新北市,住宅,597702997,38.69,,
10612,新北市,服務業,502526104,32.53,,
10612,新北市,農林漁牧,1665382,0.11,,
10612,新北市,工業,443094465,28.68,,
10612,台北市,住宅,381749660,33.53,,
10612,台北市,服務業,720565536,63.29,,
10612,台北市,農林漁牧,1416653,0.12,,
10612,台北市,工業,34826933,3.06,,
10612,桃園市,住宅,362422079,15.69,,
10612,桃園市,服務業,346123155,14.99,,
10612,桃園市,農林漁牧,2459494,0.11,,
10612,桃園市,工業,1598264317,69.21,,
10612,台中市,住宅,436932289,18.71,,
10612,台中市,服務業,501733283,21.48,,
10612,台中市,農林漁牧,12720774,0.54,,
10612,台中市,工業,1384307207,59.27,,
10612,台南市,住宅,288905185,13.67,,
10612,台南市,服務業,246522141,11.66,,
10612,台南市,農林漁牧,32010868,1.51,,
10612,台南市,工業,1546701322,73.16,,
10612,高雄市,住宅,377103284,16.47,,
10612,高雄市,服務業,440208161,19.23,,
10612,高雄市,農林漁牧,20390786,0.89,,
10612,高雄市,工業,1451403175,63.4,,
10612,宜蘭縣,住宅,65522671,25.34,,
10612,宜蘭縣,服務業,58653493,22.69,,
10612,宜蘭縣,農林漁牧,4844224,1.87,,
10612,宜蘭縣,工業,129526613,50.1,,
10612,新竹縣,住宅,91015481,11.58,,
10612,新竹縣,服務業,76758020,9.76,,
10612,新竹縣,農林漁牧,1440414,0.18,,
10612,新竹縣,工業,617086899,78.48,,
10612,苗栗縣,住宅,68079185,11.95,,
10612,苗栗縣,服務業,56042425,9.84,,
10612,苗栗縣,農林漁牧,2167540,0.38,,
10612,苗栗縣,工業,443241377,77.83,,
10612,彰化縣,住宅,178242112,20.31,,
10612,彰化縣,服務業,171649495,19.56,,
10612,彰化縣,農林漁牧,33483883,3.82,,
10612,彰化縣,工業,494291620,56.32,,
10612,南投縣,住宅,75882955,32.4,,
10612,南投縣,服務業,54142498,23.12,,
10612,南投縣,農林漁牧,9221245,3.94,,
10612,南投縣,工業,94924493,40.54,,
10612,雲林縣,住宅,96933330,22.12,,
10612,雲林縣,服務業,61428088,14.02,,
10612,雲林縣,農林漁牧,29855387,6.81,,
10612,雲林縣,工業,249943153,57.04,,
10612,嘉義縣,住宅,63455797,28.86,,
10612,嘉義縣,服務業,43035147,19.57,,
10612,嘉義縣,農林漁牧,19001962,8.64,,
10612,嘉義縣,工業,94386998,42.93,,
10612,屏東縣,住宅,118603267,33,,
10612,屏東縣,服務業,85472802,23.78,,
10612,屏東縣,農林漁牧,61280235,17.05,,
10612,屏東縣,工業,94021229,26.16,,
10612,台東縣,住宅,32064544,43.67,,
10612,台東縣,服務業,28429373,38.72,,
10612,台東縣,農林漁牧,2503692,3.41,,
10612,台東縣,工業,10434213,14.21,,
10612,花蓮縣,住宅,50197691,25.28,,
10612,花蓮縣,服務業,54454455,27.42,,
10612,花蓮縣,農林漁牧,2649182,1.33,,
10612,花蓮縣,工業,91297767,45.97,,
10612,基隆市,住宅,57480437,49.9,,
10612,基隆市,服務業,41192837,35.76,,
10612,基隆市,農林漁牧,8136,0.01,,
10612,基隆市,工業,16519011,14.34,,
10612,新竹市,住宅,65790385,8.36,,
10612,新竹市,服務業,96286789,12.24,,
10612,新竹市,農林漁牧,616531,0.08,,
10612,新竹市,工業,624197242,79.32,,
10612,嘉義市,住宅,39872397,45.22,,
10612,嘉義市,服務業,41068670,46.58,,
10612,嘉義市,農林漁牧,493929,0.56,,
10612,嘉義市,工業,6735511,7.64,,
10612,澎湖縣,住宅,12586283,44.24,,
10612,澎湖縣,服務業,11999969,42.18,,
10612,澎湖縣,農林漁牧,381078,1.34,,
10612,澎湖縣,工業,3479539,12.23,,
10612,金門縣,住宅,8112571,41.24,,
10612,金門縣,服務業,9221763,46.88,,
10612,金門縣,農林漁牧,240344,1.22,,
10612,金門縣,工業,2096117,10.66,,
10612,連江縣,住宅,1676367,34.84,,
10612,連江縣,服務業,2682626,55.76,,
10612,連江縣,農林漁牧,14299,0.3,,
10612,連江縣,工業,438093,9.11,,
10611,新北市,住宅,794217250,42.8,,
10611,新北市,服務業,608894459,32.81,,
10611,新北市,農林漁牧,1728287,0.09,,
10611,新北市,工業,450913375,24.3,,
10611,台北市,住宅,525126640,37.43,,
10611,台北市,服務業,841195246,59.96,,
10611,台北市,農林漁牧,1541334,0.11,,
10611,台北市,工業,35112459,2.5,,
10611,桃園市,住宅,374071267,15.84,,
10611,桃園市,服務業,392306100,16.61,,
10611,桃園市,農林漁牧,2449287,0.1,,
10611,桃園市,工業,1592473445,67.44,,
10611,台中市,住宅,574534748,22.29,,
10611,台中市,服務業,579410084,22.48,,
10611,台中市,農林漁牧,13989202,0.54,,
10611,台中市,工業,1409903194,54.69,,
10611,台南市,住宅,373179371,16.73,,
10611,台南市,服務業,273891671,12.28,,
10611,台南市,農林漁牧,36156972,1.62,,
10611,台南市,工業,1547457799,69.37,,
10611,高雄市,住宅,622493386,24.15,,
10611,高雄市,服務業,488836625,18.97,,
10611,高雄市,農林漁牧,21223459,0.82,,
10611,高雄市,工業,1444764153,56.06,,
10611,宜蘭縣,住宅,80145807,28.92,,
10611,宜蘭縣,服務業,69427824,25.05,,
10611,宜蘭縣,農林漁牧,5771477,2.08,,
10611,宜蘭縣,工業,121765622,43.94,,
10611,新竹縣,住宅,102406586,12.6,,
10611,新竹縣,服務業,78483428,9.65,,
10611,新竹縣,農林漁牧,1627827,0.2,,
10611,新竹縣,工業,630393262,77.55,,
10611,苗栗縣,住宅,104001111,16.17,,
10611,苗栗縣,服務業,65701583,10.22,,
10611,苗栗縣,農林漁牧,2450333,0.38,,
10611,苗栗縣,工業,470967207,73.23,,
10611,彰化縣,住宅,226987804,23.92,,
10611,彰化縣,服務業,180916694,19.06,,
10611,彰化縣,農林漁牧,37818137,3.98,,
10611,彰化縣,工業,503411345,53.04,,
10611,南投縣,住宅,72187147,31.19,,
10611,南投縣,服務業,55434579,23.95,,
10611,南投縣,農林漁牧,9991897,4.32,,
10611,南投縣,工業,93830168,40.54,,
10611,雲林縣,住宅,130768506,27.21,,
10611,雲林縣,服務業,72955006,15.18,,
10611,雲林縣,農林漁牧,33993311,7.07,,
10611,雲林縣,工業,242801483,50.53,,
10611,嘉義縣,住宅,90086564,36.15,,
10611,嘉義縣,服務業,49736295,19.96,,
10611,嘉義縣,農林漁牧,21307009,8.55,,
10611,嘉義縣,工業,88070366,35.34,,
10611,屏東縣,住宅,161813700,38.46,,
10611,屏東縣,服務業,97333729,23.14,,
10611,屏東縣,農林漁牧,62641963,14.89,,
10611,屏東縣,工業,98891594,23.51,,
10611,台東縣,住宅,34628224,43.81,,
10611,台東縣,服務業,31616725,40,,
10611,台東縣,農林漁牧,2508049,3.17,,
10611,台東縣,工業,10280151,13.01,,
10611,花蓮縣,住宅,57332957,27.5,,
10611,花蓮縣,服務業,62200741,29.84,,
10611,花蓮縣,農林漁牧,2592268,1.24,,
10611,花蓮縣,工業,86333157,41.41,,
10611,基隆市,住宅,60100834,48.65,,
10611,基隆市,服務業,46583814,37.71,,
10611,基隆市,農林漁牧,8300,0.01,,
10611,基隆市,工業,16833543,13.63,,
10611,新竹市,住宅,98063615,11.69,,
10611,新竹市,服務業,109873309,13.1,,
10611,新竹市,農林漁牧,700186,0.08,,
10611,新竹市,工業,630171971,75.13,,
10611,嘉義市,住宅,51689119,47.57,,
10611,嘉義市,服務業,49378699,45.44,,
10611,嘉義市,農林漁牧,522881,0.48,,
10611,嘉義市,工業,7078367,6.51,,
10611,澎湖縣,住宅,18003139,47.15,,
10611,澎湖縣,服務業,16271683,42.61,,
10611,澎湖縣,農林漁牧,420623,1.1,,
10611,澎湖縣,工業,3491013,9.14,,
10611,金門縣,住宅,12040163,44.04,,
10611,金門縣,服務業,12271789,44.89,,
10611,金門縣,農林漁牧,297619,1.09,,
10611,金門縣,工業,2728032,9.98,,
10611,連江縣,住宅,2408249,41.87,,
10611,連江縣,服務業,2866508,49.84,,
10611,連江縣,農林漁牧,14728,0.26,,
10611,連江縣,工業,461914,8.03,,
10610,新北市,住宅,942089131,45.69,,
10610,新北市,服務業,639318398,31,,
10610,新北市,農林漁牧,113202,0.1,,
10610,新北市,工業,478580769,23.21,,
10610,台北市,住宅,618110397,39.31,,
10610,台北市,服務業,913927685,58.12,,
10610,台北市,農林漁牧,1733940,0.11,,
10610,台北市,工業,38688013,2.46,,
10610,桃園市,住宅,534716002,20.21,,
10610,桃園市,服務業,442259449,16.71,,
10610,桃園市,農林漁牧,3197324,0.12,,
10610,桃園市,工業,1665890130,62.96,,
10610,台中市,住宅,628745932,23.24,,
10610,台中市,服務業,614723494,22.72,,
10610,台中市,農林漁牧,16030916,0.59,,
10610,台中市,工業,1446480936,53.45,,
10610,台南市,住宅,417429249,17.52,,
10610,台南市,服務業,309252675,12.98,,
10610,台南市,農林漁牧,42080055,1.77,,
10610,台南市,工業,1613934159,67.74,,
10610,高雄市,住宅,529392788,20.81,,
10610,高雄市,服務業,531710231,20.9,,
10610,高雄市,農林漁牧,23591415,0.93,,
10610,高雄市,工業,1459194137,57.36,,
10610,宜蘭縣,住宅,96439151,31.08,,
10610,宜蘭縣,服務業,73651103,23.74,,
10610,宜蘭縣,農林漁牧,7458988,2.4,,
10610,宜蘭縣,工業,132732538,42.78,,
10610,新竹縣,住宅,136189184,15.03,,
10610,新竹縣,服務業,96812939,10.69,,
10610,新竹縣,農林漁牧,2097028,0.23,,
10610,新竹縣,工業,670717657,74.05,,
10610,苗栗縣,住宅,104194239,16.55,,
10610,苗栗縣,服務業,70203192,11.15,,
10610,苗栗縣,農林漁牧,2856216,0.45,,
10610,苗栗縣,工業,452135625,71.84,,
10610,彰化縣,住宅,252950144,24.85,,
10610,彰化縣,服務業,200318038,19.68,,
10610,彰化縣,農林漁牧,47999537,4.72,,
10610,彰化縣,工業,516488394,50.75,,
10610,南投縣,住宅,94018933,34.95,,
10610,南投縣,服務業,63565977,23.63,,
10610,南投縣,農林漁牧,11836632,4.4,,
10610,南投縣,工業,99569041,37.02,,
10610,雲林縣,住宅,135146603,26.27,,
10610,雲林縣,服務業,74854500,14.55,,
10610,雲林縣,農林漁牧,40990316,7.97,,
10610,雲林縣,工業,263466637,51.21,,
10610,嘉義縣,住宅,88463696,34.63,,
10610,嘉義縣,服務業,52149565,20.41,,
10610,嘉義縣,農林漁牧,25873590,10.13,,
10610,嘉義縣,工業,88988381,34.83,,
10610,屏東縣,住宅,153886962,36.41,,
10610,屏東縣,服務業,102325846,24.21,,
10610,屏東縣,農林漁牧,68408808,16.19,,
10610,屏東縣,工業,98003361,23.19,,
10610,台東縣,住宅,42293424,46.42,,
10610,台東縣,服務業,35671892,39.15,,
10610,台東縣,農林漁牧,2775429,3.05,,
10610,台東縣,工業,10375263,11.39,,
10610,花蓮縣,住宅,72366414,31.59,,
10610,花蓮縣,服務業,66895499,29.2,,
10610,花蓮縣,農林漁牧,3138480,1.37,,
10610,花蓮縣,工業,86669409,37.84,,
10610,基隆市,住宅,84602124,54.28,,
10610,基隆市,服務業,52402993,33.62,,
10610,基隆市,農林漁牧,9741,0.01,,
10610,基隆市,工業,18851821,12.09,,
10610,新竹市,住宅,105782038,11.81,,
10610,新竹市,服務業,122252564,13.65,,
10610,新竹市,農林漁牧,926369,0.1,,
10610,新竹市,工業,666534261,74.43,,
10610,嘉義市,住宅,57163046,48.37,,
10610,嘉義市,服務業,52724051,44.61,,
10610,嘉義市,農林漁牧,664581,0.56,,
10610,嘉義市,工業,7636324,6.46,,
10610,澎湖縣,住宅,17549170,46.25,,
10610,澎湖縣,服務業,16070520,42.35,,
10610,澎湖縣,農林漁牧,506949,1.34,,
10610,澎湖縣,工業,3817639,10.06,,
10610,金門縣,住宅,12183815,42.88,,
10610,金門縣,服務業,12742699,44.84,,
10610,金門縣,農林漁牧,356124,1.25,,
10610,金門縣,工業,3133312,11.03,,
10610,連江縣,住宅,2438831,37.16,,
10610,連江縣,服務業,3554632,54.17,,
10610,連江縣,農林漁牧,23567,0.36,,
10610,連江縣,工業,545526,8.31,,
10609,新北市,住宅,998251487,45.53,,
10609,新北市,服務業,698796639,31.87,,
10609,新北市,農林漁牧,1994183,0.09,,
10609,新北市,工業,493285637,22.5,,
10609,台北市,住宅,664353187,39.05,,
10609,台北市,服務業,995616171,58.52,,
10609,台北市,農林漁牧,1876966,0.11,,
10609,台北市,工業,39466989,2.32,,
10609,桃園市,住宅,451249586,17.32,,
10609,桃園市,服務業,453050917,17.39,,
10609,桃園市,農林漁牧,3149681,0.12,,
10609,桃園市,工業,1697383727,65.16,,
10609,台中市,住宅,622734056,23.31,,
10609,台中市,服務業,634633540,23.76,,
10609,台中市,農林漁牧,15663456,0.59,,
10609,台中市,工業,1398470978,52.35,,
10609,台南市,住宅,391401782,16.54,,
10609,台南市,服務業,301810668,12.75,,
10609,台南市,農林漁牧,39102126,1.65,,
10609,台南市,工業,1634657100,69.06,,
10609,高雄市,住宅,659977656,25.09,,
10609,高雄市,服務業,531538578,20.2,,
10609,高雄市,農林漁牧,21522579,0.82,,
10609,高雄市,工業,1417903499,53.89,,
10609,宜蘭縣,住宅,98061861,30.36,,
10609,宜蘭縣,服務業,81710846,25.3,,
10609,宜蘭縣,農林漁牧,7522987,2.33,,
10609,宜蘭縣,工業,135652236,42,,
10609,新竹縣,住宅,121042507,13.54,,
10609,新竹縣,服務業,90500527,10.12,,
10609,新竹縣,農林漁牧,2099664,0.23,,
10609,新竹縣,工業,680246192,76.1,,
10609,苗栗縣,住宅,121917767,18.66,,
10609,苗栗縣,服務業,74785337,11.44,,
10609,苗栗縣,農林漁牧,2710978,0.41,,
10609,苗栗縣,工業,454112889,69.49,,
10609,彰化縣,住宅,244680568,24.29,,
10609,彰化縣,服務業,194881756,19.34,,
10609,彰化縣,農林漁牧,45532630,4.52,,
10609,彰化縣,工業,522399327,51.85,,
10609,南投縣,住宅,72041192,29.55,,
10609,南投縣,服務業,59387088,24.36,,
10609,南投縣,農林漁牧,10635278,4.36,,
10609,南投縣,工業,101752389,41.73,,
10609,雲林縣,住宅,135284560,26.33,,
10609,雲林縣,服務業,79458089,15.46,,
10609,雲林縣,農林漁牧,38275854,7.45,,
10609,雲林縣,工業,260804449,50.76,,
10609,嘉義縣,住宅,92983065,36.38,,
10609,嘉義縣,服務業,55044311,21.54,,
10609,嘉義縣,農林漁牧,23524068,9.2,,
10609,嘉義縣,工業,84049406,32.88,,
10609,屏東縣,住宅,166488183,38.37,,
10609,屏東縣,服務業,104853366,24.16,,
10609,屏東縣,農林漁牧,62613381,14.43,,
10609,屏東縣,工業,99954933,23.04,,
10609,台東縣,住宅,37907967,43.43,,
10609,台東縣,服務業,36399756,41.7,,
10609,台東縣,農林漁牧,2744219,3.14,,
10609,台東縣,工業,10233714,11.72,,
10609,花蓮縣,住宅,65787064,28.67,,
10609,花蓮縣,服務業,71520766,31.17,,
10609,花蓮縣,農林漁牧,3265080,1.42,,
10609,花蓮縣,工業,88871044,38.73,,
10609,基隆市,住宅,76012139,50.53,,
10609,基隆市,服務業,54945759,36.52,,
10609,基隆市,農林漁牧,9030,0.01,,
10609,基隆市,工業,19474167,12.94,,
10609,新竹市,住宅,119165767,12.91,,
10609,新竹市,服務業,126989761,13.76,,
10609,新竹市,農林漁牧,867007,0.09,,
10609,新竹市,工業,675982483,73.24,,
10609,嘉義市,住宅,54843656,46.37,,
10609,嘉義市,服務業,55129889,46.61,,
10609,嘉義市,農林漁牧,602955,0.51,,
10609,嘉義市,工業,7701170,6.51,,
10609,澎湖縣,住宅,20523644,45.68,,
10609,澎湖縣,服務業,20013369,44.54,,
10609,澎湖縣,農林漁牧,536190,1.19,,
10609,澎湖縣,工業,3859778,8.59,,
10609,金門縣,住宅,13778644,41.74,,
10609,金門縣,服務業,15443579,46.79,,
10609,金門縣,農林漁牧,303622,0.92,,
10609,金門縣,工業,3483497,10.55,,
10609,連江縣,住宅,2953558,40.44,,
10609,連江縣,服務業,3764088,51.53,,
10609,連江縣,農林漁牧,23753,0.33,,
10609,連江縣,工業,562573,7.7,,
10608,新北市,住宅,896698817,43.77,,
10608,新北市,服務業,639591947,31.22,,
10608,新北市,農林漁牧,2011450,0.1,,
10608,新北市,工業,510303106,24.91,,
10608,台北市,住宅,593054712,36.89,,
10608,台北市,服務業,971782994,60.45,,
10608,台北市,農林漁牧,1968028,0.12,,
10608,台北市,工業,40826162,2.54,,
10608,桃園市,住宅,509642567,18.82,,
10608,桃園市,服務業,453919212,16.76,,
10608,桃園市,農林漁牧,3369511,0.12,,
10608,桃園市,工業,1741247126,64.3,,
10608,台中市,住宅,578829957,21.81,,
10608,台中市,服務業,601730856,22.67,,
10608,台中市,農林漁牧,15410336,0.58,,
10608,台中市,工業,1458168905,54.94,,
10608,台南市,住宅,390445618,16.17,,
10608,台南市,服務業,302843079,12.54,,
10608,台南市,農林漁牧,38550439,1.6,,
10608,台南市,工業,1682890715,69.69,,
10608,高雄市,住宅,512165545,20.21,,
10608,高雄市,服務業,524160054,20.68,,
10608,高雄市,農林漁牧,21507360,0.85,,
10608,高雄市,工業,1476827623,58.27,,
10608,宜蘭縣,住宅,93028203,29.37,,
10608,宜蘭縣,服務業,76813429,24.25,,
10608,宜蘭縣,農林漁牧,7571247,2.39,,
10608,宜蘭縣,工業,139308216,43.98,,
10608,新竹縣,住宅,129057344,13.96,,
10608,新竹縣,服務業,97496003,10.55,,
10608,新竹縣,農林漁牧,2103370,0.23,,
10608,新竹縣,工業,695598183,75.26,,
10608,苗栗縣,住宅,97998570,15.44,,
10608,苗栗縣,服務業,70784191,11.15,,
10608,苗栗縣,農林漁牧,2798041,0.44,,
10608,苗栗縣,工業,463099045,72.97,,
10608,彰化縣,住宅,234649398,23.01,,
10608,彰化縣,服務業,198778388,19.5,,
10608,彰化縣,農林漁牧,45280333,4.44,,
10608,彰化縣,工業,540917986,53.05,,
10608,南投縣,住宅,85894071,32.58,,
10608,南投縣,服務業,62699877,23.78,,
10608,南投縣,農林漁牧,10429351,3.96,,
10608,南投縣,工業,104587759,39.68,,
10608,雲林縣,住宅,123944809,24.62,,
10608,雲林縣,服務業,73292660,14.56,,
10608,雲林縣,農林漁牧,38407667,7.63,,
10608,雲林縣,工業,267800775,53.19,,
10608,嘉義縣,住宅,80784460,33.18,,
10608,嘉義縣,服務業,52588035,21.6,,
10608,嘉義縣,農林漁牧,23261040,9.55,,
10608,嘉義縣,工業,86872443,35.68,,
10608,屏東縣,住宅,15108790,36.45,,
10608,屏東縣,服務業,100789490,24.17,,
10608,屏東縣,農林漁牧,63879121,15.32,,
10608,屏東縣,工業,100365854,24.07,,
10608,台東縣,住宅,42350809,45.76,,
10608,台東縣,服務業,37118813,40.11,,
10608,台東縣,農林漁牧,2822243,3.05,,
10608,台東縣,工業,10255294,11.08,,
10608,花蓮縣,住宅,69979331,32.26,,
10608,花蓮縣,服務業,68883278,31.75,,
10608,花蓮縣,農林漁牧,3347566,1.54,,
10608,花蓮縣,工業,74722186,34.44,,
10608,基隆市,住宅,81298483,52.2,,
10608,基隆市,服務業,54660981,35.09,,
10608,基隆市,農林漁牧,9481,0.01,,
10608,基隆市,工業,19789482,12.71,,
10608,新竹市,住宅,100820826,10.89,,
10608,新竹市,服務業,125725688,13.58,,
10608,新竹市,農林漁牧,900741,0.1,,
10608,新竹市,工業,698696143,75.44,,
10608,嘉義市,住宅,52225169,46.27,,
10608,嘉義市,服務業,52375087,46.4,,
10608,嘉義市,農林漁牧,574853,0.51,,
10608,嘉義市,工業,7703211,6.82,,
10608,澎湖縣,住宅,17194227,44.19,,
10608,澎湖縣,服務業,17184175,44.16,,
10608,澎湖縣,農林漁牧,532651,1.37,,
10608,澎湖縣,工業,3998760,10.28,,
10608,金門縣,住宅,11302682,39.32,,
10608,金門縣,服務業,13555270,47.15,,
10608,金門縣,農林漁牧,303568,1.06,,
10608,金門縣,工業,3585042,12.47,,
10608,連江縣,住宅,2387203,34.94,,
10608,連江縣,服務業,3800782,55.63,,
10608,連江縣,農林漁牧,22257,0.33,,
10608,連江縣,工業,622473,9.11,,
10607,新北市,住宅,761680954,39.87,,
10607,新北市,服務業,653666029,34.22,,
10607,新北市,農林漁牧,1941142,0.1,,
10607,新北市,工業,492908493,25.8,,
10607,台北市,住宅,513707148,33.67,,
10607,台北市,服務業,970738000,63.63,,
10607,台北市,農林漁牧,1853035,0.12,,
10607,台北市,工業,39356508,2.58,,
10607,桃園市,住宅,357176276,14.3,,
10607,桃園市,服務業,427602566,17.11,,
10607,桃園市,農林漁牧,3136467,0.13,,
10607,桃園市,工業,1710608590,68.46,,
10607,台中市,住宅,531094525,20.61,,
10607,台中市,服務業,616424080,23.92,,
10607,台中市,農林漁牧,15553264,0.6,,
10607,台中市,工業,1413737813,54.86,,
10607,台南市,住宅,362382109,15.37,,
10607,台南市,服務業,298375113,12.65,,
10607,台南市,農林漁牧,38559274,1.64,,
10607,台南市,工業,1658850678,70.34,,
10607,高雄市,住宅,618997657,23.6,,
10607,高雄市,服務業,528082436,20.14,,
10607,高雄市,農林漁牧,21860622,0.83,,
10607,高雄市,工業,1453635298,55.43,,
10607,宜蘭縣,住宅,76276473,26.59,,
10607,宜蘭縣,服務業,77174775,26.9,,
10607,宜蘭縣,農林漁牧,7636872,2.66,,
10607,宜蘭縣,工業,125825224,43.85,,
10607,新竹縣,住宅,95694894,10.96,,
10607,新竹縣,服務業,86992135,9.96,,
10607,新竹縣,農林漁牧,2001395,0.23,,
10607,新竹縣,工業,688837557,78.86,,
10607,苗栗縣,住宅,98172566,15.97,,
10607,苗栗縣,服務業,72957608,11.87,,
10607,苗栗縣,農林漁牧,3063346,0.5,,
10607,苗栗縣,工業,440456257,71.66,,
10607,彰化縣,住宅,208409795,21.51,,
10607,彰化縣,服務業,187663145,19.37,,
10607,彰化縣,農林漁牧,44525080,4.59,,
10607,彰化縣,工業,528426369,54.53,,
10607,南投縣,住宅,65455869,27.92,,
10607,南投縣,服務業,56981050,24.31,,
10607,南投縣,農林漁牧,9944113,4.24,,
10607,南投縣,工業,10108850,43.52,,
10607,雲林縣,住宅,121966420,24.42,,
10607,雲林縣,服務業,76451299,15.31,,
10607,雲林縣,農林漁牧,39177311,7.84,,
10607,雲林縣,工業,261877034,52.43,,
10607,嘉義縣,住宅,84486068,34.47,,
10607,嘉義縣,服務業,53409754,21.79,,
10607,嘉義縣,農林漁牧,23553664,9.61,,
10607,嘉義縣,工業,83670950,34.13,,
10607,屏東縣,住宅,161453908,37.4,,
10607,屏東縣,服務業,104263154,24.15,,
10607,屏東縣,農林漁牧,66166079,15.33,,
10607,屏東縣,工業,99857424,23.13,,
10607,台東縣,住宅,33570259,40.05,,
10607,台東縣,服務業,36126419,43.1,,
10607,台東縣,農林漁牧,2926240,3.49,,
10607,台東縣,工業,11188041,13.35,,
10607,花蓮縣,住宅,54494845,24.98,,
10607,花蓮縣,服務業,68838183,31.55,,
10607,花蓮縣,農林漁牧,3167855,1.45,,
10607,花蓮縣,工業,91690682,42.02,,
10607,基隆市,住宅,57389186,44.03,,
10607,基隆市,服務業,53534781,41.07,,
10607,基隆市,農林漁牧,7215,0.01,,
10607,基隆市,工業,19416793,14.9,,
10607,新竹市,住宅,95563683,10.48,,
10607,新竹市,服務業,123887225,13.58,,
10607,新竹市,農林漁牧,859351,0.09,,
10607,新竹市,工業,691824661,75.85,,
10607,嘉義市,住宅,49649453,44.59,,
10607,嘉義市,服務業,53451386,48,,
10607,嘉義市,農林漁牧,567277,0.51,,
10607,嘉義市,工業,7682219,6.9,,
10607,澎湖縣,住宅,18102612,42.28,,
10607,澎湖縣,服務業,20102049,46.95,,
10607,澎湖縣,農林漁牧,548596,1.28,,
10607,澎湖縣,工業,4059295,9.48,,
10607,金門縣,住宅,10900809,36.98,,
10607,金門縣,服務業,14817137,50.26,,
10607,金門縣,農林漁牧,263864,0.9,,
10607,金門縣,工業,3499271,11.87,,
10607,連江縣,住宅,2519036,37.4,,
10607,連江縣,服務業,3563407,52.91,,
10607,連江縣,農林漁牧,23235,0.35,,
10607,連江縣,工業,628869,9.34,,
10606,新北市,住宅,599800558,36.98,,
10606,新北市,服務業,551729142,34.02,,
10606,新北市,農林漁牧,1756504,0.11,,
10606,新北市,工業,468712007,28.9,,
10606,台北市,住宅,393969549,30.51,,
10606,台北市,服務業,858737549,66.5,,
10606,台北市,農林漁牧,1854469,0.14,,
10606,台北市,工業,36740569,2.85,,
10606,桃園市,住宅,354264033,14.74,,
10606,桃園市,服務業,391332564,16.28,,
10606,桃園市,農林漁牧,2509489,0.1,,
10606,桃園市,工業,1655667117,68.88,,
10606,台中市,住宅,445703137,18.57,,
10606,台中市,服務業,548974171,22.87,,
10606,台中市,農林漁牧,14166060,0.59,,
10606,台中市,工業,1391742828,57.98,,
10606,台南市,住宅,309106765,13.7,,
10606,台南市,服務業,290523181,12.88,,
10606,台南市,農林漁牧,33883700,1.5,,
10606,台南市,工業,1622716512,71.92,,
10606,高雄市,住宅,402418718,17.16,,
10606,高雄市,服務業,502360020,21.42,,
10606,高雄市,農林漁牧,19737305,0.84,,
10606,高雄市,工業,1421071531,60.58,,
10606,宜蘭縣,住宅,63812840,25.5,,
10606,宜蘭縣,服務業,64053799,25.6,,
10606,宜蘭縣,農林漁牧,6171109,2.47,,
10606,宜蘭縣,工業,116188320,46.43,,
10606,新竹縣,住宅,89624632,10.75,,
10606,新竹縣,服務業,84813538,10.18,,
10606,新竹縣,農林漁牧,1696697,0.2,,
10606,新竹縣,工業,657390144,78.87,,
10606,苗栗縣,住宅,68768488,12.05,,
10606,苗栗縣,服務業,63928620,11.2,,
10606,苗栗縣,農林漁牧,2310259,0.4,,
10606,苗栗縣,工業,435683091,76.34,,
10606,彰化縣,住宅,180565775,19.94,,
10606,彰化縣,服務業,177179701,19.56,,
10606,彰化縣,農林漁牧,39095813,4.32,,
10606,彰化縣,工業,508898078,56.19,,
10606,南投縣,住宅,73642434,30.67,,
10606,南投縣,服務業,57420273,23.91,,
10606,南投縣,農林漁牧,9416174,3.92,,
10606,南投縣,工業,99629037,41.49,,
10606,雲林縣,住宅,106901730,23.1,,
10606,雲林縣,服務業,67791617,14.65,,
10606,雲林縣,農林漁牧,35816843,7.74,,
10606,雲林縣,工業,252303933,54.52,,
10606,嘉義縣,住宅,68869426,29.03,,
10606,嘉義縣,服務業,50505674,21.29,,
10606,嘉義縣,農林漁牧,21906057,9.23,,
10606,嘉義縣,工業,95988958,40.46,,
10606,屏東縣,住宅,126369606,32.86,,
10606,屏東縣,服務業,97746399,25.42,,
10606,屏東縣,農林漁牧,61063161,15.88,,
10606,屏東縣,工業,99403780,25.85,,
10606,台東縣,住宅,31579081,40.87,,
10606,台東縣,服務業,32590766,42.18,,
10606,台東縣,農林漁牧,2525868,3.27,,
10606,台東縣,工業,10567099,13.68,,
10606,花蓮縣,住宅,50735145,25.91,,
10606,花蓮縣,服務業,61304560,31.31,,
10606,花蓮縣,農林漁牧,2576583,1.32,,
10606,花蓮縣,工業,81201494,41.47,,
10606,基隆市,住宅,53846316,44.94,,
10606,基隆市,服務業,46895894,39.14,,
10606,基隆市,農林漁牧,6755,0.01,,
10606,基隆市,工業,19072412,15.92,,
10606,新竹市,住宅,68929704,8.16,,
10606,新竹市,服務業,112724302,13.34,,
10606,新竹市,農林漁牧,776455,0.09,,
10606,新竹市,工業,662733337,78.41,,
10606,嘉義市,住宅,41329457,42.26,,
10606,嘉義市,服務業,48519708,49.62,,
10606,嘉義市,農林漁牧,543109,0.56,,
10606,嘉義市,工業,7398107,7.57,,
10606,澎湖縣,住宅,12837816,39.34,,
10606,澎湖縣,服務業,15590892,47.78,,
10606,澎湖縣,農林漁牧,439087,1.35,,
10606,澎湖縣,工業,3764085,11.53,,
10606,金門縣,住宅,7958760,34.24,,
10606,金門縣,服務業,11877982,51.11,,
10606,金門縣,農林漁牧,225336,0.97,,
10606,金門縣,工業,3179260,13.68,,
10606,連江縣,住宅,1749670,32.78,,
10606,連江縣,服務業,3012473,56.44,,
10606,連江縣,農林漁牧,16951,0.32,,
10606,連江縣,工業,558005,10.46,,
10605,新北市,住宅,583101704,36.35,,
10605,新北市,服務業,553156637,34.48,,
10605,新北市,農林漁牧,1722465,0.11,,
10605,新北市,工業,466092417,29.06,,
10605,台北市,住宅,386762866,30.94,,
10605,台北市,服務業,826064828,66.08,,
10605,台北市,農林漁牧,1680811,0.13,,
10605,台北市,工業,35546040,2.84,,
10605,桃園市,住宅,300676492,13.05,,
10605,桃園市,服務業,366830357,15.92,,
10605,桃園市,農林漁牧,2429167,0.11,,
10605,桃園市,工業,1633883716,70.92,,
10605,台中市,住宅,416491680,17.5,,
10605,台中市,服務業,546352138,22.95,,
10605,台中市,農林漁牧,13479258,0.57,,
10605,台中市,工業,1404217897,58.99,,
10605,台南市,住宅,275829859,12.52,,
10605,台南市,服務業,270983785,12.3,,
10605,台南市,農林漁牧,31366743,1.42,,
10605,台南市,工業,1624711808,73.75,,
10605,高雄市,住宅,457098008,18.94,,
10605,高雄市,服務業,482842807,20.01,,
10605,高雄市,農林漁牧,19810642,0.82,,
10605,高雄市,工業,1453558461,60.23,,
10605,宜蘭縣,住宅,61667252,24.36,,
10605,宜蘭縣,服務業,63585228,25.12,,
10605,宜蘭縣,農林漁牧,5619749,2.22,,
10605,宜蘭縣,工業,122267014,48.3,,
10605,新竹縣,住宅,77082971,9.77,,
10605,新竹縣,服務業,73948470,9.37,,
10605,新竹縣,農林漁牧,1610831,0.2,,
10605,新竹縣,工業,636384699,80.65,,
10605,苗栗縣,住宅,74932077,12.77,,
10605,苗栗縣,服務業,63084712,10.75,,
10605,苗栗縣,農林漁牧,2113315,0.36,,
10605,苗栗縣,工業,446713116,76.12,,
10605,彰化縣,住宅,171597720,19.52,,
10605,彰化縣,服務業,165818904,18.86,,
10605,彰化縣,農林漁牧,35617375,4.05,,
10605,彰化縣,工業,506104921,57.57,,
10605,南投縣,住宅,59244244,27.06,,
10605,南投縣,服務業,52184967,23.84,,
10605,南投縣,農林漁牧,9350024,4.27,,
10605,南投縣,工業,98140524,44.83,,
10605,雲林縣,住宅,104391131,22.75,,
10605,雲林縣,服務業,68402636,14.9,,
10605,雲林縣,農林漁牧,33319654,7.26,,
10605,雲林縣,工業,252818582,55.09,,
10605,嘉義縣,住宅,70014121,31.84,,
10605,嘉義縣,服務業,49721160,22.61,,
10605,嘉義縣,農林漁牧,20824949,9.47,,
10605,嘉義縣,工業,79329802,36.08,,
10605,屏東縣,住宅,128480117,33.38,,
10605,屏東縣,服務業,95705125,24.86,,
10605,屏東縣,農林漁牧,60936454,15.83,,
10605,屏東縣,工業,99792594,25.93,,
10605,台東縣,住宅,27825155,38.91,,
10605,台東縣,服務業,30282414,42.35,,
10605,台東縣,農林漁牧,2409769,3.37,,
10605,台東縣,工業,10993044,15.37,,
10605,花蓮縣,住宅,44614094,22.32,,
10605,花蓮縣,服務業,59489433,29.77,,
10605,花蓮縣,農林漁牧,2484292,1.24,,
10605,花蓮縣,工業,93259254,46.67,,
10605,基隆市,住宅,46291028,42.58,,
10605,基隆市,服務業,44253874,40.71,,
10605,基隆市,農林漁牧,8194,0.01,,
10605,基隆市,工業,18155946,16.7,,
10605,新竹市,住宅,71904063,8.51,,
10605,新竹市,服務業,107587304,12.74,,
10605,新竹市,農林漁牧,748031,0.09,,
10605,新竹市,工業,66431117,78.66,,
10605,嘉義市,住宅,38665046,41.08,,
10605,嘉義市,服務業,47886838,50.88,,
10605,嘉義市,農林漁牧,531859,0.57,,
10605,嘉義市,工業,7033365,7.47,,
10605,澎湖縣,住宅,13468446,39.32,,
10605,澎湖縣,服務業,16706126,48.77,,
10605,澎湖縣,農林漁牧,424533,1.24,,
10605,澎湖縣,工業,3657356,10.68,,
10605,金門縣,住宅,9049361,37.43,,
10605,金門縣,服務業,11893722,49.19,,
10605,金門縣,農林漁牧,243227,1.01,,
10605,金門縣,工業,2992499,12.38,,
10605,連江縣,住宅,2188594,39.52,,
10605,連江縣,服務業,2853692,51.52,,
10605,連江縣,農林漁牧,16867,0.3,,
10605,連江縣,工業,479442,8.66,,
10604,新北市,住宅,562071939,38.34,,
10604,新北市,服務業,466604265,31.83,,
10604,新北市,農林漁牧,1692284,0.12,,
10604,新北市,工業,435496726,29.71,,
10604,台北市,住宅,356821661,32.56,,
10604,台北市,服務業,704067397,64.24,,
10604,台北市,農林漁牧,1421064,0.13,,
10604,台北市,工業,33717852,3.08,,
10604,桃園市,住宅,353028674,15.94,,
10604,桃園市,服務業,328954927,14.86,,
10604,桃園市,農林漁牧,2314754,0.1,,
10604,桃園市,工業,1530082992,69.1,,
10604,台中市,住宅,394066609,17.96,,
10604,台中市,服務業,476251219,21.71,,
10604,台中市,農林漁牧,12497570,0.57,,
10604,台中市,工業,1310904869,59.76,,
10604,台南市,住宅,256975197,12.48,,
10604,台南市,服務業,245792512,11.94,,
10604,台南市,農林漁牧,29050371,1.41,,
10604,台南市,工業,1527023825,74.17,,
10604,高雄市,住宅,321868157,14.77,,
10604,高雄市,服務業,429850384,19.72,,
10604,高雄市,農林漁牧,19861824,0.91,,
10604,高雄市,工業,1408059359,64.6,,
10604,宜蘭縣,住宅,62672370,24.87,,
10604,宜蘭縣,服務業,54807812,21.75,,
10604,宜蘭縣,農林漁牧,5111825,2.03,,
10604,宜蘭縣,工業,129412736,51.35,,
10604,新竹縣,住宅,85449814,11.34,,
10604,新竹縣,服務業,71879570,9.54,,
10604,新竹縣,農林漁牧,1458138,0.19,,
10604,新竹縣,工業,595045646,78.94,,
10604,苗栗縣,住宅,63723549,11.01,,
10604,苗栗縣,服務業,54823903,9.47,,
10604,苗栗縣,農林漁牧,2027648,0.35,,
10604,苗栗縣,工業,458427987,79.18,,
10604,彰化縣,住宅,165449480,19.99,,
10604,彰化縣,服務業,157667430,19.05,,
10604,彰化縣,農林漁牧,33864532,4.09,,
10604,彰化縣,工業,470484533,56.86,,
10604,南投縣,住宅,69672752,31.28,,
10604,南投縣,服務業,51521342,23.13,,
10604,南投縣,農林漁牧,9062598,4.07,,
10604,南投縣,工業,92502527,41.53,,
10604,雲林縣,住宅,95534344,22.62,,
10604,雲林縣,服務業,58758683,13.92,,
10604,雲林縣,農林漁牧,31385222,7.43,,
10604,雲林縣,工業,236583482,56.03,,
10604,嘉義縣,住宅,61068209,29.58,,
10604,嘉義縣,服務業,44189179,21.4,,
10604,嘉義縣,農林漁牧,19650724,9.52,,
10604,嘉義縣,工業,81541519,39.5,,
10604,屏東縣,住宅,105256130,30.87,,
10604,屏東縣,服務業,83957126,24.62,,
10604,屏東縣,農林漁牧,59881941,17.56,,
10604,屏東縣,工業,91917742,26.95,,
10604,台東縣,住宅,29533059,42.39,,
10604,台東縣,服務業,27214907,39.06,,
10604,台東縣,農林漁牧,2273270,3.26,,
10604,台東縣,工業,10653965,15.29,,
10604,花蓮縣,住宅,48479217,25.61,,
10604,花蓮縣,服務業,52419727,27.69,,
10604,花蓮縣,農林漁牧,2261760,1.19,,
10604,花蓮縣,工業,86118513,45.5,,
10604,基隆市,住宅,54029033,48.93,,
10604,基隆市,服務業,39371927,35.66,,
10604,基隆市,農林漁牧,9251,0.01,,
10604,基隆市,工業,17005698,15.4,,
10604,新竹市,住宅,62849053,8.02,,
10604,新竹市,服務業,95463829,12.19,,
10604,新竹市,農林漁牧,666715,0.09,,
10604,新竹市,工業,624401904,79.71,,
10604,嘉義市,住宅,35674469,42.65,,
10604,嘉義市,服務業,40752440,48.73,,
10604,嘉義市,農林漁牧,507076,0.61,,
10604,嘉義市,工業,6701513,8.01,,
10604,澎湖縣,住宅,11374880,41.15,,
10604,澎湖縣,服務業,12400371,44.86,,
10604,澎湖縣,農林漁牧,426777,1.54,,
10604,澎湖縣,工業,3440183,12.45,,
10604,金門縣,住宅,7937163,39.9,,
10604,金門縣,服務業,9428466,47.4,,
10604,金門縣,農林漁牧,247871,1.25,,
10604,金門縣,工業,2279478,11.46,,
10604,連江縣,住宅,1819510,37.09,,
10604,連江縣,服務業,2636149,53.73,,
10604,連江縣,農林漁牧,18296,0.37,,
10604,連江縣,工業,432362,8.81,,
10603,新北市,住宅,563517723,38.81,,
10603,新北市,服務業,466528123,32.13,,
10603,新北市,農林漁牧,1506324,0.1,,
10603,新北市,工業,420538095,28.96,,
10603,台北市,住宅,370542449,33.78,,
10603,台北市,服務業,692117176,63.1,,
10603,台北市,農林漁牧,1484464,0.14,,
10603,台北市,工業,32727486,2.98,,
10603,桃園市,住宅,299697293,13.63,,
10603,桃園市,服務業,309212183,14.07,,
10603,桃園市,農林漁牧,2095520,0.1,,
10603,桃園市,工業,1587349835,72.21,,
10603,台中市,住宅,393514476,17.97,,
10603,台中市,服務業,456905553,20.86,,
10603,台中市,農林漁牧,11901504,0.54,,
10603,台中市,工業,1327906300,60.63,,
10603,台南市,住宅,255360779,12.25,,
10603,台南市,服務業,224087697,10.75,,
10603,台南市,農林漁牧,25255497,1.21,,
10603,台南市,工業,1579391163,75.78,,
10603,高雄市,住宅,404201582,17.78,,
10603,高雄市,服務業,407206492,17.92,,
10603,高雄市,農林漁牧,18223756,0.8,,
10603,高雄市,工業,1443194801,63.5,,
10603,宜蘭縣,住宅,62405544,24.52,,
10603,宜蘭縣,服務業,55159705,21.68,,
10603,宜蘭縣,農林漁牧,4294454,1.69,,
10603,宜蘭縣,工業,132622881,52.11,,
10603,新竹縣,住宅,76037219,10.3,,
10603,新竹縣,服務業,64258832,8.7,,
10603,新竹縣,農林漁牧,1268802,0.17,,
10603,新竹縣,工業,596949549,80.83,,
10603,苗栗縣,住宅,73215288,12.39,,
10603,苗栗縣,服務業,54407815,9.21,,
10603,苗栗縣,農林漁牧,1851743,0.31,,
10603,苗栗縣,工業,461499723,78.09,,
10603,彰化縣,住宅,166581132,19.74,,
10603,彰化縣,服務業,145211187,17.21,,
10603,彰化縣,農林漁牧,29718591,3.52,,
10603,彰化縣,工業,502420457,59.53,,
10603,南投縣,住宅,58151762,27.56,,
10603,南投縣,服務業,46386552,21.98,,
10603,南投縣,農林漁牧,7968538,3.78,,
10603,南投縣,工業,98516754,46.69,,
10603,雲林縣,住宅,96750369,22.67,,
10603,雲林縣,服務業,58716140,13.76,,
10603,雲林縣,農林漁牧,28310008,6.63,,
10603,雲林縣,工業,243024994,56.94,,
10603,嘉義縣,住宅,66566275,32.31,,
10603,嘉義縣,服務業,42265271,20.51,,
10603,嘉義縣,農林漁牧,17280503,8.39,,
10603,嘉義縣,工業,79914582,38.79,,
10603,屏東縣,住宅,115242880,33.45,,
10603,屏東縣,服務業,80482906,23.36,,
10603,屏東縣,農林漁牧,54477954,15.81,,
10603,屏東縣,工業,94317945,27.38,,
10603,台東縣,住宅,26924729,41.27,,
10603,台東縣,服務業,25652289,39.32,,
10603,台東縣,農林漁牧,2183382,3.35,,
10603,台東縣,工業,10475966,16.06,,
10603,花蓮縣,住宅,43331762,23.15,,
10603,花蓮縣,服務業,51207885,27.36,,
10603,花蓮縣,農林漁牧,2226240,1.19,,
10603,花蓮縣,工業,90426565,48.31,,
10603,基隆市,住宅,46655845,46.31,,
10603,基隆市,服務業,36952961,36.68,,
10603,基隆市,農林漁牧,9124,0.01,,
10603,基隆市,工業,17134181,17.01,,
10603,新竹市,住宅,69095687,8.73,,
10603,新竹市,服務業,91479256,11.56,,
10603,新竹市,農林漁牧,636271,0.08,,
10603,新竹市,工業,629936092,79.62,,
10603,嘉義市,住宅,35914988,43.63,,
10603,嘉義市,服務業,39403919,47.86,,
10603,嘉義市,農林漁牧,459773,0.56,,
10603,嘉義市,工業,6547002,7.95,,
10603,澎湖縣,住宅,13015422,44.03,,
10603,澎湖縣,服務業,12849763,43.47,,
10603,澎湖縣,農林漁牧,349452,1.18,,
10603,澎湖縣,工業,3343425,11.31,,
10603,金門縣,住宅,9200004,43.79,,
10603,金門縣,服務業,9683868,46.09,,
10603,金門縣,農林漁牧,215830,1.03,,
10603,金門縣,工業,1909991,9.09,,
10603,連江縣,住宅,2190667,42.25,,
10603,連江縣,服務業,2549360,49.17,,
10603,連江縣,農林漁牧,16118,0.31,,
10603,連江縣,工業,428720,8.27,,
10602,新北市,住宅,553542817,41.2,,
10602,新北市,服務業,429482226,31.96,,
10602,新北市,農林漁牧,1538121,0.11,,
10602,新北市,工業,359078871,26.72,,
10602,台北市,住宅,351628270,34.99,,
10602,台北市,服務業,621657912,61.86,,
10602,台北市,農林漁牧,1234834,0.12,,
10602,台北市,工業,30392481,3.02,,
10602,桃園市,住宅,341987370,16.94,,
10602,桃園市,服務業,293958743,14.56,,
10602,桃園市,農林漁牧,2193530,0.11,,
10602,桃園市,工業,1380638385,68.39,,
10602,台中市,住宅,391082612,20.04,,
10602,台中市,服務業,423075910,21.68,,
10602,台中市,農林漁牧,10894755,0.56,,
10602,台中市,工業,1126272929,57.72,,
10602,台南市,住宅,259188154,13.78,,
10602,台南市,服務業,215662937,11.47,,
10602,台南市,農林漁牧,26020454,1.38,,
10602,台南市,工業,1379528692,73.36,,
10602,高雄市,住宅,324554987,16.35,,
10602,高雄市,服務業,375483699,18.91,,
10602,高雄市,農林漁牧,18040587,0.91,,
10602,高雄市,工業,1267535275,63.84,,
10602,宜蘭縣,住宅,64044069,27.37,,
10602,宜蘭縣,服務業,50874429,21.74,,
10602,宜蘭縣,農林漁牧,4349210,1.86,,
10602,宜蘭縣,工業,114714093,49.03,,
10602,新竹縣,住宅,82786500,12.18,,
10602,新竹縣,服務業,66410988,9.77,,
10602,新竹縣,農林漁牧,1373477,0.2,,
10602,新竹縣,工業,528858946,77.84,,
10602,苗栗縣,住宅,62181715,12.42,,
10602,苗栗縣,服務業,50205556,10.03,,
10602,苗栗縣,農林漁牧,1654612,0.33,,
10602,苗栗縣,工業,386439491,77.21,,
10602,彰化縣,住宅,162725037,21.48,,
10602,彰化縣,服務業,144630895,19.09,,
10602,彰化縣,農林漁牧,29880458,3.94,,
10602,彰化縣,工業,420480745,55.49,,
10602,南投縣,住宅,70013243,33.34,,
10602,南投縣,服務業,48376501,23.04,,
10602,南投縣,農林漁牧,8385843,3.99,,
10602,南投縣,工業,83193316,39.62,,
10602,雲林縣,住宅,89517621,22.96,,
10602,雲林縣,服務業,53610666,13.75,,
10602,雲林縣,農林漁牧,27942774,7.17,,
10602,雲林縣,工業,218762589,56.12,,
10602,嘉義縣,住宅,59463220,31.93,,
10602,嘉義縣,服務業,38990220,20.94,,
10602,嘉義縣,農林漁牧,18025646,9.68,,
10602,嘉義縣,工業,69732852,37.45,,
10602,屏東縣,住宅,105877744,33.25,,
10602,屏東縣,服務業,74317787,23.34,,
10602,屏東縣,農林漁牧,58494125,18.37,,
10602,屏東縣,工業,79693704,25.03,,
10602,台東縣,住宅,29999790,45.18,,
10602,台東縣,服務業,24854689,37.43,,
10602,台東縣,農林漁牧,2151193,3.24,,
10602,台東縣,工業,9398033,14.15,,
10602,花蓮縣,住宅,49078053,28.28,,
10602,花蓮縣,服務業,47787140,27.54,,
10602,花蓮縣,農林漁牧,2176556,1.25,,
10602,花蓮縣,工業,74501076,42.93,,
10602,基隆市,住宅,53980682,51.49,,
10602,基隆市,服務業,35892599,34.23,,
10602,基隆市,農林漁牧,9773,0.01,,
10602,基隆市,工業,14960478,14.27,,
10602,新竹市,住宅,61303829,8.64,,
10602,新竹市,服務業,83131585,11.72,,
10602,新竹市,農林漁牧,591778,0.08,,
10602,新竹市,工業,564132692,79.55,,
10602,嘉義市,住宅,36099447,45.67,,
10602,嘉義市,服務業,36428251,46.08,,
10602,嘉義市,農林漁牧,489307,0.62,,
10602,嘉義市,工業,6033899,7.63,,
10602,澎湖縣,住宅,11474407,44.99,,
10602,澎湖縣,服務業,10561099,41.41,,
10602,澎湖縣,農林漁牧,358410,1.41,,
10602,澎湖縣,工業,3112336,12.2,,
10602,金門縣,住宅,7787201,43.69,,
10602,金門縣,服務業,8168062,45.82,,
10602,金門縣,農林漁牧,229321,1.29,,
10602,金門縣,工業,1640372,9.2,,
10602,連江縣,住宅,2469964,43.78,,
10602,連江縣,服務業,2742625,48.61,,
10602,連江縣,農林漁牧,18929,0.34,,
10602,連江縣,工業,410521,7.28,,
10601,新北市,住宅,548509760,37.86,,
10601,新北市,服務業,507782030,35.05,,
10601,新北市,農林漁牧,1617045,0.11,,
10601,新北市,工業,391009225,26.99,,
10601,台北市,住宅,364584957,32.51,,
10601,台北市,服務業,721849288,64.36,,
10601,台北市,農林漁牧,1442179,0.13,,
10601,台北市,工業,33619596,3,,
10601,桃園市,住宅,279153727,13.73,,
10601,桃園市,服務業,322116211,15.84,,
10601,桃園市,農林漁牧,2302943,0.11,,
10601,桃園市,工業,1430102068,70.32,,
10601,台中市,住宅,393084401,18.73,,
10601,台中市,服務業,486374423,23.17,,
10601,台中市,農林漁牧,11950853,0.57,,
10601,台中市,工業,1207661939,57.53,,
10601,台南市,住宅,255417678,12.81,,
10601,台南市,服務業,232754419,11.68,,
10601,台南市,農林漁牧,26957513,1.35,,
10601,台南市,工業,1478160279,74.16,,
10601,高雄市,住宅,425962316,19.42,,
10601,高雄市,服務業,413664405,18.86,,
10601,高雄市,農林漁牧,18651243,0.85,,
10601,高雄市,工業,1335459239,60.88,,
10601,宜蘭縣,住宅,59880891,24.61,,
10601,宜蘭縣,服務業,57995963,23.83,,
10601,宜蘭縣,農林漁牧,4397589,1.81,,
10601,宜蘭縣,工業,121072355,49.75,,
10601,新竹縣,住宅,72451935,10.2,,
10601,新竹縣,服務業,67462700,9.5,,
10601,新竹縣,農林漁牧,1393156,0.2,,
10601,新竹縣,工業,569084666,80.11,,
10601,苗栗縣,住宅,69793191,12.98,,
10601,苗栗縣,服務業,58581209,10.9,,
10601,苗栗縣,農林漁牧,1707172,0.32,,
10601,苗栗縣,工業,407554133,75.8,,
10601,彰化縣,住宅,157319801,20.13,,
10601,彰化縣,服務業,153243683,19.6,,
10601,彰化縣,農林漁牧,31285394,4,,
10601,彰化縣,工業,439850244,56.27,,
10601,南投縣,住宅,56829707,28.56,,
10601,南投縣,服務業,49473213,24.86,,
10601,南投縣,農林漁牧,8275491,4.16,,
10601,南投縣,工業,84410282,42.42,,
10601,雲林縣,住宅,88132384,21.58,,
10601,雲林縣,服務業,62267279,15.25,,
10601,雲林縣,農林漁牧,25913610,6.34,,
10601,雲林縣,工業,232114153,56.83,,
10601,嘉義縣,住宅,63171354,32.93,,
10601,嘉義縣,服務業,44049854,22.96,,
10601,嘉義縣,農林漁牧,16099515,8.39,,
10601,嘉義縣,工業,68497051,35.71,,
10601,屏東縣,住宅,118911864,34.61,,
10601,屏東縣,服務業,83664595,24.35,,
10601,屏東縣,農林漁牧,56882742,16.56,,
10601,屏東縣,工業,84100698,24.48,,
10601,台東縣,住宅,26606811,40.93,,
10601,台東縣,服務業,26457040,40.69,,
10601,台東縣,農林漁牧,2056585,3.16,,
10601,台東縣,工業,9892645,15.22,,
10601,花蓮縣,住宅,42312846,23.33,,
10601,花蓮縣,服務業,52995696,29.22,,
10601,花蓮縣,農林漁牧,2182001,1.2,,
10601,花蓮縣,工業,83895790,46.25,,
10601,基隆市,住宅,44275768,44.05,,
10601,基隆市,服務業,39808441,39.6,,
10601,基隆市,農林漁牧,7922,0.01,,
10601,基隆市,工業,16426568,16.34,,
10601,新竹市,住宅,66900836,8.51,,
10601,新竹市,服務業,89563585,11.39,,
10601,新竹市,農林漁牧,618974,0.08,,
10601,新竹市,工業,629300010,80.02,,
10601,嘉義市,住宅,35641445,42.68,,
10601,嘉義市,服務業,41154462,49.28,,
10601,嘉義市,農林漁牧,437631,0.52,,
10601,嘉義市,工業,6277045,7.52,,
10601,澎湖縣,住宅,12761895,41.94,,
10601,澎湖縣,服務業,13969671,45.9,,
10601,澎湖縣,農林漁牧,378115,1.24,,
10601,澎湖縣,工業,3322327,10.92,,
10601,金門縣,住宅,8644206,41.76,,
10601,金門縣,服務業,10016578,48.39,,
10601,金門縣,農林漁牧,202629,0.98,,
10601,金門縣,工業,1837977,8.88,,
10601,連江縣,住宅,2957067,41.78,,
10601,連江縣,服務業,3626087,51.23,,
10601,連江縣,農林漁牧,30918,0.44,,
10601,連江縣,工業,463742,6.55,,
10512,新北市,住宅,605488032,38.89,,
10512,新北市,服務業,511048614,32.83,,
10512,新北市,農林漁牧,1712588,0.11,,
10512,新北市,工業,438608008,28.17,,
10512,台北市,住宅,396001560,33.17,,
10512,台北市,服務業,760839467,63.73,,
10512,台北市,農林漁牧,1538297,0.13,,
10512,台北市,工業,35416065,2.97,,
10512,桃園市,住宅,353257005,15.43,,
10512,桃園市,服務業,350665800,15.32,,
10512,桃園市,農林漁牧,2440203,0.11,,
10512,桃園市,工業,1582977628,69.15,,
10512,台中市,住宅,438654022,19.65,,
10512,台中市,服務業,509231289,22.81,,
10512,台中市,農林漁牧,12872125,0.58,,
10512,台中市,工業,1271640327,56.96,,
10512,台南市,住宅,292814690,13.4,,
10512,台南市,服務業,262198213,12,,
10512,台南市,農林漁牧,30321186,1.39,,
10512,台南市,工業,1599456638,73.21,,
10512,高雄市,住宅,386682183,17.1,,
10512,高雄市,服務業,455486408,20.14,,
10512,高雄市,農林漁牧,19339225,0.86,,
10512,高雄市,工業,1400151081,61.91,,
10512,宜蘭縣,住宅,64479348,24.08,,
10512,宜蘭縣,服務業,57679825,21.54,,
10512,宜蘭縣,農林漁牧,4646948,1.74,,
10512,宜蘭縣,工業,140946121,52.64,,
10512,新竹縣,住宅,89745695,11.63,,
10512,新竹縣,服務業,77952644,10.1,,
10512,新竹縣,農林漁牧,1495271,0.19,,
10512,新竹縣,工業,602300982,78.07,,
10512,苗栗縣,住宅,67307584,11.94,,
10512,苗栗縣,服務業,59431112,10.54,,
10512,苗栗縣,農林漁牧,1879688,0.33,,
10512,苗栗縣,工業,435294496,77.19,,
10512,彰化縣,住宅,177996589,20.38,,
10512,彰化縣,服務業,168771766,19.32,,
10512,彰化縣,農林漁牧,34547739,3.96,,
10512,彰化縣,工業,492096489,56.34,,
10512,南投縣,住宅,74967516,31.42,,
10512,南投縣,服務業,56478762,23.67,,
10512,南投縣,農林漁牧,8966855,3.76,,
10512,南投縣,工業,98174892,41.15,,
10512,雲林縣,住宅,95130084,21.56,,
10512,雲林縣,服務業,66556007,15.08,,
10512,雲林縣,農林漁牧,28521778,6.46,,
10512,雲林縣,工業,251018314,56.89,,
10512,嘉義縣,住宅,63254684,30.75,,
10512,嘉義縣,服務業,46816676,22.76,,
10512,嘉義縣,農林漁牧,18347700,8.92,,
10512,嘉義縣,工業,77266059,37.57,,
10512,屏東縣,住宅,118628151,32.85,,
10512,屏東縣,服務業,88524114,24.52,,
10512,屏東縣,農林漁牧,58288730,16.14,,
10512,屏東縣,工業,95643738,26.49,,
10512,台東縣,住宅,31473234,43.14,,
10512,台東縣,服務業,29608176,40.58,,
10512,台東縣,農林漁牧,2234984,3.06,,
10512,台東縣,工業,9648041,13.22,,
10512,花蓮縣,住宅,50038745,24.18,,
10512,花蓮縣,服務業,55479680,26.81,,
10512,花蓮縣,農林漁牧,2665846,1.29,,
10512,花蓮縣,工業,98724178,47.71,,
10512,基隆市,住宅,56348481,48.47,,
10512,基隆市,服務業,42477817,36.54,,
10512,基隆市,農林漁牧,9114,0.01,,
10512,基隆市,工業,17425379,14.99,,
10512,新竹市,住宅,67757515,8.36,,
10512,新竹市,服務業,100682099,12.42,,
10512,新竹市,農林漁牧,663260,0.08,,
10512,新竹市,工業,641627536,79.14,,
10512,嘉義市,住宅,40432689,44.03,,
10512,嘉義市,服務業,43622681,47.5,,
10512,嘉義市,農林漁牧,491849,0.54,,
10512,嘉義市,工業,7283515,7.93,,
10512,澎湖縣,住宅,12633133,43.86,,
10512,澎湖縣,服務業,12323937,42.79,,
10512,澎湖縣,農林漁牧,416254,1.45,,
10512,澎湖縣,工業,3427030,11.9,,
10512,金門縣,住宅,7737521,39.05,,
10512,金門縣,服務業,9732740,49.12,,
10512,金門縣,農林漁牧,215339,1.09,,
10512,金門縣,工業,2127600,10.74,,
10512,連江縣,住宅,1795011,35.85,,
10512,連江縣,服務業,2759090,55.11,,
10512,連江縣,農林漁牧,18660,0.37,,
10512,連江縣,工業,433993,8.67,,
10511,新北市,住宅,728432829,41.04,,
10511,新北市,服務業,602731052,33.96,,
10511,新北市,農林漁牧,1764502,0.1,,
10511,新北市,工業,441975345,24.9,,
10511,台北市,住宅,489471387,35.51,,
10511,台北市,服務業,850869748,61.72,,
10511,台北市,農林漁牧,1543714,0.11,,
10511,台北市,工業,36659820,2.66,,
10511,桃園市,住宅,337424261,14.82,,
10511,桃園市,服務業,376779123,16.55,,
10511,桃園市,農林漁牧,2625664,0.12,,
10511,桃園市,工業,1560417561,68.52,,
10511,台中市,住宅,515345635,21.88,,
10511,台中市,服務業,571800922,24.28,,
10511,台中市,農林漁牧,13986748,0.59,,
10511,台中市,工業,1253802245,53.24,,
10511,台南市,住宅,333308812,14.95,,
10511,台南市,服務業,280506322,12.59,,
10511,台南市,農林漁牧,34084357,1.53,,
10511,台南市,工業,1580857116,70.93,,
10511,高雄市,住宅,565826980,22.36,,
10511,高雄市,服務業,490935444,19.4,,
10511,高雄市,農林漁牧,19478952,0.77,,
10511,高雄市,工業,1454500445,57.47,,
10511,宜蘭縣,住宅,72409043,25.63,,
10511,宜蘭縣,服務業,67285956,23.81,,
10511,宜蘭縣,農林漁牧,5233106,1.85,,
10511,宜蘭縣,工業,137640231,48.71,,
10511,新竹縣,住宅,92533535,12.01,,
10511,新竹縣,服務業,78253919,10.15,,
10511,新竹縣,農林漁牧,1613705,0.21,,
10511,新竹縣,工業,598289927,77.63,,
10511,苗栗縣,住宅,93173347,16.07,,
10511,苗栗縣,服務業,68592255,11.83,,
10511,苗栗縣,農林漁牧,2260275,0.39,,
10511,苗栗縣,工業,415898087,71.72,,
10511,彰化縣,住宅,10755104,22.35,,
10511,彰化縣,服務業,172246378,19.07,,
10511,彰化縣,農林漁牧,39383621,4.36,,
10511,彰化縣,工業,489592753,54.21,,
10511,南投縣,住宅,65943791,29.11,,
10511,南投縣,服務業,56715135,25.03,,
10511,南投縣,農林漁牧,10071959,4.45,,
10511,南投縣,工業,93830540,41.42,,
10511,雲林縣,住宅,112084485,23.97,,
10511,雲林縣,服務業,74971789,16.03,,
10511,雲林縣,農林漁牧,31371248,6.71,,
10511,雲林縣,工業,249232210,53.29,,
10511,嘉義縣,住宅,79597811,33.03,,
10511,嘉義縣,服務業,51724770,21.47,,
10511,嘉義縣,農林漁牧,20905035,8.68,,
10511,嘉義縣,工業,88742770,36.83,,
10511,屏東縣,住宅,143949099,36.67,,
10511,屏東縣,服務業,96152671,24.5,,
10511,屏東縣,農林漁牧,57646781,14.69,,
10511,屏東縣,工業,94759256,24.14,,
10511,台東縣,住宅,31626153,41.46,,
10511,台東縣,服務業,31934250,41.86,,
10511,台東縣,農林漁牧,2341046,3.07,,
10511,台東縣,工業,10382629,13.61,,
10511,花蓮縣,住宅,51366264,25.3,,
10511,花蓮縣,服務業,61557545,30.32,,
10511,花蓮縣,農林漁牧,2601208,1.28,,
10511,花蓮縣,工業,87498195,43.1,,
10511,基隆市,住宅,55427818,46.28,,
10511,基隆市,服務業,46206843,38.58,,
10511,基隆市,農林漁牧,8673,0.01,,
10511,基隆市,工業,18122118,15.13,,
10511,新竹市,住宅,90710140,10.73,,
10511,新竹市,服務業,111644622,13.2,,
10511,新竹市,農林漁牧,751191,0.09,,
10511,新竹市,工業,642397425,75.98,,
10511,嘉義市,住宅,47070455,44.68,,
10511,嘉義市,服務業,50512729,47.94,,
10511,嘉義市,農林漁牧,565330,0.54,,
10511,嘉義市,工業,7210778,6.84,,
10511,澎湖縣,住宅,16342527,44.27,,
10511,澎湖縣,服務業,16570576,44.89,,
10511,澎湖縣,農林漁牧,460299,1.25,,
10511,澎湖縣,工業,3540360,9.59,,
10511,金門縣,住宅,10376470,40.2,,
10511,金門縣,服務業,12460437,48.27,,
10511,金門縣,農林漁牧,239600,0.93,,
10511,金門縣,工業,2736422,10.6,,
10511,連江縣,住宅,2695805,43.15,,
10511,連江縣,服務業,3133636,50.16,,
10511,連江縣,農林漁牧,1102,0.32,,
10511,連江縣,工業,397437,6.36,,
10510,新北市,住宅,832253340,43.69,,
10510,新北市,服務業,607806566,31.91,,
10510,新北市,農林漁牧,1882545,0.1,,
10510,新北市,工業,462775888,24.3,,
10510,台北市,住宅,553509727,36.85,,
10510,台北市,服務業,907730546,60.44,,
10510,台北市,農林漁牧,1777000,0.12,,
10510,台北市,工業,38898448,2.59,,
10510,桃園市,住宅,466740294,18.57,,
10510,桃園市,服務業,413135498,16.44,,
10510,桃園市,農林漁牧,2728279,0.11,,
10510,桃園市,工業,1631081628,64.89,,
10510,台中市,住宅,554862401,22.66,,
10510,台中市,服務業,579776116,23.67,,
10510,台中市,農林漁牧,15169340,0.62,,
10510,台中市,工業,1299219437,53.05,,
10510,台南市,住宅,366679345,15.61,,
10510,台南市,服務業,301111165,12.82,,
10510,台南市,農林漁牧,36323050,1.55,,
10510,台南市,工業,1644554724,70.02,,
10510,高雄市,住宅,466968488,18.97,,
10510,高雄市,服務業,511100856,20.77,,
10510,高雄市,農林漁牧,19475309,0.79,,
10510,高雄市,工業,1463623952,59.47,,
10510,宜蘭縣,住宅,84924814,28.65,,
10510,宜蘭縣,服務業,68038151,22.95,,
10510,宜蘭縣,農林漁牧,6257893,2.11,,
10510,宜蘭縣,工業,137183336,46.28,,
10510,新竹縣,住宅,119782977,14.07,,
10510,新竹縣,服務業,91719194,10.77,,
10510,新竹縣,農林漁牧,1876738,0.22,,
10510,新竹縣,工業,638181584,74.94,,
10510,苗栗縣,住宅,89731184,14.92,,
10510,苗栗縣,服務業,69800040,11.61,,
10510,苗栗縣,農林漁牧,2314821,0.38,,
10510,苗栗縣,工業,439557090,73.09,,
10510,彰化縣,住宅,227148374,23.92,,
10510,彰化縣,服務業,184818252,19.46,,
10510,彰化縣,農林漁牧,40558262,4.27,,
10510,彰化縣,工業,497165344,52.35,,
10510,南投縣,住宅,87483688,33.85,,
10510,南投縣,服務業,62969571,24.36,,
10510,南投縣,農林漁牧,10029979,3.88,,
10510,南投縣,工業,97963415,37.9,,
10510,雲林縣,住宅,117058401,24.11,,
10510,雲林縣,服務業,74041061,15.25,,
10510,雲林縣,農林漁牧,32717448,6.74,,
10510,雲林縣,工業,261714153,53.9,,
10510,嘉義縣,住宅,7721110,31.92,,
10510,嘉義縣,服務業,53217893,22,,
10510,嘉義縣,農林漁牧,21452448,8.87,,
10510,嘉義縣,工業,90060236,37.22,,
10510,屏東縣,住宅,135450293,35.56,,
10510,屏東縣,服務業,96203327,25.26,,
10510,屏東縣,農林漁牧,54361324,14.27,,
10510,屏東縣,工業,94884482,24.91,,
10510,台東縣,住宅,37863809,44.32,,
10510,台東縣,服務業,34848213,40.79,,
10510,台東縣,農林漁牧,2366263,2.77,,
10510,台東縣,工業,10353776,12.12,,
10510,花蓮縣,住宅,64231992,29.05,,
10510,花蓮縣,服務業,64941825,29.37,,
10510,花蓮縣,農林漁牧,2652360,1.2,,
10510,花蓮縣,工業,89254695,40.37,,
10510,基隆市,住宅,76200851,52.28,,
10510,基隆市,服務業,50809598,34.86,,
10510,基隆市,農林漁牧,8517,0.01,,
10510,基隆市,工業,18726318,12.85,,
10510,新竹市,住宅,94317449,10.41,,
10510,新竹市,服務業,11127381,13.28,,
10510,新竹市,農林漁牧,802464,0.09,,
10510,新竹市,工業,690245501,76.22,,
10510,嘉義市,住宅,50512832,45.87,,
10510,嘉義市,服務業,51751698,46.99,,
10510,嘉義市,農林漁牧,543987,0.49,,
10510,嘉義市,工業,7317098,6.64,,
10510,澎湖縣,住宅,15839890,44.64,,
10510,澎湖縣,服務業,15490779,43.65,,
10510,澎湖縣,農林漁牧,482974,1.36,,
10510,澎湖縣,工業,3670965,10.35,,
10510,金門縣,住宅,10640944,40.11,,
10510,金門縣,服務業,12557571,47.34,,
10510,金門縣,農林漁牧,241909,0.91,,
10510,金門縣,工業,3086359,11.63,,
10510,連江縣,住宅,2388393,37.44,,
10510,連江縣,服務業,3496935,54.81,,
10510,連江縣,農林漁牧,21052,0.33,,
10510,連江縣,工業,473406,7.42,,
10509,新北市,住宅,983799605,46.07,,
10509,新北市,服務業,690504600,32.34,,
10509,新北市,農林漁牧,2092578,0.1,,
10509,新北市,工業,458916791,21.49,,
10509,台北市,住宅,658430220,39.38,,
10509,台北市,服務業,973055220,58.2,,
10509,台北市,農林漁牧,1809277,0.11,,
10509,台北市,工業,38740916,2.32,,
10509,桃園市,住宅,451638132,18.28,,
10509,桃園市,服務業,429334977,17.38,,
10509,桃園市,農林漁牧,3071992,0.12,,
10509,桃園市,工業,1586461822,64.22,,
10509,台中市,住宅,633384351,25.43,,
10509,台中市,服務業,629236773,25.26,,
10509,台中市,農林漁牧,15204959,0.61,,
10509,台中市,工業,1213066814,48.7,,
10509,台南市,住宅,400873975,17.27,,
10509,台南市,服務業,301101698,12.97,,
10509,台南市,農林漁牧,38727714,1.67,,
10509,台南市,工業,1581152130,68.1,,
10509,高雄市,住宅,662319545,26.84,,
10509,高雄市,服務業,517464965,20.97,,
10509,高雄市,農林漁牧,20813030,0.84,,
10509,高雄市,工業,1267000558,51.35,,
10509,宜蘭縣,住宅,98573099,32.36,,
10509,宜蘭縣,服務業,77732100,25.52,,
10509,宜蘭縣,農林漁牧,7088914,2.33,,
10509,宜蘭縣,工業,121182298,39.79,,
10509,新竹縣,住宅,121643165,14.71,,
10509,新竹縣,服務業,87188347,10.54,,
10509,新竹縣,農林漁牧,1931349,0.23,,
10509,新竹縣,工業,616149969,74.51,,
10509,苗栗縣,住宅,124788339,20.11,,
10509,苗栗縣,服務業,76376360,12.31,,
10509,苗栗縣,農林漁牧,2524646,0.41,,
10509,苗栗縣,工業,416732394,67.17,,
10509,彰化縣,住宅,250236219,26.38,,
10509,彰化縣,服務業,184461412,19.44,,
10509,彰化縣,農林漁牧,45478222,4.79,,
10509,彰化縣,工業,468517817,49.39,,
10509,南投縣,住宅,74297947,31.17,,
10509,南投縣,服務業,60250275,25.27,,
10509,南投縣,農林漁牧,10390050,4.36,,
10509,南投縣,工業,93454867,39.2,,
10509,雲林縣,住宅,139332380,27.58,,
10509,雲林縣,服務業,81439414,16.12,,
10509,雲林縣,農林漁牧,37135331,7.35,,
10509,雲林縣,工業,247314948,48.95,,
10509,嘉義縣,住宅,95319720,37.98,,
10509,嘉義縣,服務業,55474952,22.1,,
10509,嘉義縣,農林漁牧,23089981,9.2,,
10509,嘉義縣,工業,77104142,30.72,,
10509,屏東縣,住宅,166883796,40.07,,
10509,屏東縣,服務業,102099925,24.51,,
10509,屏東縣,農林漁牧,60815004,14.6,,
10509,屏東縣,工業,86715875,20.82,,
10509,台東縣,住宅,38393186,43.93,,
10509,台東縣,服務業,36035326,41.23,,
10509,台東縣,農林漁牧,2512791,2.88,,
10509,台東縣,工業,10448954,11.96,,
10509,花蓮縣,住宅,66276339,30.09,,
10509,花蓮縣,服務業,69966537,31.76,,
10509,花蓮縣,農林漁牧,3015261,1.37,,
10509,花蓮縣,工業,81019329,36.78,,
10509,基隆市,住宅,75158596,50.98,,
10509,基隆市,服務業,53924145,36.57,,
10509,基隆市,農林漁牧,8744,0.01,,
10509,基隆市,工業,18347820,12.44,,
10509,新竹市,住宅,120398304,13.1,,
10509,新竹市,服務業,123943344,13.49,,
10509,新竹市,農林漁牧,825962,0.09,,
10509,新竹市,工業,673737315,73.32,,
10509,嘉義市,住宅,56196252,47.23,,
10509,嘉義市,服務業,54754891,46.02,,
10509,嘉義市,農林漁牧,569107,0.48,,
10509,嘉義市,工業,7462942,6.27,,
10509,澎湖縣,住宅,20579982,46.64,,
10509,澎湖縣,服務業,19365594,43.89,,
10509,澎湖縣,農林漁牧,535408,1.21,,
10509,澎湖縣,工業,3644318,8.26,,
10509,金門縣,住宅,13475708,42.65,,
10509,金門縣,服務業,14688117,46.49,,
10509,金門縣,農林漁牧,290054,0.92,,
10509,金門縣,工業,3139277,9.94,,
10509,連江縣,住宅,2801473,41.23,,
10509,連江縣,服務業,3449844,50.77,,
10509,連江縣,農林漁牧,24470,0.36,,
10509,連江縣,工業,519448,7.64,,
10508,新北市,住宅,930153249,44.87,,
10508,新北市,服務業,643513717,31.05,,
10508,新北市,農林漁牧,2124452,0.1,,
10508,新北市,工業,497029706,23.98,,
10508,台北市,住宅,620475711,37.72,,
10508,台北市,服務業,980438915,59.61,,
10508,台北市,農林漁牧,1894287,0.12,,
10508,台北市,工業,4112950,2.55,,
10508,桃園市,住宅,537350608,19.88,,
10508,桃園市,服務業,448503988,16.59,,
10508,桃園市,農林漁牧,3399597,0.13,,
10508,桃園市,工業,1714196045,63.41,,
10508,台中市,住宅,609458283,23.94,,
10508,台中市,服務業,613930819,24.12,,
10508,台中市,農林漁牧,16154792,0.63,,
10508,台中市,工業,1305936855,51.3,,
10508,台南市,住宅,409699146,16.62,,
10508,台南市,服務業,313697301,12.72,,
10508,台南市,農林漁牧,39173792,1.59,,
10508,台南市,工業,1703212155,69.07,,
10508,高雄市,住宅,531624055,21.41,,
10508,高雄市,服務業,530870294,21.38,,
10508,高雄市,農林漁牧,21735055,0.88,,
10508,高雄市,工業,1398814969,56.33,,
10508,宜蘭縣,住宅,96750824,30.13,,
10508,宜蘭縣,服務業,75488958,23.51,,
10508,宜蘭縣,農林漁牧,7516681,2.34,,
10508,宜蘭縣,工業,141338749,44.02,,
10508,新竹縣,住宅,135804152,15.37,,
10508,新竹縣,服務業,97949931,11.08,,
10508,新竹縣,農林漁牧,2124273,0.24,,
10508,新竹縣,工業,647759003,73.31,,
10508,苗栗縣,住宅,105290002,16.36,,
10508,苗栗縣,服務業,75051538,11.66,,
10508,苗栗縣,農林漁牧,2774898,0.43,,
10508,苗栗縣,工業,460330384,71.54,,
10508,彰化縣,住宅,249853615,24.89,,
10508,彰化縣,服務業,191331509,19.06,,
10508,彰化縣,農林漁牧,47079259,4.69,,
10508,彰化縣,工業,515551367,51.36,,
10508,南投縣,住宅,90679595,33.37,,
10508,南投縣,服務業,66022543,24.3,,
10508,南投縣,農林漁牧,11245277,4.14,,
10508,南投縣,工業,103773492,38.19,,
10508,雲林縣,住宅,131930516,25.82,,
10508,雲林縣,服務業,77774487,15.22,,
10508,雲林縣,農林漁牧,38794771,7.59,,
10508,雲林縣,工業,262527903,51.37,,
10508,嘉義縣,住宅,85266291,34.34,,
10508,嘉義縣,服務業,55015111,22.15,,
10508,嘉義縣,農林漁牧,24072762,9.69,,
10508,嘉義縣,工業,83975343,33.82,,
10508,屏東縣,住宅,156537413,37.09,,
10508,屏東縣,服務業,101797381,24.12,,
10508,屏東縣,農林漁牧,63788032,15.11,,
10508,屏東縣,工業,99958739,23.68,,
10508,台東縣,住宅,43229864,45.37,,
10508,台東縣,服務業,38249267,40.14,,
10508,台東縣,農林漁牧,2896258,3.04,,
10508,台東縣,工業,10903299,11.44,,
10508,花蓮縣,住宅,72749424,30.91,,
10508,花蓮縣,服務業,69713299,29.62,,
10508,花蓮縣,農林漁牧,3306071,1.4,,
10508,花蓮縣,工業,89596392,38.07,,
10508,基隆市,住宅,85156702,53.18,,
10508,基隆市,服務業,55578096,34.71,,
10508,基隆市,農林漁牧,7787,0,,
10508,基隆市,工業,19394495,12.11,,
10508,新竹市,住宅,109340857,11.58,,
10508,新竹市,服務業,125422947,13.29,,
10508,新竹市,農林漁牧,901561,0.1,,
10508,新竹市,工業,708194347,75.03,,
10508,嘉義市,住宅,56002235,47.16,,
10508,嘉義市,服務業,54047696,45.51,,
10508,嘉義市,農林漁牧,645256,0.54,,
10508,嘉義市,工業,8058944,6.79,,
10508,澎湖縣,住宅,17467355,44.45,,
10508,澎湖縣,服務業,17225888,43.83,,
10508,澎湖縣,農林漁牧,606711,1.54,,
10508,澎湖縣,工業,4000434,10.18,,
10508,金門縣,住宅,11825045,39.77,,
10508,金門縣,服務業,13949481,46.91,,
10508,金門縣,農林漁牧,308401,1.04,,
10508,金門縣,工業,3652530,12.28,,
10508,連江縣,住宅,2202509,34.77,,
10508,連江縣,服務業,3552149,56.08,,
10508,連江縣,農林漁牧,21619,0.34,,
10508,連江縣,工業,558304,8.81,,
10507,新北市,住宅,818408898,41.64,,
10507,新北市,服務業,662198909,33.69,,
10507,新北市,農林漁牧,2002492,0.1,,
10507,新北市,工業,482784930,24.56,,
10507,台北市,住宅,552658231,34.94,,
10507,台北市,服務業,985942002,62.33,,
10507,台北市,農林漁牧,1902032,0.12,,
10507,台北市,工業,41207027,2.61,,
10507,桃園市,住宅,380289245,15.23,,
10507,桃園市,服務業,426585548,17.08,,
10507,桃園市,農林漁牧,3151890,0.13,,
10507,桃園市,工業,1687585692,67.57,,
10507,台中市,住宅,560046717,22.72,,
10507,台中市,服務業,611676394,24.81,,
10507,台中市,農林漁牧,15848092,0.64,,
10507,台中市,工業,1277664110,51.83,,
10507,台南市,住宅,371351596,15.5,,
10507,台南市,服務業,301903388,12.6,,
10507,台南市,農林漁牧,37190593,1.55,,
10507,台南市,工業,1685521521,70.35,,
10507,高雄市,住宅,637747495,24.67,,
10507,高雄市,服務業,530151864,20.51,,
10507,高雄市,農林漁牧,21121443,0.82,,
10507,高雄市,工業,1396344252,54.01,,
10507,宜蘭縣,住宅,81325595,26.7,,
10507,宜蘭縣,服務業,75391443,24.75,,
10507,宜蘭縣,農林漁牧,7541946,2.48,,
10507,宜蘭縣,工業,140338492,46.07,,
10507,新竹縣,住宅,101211165,12.07,,
10507,新竹縣,服務業,86054747,10.26,,
10507,新竹縣,農林漁牧,2096961,0.25,,
10507,新竹縣,工業,649090920,77.42,,
10507,苗栗縣,住宅,106223358,16.27,,
10507,苗栗縣,服務業,75713098,11.6,,
10507,苗栗縣,農林漁牧,2894492,0.44,,
10507,苗栗縣,工業,467900817,71.68,,
10507,彰化縣,住宅,220833180,23.24,,
10507,彰化縣,服務業,177555144,18.68,,
10507,彰化縣,農林漁牧,45507153,4.79,,
10507,彰化縣,工業,506363480,53.29,,
10507,南投縣,住宅,67071120,28.27,,
10507,南投縣,服務業,59504911,25.08,,
10507,南投縣,農林漁牧,10069788,4.24,,
10507,南投縣,工業,100580140,42.4,,
10507,雲林縣,住宅,129461691,25.83,,
10507,雲林縣,服務業,80061588,15.97,,
10507,雲林縣,農林漁牧,38381490,7.66,,
10507,雲林縣,工業,253265848,50.53,,
10507,嘉義縣,住宅,87570716,35.1,,
10507,嘉義縣,服務業,55040011,22.06,,
10507,嘉義縣,農林漁牧,23712928,9.5,,
10507,嘉義縣,工業,83184063,33.34,,
10507,屏東縣,住宅,165854270,38.18,,
10507,屏東縣,服務業,104186430,23.99,,
10507,屏東縣,農林漁牧,65724325,15.13,,
10507,屏東縣,工業,98612084,22.7,,
10507,台東縣,住宅,35145642,41.04,,
10507,台東縣,服務業,37158034,43.39,,
10507,台東縣,農林漁牧,2959713,3.46,,
10507,台東縣,工業,10379398,12.12,,
10507,花蓮縣,住宅,57654877,26.06,,
10507,花蓮縣,服務業,70833119,32.02,,
10507,花蓮縣,農林漁牧,3165400,1.43,,
10507,花蓮縣,工業,89567771,40.49,,
10507,基隆市,住宅,61830370,45.68,,
10507,基隆市,服務業,54082603,39.96,,
10507,基隆市,農林漁牧,6769,0.01,,
10507,基隆市,工業,19430708,14.36,,
10507,新竹市,住宅,103414617,11.09,,
10507,新竹市,服務業,124617751,13.36,,
10507,新竹市,農林漁牧,856578,0.09,,
10507,新竹市,工業,703841030,75.46,,
10507,嘉義市,住宅,52293347,45.18,,
10507,嘉義市,服務業,55156824,47.65,,
10507,嘉義市,農林漁牧,626496,0.54,,
10507,嘉義市,工業,7679931,6.63,,
10507,澎湖縣,住宅,18838287,43.48,,
10507,澎湖縣,服務業,19929641,46,,
10507,澎湖縣,農林漁牧,575721,1.33,,
10507,澎湖縣,工業,3979234,9.19,,
10507,金門縣,住宅,11562463,37.76,,
10507,金門縣,服務業,15127763,49.41,,
10507,金門縣,農林漁牧,307366,1,,
10507,金門縣,工業,3620065,11.82,,
10507,連江縣,住宅,2364219,38.89,,
10507,連江縣,服務業,3153295,51.87,,
10507,連江縣,農林漁牧,19917,0.33,,
10507,連江縣,工業,541576,8.91,,
10506,新北市,住宅,653053616,38.87,,
10506,新北市,服務業,567647931,33.79,,
10506,新北市,農林漁牧,1876533,0.11,,
10506,新北市,工業,457468570,27.23,,
10506,台北市,住宅,432604003,31.81,,
10506,台北市,服務業,887239304,65.24,,
10506,台北市,農林漁牧,1810062,0.13,,
10506,台北市,工業,38310628,2.82,,
10506,桃園市,住宅,378144999,15.69,,
10506,桃園市,服務業,398329001,16.53,,
10506,桃園市,農林漁牧,2522225,0.1,,
10506,桃園市,工業,1631041196,67.68,,
10506,台中市,住宅,471738518,20.82,,
10506,台中市,服務業,558638660,24.66,,
10506,台中市,農林漁牧,14888164,0.66,,
10506,台中市,工業,1220312238,53.86,,
10506,台南市,住宅,327683733,14.35,,
10506,台南市,服務業,296438479,12.98,,
10506,台南市,農林漁牧,33307401,1.46,,
10506,台南市,工業,1625906226,71.21,,
10506,高雄市,住宅,434130982,18.8,,
10506,高雄市,服務業,511436356,22.14,,
10506,高雄市,農林漁牧,19601298,0.85,,
10506,高雄市,工業,1344361913,58.21,,
10506,宜蘭縣,住宅,67752668,25.2,,
10506,宜蘭縣,服務業,63990565,23.8,,
10506,宜蘭縣,農林漁牧,6471010,2.41,,
10506,宜蘭縣,工業,130608674,48.59,,
10506,新竹縣,住宅,94975446,11.82,,
10506,新竹縣,服務業,86061277,10.71,,
10506,新竹縣,農林漁牧,1679930,0.21,,
10506,新竹縣,工業,620904261,77.26,,
10506,苗栗縣,住宅,72501496,12.35,,
10506,苗栗縣,服務業,66888952,11.39,,
10506,苗栗縣,農林漁牧,2171242,0.37,,
10506,苗栗縣,工業,445667471,75.89,,
10506,彰化縣,住宅,192662845,21.57,,
10506,彰化縣,服務業,172775445,19.35,,
10506,彰化縣,農林漁牧,40272767,4.51,,
10506,彰化縣,工業,487313208,54.57,,
10506,南投縣,住宅,77354022,31.43,,
10506,南投縣,服務業,60464993,24.56,,
10506,南投縣,農林漁牧,10036613,4.08,,
10506,南投縣,工業,98296716,39.93,,
10506,雲林縣,住宅,110968034,24.2,,
10506,雲林縣,服務業,72213637,15.75,,
10506,雲林縣,農林漁牧,34129551,7.44,,
10506,雲林縣,工業,241327619,52.62,,
10506,嘉義縣,住宅,72162749,32.04,,
10506,嘉義縣,服務業,52558008,23.34,,
10506,嘉義縣,農林漁牧,22253467,9.88,,
10506,嘉義縣,工業,78220700,34.73,,
10506,屏東縣,住宅,133208562,34.27,,
10506,屏東縣,服務業,97905902,25.19,,
10506,屏東縣,農林漁牧,62714644,16.13,,
10506,屏東縣,工業,94906111,24.41,,
10506,台東縣,住宅,34654558,41.4,,
10506,台東縣,服務業,35437998,42.33,,
10506,台東縣,農林漁牧,2921261,3.49,,
10506,台東縣,工業,10695017,12.78,,
10506,花蓮縣,住宅,54273213,26.15,,
10506,花蓮縣,服務業,64173502,30.91,,
10506,花蓮縣,農林漁牧,2528795,1.22,,
10506,花蓮縣,工業,86607509,41.72,,
10506,基隆市,住宅,58410296,46.19,,
10506,基隆市,服務業,49190324,38.9,,
10506,基隆市,農林漁牧,7159,0.01,,
10506,基隆市,工業,18848143,14.9,,
10506,新竹市,住宅,75417131,8.62,,
10506,新竹市,服務業,117583108,13.43,,
10506,新竹市,農林漁牧,793867,0.09,,
10506,新竹市,工業,681464292,77.86,,
10506,嘉義市,住宅,44887835,43.43,,
10506,嘉義市,服務業,50344383,48.71,,
10506,嘉義市,農林漁牧,639153,0.62,,
10506,嘉義市,工業,7488999,7.25,,
10506,澎湖縣,住宅,13463284,40.58,,
10506,澎湖縣,服務業,15332682,46.22,,
10506,澎湖縣,農林漁牧,501190,1.51,,
10506,澎湖縣,工業,3879127,11.69,,
10506,金門縣,住宅,8245461,33.79,,
10506,金門縣,服務業,12511525,51.27,,
10506,金門縣,農林漁牧,239184,0.98,,
10506,金門縣,工業,3405127,13.95,,
10506,連江縣,住宅,1847634,35.73,,
10506,連江縣,服務業,2793430,54.02,,
10506,連江縣,農林漁牧,14088,0.27,,
10506,連江縣,工業,515522,9.97,,
10505,新北市,住宅,604572205,36.88,,
10505,新北市,服務業,570739114,34.82,,
10505,新北市,農林漁牧,1914380,0.12,,
10505,新北市,工業,461879880,28.18,,
10505,台北市,住宅,402085514,30.76,,
10505,台北市,服務業,865853296,66.23,,
10505,台北市,農林漁牧,1721030,0.13,,
10505,台北市,工業,37697387,2.88,,
10505,桃園市,住宅,306570151,13.17,,
10505,桃園市,服務業,373590728,16.05,,
10505,桃園市,農林漁牧,2474562,0.11,,
10505,桃園市,工業,1644765640,70.67,,
10505,台中市,住宅,426337905,18.95,,
10505,台中市,服務業,552490274,24.56,,
10505,台中市,農林漁牧,14605912,0.65,,
10505,台中市,工業,1255965936,55.84,,
10505,台南市,住宅,281417812,12.52,,
10505,台南市,服務業,282869380,12.59,,
10505,台南市,農林漁牧,31065343,1.38,,
10505,台南市,工業,1651755944,73.51,,
10505,高雄市,住宅,469701356,19.39,,
10505,高雄市,服務業,501172441,20.68,,
10505,高雄市,農林漁牧,20098513,0.83,,
10505,高雄市,工業,1431928832,59.1,,
10505,宜蘭縣,住宅,62242608,23.07,,
10505,宜蘭縣,服務業,64895137,24.05,,
10505,宜蘭縣,農林漁牧,6337220,2.35,,
10505,宜蘭縣,工業,136324766,50.53,,
10505,新竹縣,住宅,78998932,10.12,,
10505,新竹縣,服務業,75346717,9.65,,
10505,新竹縣,農林漁牧,1692163,0.22,,
10505,新竹縣,工業,624792999,80.02,,
10505,苗栗縣,住宅,77013635,12.81,,
10505,苗栗縣,服務業,66808114,11.11,,
10505,苗栗縣,農林漁牧,1900277,0.32,,
10505,苗栗縣,工業,455383362,75.76,,
10505,彰化縣,住宅,171823739,19.77,,
10505,彰化縣,服務業,159820927,18.38,,
10505,彰化縣,農林漁牧,37018882,4.26,,
10505,彰化縣,工業,500638315,57.59,,
10505,南投縣,住宅,59037370,26.34,,
10505,南投縣,服務業,54977671,24.53,,
10505,南投縣,農林漁牧,9421585,4.2,,
10505,南投縣,工業,100678865,44.92,,
10505,雲林縣,住宅,99526447,22.29,,
10505,雲林縣,服務業,73244602,16.41,,
10505,雲林縣,農林漁牧,30686025,6.87,,
10505,雲林縣,工業,242964326,54.42,,
10505,嘉義縣,住宅,68855844,31.32,,
10505,嘉義縣,服務業,51934171,23.62,,
10505,嘉義縣,農林漁牧,19463340,8.85,,
10505,嘉義縣,工業,79592911,36.2,,
10505,屏東縣,住宅,128096141,33.02,,
10505,屏東縣,服務業,97285150,25.08,,
10505,屏東縣,農林漁牧,63466206,16.36,,
10505,屏東縣,工業,99086574,25.54,,
10505,台東縣,住宅,28455382,37.51,,
10505,台東縣,服務業,33964906,44.78,,
10505,台東縣,農林漁牧,2746274,3.62,,
10505,台東縣,工業,10690031,14.09,,
10505,花蓮縣,住宅,45597542,23.04,,
10505,花蓮縣,服務業,63244915,31.95,,
10505,花蓮縣,農林漁牧,2490016,1.26,,
10505,花蓮縣,工業,86611761,43.76,,
10505,基隆市,住宅,47697430,42.65,,
10505,基隆市,服務業,46289228,41.39,,
10505,基隆市,農林漁牧,7935,0.01,,
10505,基隆市,工業,17836331,15.95,,
10505,新竹市,住宅,74733536,8.52,,
10505,新竹市,服務業,112995295,12.88,,
10505,新竹市,農林漁牧,748821,0.09,,
10505,新竹市,工業,688592267,78.51,,
10505,嘉義市,住宅,40169126,40.4,,
10505,嘉義市,服務業,50979647,51.27,,
10505,嘉義市,農林漁牧,568597,0.57,,
10505,嘉義市,工業,7718279,7.76,,
10505,澎湖縣,住宅,13778610,39.55,,
10505,澎湖縣,服務業,16707523,47.96,,
10505,澎湖縣,農林漁牧,460034,1.32,,
10505,澎湖縣,工業,3887897,11.16,,
10505,金門縣,住宅,9187504,36.73,,
10505,金門縣,服務業,12373508,49.47,,
10505,金門縣,農林漁牧,257377,1.03,,
10505,金門縣,工業,3195302,12.77,,
10505,連江縣,住宅,2334374,42.83,,
10505,連江縣,服務業,2629489,48.24,,
10505,連江縣,農林漁牧,18339,0.34,,
10505,連江縣,工業,468599,8.6,,
10504,新北市,住宅,576296689,39.75,,
10504,新北市,服務業,447394938,30.86,,
10504,新北市,農林漁牧,1615708,0.11,,
10504,新北市,工業,424668280,29.29,,
10504,台北市,住宅,365587917,32.91,,
10504,台北市,服務業,710472928,63.95,,
10504,台北市,農林漁牧,1546308,0.14,,
10504,台北市,工業,33355844,3,,
10504,桃園市,住宅,362998695,16.32,,
10504,桃園市,服務業,319176162,14.35,,
10504,桃園市,農林漁牧,2141787,0.1,,
10504,桃園市,工業,1540502812,69.24,,
10504,台中市,住宅,400804151,19.84,,
10504,台中市,服務業,454525212,22.5,,
10504,台中市,農林漁牧,12661607,0.63,,
10504,台中市,工業,1152554105,57.04,,
10504,台南市,住宅,261563530,12.52,,
10504,台南市,服務業,241573025,11.57,,
10504,台南市,農林漁牧,26641988,1.28,,
10504,台南市,工業,1558651190,74.63,,
10504,高雄市,住宅,323796103,15.16,,
10504,高雄市,服務業,426508868,19.97,,
10504,高雄市,農林漁牧,17968027,0.84,,
10504,高雄市,工業,1367708947,64.03,,
10504,宜蘭縣,住宅,62314580,25.18,,
10504,宜蘭縣,服務業,52721608,21.3,,
10504,宜蘭縣,農林漁牧,5018973,2.03,,
10504,宜蘭縣,工業,127429866,51.49,,
10504,新竹縣,住宅,88526444,12.12,,
10504,新竹縣,服務業,68597216,9.39,,
10504,新竹縣,農林漁牧,1253525,0.17,,
10504,新竹縣,工業,571881232,78.31,,
10504,苗栗縣,住宅,64516229,11.41,,
10504,苗栗縣,服務業,54373640,9.61,,
10504,苗栗縣,農林漁牧,1614600,0.29,,
10504,苗栗縣,工業,445052660,78.69,,
10504,彰化縣,住宅,167673910,20.74,,
10504,彰化縣,服務業,143649010,17.77,,
10504,彰化縣,農林漁牧,30541986,3.78,,
10504,彰化縣,工業,466437000,57.71,,
10504,南投縣,住宅,71691080,31.95,,
10504,南投縣,服務業,50968122,22.71,,
10504,南投縣,農林漁牧,7890792,3.52,,
10504,南投縣,工業,93853481,41.82,,
10504,雲林縣,住宅,92419165,23.05,,
10504,雲林縣,服務業,59226995,14.77,,
10504,雲林縣,農林漁牧,24941657,6.22,,
10504,雲林縣,工業,224421042,55.96,,
10504,嘉義縣,住宅,60141971,29.48,,
10504,嘉義縣,服務業,44440495,21.78,,
10504,嘉義縣,農林漁牧,15563392,7.63,,
10504,嘉義縣,工業,83874879,41.11,,
10504,屏東縣,住宅,105008391,31.66,,
10504,屏東縣,服務業,81273512,24.51,,
10504,屏東縣,農林漁牧,55548383,16.75,,
10504,屏東縣,工業,89805019,27.08,,
10504,台東縣,住宅,29721690,41.6,,
10504,台東縣,服務業,29168204,40.83,,
10504,台東縣,農林漁牧,2346023,3.28,,
10504,台東縣,工業,10210187,14.29,,
10504,花蓮縣,住宅,48877582,26.13,,
10504,花蓮縣,服務業,53556578,28.64,,
10504,花蓮縣,農林漁牧,2104884,1.13,,
10504,花蓮縣,工業,82490360,44.11,,
10504,基隆市,住宅,55964107,50.18,,
10504,基隆市,服務業,38725888,34.72,,
10504,基隆市,農林漁牧,8019,0.01,,
10504,基隆市,工業,16827089,15.09,,
10504,新竹市,住宅,65857116,8.22,,
10504,新竹市,服務業,94657273,11.81,,
10504,新竹市,農林漁牧,675762,0.08,,
10504,新竹市,工業,640231272,79.89,,
10504,嘉義市,住宅,37379862,44.14,,
10504,嘉義市,服務業,40278590,47.56,,
10504,嘉義市,農林漁牧,434736,0.51,,
10504,嘉義市,工業,6588699,7.78,,
10504,澎湖縣,住宅,11633174,42.43,,
10504,澎湖縣,服務業,12041609,43.92,,
10504,澎湖縣,農林漁牧,378617,1.38,,
10504,澎湖縣,工業,3364643,12.27,,
10504,金門縣,住宅,8082411,40.68,,
10504,金門縣,服務業,9497927,47.8,,
10504,金門縣,農林漁牧,188759,0.95,,
10504,金門縣,工業,2100734,10.57,,
10504,連江縣,住宅,1729232,39.85,,
10504,連江縣,服務業,2231810,51.44,,
10504,連江縣,農林漁牧,11695,0.27,,
10504,連江縣,工業,366227,8.44,,
10503,新北市,住宅,584256083,39.71,,
10503,新北市,服務業,462727513,31.45,,
10503,新北市,農林漁牧,1560163,0.11,,
10503,新北市,工業,422854581,28.74,,
10503,台北市,住宅,384036308,34.62,,
10503,台北市,服務業,690967798,62.29,,
10503,台北市,農林漁牧,1368482,0.12,,
10503,台北市,工業,32940032,2.97,,
10503,桃園市,住宅,311520432,14.49,,
10503,桃園市,服務業,303121212,14.1,,
10503,桃園市,農林漁牧,2036645,0.09,,
10503,桃園市,工業,1533275303,71.32,,
10503,台中市,住宅,403860286,20.04,,
10503,台中市,服務業,440907306,21.88,,
10503,台中市,農林漁牧,11254907,0.56,,
10503,台中市,工業,1159058791,57.52,,
10503,台南市,住宅,257839119,12.57,,
10503,台南市,服務業,219478242,10.7,,
10503,台南市,農林漁牧,26460642,1.29,,
10503,台南市,工業,1548010739,75.45,,
10503,高雄市,住宅,408419599,18.77,,
10503,高雄市,服務業,396532661,18.22,,
10503,高雄市,農林漁牧,19075730,0.88,,
10503,高雄市,工業,1352229114,62.14,,
10503,宜蘭縣,住宅,61782811,24.26,,
10503,宜蘭縣,服務業,54578727,21.43,,
10503,宜蘭縣,農林漁牧,4861118,1.91,,
10503,宜蘭縣,工業,133454198,52.4,,
10503,新竹縣,住宅,78551190,11.15,,
10503,新竹縣,服務業,61246146,8.69,,
10503,新竹縣,農林漁牧,1223931,0.17,,
10503,新竹縣,工業,563738214,79.99,,
10503,苗栗縣,住宅,75551822,13.42,,
10503,苗栗縣,服務業,55557299,9.87,,
10503,苗栗縣,農林漁牧,1532701,0.27,,
10503,苗栗縣,工業,430240081,76.44,,
10503,彰化縣,住宅,165132711,20.99,,
10503,彰化縣,服務業,132495750,16.85,,
10503,彰化縣,農林漁牧,29196639,3.71,,
10503,彰化縣,工業,459718215,58.45,,
10503,南投縣,住宅,58545104,28.4,,
10503,南投縣,服務業,46946089,22.77,,
10503,南投縣,農林漁牧,7775331,3.77,,
10503,南投縣,工業,92886764,45.06,,
10503,雲林縣,住宅,92879448,22.96,,
10503,雲林縣,服務業,59483032,14.71,,
10503,雲林縣,農林漁牧,26535040,6.56,,
10503,雲林縣,工業,225575861,55.77,,
10503,嘉義縣,住宅,65959206,33.53,,
10503,嘉義縣,服務業,41199234,20.94,,
10503,嘉義縣,農林漁牧,16821831,8.55,,
10503,嘉義縣,工業,72740595,36.98,,
10503,屏東縣,住宅,113927080,33.61,,
10503,屏東縣,服務業,78194400,23.07,,
10503,屏東縣,農林漁牧,57124231,16.85,,
10503,屏東縣,工業,89730320,26.47,,
10503,台東縣,住宅,26638713,40,,
10503,台東縣,服務業,27426799,41.18,,
10503,台東縣,農林漁牧,2407244,3.61,,
10503,台東縣,工業,10129880,15.21,,
10503,花蓮縣,住宅,42760350,23.59,,
10503,花蓮縣,服務業,51573697,28.45,,
10503,花蓮縣,農林漁牧,2145550,1.18,,
10503,花蓮縣,工業,84804325,46.78,,
10503,基隆市,住宅,47780072,46.52,,
10503,基隆市,服務業,37902147,36.9,,
10503,基隆市,農林漁牧,7454,0.01,,
10503,基隆市,工業,17017527,16.57,,
10503,新竹市,住宅,72305359,8.97,,
10503,新竹市,服務業,90451914,11.22,,
10503,新竹市,農林漁牧,590293,0.07,,
10503,新竹市,工業,643149601,79.75,,
10503,嘉義市,住宅,37121352,44.9,,
10503,嘉義市,服務業,38527578,46.6,,
10503,嘉義市,農林漁牧,433077,0.52,,
10503,嘉義市,工業,6602358,7.99,,
10503,澎湖縣,住宅,13276723,44.53,,
10503,澎湖縣,服務業,12807677,42.96,,
10503,澎湖縣,農林漁牧,346005,1.16,,
10503,澎湖縣,工業,3385734,11.36,,
10503,金門縣,住宅,9321469,43.53,,
10503,金門縣,服務業,9891952,46.19,,
10503,金門縣,農林漁牧,10567,0.94,,
10503,金門縣,工業,2000969,9.34,,
10503,連江縣,住宅,2398545,44.17,,
10503,連江縣,服務業,2561330,47.16,,
10503,連江縣,農林漁牧,15433,0.28,,
10503,連江縣,工業,455298,8.38,,
10502,新北市,住宅,538570714,42.08,,
10502,新北市,服務業,400052761,31.25,,
10502,新北市,農林漁牧,1424480,0.11,,
10502,新北市,工業,339951336,26.56,,
10502,台北市,住宅,345669833,35.75,,
10502,台北市,服務業,591219328,61.14,,
10502,台北市,農林漁牧,1199238,0.12,,
10502,台北市,工業,28841640,2.98,,
10502,桃園市,住宅,338506417,18.2,,
10502,桃園市,服務業,276306465,14.85,,
10502,桃園市,農林漁牧,1963518,0.11,,
10502,桃園市,工業,1243514891,66.85,,
10502,台中市,住宅,375418671,21.76,,
10502,台中市,服務業,390873591,22.66,,
10502,台中市,農林漁牧,10364161,0.6,,
10502,台中市,工業,948669660,54.98,,
10502,台南市,住宅,246328255,14.23,,
10502,台南市,服務業,198956642,11.49,,
10502,台南市,農林漁牧,24420658,1.41,,
10502,台南市,工業,1261936316,72.88,,
10502,高雄市,住宅,308329421,16.92,,
10502,高雄市,服務業,350591331,19.24,,
10502,高雄市,農林漁牧,16898361,0.93,,
10502,高雄市,工業,1146531032,62.91,,
10502,宜蘭縣,住宅,59925856,27.67,,
10502,宜蘭縣,服務業,46896349,21.65,,
10502,宜蘭縣,農林漁牧,3964428,1.83,,
10502,宜蘭縣,工業,105792930,48.85,,
10502,新竹縣,住宅,80829476,12.66,,
10502,新竹縣,服務業,60421470,9.46,,
10502,新竹縣,農林漁牧,1034008,0.16,,
10502,新竹縣,工業,496126667,77.71,,
10502,苗栗縣,住宅,59569974,12.37,,
10502,苗栗縣,服務業,48626291,10.1,,
10502,苗栗縣,農林漁牧,1370526,0.28,,
10502,苗栗縣,工業,371832941,77.24,,
10502,彰化縣,住宅,154411560,23.26,,
10502,彰化縣,服務業,127669327,19.23,,
10502,彰化縣,農林漁牧,27167736,4.09,,
10502,彰化縣,工業,354566922,53.41,,
10502,南投縣,住宅,66266309,35.29,,
10502,南投縣,服務業,44896233,23.91,,
10502,南投縣,農林漁牧,6550286,3.49,,
10502,南投縣,工業,70062570,37.31,,
10502,雲林縣,住宅,81091214,23.39,,
10502,雲林縣,服務業,51196249,14.76,,
10502,雲林縣,農林漁牧,23709381,6.84,,
10502,雲林縣,工業,190766908,55.01,,
10502,嘉義縣,住宅,55123723,34.14,,
10502,嘉義縣,服務業,36762663,22.77,,
10502,嘉義縣,農林漁牧,14609951,9.05,,
10502,嘉義縣,工業,54980735,34.05,,
10502,屏東縣,住宅,98187409,34.22,,
10502,屏東縣,服務業,68716314,23.95,,
10502,屏東縣,農林漁牧,51518754,17.96,,
10502,屏東縣,工業,68507996,23.88,,
10502,台東縣,住宅,27944209,44.48,,
10502,台東縣,服務業,24718465,39.34,,
10502,台東縣,農林漁牧,2167682,3.45,,
10502,台東縣,工業,7995248,12.73,,
10502,花蓮縣,住宅,45566308,26.9,,
10502,花蓮縣,服務業,45244453,26.71,,
10502,花蓮縣,農林漁牧,1921631,1.13,,
10502,花蓮縣,工業,76645823,45.25,,
10502,基隆市,住宅,51893036,52.28,,
10502,基隆市,服務業,33568335,33.82,,
10502,基隆市,農林漁牧,7025,0.01,,
10502,基隆市,工業,13797228,13.9,,
10502,新竹市,住宅,61529037,8.55,,
10502,新竹市,服務業,76141522,10.58,,
10502,新竹市,農林漁牧,570455,0.08,,
10502,新竹市,工業,581465971,80.79,,
10502,嘉義市,住宅,34728372,46.94,,
10502,嘉義市,服務業,33595700,45.41,,
10502,嘉義市,農林漁牧,450059,0.61,,
10502,嘉義市,工業,5211418,7.04,,
10502,澎湖縣,住宅,10491206,43.45,,
10502,澎湖縣,服務業,10316837,42.73,,
10502,澎湖縣,農林漁牧,319021,1.32,,
10502,澎湖縣,工業,3016080,12.49,,
10502,金門縣,住宅,7569588,43.3,,
10502,金門縣,服務業,8081044,46.23,,
10502,金門縣,農林漁牧,172343,0.99,,
10502,金門縣,工業,1658982,9.49,,
10502,連江縣,住宅,1764007,37.67,,
10502,連江縣,服務業,2459486,52.52,,
10502,連江縣,農林漁牧,16247,0.35,,
10502,連江縣,工業,443644,9.47,,
10501,新北市,住宅,540526631,37.56,,
10501,新北市,服務業,493533884,34.29,,
10501,新北市,農林漁牧,1679927,0.12,,
10501,新北市,工業,403472508,28.03,,
10501,台北市,住宅,360765814,32.54,,
10501,台北市,服務業,713562754,64.35,,
10501,台北市,農林漁牧,1383129,0.12,,
10501,台北市,工業,33131040,2.99,,
10501,桃園市,住宅,277353087,13.34,,
10501,桃園市,服務業,316047777,15.2,,
10501,桃園市,農林漁牧,2177982,0.1,,
10501,桃園市,工業,1483364415,71.35,,
10501,台中市,住宅,380614970,19.28,,
10501,台中市,服務業,465608225,23.59,,
10501,台中市,農林漁牧,11932660,0.6,,
10501,台中市,工業,1115879746,56.53,,
10501,台南市,住宅,248579986,12.49,,
10501,台南市,服務業,226744138,11.39,,
10501,台南市,農林漁牧,27581718,1.39,,
10501,台南市,工業,1487836129,74.74,,
10501,高雄市,住宅,414615754,19.38,,
10501,高雄市,服務業,402452147,18.82,,
10501,高雄市,農林漁牧,19383739,0.91,,
10501,高雄市,工業,1302511416,60.89,,
10501,宜蘭縣,住宅,57517473,22.71,,
10501,宜蘭縣,服務業,56006325,22.12,,
10501,宜蘭縣,農林漁牧,4341753,1.71,,
10501,宜蘭縣,工業,135364306,53.46,,
10501,新竹縣,住宅,68535413,9.97,,
10501,新竹縣,服務業,63999203,9.31,,
10501,新竹縣,農林漁牧,1157780,0.17,,
10501,新竹縣,工業,553488357,80.54,,
10501,苗栗縣,住宅,68742495,12.29,,
10501,苗栗縣,服務業,58694166,10.5,,
10501,苗栗縣,農林漁牧,1580625,0.28,,
10501,苗栗縣,工業,430170308,76.93,,
10501,彰化縣,住宅,151432577,19.85,,
10501,彰化縣,服務業,139978019,18.35,,
10501,彰化縣,農林漁牧,30463550,3.99,,
10501,彰化縣,工業,440890264,57.8,,
10501,南投縣,住宅,54411432,27.56,,
10501,南投縣,服務業,47589753,24.11,,
10501,南投縣,農林漁牧,7854383,3.98,,
10501,南投縣,工業,87551201,44.35,,
10501,雲林縣,住宅,85397006,21.63,,
10501,雲林縣,服務業,62569495,15.85,,
10501,雲林縣,農林漁牧,24489117,6.2,,
10501,雲林縣,工業,222261909,56.31,,
10501,嘉義縣,住宅,61012850,31.94,,
10501,嘉義縣,服務業,43496193,22.77,,
10501,嘉義縣,農林漁牧,15721688,8.23,,
10501,嘉義縣,工業,70818078,37.07,,
10501,屏東縣,住宅,114210920,33.97,,
10501,屏東縣,服務業,79597828,23.67,,
10501,屏東縣,農林漁牧,56722139,16.87,,
10501,屏東縣,工業,85717489,25.49,,
10501,台東縣,住宅,25804334,39.1,,
10501,台東縣,服務業,27523499,41.7,,
10501,台東縣,農林漁牧,2399328,3.64,,
10501,台東縣,工業,10273363,15.57,,
10501,花蓮縣,住宅,41360028,22.87,,
10501,花蓮縣,服務業,52272759,28.9,,
10501,花蓮縣,農林漁牧,2086817,1.15,,
10501,花蓮縣,工業,85145655,47.08,,
10501,基隆市,住宅,43786770,43.85,,
10501,基隆市,服務業,38798149,38.85,,
10501,基隆市,農林漁牧,7507,0.01,,
10501,基隆市,工業,17266162,17.29,,
10501,新竹市,住宅,65474909,8.34,,
10501,新竹市,服務業,89741806,11.44,,
10501,新竹市,農林漁牧,604674,0.08,,
10501,新竹市,工業,628960999,80.14,,
10501,嘉義市,住宅,35132162,42.69,,
10501,嘉義市,服務業,40187505,48.83,,
10501,嘉義市,農林漁牧,436888,0.53,,
10501,嘉義市,工業,6547267,7.95,,
10501,澎湖縣,住宅,12398263,41.78,,
10501,澎湖縣,服務業,13503988,45.5,,
10501,澎湖縣,農林漁牧,357898,1.21,,
10501,澎湖縣,工業,3417745,11.52,,
10501,金門縣,住宅,8320068,40.42,,
10501,金門縣,服務業,10046944,48.81,,
10501,金門縣,農林漁牧,199869,0.97,,
10501,金門縣,工業,2015170,9.79,,
10501,連江縣,住宅,1995495,40.5,,
10501,連江縣,服務業,2477981,50.29,,
10501,連江縣,農林漁牧,15884,0.32,,
10501,連江縣,工業,437623,8.88,,
,,,5668809549,,,
,,,11247408889,,,
,,,,,,
