TOWNCODE,COUNTYNAME,TOWNNAME,year,daily_solar_radiation,relative_humidity,air_temperature,earth_temperature,earth_temperature_amplitude,wind_speed,atmospheric_pressure,heating_degree_days,cooling_degree_days,heating_design_temperature,cooling_design_temperature,frost_days
09007010,連江縣,南竿鄉,2013,3.870526849315069,84.91120547945206,20.089945205479456,20.51942465753425,14.61,6.280164383561643,101.19369863013699,664.3900000000001,1317.7199999999998,7.176666666666667,29.099999999999998,0
09007010,連江縣,南竿鄉,2014,3.8147997260273976,85.33649315068493,20.307698630136986,20.764575342465754,15.509999999999998,5.88372602739726,101.20547945205479,673.5300000000002,1406.3399999999997,7.576666666666667,30.52333333333333,0
09007010,連江縣,南竿鄉,2015,3.411427123287671,86.33002739726028,20.318027397260273,20.74254794520548,14.12,6.25049315068493,101.22865753424658,598.69,1335.27,8.243333333333334,28.80666666666666,0
09007010,連江縣,南竿鄉,2016,3.4749923497267763,86.7678961748634,20.688360655737707,21.12382513661202,16.23,5.9981967213114755,101.18707650273224,634.1999999999999,1508.3400000000001,5.239999999999999,29.953333333333333,0
09007010,連江縣,南竿鄉,2017,3.8513463013698632,85.0578904109589,20.648931506849316,21.110383561643836,14.600000000000001,6.266246575342465,101.2515890410959,584.74,1442.1,8.649999999999999,30.16,0
09007010,連江縣,南竿鄉,2018,3.803682191780822,85.47391780821917,20.608465753424657,21.131068493150682,16.49,6.065671232876713,101.1632876712329,605.1800000000001,1447.7699999999998,6.916666666666667,29.709999999999997,0
09007010,連江縣,南竿鄉,2019,3.6132569863013697,86.09309589041096,20.556164383561644,20.996794520547944,14.03,6.21345205479452,101.1686301369863,536.4100000000001,1359.91,9.780000000000001,30.159999999999997,0
09007010,連江縣,南竿鄉,2020,3.7667125683060108,85.59590163934426,20.720163934426232,21.18530054644809,14.080000000000002,6.382185792349727,101.26158469945355,537.5100000000001,1423.29,7.493333333333333,30.043333333333333,0
09007010,連江縣,南竿鄉,2021,3.832551506849315,85.24523287671235,20.940164383561648,21.35841095890411,15.010000000000002,6.089013698630137,101.19008219178082,539.1400000000001,1502.8,8.366666666666667,30.146666666666665,0
09007010,連江縣,南竿鄉,2022,3.7458717808219175,85.5827397260274,20.4346301369863,20.91920547945206,15.250000000000002,6.450739726027397,101.20832876712329,589.9800000000001,1369.12,7.9433333333333325,30.536666666666665,0
09007010,連江縣,南竿鄉,2023,3.861232602739726,84.66145205479452,20.83468493150685,21.26558904109589,15.85,5.893287671232877,101.21734246575343,602.0100000000001,1527.1699999999998,6.7,30.833333333333332,0
09007010,連江縣,南竿鄉,2024,3.7317232240437157,85.68860655737704,20.82773224043716,21.28743169398907,15.009999999999998,6.175573770491803,101.18122950819672,581.49,1506.64,7.226666666666667,30.400000000000002,0
09007010,連江縣,南竿鄉,2025,4.220339221556886,84.50161643835618,21.06282191780822,21.50745205479452,15.440000000000001,6.068821917808219,101.18756164383561,578.66,1587.0899999999995,8.0,30.27333333333333,0
09007020,連江縣,北竿鄉,2013,3.870526849315069,84.91120547945206,20.089945205479456,20.51942465753425,14.61,6.280164383561643,101.19369863013699,664.3900000000001,1317.7199999999998,7.176666666666667,29.099999999999998,0
09007020,連江縣,北竿鄉,2014,3.8147997260273976,85.33649315068493,20.307698630136986,20.764575342465754,15.509999999999998,5.88372602739726,101.20547945205479,673.5300000000002,1406.3399999999997,7.576666666666667,30.52333333333333,0
09007020,連江縣,北竿鄉,2015,3.411427123287671,86.33002739726028,20.318027397260273,20.74254794520548,14.12,6.25049315068493,101.22865753424658,598.69,1335.27,8.243333333333334,28.80666666666666,0
09007020,連江縣,北竿鄉,2016,3.4749923497267763,86.7678961748634,20.688360655737707,21.12382513661202,16.23,5.9981967213114755,101.18707650273224,634.1999999999999,1508.3400000000001,5.239999999999999,29.953333333333333,0
09007020,連江縣,北竿鄉,2017,3.8513463013698632,85.0578904109589,20.648931506849316,21.110383561643836,14.600000000000001,6.266246575342465,101.2515890410959,584.74,1442.1,8.649999999999999,30.16,0
09007020,連江縣,北竿鄉,2018,3.803682191780822,85.47391780821917,20.608465753424657,21.131068493150682,16.49,6.065671232876713,101.1632876712329,605.1800000000001,1447.7699999999998,6.916666666666667,29.709999999999997,0
09007020,連江縣,北竿鄉,2019,3.6132569863013697,86.09309589041096,20.556164383561644,20.996794520547944,14.03,6.21345205479452,101.1686301369863,536.4100000000001,1359.91,9.780000000000001,30.159999999999997,0
09007020,連江縣,北竿鄉,2020,3.7667125683060108,85.59590163934426,20.720163934426232,21.18530054644809,14.080000000000002,6.382185792349727,101.26158469945355,537.5100000000001,1423.29,7.493333333333333,30.043333333333333,0
09007020,連江縣,北竿鄉,2021,3.832551506849315,85.24523287671235,20.940164383561648,21.35841095890411,15.010000000000002,6.089013698630137,101.19008219178082,539.1400000000001,1502.8,8.366666666666667,30.146666666666665,0
09007020,連江縣,北竿鄉,2022,3.7458717808219175,85.5827397260274,20.4346301369863,20.91920547945206,15.250000000000002,6.450739726027397,101.20832876712329,589.9800000000001,1369.12,7.9433333333333325,30.536666666666665,0
09007020,連江縣,北竿鄉,2023,3.861232602739726,84.66145205479452,20.83468493150685,21.26558904109589,15.85,5.893287671232877,101.21734246575343,602.0100000000001,1527.1699999999998,6.7,30.833333333333332,0
09007020,連江縣,北竿鄉,2024,3.7317232240437157,85.68860655737704,20.82773224043716,21.28743169398907,15.009999999999998,6.175573770491803,101.18122950819672,581.49,1506.64,7.226666666666667,30.400000000000002,0
09007020,連江縣,北竿鄉,2025,4.220339221556886,84.50161643835618,21.06282191780822,21.50745205479452,15.440000000000001,6.068821917808219,101.18756164383561,578.66,1587.0899999999995,8.0,30.27333333333333,0
09007030,連江縣,莒光鄉,2013,3.931476712328767,84.91120547945206,20.089945205479456,20.51942465753425,14.61,6.280164383561643,101.19369863013699,664.3900000000001,1317.7199999999998,7.176666666666667,29.099999999999998,0
09007030,連江縣,莒光鄉,2014,4.000919452054795,85.33649315068493,20.307698630136986,20.764575342465754,15.509999999999998,5.88372602739726,101.20547945205479,673.5300000000002,1406.3399999999997,7.576666666666667,30.52333333333333,0
09007030,連江縣,莒光鄉,2015,3.627754794520548,86.33002739726028,20.318027397260273,20.74254794520548,14.12,6.25049315068493,101.22865753424658,598.69,1335.27,8.243333333333334,28.80666666666666,0
09007030,連江縣,莒光鄉,2016,3.626393442622951,86.7678961748634,20.688360655737707,21.12382513661202,16.23,5.9981967213114755,101.18707650273224,634.1999999999999,1508.3400000000001,5.239999999999999,29.953333333333333,0
09007030,連江縣,莒光鄉,2017,3.964968767123288,85.0578904109589,20.648931506849316,21.110383561643836,14.600000000000001,6.266246575342465,101.2515890410959,584.74,1442.1,8.649999999999999,30.16,0
09007030,連江縣,莒光鄉,2018,4.015284383561644,85.47391780821917,20.608465753424657,21.131068493150682,16.49,6.065671232876713,101.1632876712329,605.1800000000001,1447.7699999999998,6.916666666666667,29.709999999999997,0
09007030,連江縣,莒光鄉,2019,3.811611232876712,86.09309589041096,20.556164383561644,20.996794520547944,14.03,6.21345205479452,101.1686301369863,536.4100000000001,1359.91,9.780000000000001,30.159999999999997,0
09007030,連江縣,莒光鄉,2020,3.9458166666666665,85.59590163934426,20.720163934426232,21.18530054644809,14.080000000000002,6.382185792349727,101.26158469945355,537.5100000000001,1423.29,7.493333333333333,30.043333333333333,0
09007030,連江縣,莒光鄉,2021,4.139693424657534,85.24523287671235,20.940164383561648,21.35841095890411,15.010000000000002,6.089013698630137,101.19008219178082,539.1400000000001,1502.8,8.366666666666667,30.146666666666665,0
09007030,連江縣,莒光鄉,2022,3.879101917808219,85.5827397260274,20.4346301369863,20.91920547945206,15.250000000000002,6.450739726027397,101.20832876712329,589.9800000000001,1369.12,7.9433333333333325,30.536666666666665,0
09007030,連江縣,莒光鄉,2023,4.005655616438357,84.66145205479452,20.83468493150685,21.26558904109589,15.85,5.893287671232877,101.21734246575343,602.0100000000001,1527.1699999999998,6.7,30.833333333333332,0
09007030,連江縣,莒光鄉,2024,3.8456207650273226,85.68860655737704,20.82773224043716,21.28743169398907,15.009999999999998,6.175573770491803,101.18122950819672,581.49,1506.64,7.226666666666667,30.400000000000002,0
09007030,連江縣,莒光鄉,2025,4.259534431137725,84.50161643835618,21.06282191780822,21.50745205479452,15.440000000000001,6.068821917808219,101.18756164383561,578.66,1587.0899999999995,8.0,30.27333333333333,0
09007040,連江縣,東引鄉,2013,3.943684931506849,84.07660273972603,20.337671232876712,21.185041095890412,13.859999999999998,6.809260273972603,101.43950684931507,609.1700000000001,1352.9199999999996,7.683333333333334,28.919999999999998,0
09007040,連江縣,東引鄉,2014,3.9146191780821917,84.22767123287672,20.51358904109589,21.297123287671234,15.090000000000002,6.243753424657535,101.45216438356165,618.1300000000001,1426.0900000000001,8.246666666666668,29.76,0
09007040,連江縣,東引鄉,2015,3.526712328767123,85.51942465753424,20.444328767123288,21.215452054794522,13.86,6.708219178082191,101.47032876712328,565.3500000000001,1348.0299999999997,8.553333333333333,28.456666666666667,0
09007040,連江縣,東引鄉,2016,3.6465797814207646,86.10726775956283,20.84188524590164,21.58620218579235,15.579999999999998,6.446284153005464,101.42877049180328,600.5000000000001,1530.8299999999997,5.706666666666667,29.736666666666668,0
09007040,連江縣,東引鄉,2017,3.9012695890410956,84.27290410958905,20.853424657534244,21.659917808219177,13.73,6.678054794520546,101.49495890410958,525.9900000000001,1457.9899999999998,8.783333333333333,29.36,0
09007040,連江縣,東引鄉,2018,3.965501095890411,84.74964383561644,20.857698630136987,21.72186301369863,15.47,6.513671232876713,101.40838356164383,558.38,1491.94,7.536666666666666,29.24333333333333,0
09007040,連江縣,東引鄉,2019,3.743113424657534,85.37495890410959,20.705561643835615,21.476630136986298,13.559999999999999,6.676630136986302,101.41106849315067,498.79000000000013,1376.8199999999997,10.193333333333333,29.73,0
09007040,連江縣,東引鄉,2020,3.8833699453551924,85.27363387978143,20.853879781420765,21.67420765027322,13.63,6.893032786885246,101.50409836065576,499.56000000000006,1434.28,7.140000000000001,29.063333333333333,0
09007040,連江縣,東引鄉,2021,4.014562739726027,85.04783561643836,21.050575342465752,21.808520547945204,13.66,6.499342465753424,101.43257534246577,506.48000000000013,1510.4399999999998,8.18,29.203333333333333,0
09007040,連江縣,東引鄉,2022,3.7774380821917806,85.51449315068493,20.590027397260275,21.467863013698633,14.06,6.963945205479453,101.44994520547947,547.8900000000001,1383.7499999999998,8.186666666666667,29.400000000000002,0
09007040,連江縣,東引鄉,2023,3.9769063013698633,84.29654794520548,20.949616438356163,21.705863013698632,15.389999999999999,6.253753424657534,101.4589589041096,581.3100000000001,1548.4199999999996,6.973333333333334,29.91333333333333,0
09007040,連江縣,東引鄉,2024,3.8714546448087437,85.70770491803277,20.861748633879785,21.699918032786886,14.899999999999999,6.628770491803279,101.41964480874316,583.5400000000001,1521.1399999999999,7.243333333333333,30.026666666666667,0
09007040,連江縣,東引鄉,2025,4.405408982035929,84.13123287671232,21.306739726027395,22.061452054794522,14.53,6.529972602739725,101.42501369863012,540.7100000000002,1638.1699999999998,7.94,29.680000000000003,0
09020010,金門縣,金城鎮,2013,4.134722739726027,81.67926027397262,20.76745205479452,21.276684931506846,14.329999999999998,4.739561643835617,100.06528767123288,476.0300000000001,1376.65,5.09,32.07333333333333,0
09020010,金門縣,金城鎮,2014,4.256795616438356,81.284,21.033260273972598,21.61854794520548,15.559999999999999,4.435424657534248,100.08024657534244,559.09,1556.7299999999996,4.253333333333333,32.68666666666666,0
09020010,金門縣,金城鎮,2015,4.101965753424657,82.07575342465753,21.358986301369864,21.97276712328767,14.640000000000002,4.6699452054794515,100.10304109589042,435.32000000000005,1551.8499999999997,5.27,33.02,0
09020010,金門縣,金城鎮,2016,3.88980655737705,85.43393442622951,21.14909836065574,21.547896174863386,14.889999999999999,4.567896174863388,100.0531693989071,536.71,1579.4799999999998,3.376666666666667,32.24333333333333,31
09020010,金門縣,金城鎮,2017,4.29627808219178,81.06580821917808,21.344246575342464,21.916547945205476,14.489999999999998,4.7884383561643835,100.11701369863013,475.7800000000002,1586.9299999999998,6.516666666666666,33.00666666666667,0
09020010,金門縣,金城鎮,2018,4.384951780821917,79.84753424657534,21.50586301369863,22.24345205479452,15.75,4.537534246575342,100.03306849315068,441.44000000000017,1611.5800000000002,4.026666666666666,33.81999999999999,0
09020010,金門縣,金城鎮,2019,4.19206602739726,81.14068493150684,21.676164383561645,22.29602739726027,13.299999999999999,4.729890410958904,100.0384109589041,325.7200000000001,1558.0199999999998,7.760000000000001,33.54333333333333,0
09020010,金門縣,金城鎮,2020,4.347813387978142,79.01754098360657,21.81795081967213,22.601038251366123,13.650000000000002,4.917486338797815,100.13420765027321,322.81000000000006,1610.3799999999997,4.656666666666666,34.04,0
09020010,金門縣,金城鎮,2021,4.580680547945205,77.29043835616437,22.229726027397263,23.11153424657534,15.7,4.780876712328767,100.06282191780824,320.86000000000007,1755.2099999999998,6.210000000000001,34.98666666666667,0
09020010,金門縣,金城鎮,2022,4.25328,80.1349315068493,21.411753424657533,22.09915068493151,15.320000000000002,5.076547945205478,100.07397260273973,438.5900000000001,1574.3799999999997,5.659999999999999,33.78333333333333,0
09020010,金門縣,金城鎮,2023,4.247438904109589,80.07808219178082,21.753260273972604,22.345835616438354,14.95,4.711287671232877,100.08890410958905,395.2900000000001,1655.7299999999996,4.423333333333333,34.53333333333333,0
09020010,金門縣,金城鎮,2024,4.117889344262295,81.71838797814206,21.798852459016395,22.348743169398908,14.26,4.712486338797814,100.0664480874317,385.46000000000004,1666.0399999999997,5.489999999999999,33.11333333333334,0
09020010,金門縣,金城鎮,2025,4.543895209580838,78.75145205479451,21.712082191780823,22.3007397260274,15.15,4.705534246575342,100.07249315068493,429.78,1675.1899999999998,5.47,33.63333333333333,0
09020020,金門縣,金沙鎮,2013,4.134722739726027,81.67926027397262,20.76745205479452,21.276684931506846,14.329999999999998,4.739561643835617,100.06528767123288,476.0300000000001,1376.65,5.09,32.07333333333333,0
09020020,金門縣,金沙鎮,2014,4.256795616438356,81.284,21.033260273972598,21.61854794520548,15.559999999999999,4.435424657534248,100.08024657534244,559.09,1556.7299999999996,4.253333333333333,32.68666666666666,0
09020020,金門縣,金沙鎮,2015,4.101965753424657,82.07575342465753,21.358986301369864,21.97276712328767,14.640000000000002,4.6699452054794515,100.10304109589042,435.32000000000005,1551.8499999999997,5.27,33.02,0
09020020,金門縣,金沙鎮,2016,3.88980655737705,85.43393442622951,21.14909836065574,21.547896174863386,14.889999999999999,4.567896174863388,100.0531693989071,536.71,1579.4799999999998,3.376666666666667,32.24333333333333,31
09020020,金門縣,金沙鎮,2017,4.29627808219178,81.06580821917808,21.344246575342464,21.916547945205476,14.489999999999998,4.7884383561643835,100.11701369863013,475.7800000000002,1586.9299999999998,6.516666666666666,33.00666666666667,0
09020020,金門縣,金沙鎮,2018,4.384951780821917,79.84753424657534,21.50586301369863,22.24345205479452,15.75,4.537534246575342,100.03306849315068,441.44000000000017,1611.5800000000002,4.026666666666666,33.81999999999999,0
09020020,金門縣,金沙鎮,2019,4.19206602739726,81.14068493150684,21.676164383561645,22.29602739726027,13.299999999999999,4.729890410958904,100.0384109589041,325.7200000000001,1558.0199999999998,7.760000000000001,33.54333333333333,0
09020020,金門縣,金沙鎮,2020,4.347813387978142,79.01754098360657,21.81795081967213,22.601038251366123,13.650000000000002,4.917486338797815,100.13420765027321,322.81000000000006,1610.3799999999997,4.656666666666666,34.04,0
09020020,金門縣,金沙鎮,2021,4.580680547945205,77.29043835616437,22.229726027397263,23.11153424657534,15.7,4.780876712328767,100.06282191780824,320.86000000000007,1755.2099999999998,6.210000000000001,34.98666666666667,0
09020020,金門縣,金沙鎮,2022,4.25328,80.1349315068493,21.411753424657533,22.09915068493151,15.320000000000002,5.076547945205478,100.07397260273973,438.5900000000001,1574.3799999999997,5.659999999999999,33.78333333333333,0
09020020,金門縣,金沙鎮,2023,4.247438904109589,80.07808219178082,21.753260273972604,22.345835616438354,14.95,4.711287671232877,100.08890410958905,395.2900000000001,1655.7299999999996,4.423333333333333,34.53333333333333,0
09020020,金門縣,金沙鎮,2024,4.117889344262295,81.71838797814206,21.798852459016395,22.348743169398908,14.26,4.712486338797814,100.0664480874317,385.46000000000004,1666.0399999999997,5.489999999999999,33.11333333333334,0
09020020,金門縣,金沙鎮,2025,4.543895209580838,78.75145205479451,21.712082191780823,22.3007397260274,15.15,4.705534246575342,100.07249315068493,429.78,1675.1899999999998,5.47,33.63333333333333,0
09020030,金門縣,金湖鎮,2013,4.134722739726027,81.67926027397262,20.76745205479452,21.276684931506846,14.329999999999998,4.739561643835617,100.06528767123288,476.0300000000001,1376.65,5.09,32.07333333333333,0
09020030,金門縣,金湖鎮,2014,4.256795616438356,81.284,21.033260273972598,21.61854794520548,15.559999999999999,4.435424657534248,100.08024657534244,559.09,1556.7299999999996,4.253333333333333,32.68666666666666,0
09020030,金門縣,金湖鎮,2015,4.101965753424657,82.07575342465753,21.358986301369864,21.97276712328767,14.640000000000002,4.6699452054794515,100.10304109589042,435.32000000000005,1551.8499999999997,5.27,33.02,0
09020030,金門縣,金湖鎮,2016,3.88980655737705,85.43393442622951,21.14909836065574,21.547896174863386,14.889999999999999,4.567896174863388,100.0531693989071,536.71,1579.4799999999998,3.376666666666667,32.24333333333333,31
09020030,金門縣,金湖鎮,2017,4.29627808219178,81.06580821917808,21.344246575342464,21.916547945205476,14.489999999999998,4.7884383561643835,100.11701369863013,475.7800000000002,1586.9299999999998,6.516666666666666,33.00666666666667,0
09020030,金門縣,金湖鎮,2018,4.384951780821917,79.84753424657534,21.50586301369863,22.24345205479452,15.75,4.537534246575342,100.03306849315068,441.44000000000017,1611.5800000000002,4.026666666666666,33.81999999999999,0
09020030,金門縣,金湖鎮,2019,4.19206602739726,81.14068493150684,21.676164383561645,22.29602739726027,13.299999999999999,4.729890410958904,100.0384109589041,325.7200000000001,1558.0199999999998,7.760000000000001,33.54333333333333,0
09020030,金門縣,金湖鎮,2020,4.347813387978142,79.01754098360657,21.81795081967213,22.601038251366123,13.650000000000002,4.917486338797815,100.13420765027321,322.81000000000006,1610.3799999999997,4.656666666666666,34.04,0
09020030,金門縣,金湖鎮,2021,4.580680547945205,77.29043835616437,22.229726027397263,23.11153424657534,15.7,4.780876712328767,100.06282191780824,320.86000000000007,1755.2099999999998,6.210000000000001,34.98666666666667,0
09020030,金門縣,金湖鎮,2022,4.25328,80.1349315068493,21.411753424657533,22.09915068493151,15.320000000000002,5.076547945205478,100.07397260273973,438.5900000000001,1574.3799999999997,5.659999999999999,33.78333333333333,0
09020030,金門縣,金湖鎮,2023,4.247438904109589,80.07808219178082,21.753260273972604,22.345835616438354,14.95,4.711287671232877,100.08890410958905,395.2900000000001,1655.7299999999996,4.423333333333333,34.53333333333333,0
09020030,金門縣,金湖鎮,2024,4.117889344262295,81.71838797814206,21.798852459016395,22.348743169398908,14.26,4.712486338797814,100.0664480874317,385.46000000000004,1666.0399999999997,5.489999999999999,33.11333333333334,0
09020030,金門縣,金湖鎮,2025,4.543895209580838,78.75145205479451,21.712082191780823,22.3007397260274,15.15,4.705534246575342,100.07249315068493,429.78,1675.1899999999998,5.47,33.63333333333333,0
09020040,金門縣,金寧鄉,2013,4.134722739726027,81.67926027397262,20.76745205479452,21.276684931506846,14.329999999999998,4.739561643835617,100.06528767123288,476.0300000000001,1376.65,5.09,32.07333333333333,0
09020040,金門縣,金寧鄉,2014,4.256795616438356,81.284,21.033260273972598,21.61854794520548,15.559999999999999,4.435424657534248,100.08024657534244,559.09,1556.7299999999996,4.253333333333333,32.68666666666666,0
09020040,金門縣,金寧鄉,2015,4.101965753424657,82.07575342465753,21.358986301369864,21.97276712328767,14.640000000000002,4.6699452054794515,100.10304109589042,435.32000000000005,1551.8499999999997,5.27,33.02,0
09020040,金門縣,金寧鄉,2016,3.88980655737705,85.43393442622951,21.14909836065574,21.547896174863386,14.889999999999999,4.567896174863388,100.0531693989071,536.71,1579.4799999999998,3.376666666666667,32.24333333333333,31
09020040,金門縣,金寧鄉,2017,4.29627808219178,81.06580821917808,21.344246575342464,21.916547945205476,14.489999999999998,4.7884383561643835,100.11701369863013,475.7800000000002,1586.9299999999998,6.516666666666666,33.00666666666667,0
09020040,金門縣,金寧鄉,2018,4.384951780821917,79.84753424657534,21.50586301369863,22.24345205479452,15.75,4.537534246575342,100.03306849315068,441.44000000000017,1611.5800000000002,4.026666666666666,33.81999999999999,0
09020040,金門縣,金寧鄉,2019,4.19206602739726,81.14068493150684,21.676164383561645,22.29602739726027,13.299999999999999,4.729890410958904,100.0384109589041,325.7200000000001,1558.0199999999998,7.760000000000001,33.54333333333333,0
09020040,金門縣,金寧鄉,2020,4.347813387978142,79.01754098360657,21.81795081967213,22.601038251366123,13.650000000000002,4.917486338797815,100.13420765027321,322.81000000000006,1610.3799999999997,4.656666666666666,34.04,0
09020040,金門縣,金寧鄉,2021,4.580680547945205,77.29043835616437,22.229726027397263,23.11153424657534,15.7,4.780876712328767,100.06282191780824,320.86000000000007,1755.2099999999998,6.210000000000001,34.98666666666667,0
09020040,金門縣,金寧鄉,2022,4.25328,80.1349315068493,21.411753424657533,22.09915068493151,15.320000000000002,5.076547945205478,100.07397260273973,438.5900000000001,1574.3799999999997,5.659999999999999,33.78333333333333,0
09020040,金門縣,金寧鄉,2023,4.247438904109589,80.07808219178082,21.753260273972604,22.345835616438354,14.95,4.711287671232877,100.08890410958905,395.2900000000001,1655.7299999999996,4.423333333333333,34.53333333333333,0
09020040,金門縣,金寧鄉,2024,4.117889344262295,81.71838797814206,21.798852459016395,22.348743169398908,14.26,4.712486338797814,100.0664480874317,385.46000000000004,1666.0399999999997,5.489999999999999,33.11333333333334,0
09020040,金門縣,金寧鄉,2025,4.543895209580838,78.75145205479451,21.712082191780823,22.3007397260274,15.15,4.705534246575342,100.07249315068493,429.78,1675.1899999999998,5.47,33.63333333333333,0
09020050,金門縣,烈嶼鄉,2013,4.134722739726027,81.67926027397262,20.76745205479452,21.276684931506846,14.329999999999998,4.739561643835617,100.06528767123288,476.0300000000001,1376.65,5.09,32.07333333333333,0
09020050,金門縣,烈嶼鄉,2014,4.256795616438356,81.284,21.033260273972598,21.61854794520548,15.559999999999999,4.435424657534248,100.08024657534244,559.09,1556.7299999999996,4.253333333333333,32.68666666666666,0
09020050,金門縣,烈嶼鄉,2015,4.101965753424657,82.07575342465753,21.358986301369864,21.97276712328767,14.640000000000002,4.6699452054794515,100.10304109589042,435.32000000000005,1551.8499999999997,5.27,33.02,0
09020050,金門縣,烈嶼鄉,2016,3.88980655737705,85.43393442622951,21.14909836065574,21.547896174863386,14.889999999999999,4.567896174863388,100.0531693989071,536.71,1579.4799999999998,3.376666666666667,32.24333333333333,31
09020050,金門縣,烈嶼鄉,2017,4.29627808219178,81.06580821917808,21.344246575342464,21.916547945205476,14.489999999999998,4.7884383561643835,100.11701369863013,475.7800000000002,1586.9299999999998,6.516666666666666,33.00666666666667,0
09020050,金門縣,烈嶼鄉,2018,4.384951780821917,79.84753424657534,21.50586301369863,22.24345205479452,15.75,4.537534246575342,100.03306849315068,441.44000000000017,1611.5800000000002,4.026666666666666,33.81999999999999,0
09020050,金門縣,烈嶼鄉,2019,4.19206602739726,81.14068493150684,21.676164383561645,22.29602739726027,13.299999999999999,4.729890410958904,100.0384109589041,325.7200000000001,1558.0199999999998,7.760000000000001,33.54333333333333,0
09020050,金門縣,烈嶼鄉,2020,4.347813387978142,79.01754098360657,21.81795081967213,22.601038251366123,13.650000000000002,4.917486338797815,100.13420765027321,322.81000000000006,1610.3799999999997,4.656666666666666,34.04,0
09020050,金門縣,烈嶼鄉,2021,4.580680547945205,77.29043835616437,22.229726027397263,23.11153424657534,15.7,4.780876712328767,100.06282191780824,320.86000000000007,1755.2099999999998,6.210000000000001,34.98666666666667,0
09020050,金門縣,烈嶼鄉,2022,4.25328,80.1349315068493,21.411753424657533,22.09915068493151,15.320000000000002,5.076547945205478,100.07397260273973,438.5900000000001,1574.3799999999997,5.659999999999999,33.78333333333333,0
09020050,金門縣,烈嶼鄉,2023,4.247438904109589,80.07808219178082,21.753260273972604,22.345835616438354,14.95,4.711287671232877,100.08890410958905,395.2900000000001,1655.7299999999996,4.423333333333333,34.53333333333333,0
09020050,金門縣,烈嶼鄉,2024,4.117889344262295,81.71838797814206,21.798852459016395,22.348743169398908,14.26,4.712486338797814,100.0664480874317,385.46000000000004,1666.0399999999997,5.489999999999999,33.11333333333334,0
09020050,金門縣,烈嶼鄉,2025,4.543895209580838,78.75145205479451,21.712082191780823,22.3007397260274,15.15,4.705534246575342,100.07249315068493,429.78,1675.1899999999998,5.47,33.63333333333333,0
09020060,金門縣,烏坵鄉,2013,4.080623287671232,84.32093150684932,21.12254794520548,21.77558904109589,14.23,7.48854794520548,101.29575342465752,472.06000000000006,1502.29,8.946666666666665,29.586666666666662,0
09020060,金門縣,烏坵鄉,2014,4.273895616438356,84.82060273972604,21.29364383561644,21.95545205479452,14.450000000000001,7.024712328767123,101.30813698630138,490.9400000000001,1583.6199999999997,8.99,30.296666666666667,0
09020060,金門縣,烏坵鄉,2015,4.055627671232876,85.90958904109588,21.40676712328767,22.030109589041093,12.889999999999999,7.334657534246577,101.33109589041094,412.0600000000002,1546.03,10.026666666666667,29.636666666666667,0
09020060,金門縣,烏坵鄉,2016,3.9111513661202184,86.70885245901638,21.595737704918033,22.135983606557375,14.82,7.051530054644807,101.28213114754097,468.6600000000001,1674.9,6.996666666666667,30.113333333333333,0
09020060,金門縣,烏坵鄉,2017,4.215695616438356,84.188,21.69756164383562,22.363095890410957,13.69,7.521013698630137,101.34750684931505,414.0200000000001,1654.1299999999997,10.51,30.25,0
09020060,金門縣,烏坵鄉,2018,4.342708219178082,84.406301369863,21.659150684931504,22.4946301369863,15.360000000000001,7.2491232876712335,101.26016438356166,421.59000000000015,1647.6799999999994,8.686666666666667,29.686666666666667,0
09020060,金門縣,烏坵鄉,2019,4.070382191780821,85.07295890410958,21.75295890410959,22.494630136986302,13.13,7.554301369863014,101.26802739726028,343.7100000000001,1604.0399999999997,11.513333333333334,30.596666666666664,0
09020060,金門縣,烏坵鄉,2020,4.2354901639344265,84.66254098360655,21.788825136612022,22.514918032786884,12.799999999999997,7.581939890710383,101.3666393442623,314.4000000000001,1591.3099999999997,9.2,30.223333333333333,0
09020060,金門縣,烏坵鄉,2021,4.58518301369863,84.24531506849317,22.00643835616438,22.691616438356167,14.870000000000001,7.312164383561644,101.29098630136984,370.1400000000001,1722.9899999999996,10.24,30.53,0
09020060,金門縣,烏坵鄉,2022,4.163988767123288,84.50367123287671,21.489479452054795,22.207506849315067,15.83,7.866465753424657,101.30613698630137,437.7300000000001,1601.8899999999999,8.953333333333333,30.926666666666666,0
09020060,金門縣,烏坵鄉,2023,4.257800273972603,84.26641095890409,21.837698630136988,22.528356164383563,14.22,7.310904109589041,101.31684931506852,409.57000000000016,1700.83,8.536666666666667,30.676666666666666,0
09020060,金門縣,烏坵鄉,2024,4.0634789617486335,85.36704918032785,21.946693989071036,22.699398907103824,13.309999999999999,7.415737704918032,101.28789617486339,380.9200000000001,1715.6099999999997,8.896666666666667,30.593333333333334,0
09020060,金門縣,烏坵鄉,2025,4.547811976047906,83.61838356164384,21.939287671232876,22.6251506849315,14.67,7.260438356164383,101.29452054794523,425.0900000000001,1753.4299999999998,9.453333333333333,30.526666666666667,0
10002010,宜蘭縣,宜蘭市,2013,3.7659084931506848,82.94372602739726,22.790931506849315,23.76158904109589,9.310000000000002,5.5551232876712335,100.18435616438359,81.22000000000003,1720.4099999999994,11.44,31.400000000000002,0
10002010,宜蘭縣,宜蘭市,2014,3.8430613698630145,81.98052054794522,22.841260273972605,23.811013698630138,9.79,5.142301369863015,100.20800000000001,121.71999999999997,1779.2800000000002,10.656666666666666,31.573333333333334,0
10002010,宜蘭縣,宜蘭市,2015,3.919658082191781,83.70978082191782,23.099342465753427,23.928301369863014,9.399999999999999,5.028821917808219,100.225698630137,75.86000000000008,1827.6199999999994,11.729999999999999,31.426666666666666,0
10002010,宜蘭縣,宜蘭市,2016,3.7904614754098365,84.889043715847,23.35016393442623,24.203661202185796,10.18,5.223551912568306,100.18576502732238,103.04000000000002,1951.4000000000003,9.229999999999999,31.643333333333334,0
10002010,宜蘭縣,宜蘭市,2017,3.8297947945205473,83.10449315068493,23.326356164383558,24.265068493150686,8.990000000000002,5.282383561643836,100.24054794520549,24.079999999999984,1858.7,12.373333333333335,31.773333333333337,0
10002010,宜蘭縣,宜蘭市,2018,3.9874175342465747,82.80358904109589,23.294931506849313,24.263287671232877,9.739999999999998,5.374164383561643,100.15254794520548,80.4500000000001,1903.5999999999997,11.536666666666667,31.74666666666667,0
10002010,宜蘭縣,宜蘭市,2019,3.826375342465753,83.70024657534246,23.459397260273967,24.31586301369863,8.05,5.170712328767124,100.15438356164383,0.0,1883.1799999999998,14.43,31.843333333333334,0
10002010,宜蘭縣,宜蘭市,2020,3.9260226775956277,82.72655737704919,23.514016393442624,24.415573770491804,9.330000000000002,5.245,100.25428961748632,9.920000000000009,1918.2499999999998,10.33,31.863333333333333,0
10002010,宜蘭縣,宜蘭市,2021,4.163436986301369,81.97679452054794,23.626684931506848,24.536849315068494,9.600000000000001,5.134575342465753,100.18136986301369,62.930000000000035,2007.17,11.969999999999999,32.42666666666667,0
10002010,宜蘭縣,宜蘭市,2022,3.828847671232877,83.154301369863,23.50476712328767,24.47717808219178,9.850000000000001,5.513315068493151,100.17608219178081,43.01000000000003,1942.75,11.616666666666667,32.516666666666666,0
10002010,宜蘭縣,宜蘭市,2023,3.9763550684931515,81.42060273972604,23.735561643835617,24.567205479452053,9.760000000000002,5.193835616438356,100.20547945205482,20.460000000000004,2004.4399999999998,11.569999999999999,33.10666666666667,0
10002010,宜蘭縣,宜蘭市,2024,3.833393169398907,82.62128415300546,23.934344262295085,24.73303278688525,10.009999999999998,5.004644808743169,100.17546448087433,21.39000000000004,2083.5599999999995,11.79,32.38666666666666,0
10002010,宜蘭縣,宜蘭市,2025,4.008978143712575,82.86284931506847,23.726739726027397,24.493452054794517,9.950000000000003,5.26786301369863,100.18008219178081,79.77000000000005,2060.53,11.973333333333334,31.513333333333335,0
10002020,宜蘭縣,羅東鎮,2013,3.7659084931506848,85.35838356164383,22.36317808219178,24.052821917808217,7.899999999999999,5.10254794520548,98.37641095890413,97.65000000000006,1580.7099999999998,10.89333333333333,30.606666666666666,0
10002020,宜蘭縣,羅東鎮,2014,3.8430613698630145,84.25030136986301,22.37945205479452,24.06282191780822,9.0,4.816356164383562,98.39934246575343,156.42000000000013,1645.42,10.006666666666668,31.36666666666667,0
10002020,宜蘭縣,羅東鎮,2015,3.919658082191781,85.64487671232877,22.789315068493153,24.24898630136986,8.8,4.74213698630137,98.41528767123287,93.98000000000002,1732.5799999999997,10.973333333333334,31.713333333333335,0
10002020,宜蘭縣,羅東鎮,2016,3.7904614754098365,87.14513661202186,22.953469945355188,24.4792349726776,8.900000000000002,4.89795081967213,98.38122950819672,114.6600000000001,1817.83,8.546666666666667,31.150000000000002,0
10002020,宜蘭縣,羅東鎮,2017,3.8297947945205473,85.6444109589041,22.83684931506849,24.4752602739726,7.960000000000001,4.8808493150684935,98.43438356164384,50.460000000000065,1706.41,11.799999999999999,31.233333333333334,0
10002020,宜蘭縣,羅東鎮,2018,3.9874175342465747,85.09778082191781,22.8333698630137,24.514876712328768,8.7,4.907561643835616,98.35150684931506,93.21,1747.8899999999996,10.723333333333334,31.51,0
10002020,宜蘭縣,羅東鎮,2019,3.826375342465753,85.86649315068493,23.148027397260275,24.668767123287676,7.09,4.683424657534247,98.34726027397261,0.0,1769.5299999999997,14.19,31.583333333333332,0
10002020,宜蘭縣,羅東鎮,2020,3.9260226775956277,85.04934426229508,23.113278688524588,24.78155737704918,7.690000000000001,4.871530054644808,98.45120218579235,11.159999999999982,1772.8199999999995,9.736666666666666,31.53333333333333,0
10002020,宜蘭縣,羅東鎮,2021,4.163436986301369,84.04575342465755,23.157479452054794,24.789068493150687,9.190000000000001,4.712739726027397,98.38416438356165,80.28999999999999,1853.2699999999998,11.103333333333333,31.80666666666667,0
10002020,宜蘭縣,羅東鎮,2022,3.828847671232877,85.64205479452056,23.05767123287671,24.749287671232874,8.530000000000001,5.072657534246575,98.37427397260272,60.73000000000002,1797.2799999999997,11.11,31.646666666666665,0
10002020,宜蘭縣,羅東鎮,2023,3.9763550684931515,83.5447397260274,23.311123287671236,24.923835616438357,8.670000000000002,4.755479452054794,98.40591780821919,28.82999999999999,1857.8899999999999,10.943333333333333,32.15,0
10002020,宜蘭縣,羅東鎮,2024,3.833393169398907,84.47191256830601,23.62046448087432,25.163961748633884,8.899999999999999,4.801311475409835,98.3748087431694,39.99000000000008,1987.28,11.246666666666664,32.13333333333333,0
10002020,宜蘭縣,羅東鎮,2025,4.008978143712575,85.48808219178082,23.143205479452057,24.683643835616436,8.93,4.790246575342466,98.38654794520549,109.36000000000004,1877.1299999999994,11.386666666666665,31.166666666666668,0
10002030,宜蘭縣,蘇澳鎮,2013,3.7659084931506848,85.35838356164383,22.36317808219178,24.052821917808217,7.899999999999999,5.10254794520548,98.37641095890413,97.65000000000006,1580.7099999999998,10.89333333333333,30.606666666666666,0
10002030,宜蘭縣,蘇澳鎮,2014,3.8430613698630145,84.25030136986301,22.37945205479452,24.06282191780822,9.0,4.816356164383562,98.39934246575343,156.42000000000013,1645.42,10.006666666666668,31.36666666666667,0
10002030,宜蘭縣,蘇澳鎮,2015,3.919658082191781,85.64487671232877,22.789315068493153,24.24898630136986,8.8,4.74213698630137,98.41528767123287,93.98000000000002,1732.5799999999997,10.973333333333334,31.713333333333335,0
10002030,宜蘭縣,蘇澳鎮,2016,3.7904614754098365,87.14513661202186,22.953469945355188,24.4792349726776,8.900000000000002,4.89795081967213,98.38122950819672,114.6600000000001,1817.83,8.546666666666667,31.150000000000002,0
10002030,宜蘭縣,蘇澳鎮,2017,3.8297947945205473,85.6444109589041,22.83684931506849,24.4752602739726,7.960000000000001,4.8808493150684935,98.43438356164384,50.460000000000065,1706.41,11.799999999999999,31.233333333333334,0
10002030,宜蘭縣,蘇澳鎮,2018,3.9874175342465747,85.09778082191781,22.8333698630137,24.514876712328768,8.7,4.907561643835616,98.35150684931506,93.21,1747.8899999999996,10.723333333333334,31.51,0
10002030,宜蘭縣,蘇澳鎮,2019,3.826375342465753,85.86649315068493,23.148027397260275,24.668767123287676,7.09,4.683424657534247,98.34726027397261,0.0,1769.5299999999997,14.19,31.583333333333332,0
10002030,宜蘭縣,蘇澳鎮,2020,3.9260226775956277,85.04934426229508,23.113278688524588,24.78155737704918,7.690000000000001,4.871530054644808,98.45120218579235,11.159999999999982,1772.8199999999995,9.736666666666666,31.53333333333333,0
10002030,宜蘭縣,蘇澳鎮,2021,4.163436986301369,84.04575342465755,23.157479452054794,24.789068493150687,9.190000000000001,4.712739726027397,98.38416438356165,80.28999999999999,1853.2699999999998,11.103333333333333,31.80666666666667,0
10002030,宜蘭縣,蘇澳鎮,2022,3.828847671232877,85.64205479452056,23.05767123287671,24.749287671232874,8.530000000000001,5.072657534246575,98.37427397260272,60.73000000000002,1797.2799999999997,11.11,31.646666666666665,0
10002030,宜蘭縣,蘇澳鎮,2023,3.9763550684931515,83.5447397260274,23.311123287671236,24.923835616438357,8.670000000000002,4.755479452054794,98.40591780821919,28.82999999999999,1857.8899999999999,10.943333333333333,32.15,0
10002030,宜蘭縣,蘇澳鎮,2024,3.833393169398907,84.47191256830601,23.62046448087432,25.163961748633884,8.899999999999999,4.801311475409835,98.3748087431694,39.99000000000008,1987.28,11.246666666666664,32.13333333333333,0
10002030,宜蘭縣,蘇澳鎮,2025,4.008978143712575,85.48808219178082,23.143205479452057,24.683643835616436,8.93,4.790246575342466,98.38654794520549,109.36000000000004,1877.1299999999994,11.386666666666665,31.166666666666668,0
10002040,宜蘭縣,頭城鎮,2013,3.7659084931506848,82.94372602739726,22.790931506849315,23.76158904109589,9.310000000000002,5.5551232876712335,100.18435616438359,81.22000000000003,1720.4099999999994,11.44,31.400000000000002,0
10002040,宜蘭縣,頭城鎮,2014,3.8430613698630145,81.98052054794522,22.841260273972605,23.811013698630138,9.79,5.142301369863015,100.20800000000001,121.71999999999997,1779.2800000000002,10.656666666666666,31.573333333333334,0
10002040,宜蘭縣,頭城鎮,2015,3.919658082191781,83.70978082191782,23.099342465753427,23.928301369863014,9.399999999999999,5.028821917808219,100.225698630137,75.86000000000008,1827.6199999999994,11.729999999999999,31.426666666666666,0
10002040,宜蘭縣,頭城鎮,2016,3.7904614754098365,84.889043715847,23.35016393442623,24.203661202185796,10.18,5.223551912568306,100.18576502732238,103.04000000000002,1951.4000000000003,9.229999999999999,31.643333333333334,0
10002040,宜蘭縣,頭城鎮,2017,3.8297947945205473,83.10449315068493,23.326356164383558,24.265068493150686,8.990000000000002,5.282383561643836,100.24054794520549,24.079999999999984,1858.7,12.373333333333335,31.773333333333337,0
10002040,宜蘭縣,頭城鎮,2018,3.9874175342465747,82.80358904109589,23.294931506849313,24.263287671232877,9.739999999999998,5.374164383561643,100.15254794520548,80.4500000000001,1903.5999999999997,11.536666666666667,31.74666666666667,0
10002040,宜蘭縣,頭城鎮,2019,3.826375342465753,83.70024657534246,23.459397260273967,24.31586301369863,8.05,5.170712328767124,100.15438356164383,0.0,1883.1799999999998,14.43,31.843333333333334,0
10002040,宜蘭縣,頭城鎮,2020,3.9260226775956277,82.72655737704919,23.514016393442624,24.415573770491804,9.330000000000002,5.245,100.25428961748632,9.920000000000009,1918.2499999999998,10.33,31.863333333333333,0
10002040,宜蘭縣,頭城鎮,2021,4.163436986301369,81.97679452054794,23.626684931506848,24.536849315068494,9.600000000000001,5.134575342465753,100.18136986301369,62.930000000000035,2007.17,11.969999999999999,32.42666666666667,0
10002040,宜蘭縣,頭城鎮,2022,3.828847671232877,83.154301369863,23.50476712328767,24.47717808219178,9.850000000000001,5.513315068493151,100.17608219178081,43.01000000000003,1942.75,11.616666666666667,32.516666666666666,0
10002040,宜蘭縣,頭城鎮,2023,3.9763550684931515,81.42060273972604,23.735561643835617,24.567205479452053,9.760000000000002,5.193835616438356,100.20547945205482,20.460000000000004,2004.4399999999998,11.569999999999999,33.10666666666667,0
10002040,宜蘭縣,頭城鎮,2024,3.833393169398907,82.62128415300546,23.934344262295085,24.73303278688525,10.009999999999998,5.004644808743169,100.17546448087433,21.39000000000004,2083.5599999999995,11.79,32.38666666666666,0
10002040,宜蘭縣,頭城鎮,2025,4.008978143712575,82.86284931506847,23.726739726027397,24.493452054794517,9.950000000000003,5.26786301369863,100.18008219178081,79.77000000000005,2060.53,11.973333333333334,31.513333333333335,0
10002050,宜蘭縣,礁溪鄉,2013,3.7659084931506848,82.94372602739726,22.790931506849315,23.76158904109589,9.310000000000002,5.5551232876712335,100.18435616438359,81.22000000000003,1720.4099999999994,11.44,31.400000000000002,0
10002050,宜蘭縣,礁溪鄉,2014,3.8430613698630145,81.98052054794522,22.841260273972605,23.811013698630138,9.79,5.142301369863015,100.20800000000001,121.71999999999997,1779.2800000000002,10.656666666666666,31.573333333333334,0
10002050,宜蘭縣,礁溪鄉,2015,3.919658082191781,83.70978082191782,23.099342465753427,23.928301369863014,9.399999999999999,5.028821917808219,100.225698630137,75.86000000000008,1827.6199999999994,11.729999999999999,31.426666666666666,0
10002050,宜蘭縣,礁溪鄉,2016,3.7904614754098365,84.889043715847,23.35016393442623,24.203661202185796,10.18,5.223551912568306,100.18576502732238,103.04000000000002,1951.4000000000003,9.229999999999999,31.643333333333334,0
10002050,宜蘭縣,礁溪鄉,2017,3.8297947945205473,83.10449315068493,23.326356164383558,24.265068493150686,8.990000000000002,5.282383561643836,100.24054794520549,24.079999999999984,1858.7,12.373333333333335,31.773333333333337,0
10002050,宜蘭縣,礁溪鄉,2018,3.9874175342465747,82.80358904109589,23.294931506849313,24.263287671232877,9.739999999999998,5.374164383561643,100.15254794520548,80.4500000000001,1903.5999999999997,11.536666666666667,31.74666666666667,0
10002050,宜蘭縣,礁溪鄉,2019,3.826375342465753,83.70024657534246,23.459397260273967,24.31586301369863,8.05,5.170712328767124,100.15438356164383,0.0,1883.1799999999998,14.43,31.843333333333334,0
10002050,宜蘭縣,礁溪鄉,2020,3.9260226775956277,82.72655737704919,23.514016393442624,24.415573770491804,9.330000000000002,5.245,100.25428961748632,9.920000000000009,1918.2499999999998,10.33,31.863333333333333,0
10002050,宜蘭縣,礁溪鄉,2021,4.163436986301369,81.97679452054794,23.626684931506848,24.536849315068494,9.600000000000001,5.134575342465753,100.18136986301369,62.930000000000035,2007.17,11.969999999999999,32.42666666666667,0
10002050,宜蘭縣,礁溪鄉,2022,3.828847671232877,83.154301369863,23.50476712328767,24.47717808219178,9.850000000000001,5.513315068493151,100.17608219178081,43.01000000000003,1942.75,11.616666666666667,32.516666666666666,0
10002050,宜蘭縣,礁溪鄉,2023,3.9763550684931515,81.42060273972604,23.735561643835617,24.567205479452053,9.760000000000002,5.193835616438356,100.20547945205482,20.460000000000004,2004.4399999999998,11.569999999999999,33.10666666666667,0
10002050,宜蘭縣,礁溪鄉,2024,3.833393169398907,82.62128415300546,23.934344262295085,24.73303278688525,10.009999999999998,5.004644808743169,100.17546448087433,21.39000000000004,2083.5599999999995,11.79,32.38666666666666,0
10002050,宜蘭縣,礁溪鄉,2025,4.008978143712575,82.86284931506847,23.726739726027397,24.493452054794517,9.950000000000003,5.26786301369863,100.18008219178081,79.77000000000005,2060.53,11.973333333333334,31.513333333333335,0
10002060,宜蘭縣,壯圍鄉,2013,3.7659084931506848,82.94372602739726,22.790931506849315,23.76158904109589,9.310000000000002,5.5551232876712335,100.18435616438359,81.22000000000003,1720.4099999999994,11.44,31.400000000000002,0
10002060,宜蘭縣,壯圍鄉,2014,3.8430613698630145,81.98052054794522,22.841260273972605,23.811013698630138,9.79,5.142301369863015,100.20800000000001,121.71999999999997,1779.2800000000002,10.656666666666666,31.573333333333334,0
10002060,宜蘭縣,壯圍鄉,2015,3.919658082191781,83.70978082191782,23.099342465753427,23.928301369863014,9.399999999999999,5.028821917808219,100.225698630137,75.86000000000008,1827.6199999999994,11.729999999999999,31.426666666666666,0
10002060,宜蘭縣,壯圍鄉,2016,3.7904614754098365,84.889043715847,23.35016393442623,24.203661202185796,10.18,5.223551912568306,100.18576502732238,103.04000000000002,1951.4000000000003,9.229999999999999,31.643333333333334,0
10002060,宜蘭縣,壯圍鄉,2017,3.8297947945205473,83.10449315068493,23.326356164383558,24.265068493150686,8.990000000000002,5.282383561643836,100.24054794520549,24.079999999999984,1858.7,12.373333333333335,31.773333333333337,0
10002060,宜蘭縣,壯圍鄉,2018,3.9874175342465747,82.80358904109589,23.294931506849313,24.263287671232877,9.739999999999998,5.374164383561643,100.15254794520548,80.4500000000001,1903.5999999999997,11.536666666666667,31.74666666666667,0
10002060,宜蘭縣,壯圍鄉,2019,3.826375342465753,83.70024657534246,23.459397260273967,24.31586301369863,8.05,5.170712328767124,100.15438356164383,0.0,1883.1799999999998,14.43,31.843333333333334,0
10002060,宜蘭縣,壯圍鄉,2020,3.9260226775956277,82.72655737704919,23.514016393442624,24.415573770491804,9.330000000000002,5.245,100.25428961748632,9.920000000000009,1918.2499999999998,10.33,31.863333333333333,0
10002060,宜蘭縣,壯圍鄉,2021,4.163436986301369,81.97679452054794,23.626684931506848,24.536849315068494,9.600000000000001,5.134575342465753,100.18136986301369,62.930000000000035,2007.17,11.969999999999999,32.42666666666667,0
10002060,宜蘭縣,壯圍鄉,2022,3.828847671232877,83.154301369863,23.50476712328767,24.47717808219178,9.850000000000001,5.513315068493151,100.17608219178081,43.01000000000003,1942.75,11.616666666666667,32.516666666666666,0
10002060,宜蘭縣,壯圍鄉,2023,3.9763550684931515,81.42060273972604,23.735561643835617,24.567205479452053,9.760000000000002,5.193835616438356,100.20547945205482,20.460000000000004,2004.4399999999998,11.569999999999999,33.10666666666667,0
10002060,宜蘭縣,壯圍鄉,2024,3.833393169398907,82.62128415300546,23.934344262295085,24.73303278688525,10.009999999999998,5.004644808743169,100.17546448087433,21.39000000000004,2083.5599999999995,11.79,32.38666666666666,0
10002060,宜蘭縣,壯圍鄉,2025,4.008978143712575,82.86284931506847,23.726739726027397,24.493452054794517,9.950000000000003,5.26786301369863,100.18008219178081,79.77000000000005,2060.53,11.973333333333334,31.513333333333335,0
10002070,宜蘭縣,員山鄉,2013,3.7659084931506848,85.35838356164383,22.36317808219178,24.052821917808217,7.899999999999999,5.10254794520548,98.37641095890413,97.65000000000006,1580.7099999999998,10.89333333333333,30.606666666666666,0
10002070,宜蘭縣,員山鄉,2014,3.8430613698630145,84.25030136986301,22.37945205479452,24.06282191780822,9.0,4.816356164383562,98.39934246575343,156.42000000000013,1645.42,10.006666666666668,31.36666666666667,0
10002070,宜蘭縣,員山鄉,2015,3.919658082191781,85.64487671232877,22.789315068493153,24.24898630136986,8.8,4.74213698630137,98.41528767123287,93.98000000000002,1732.5799999999997,10.973333333333334,31.713333333333335,0
10002070,宜蘭縣,員山鄉,2016,3.7904614754098365,87.14513661202186,22.953469945355188,24.4792349726776,8.900000000000002,4.89795081967213,98.38122950819672,114.6600000000001,1817.83,8.546666666666667,31.150000000000002,0
10002070,宜蘭縣,員山鄉,2017,3.8297947945205473,85.6444109589041,22.83684931506849,24.4752602739726,7.960000000000001,4.8808493150684935,98.43438356164384,50.460000000000065,1706.41,11.799999999999999,31.233333333333334,0
10002070,宜蘭縣,員山鄉,2018,3.9874175342465747,85.09778082191781,22.8333698630137,24.514876712328768,8.7,4.907561643835616,98.35150684931506,93.21,1747.8899999999996,10.723333333333334,31.51,0
10002070,宜蘭縣,員山鄉,2019,3.826375342465753,85.86649315068493,23.148027397260275,24.668767123287676,7.09,4.683424657534247,98.34726027397261,0.0,1769.5299999999997,14.19,31.583333333333332,0
10002070,宜蘭縣,員山鄉,2020,3.9260226775956277,85.04934426229508,23.113278688524588,24.78155737704918,7.690000000000001,4.871530054644808,98.45120218579235,11.159999999999982,1772.8199999999995,9.736666666666666,31.53333333333333,0
10002070,宜蘭縣,員山鄉,2021,4.163436986301369,84.04575342465755,23.157479452054794,24.789068493150687,9.190000000000001,4.712739726027397,98.38416438356165,80.28999999999999,1853.2699999999998,11.103333333333333,31.80666666666667,0
10002070,宜蘭縣,員山鄉,2022,3.828847671232877,85.64205479452056,23.05767123287671,24.749287671232874,8.530000000000001,5.072657534246575,98.37427397260272,60.73000000000002,1797.2799999999997,11.11,31.646666666666665,0
10002070,宜蘭縣,員山鄉,2023,3.9763550684931515,83.5447397260274,23.311123287671236,24.923835616438357,8.670000000000002,4.755479452054794,98.40591780821919,28.82999999999999,1857.8899999999999,10.943333333333333,32.15,0
10002070,宜蘭縣,員山鄉,2024,3.833393169398907,84.47191256830601,23.62046448087432,25.163961748633884,8.899999999999999,4.801311475409835,98.3748087431694,39.99000000000008,1987.28,11.246666666666664,32.13333333333333,0
10002070,宜蘭縣,員山鄉,2025,4.008978143712575,85.48808219178082,23.143205479452057,24.683643835616436,8.93,4.790246575342466,98.38654794520549,109.36000000000004,1877.1299999999994,11.386666666666665,31.166666666666668,0
10002080,宜蘭縣,冬山鄉,2013,3.7659084931506848,85.35838356164383,22.36317808219178,24.052821917808217,7.899999999999999,5.10254794520548,98.37641095890413,97.65000000000006,1580.7099999999998,10.89333333333333,30.606666666666666,0
10002080,宜蘭縣,冬山鄉,2014,3.8430613698630145,84.25030136986301,22.37945205479452,24.06282191780822,9.0,4.816356164383562,98.39934246575343,156.42000000000013,1645.42,10.006666666666668,31.36666666666667,0
10002080,宜蘭縣,冬山鄉,2015,3.919658082191781,85.64487671232877,22.789315068493153,24.24898630136986,8.8,4.74213698630137,98.41528767123287,93.98000000000002,1732.5799999999997,10.973333333333334,31.713333333333335,0
10002080,宜蘭縣,冬山鄉,2016,3.7904614754098365,87.14513661202186,22.953469945355188,24.4792349726776,8.900000000000002,4.89795081967213,98.38122950819672,114.6600000000001,1817.83,8.546666666666667,31.150000000000002,0
10002080,宜蘭縣,冬山鄉,2017,3.8297947945205473,85.6444109589041,22.83684931506849,24.4752602739726,7.960000000000001,4.8808493150684935,98.43438356164384,50.460000000000065,1706.41,11.799999999999999,31.233333333333334,0
10002080,宜蘭縣,冬山鄉,2018,3.9874175342465747,85.09778082191781,22.8333698630137,24.514876712328768,8.7,4.907561643835616,98.35150684931506,93.21,1747.8899999999996,10.723333333333334,31.51,0
10002080,宜蘭縣,冬山鄉,2019,3.826375342465753,85.86649315068493,23.148027397260275,24.668767123287676,7.09,4.683424657534247,98.34726027397261,0.0,1769.5299999999997,14.19,31.583333333333332,0
10002080,宜蘭縣,冬山鄉,2020,3.9260226775956277,85.04934426229508,23.113278688524588,24.78155737704918,7.690000000000001,4.871530054644808,98.45120218579235,11.159999999999982,1772.8199999999995,9.736666666666666,31.53333333333333,0
10002080,宜蘭縣,冬山鄉,2021,4.163436986301369,84.04575342465755,23.157479452054794,24.789068493150687,9.190000000000001,4.712739726027397,98.38416438356165,80.28999999999999,1853.2699999999998,11.103333333333333,31.80666666666667,0
10002080,宜蘭縣,冬山鄉,2022,3.828847671232877,85.64205479452056,23.05767123287671,24.749287671232874,8.530000000000001,5.072657534246575,98.37427397260272,60.73000000000002,1797.2799999999997,11.11,31.646666666666665,0
10002080,宜蘭縣,冬山鄉,2023,3.9763550684931515,83.5447397260274,23.311123287671236,24.923835616438357,8.670000000000002,4.755479452054794,98.40591780821919,28.82999999999999,1857.8899999999999,10.943333333333333,32.15,0
10002080,宜蘭縣,冬山鄉,2024,3.833393169398907,84.47191256830601,23.62046448087432,25.163961748633884,8.899999999999999,4.801311475409835,98.3748087431694,39.99000000000008,1987.28,11.246666666666664,32.13333333333333,0
10002080,宜蘭縣,冬山鄉,2025,4.008978143712575,85.48808219178082,23.143205479452057,24.683643835616436,8.93,4.790246575342466,98.38654794520549,109.36000000000004,1877.1299999999994,11.386666666666665,31.166666666666668,0
10002090,宜蘭縣,五結鄉,2013,3.7659084931506848,85.35838356164383,22.36317808219178,24.052821917808217,7.899999999999999,5.10254794520548,98.37641095890413,97.65000000000006,1580.7099999999998,10.89333333333333,30.606666666666666,0
10002090,宜蘭縣,五結鄉,2014,3.8430613698630145,84.25030136986301,22.37945205479452,24.06282191780822,9.0,4.816356164383562,98.39934246575343,156.42000000000013,1645.42,10.006666666666668,31.36666666666667,0
10002090,宜蘭縣,五結鄉,2015,3.919658082191781,85.64487671232877,22.789315068493153,24.24898630136986,8.8,4.74213698630137,98.41528767123287,93.98000000000002,1732.5799999999997,10.973333333333334,31.713333333333335,0
10002090,宜蘭縣,五結鄉,2016,3.7904614754098365,87.14513661202186,22.953469945355188,24.4792349726776,8.900000000000002,4.89795081967213,98.38122950819672,114.6600000000001,1817.83,8.546666666666667,31.150000000000002,0
10002090,宜蘭縣,五結鄉,2017,3.8297947945205473,85.6444109589041,22.83684931506849,24.4752602739726,7.960000000000001,4.8808493150684935,98.43438356164384,50.460000000000065,1706.41,11.799999999999999,31.233333333333334,0
10002090,宜蘭縣,五結鄉,2018,3.9874175342465747,85.09778082191781,22.8333698630137,24.514876712328768,8.7,4.907561643835616,98.35150684931506,93.21,1747.8899999999996,10.723333333333334,31.51,0
10002090,宜蘭縣,五結鄉,2019,3.826375342465753,85.86649315068493,23.148027397260275,24.668767123287676,7.09,4.683424657534247,98.34726027397261,0.0,1769.5299999999997,14.19,31.583333333333332,0
10002090,宜蘭縣,五結鄉,2020,3.9260226775956277,85.04934426229508,23.113278688524588,24.78155737704918,7.690000000000001,4.871530054644808,98.45120218579235,11.159999999999982,1772.8199999999995,9.736666666666666,31.53333333333333,0
10002090,宜蘭縣,五結鄉,2021,4.163436986301369,84.04575342465755,23.157479452054794,24.789068493150687,9.190000000000001,4.712739726027397,98.38416438356165,80.28999999999999,1853.2699999999998,11.103333333333333,31.80666666666667,0
10002090,宜蘭縣,五結鄉,2022,3.828847671232877,85.64205479452056,23.05767123287671,24.749287671232874,8.530000000000001,5.072657534246575,98.37427397260272,60.73000000000002,1797.2799999999997,11.11,31.646666666666665,0
10002090,宜蘭縣,五結鄉,2023,3.9763550684931515,83.5447397260274,23.311123287671236,24.923835616438357,8.670000000000002,4.755479452054794,98.40591780821919,28.82999999999999,1857.8899999999999,10.943333333333333,32.15,0
10002090,宜蘭縣,五結鄉,2024,3.833393169398907,84.47191256830601,23.62046448087432,25.163961748633884,8.899999999999999,4.801311475409835,98.3748087431694,39.99000000000008,1987.28,11.246666666666664,32.13333333333333,0
10002090,宜蘭縣,五結鄉,2025,4.008978143712575,85.48808219178082,23.143205479452057,24.683643835616436,8.93,4.790246575342466,98.38654794520549,109.36000000000004,1877.1299999999994,11.386666666666665,31.166666666666668,0
10002100,宜蘭縣,三星鄉,2013,3.7659084931506848,85.35838356164383,22.36317808219178,24.052821917808217,7.899999999999999,5.10254794520548,98.37641095890413,97.65000000000006,1580.7099999999998,10.89333333333333,30.606666666666666,0
10002100,宜蘭縣,三星鄉,2014,3.8430613698630145,84.25030136986301,22.37945205479452,24.06282191780822,9.0,4.816356164383562,98.39934246575343,156.42000000000013,1645.42,10.006666666666668,31.36666666666667,0
10002100,宜蘭縣,三星鄉,2015,3.919658082191781,85.64487671232877,22.789315068493153,24.24898630136986,8.8,4.74213698630137,98.41528767123287,93.98000000000002,1732.5799999999997,10.973333333333334,31.713333333333335,0
10002100,宜蘭縣,三星鄉,2016,3.7904614754098365,87.14513661202186,22.953469945355188,24.4792349726776,8.900000000000002,4.89795081967213,98.38122950819672,114.6600000000001,1817.83,8.546666666666667,31.150000000000002,0
10002100,宜蘭縣,三星鄉,2017,3.8297947945205473,85.6444109589041,22.83684931506849,24.4752602739726,7.960000000000001,4.8808493150684935,98.43438356164384,50.460000000000065,1706.41,11.799999999999999,31.233333333333334,0
10002100,宜蘭縣,三星鄉,2018,3.9874175342465747,85.09778082191781,22.8333698630137,24.514876712328768,8.7,4.907561643835616,98.35150684931506,93.21,1747.8899999999996,10.723333333333334,31.51,0
10002100,宜蘭縣,三星鄉,2019,3.826375342465753,85.86649315068493,23.148027397260275,24.668767123287676,7.09,4.683424657534247,98.34726027397261,0.0,1769.5299999999997,14.19,31.583333333333332,0
10002100,宜蘭縣,三星鄉,2020,3.9260226775956277,85.04934426229508,23.113278688524588,24.78155737704918,7.690000000000001,4.871530054644808,98.45120218579235,11.159999999999982,1772.8199999999995,9.736666666666666,31.53333333333333,0
10002100,宜蘭縣,三星鄉,2021,4.163436986301369,84.04575342465755,23.157479452054794,24.789068493150687,9.190000000000001,4.712739726027397,98.38416438356165,80.28999999999999,1853.2699999999998,11.103333333333333,31.80666666666667,0
10002100,宜蘭縣,三星鄉,2022,3.828847671232877,85.64205479452056,23.05767123287671,24.749287671232874,8.530000000000001,5.072657534246575,98.37427397260272,60.73000000000002,1797.2799999999997,11.11,31.646666666666665,0
10002100,宜蘭縣,三星鄉,2023,3.9763550684931515,83.5447397260274,23.311123287671236,24.923835616438357,8.670000000000002,4.755479452054794,98.40591780821919,28.82999999999999,1857.8899999999999,10.943333333333333,32.15,0
10002100,宜蘭縣,三星鄉,2024,3.833393169398907,84.47191256830601,23.62046448087432,25.163961748633884,8.899999999999999,4.801311475409835,98.3748087431694,39.99000000000008,1987.28,11.246666666666664,32.13333333333333,0
10002100,宜蘭縣,三星鄉,2025,4.008978143712575,85.48808219178082,23.143205479452057,24.683643835616436,8.93,4.790246575342466,98.38654794520549,109.36000000000004,1877.1299999999994,11.386666666666665,31.166666666666668,0
10002110,宜蘭縣,大同鄉,2013,3.7659084931506848,86.35071232876713,16.470767123287672,16.761150684931508,12.4,2.7011780821917806,88.06879452054794,1072.63,404.9599999999999,0.5866666666666667,28.363333333333333,123
10002110,宜蘭縣,大同鄉,2014,3.8430613698630145,85.34698630136988,16.590328767123285,16.963835616438356,13.99,2.5443561643835615,88.08934246575343,1117.2100000000005,493.17999999999984,-0.32999999999999996,28.286666666666665,90
10002110,宜蘭縣,大同鄉,2015,3.919658082191781,85.27531506849314,17.12131506849315,17.389890410958905,13.02,2.6618082191780825,88.12317808219179,872.5500000000002,442.3299999999998,1.11,28.149999999999995,90
10002110,宜蘭縣,大同鄉,2016,3.7904614754098365,88.16560109289617,17.10549180327869,17.258879781420767,13.479999999999999,2.5906284153005465,88.09349726775956,985.0200000000001,547.8299999999999,-2.3233333333333333,27.713333333333335,91
10002110,宜蘭縣,大同鄉,2017,3.8297947945205473,87.12564383561643,16.999561643835616,17.288602739726024,11.69,2.6567123287671235,88.13487671232876,963.19,488.52999999999975,2.106666666666667,28.02333333333333,28
10002110,宜蘭縣,大同鄉,2018,3.9874175342465747,86.05509589041095,17.127041095890412,17.492520547945208,12.629999999999999,2.5004657534246575,88.05887671232877,937.2000000000003,509.0699999999998,0.2933333333333333,29.27,59
10002110,宜蘭縣,大同鄉,2019,3.826375342465753,86.74367123287674,17.36504109589041,17.610794520547948,10.06,2.756109589041096,88.08306849315068,738.0300000000002,396.76999999999987,4.64,27.733333333333334,0
10002110,宜蘭縣,大同鄉,2020,3.9260226775956277,85.24887978142077,17.264535519125683,17.609562841530053,11.040000000000001,2.665464480874317,88.1620218579235,874.7900000000002,495.8099999999999,-1.3933333333333333,28.55333333333333,121
10002110,宜蘭縣,大同鄉,2021,4.163436986301369,84.38808219178084,17.352438356164384,17.71120547945205,13.819999999999999,2.5944109589041098,88.1017808219178,915.39,569.5299999999999,0.9466666666666667,29.536666666666665,59
10002110,宜蘭縣,大同鄉,2022,3.828847671232877,86.57210958904109,17.11838356164383,17.431890410958903,12.89,2.7712054794520546,88.09279452054795,868.5700000000004,437.2800000000001,1.24,29.21666666666667,31
10002110,宜蘭縣,大同鄉,2023,3.9763550684931515,83.14972602739726,17.718301369863013,18.17427397260274,13.14,2.677369863013699,88.12654794520547,817.5500000000001,605.2299999999999,0.04666666666666656,29.900000000000002,62
10002110,宜蘭縣,大同鄉,2024,3.833393169398907,84.0292349726776,18.039207650273227,18.45505464480874,13.109999999999998,2.5988797814207647,88.1107650273224,781.96,686.5099999999999,1.8966666666666665,29.53,31
10002110,宜蘭縣,大同鄉,2025,4.008978143712575,86.51753424657534,17.185479452054793,17.3647397260274,12.85,2.6324931506849314,88.10819178082191,969.1800000000001,562.3799999999999,1.3033333333333335,27.820000000000004,59
10002120,宜蘭縣,南澳鄉,2013,3.7659084931506848,85.35838356164383,22.36317808219178,24.052821917808217,7.899999999999999,5.10254794520548,98.37641095890413,97.65000000000006,1580.7099999999998,10.89333333333333,30.606666666666666,0
10002120,宜蘭縣,南澳鄉,2014,3.8430613698630145,84.25030136986301,22.37945205479452,24.06282191780822,9.0,4.816356164383562,98.39934246575343,156.42000000000013,1645.42,10.006666666666668,31.36666666666667,0
10002120,宜蘭縣,南澳鄉,2015,3.919658082191781,85.64487671232877,22.789315068493153,24.24898630136986,8.8,4.74213698630137,98.41528767123287,93.98000000000002,1732.5799999999997,10.973333333333334,31.713333333333335,0
10002120,宜蘭縣,南澳鄉,2016,3.7904614754098365,87.14513661202186,22.953469945355188,24.4792349726776,8.900000000000002,4.89795081967213,98.38122950819672,114.6600000000001,1817.83,8.546666666666667,31.150000000000002,0
10002120,宜蘭縣,南澳鄉,2017,3.8297947945205473,85.6444109589041,22.83684931506849,24.4752602739726,7.960000000000001,4.8808493150684935,98.43438356164384,50.460000000000065,1706.41,11.799999999999999,31.233333333333334,0
10002120,宜蘭縣,南澳鄉,2018,3.9874175342465747,85.09778082191781,22.8333698630137,24.514876712328768,8.7,4.907561643835616,98.35150684931506,93.21,1747.8899999999996,10.723333333333334,31.51,0
10002120,宜蘭縣,南澳鄉,2019,3.826375342465753,85.86649315068493,23.148027397260275,24.668767123287676,7.09,4.683424657534247,98.34726027397261,0.0,1769.5299999999997,14.19,31.583333333333332,0
10002120,宜蘭縣,南澳鄉,2020,3.9260226775956277,85.04934426229508,23.113278688524588,24.78155737704918,7.690000000000001,4.871530054644808,98.45120218579235,11.159999999999982,1772.8199999999995,9.736666666666666,31.53333333333333,0
10002120,宜蘭縣,南澳鄉,2021,4.163436986301369,84.04575342465755,23.157479452054794,24.789068493150687,9.190000000000001,4.712739726027397,98.38416438356165,80.28999999999999,1853.2699999999998,11.103333333333333,31.80666666666667,0
10002120,宜蘭縣,南澳鄉,2022,3.828847671232877,85.64205479452056,23.05767123287671,24.749287671232874,8.530000000000001,5.072657534246575,98.37427397260272,60.73000000000002,1797.2799999999997,11.11,31.646666666666665,0
10002120,宜蘭縣,南澳鄉,2023,3.9763550684931515,83.5447397260274,23.311123287671236,24.923835616438357,8.670000000000002,4.755479452054794,98.40591780821919,28.82999999999999,1857.8899999999999,10.943333333333333,32.15,0
10002120,宜蘭縣,南澳鄉,2024,3.833393169398907,84.47191256830601,23.62046448087432,25.163961748633884,8.899999999999999,4.801311475409835,98.3748087431694,39.99000000000008,1987.28,11.246666666666664,32.13333333333333,0
10002120,宜蘭縣,南澳鄉,2025,4.008978143712575,85.48808219178082,23.143205479452057,24.683643835616436,8.93,4.790246575342466,98.38654794520549,109.36000000000004,1877.1299999999994,11.386666666666665,31.166666666666668,0
10004010,新竹縣,竹北市,2013,4.009451780821918,84.34767123287672,21.20687671232877,21.507616438356163,12.930000000000001,4.877068493150685,98.75956164383561,327.97000000000014,1388.9799999999996,7.706666666666667,31.73333333333333,0
10004010,新竹縣,竹北市,2014,4.184105479452055,83.20460273972603,21.357917808219177,21.70430136986301,13.760000000000002,4.534465753424658,98.77715068493151,400.63000000000005,1516.7699999999998,7.236666666666667,31.97,0
10004010,新竹縣,竹北市,2015,4.192817260273972,83.90687671232877,21.729616438356164,22.02797260273973,12.919999999999998,4.829424657534247,98.79912328767124,282.6600000000001,1534.4699999999998,7.9799999999999995,31.92,0
10004010,新竹縣,竹北市,2016,4.048986612021858,86.26136612021857,21.80743169398907,22.019672131147544,14.330000000000002,4.632950819672131,98.76065573770492,370.71000000000004,1654.4299999999996,5.3999999999999995,32.09,0
10004010,新竹縣,竹北市,2017,4.27434191780822,84.56484931506851,21.783698630136985,22.102219178082194,12.780000000000001,4.831232876712329,98.81468493150685,312.3600000000002,1583.9099999999996,8.62,32.21,0
10004010,新竹縣,竹北市,2018,4.392830136986301,84.44671232876713,21.743178082191783,22.111753424657536,13.31,4.726657534246576,98.72835616438354,269.60000000000014,1526.3599999999994,7.603333333333334,32.339999999999996,0
10004010,新竹縣,竹北市,2019,4.1412726027397255,85.27024657534247,21.939342465753427,22.227013698630135,11.34,4.971095890410959,98.73764383561644,162.19000000000005,1490.55,10.94,31.316666666666666,0
10004010,新竹縣,竹北市,2020,4.36221174863388,83.63368852459016,22.00185792349727,22.34811475409836,12.23,4.901584699453552,98.8343989071038,208.25000000000003,1563.1299999999999,6.47,32.519999999999996,0
10004010,新竹縣,竹北市,2021,4.52884301369863,83.66668493150685,22.03630136986301,22.300684931506847,13.910000000000002,4.7984109589041095,98.76065753424659,262.1800000000001,1625.9299999999996,8.08,32.849999999999994,0
10004010,新竹縣,竹北市,2022,4.2272967123287675,85.06613698630137,21.808657534246574,22.120438356164385,13.5,5.049287671232876,98.76928767123287,288.5400000000001,1569.1999999999996,8.393333333333333,33.58333333333333,0
10004010,新竹縣,竹北市,2023,4.319684931506848,82.00008219178083,22.295999999999996,22.639753424657535,14.3,4.794657534246576,98.78309589041096,247.00000000000017,1705.5399999999997,7.16,34.19,0
10004010,新竹縣,竹北市,2024,4.189450000000001,83.49806010928963,22.484071038251365,22.851775956284154,13.04,4.646284153005465,98.7587431693989,249.25000000000003,1780.6199999999997,8.27,32.53333333333333,0
10004010,新竹縣,竹北市,2025,4.469936826347306,84.13117808219178,22.112794520547947,22.304356164383563,13.240000000000002,4.747315068493151,98.75687671232878,302.6600000000001,1694.33,8.103333333333333,32.48666666666667,0
10004020,新竹縣,竹東鎮,2013,3.7659084931506848,86.35071232876713,16.470767123287672,16.761150684931508,12.4,2.7011780821917806,88.06879452054794,1072.63,404.9599999999999,0.5866666666666667,28.363333333333333,123
10004020,新竹縣,竹東鎮,2014,3.8430613698630145,85.34698630136988,16.590328767123285,16.963835616438356,13.99,2.5443561643835615,88.08934246575343,1117.2100000000005,493.17999999999984,-0.32999999999999996,28.286666666666665,90
10004020,新竹縣,竹東鎮,2015,3.919658082191781,85.27531506849314,17.12131506849315,17.389890410958905,13.02,2.6618082191780825,88.12317808219179,872.5500000000002,442.3299999999998,1.11,28.149999999999995,90
10004020,新竹縣,竹東鎮,2016,3.7904614754098365,88.16560109289617,17.10549180327869,17.258879781420767,13.479999999999999,2.5906284153005465,88.09349726775956,985.0200000000001,547.8299999999999,-2.3233333333333333,27.713333333333335,91
10004020,新竹縣,竹東鎮,2017,3.8297947945205473,87.12564383561643,16.999561643835616,17.288602739726024,11.69,2.6567123287671235,88.13487671232876,963.19,488.52999999999975,2.106666666666667,28.02333333333333,28
10004020,新竹縣,竹東鎮,2018,3.9874175342465747,86.05509589041095,17.127041095890412,17.492520547945208,12.629999999999999,2.5004657534246575,88.05887671232877,937.2000000000003,509.0699999999998,0.2933333333333333,29.27,59
10004020,新竹縣,竹東鎮,2019,3.826375342465753,86.74367123287674,17.36504109589041,17.610794520547948,10.06,2.756109589041096,88.08306849315068,738.0300000000002,396.76999999999987,4.64,27.733333333333334,0
10004020,新竹縣,竹東鎮,2020,3.9260226775956277,85.24887978142077,17.264535519125683,17.609562841530053,11.040000000000001,2.665464480874317,88.1620218579235,874.7900000000002,495.8099999999999,-1.3933333333333333,28.55333333333333,121
10004020,新竹縣,竹東鎮,2021,4.163436986301369,84.38808219178084,17.352438356164384,17.71120547945205,13.819999999999999,2.5944109589041098,88.1017808219178,915.39,569.5299999999999,0.9466666666666667,29.536666666666665,59
10004020,新竹縣,竹東鎮,2022,3.828847671232877,86.57210958904109,17.11838356164383,17.431890410958903,12.89,2.7712054794520546,88.09279452054795,868.5700000000004,437.2800000000001,1.24,29.21666666666667,31
10004020,新竹縣,竹東鎮,2023,3.9763550684931515,83.14972602739726,17.718301369863013,18.17427397260274,13.14,2.677369863013699,88.12654794520547,817.5500000000001,605.2299999999999,0.04666666666666656,29.900000000000002,62
10004020,新竹縣,竹東鎮,2024,3.833393169398907,84.0292349726776,18.039207650273227,18.45505464480874,13.109999999999998,2.5988797814207647,88.1107650273224,781.96,686.5099999999999,1.8966666666666665,29.53,31
10004020,新竹縣,竹東鎮,2025,4.008978143712575,86.51753424657534,17.185479452054793,17.3647397260274,12.85,2.6324931506849314,88.10819178082191,969.1800000000001,562.3799999999999,1.3033333333333335,27.820000000000004,59
10004030,新竹縣,新埔鎮,2013,3.7659084931506848,84.34767123287672,21.20687671232877,21.507616438356163,12.930000000000001,4.877068493150685,98.75956164383561,327.97000000000014,1388.9799999999996,7.706666666666667,31.73333333333333,0
10004030,新竹縣,新埔鎮,2014,3.8430613698630145,83.20460273972603,21.357917808219177,21.70430136986301,13.760000000000002,4.534465753424658,98.77715068493151,400.63000000000005,1516.7699999999998,7.236666666666667,31.97,0
10004030,新竹縣,新埔鎮,2015,3.919658082191781,83.90687671232877,21.729616438356164,22.02797260273973,12.919999999999998,4.829424657534247,98.79912328767124,282.6600000000001,1534.4699999999998,7.9799999999999995,31.92,0
10004030,新竹縣,新埔鎮,2016,3.7904614754098365,86.26136612021857,21.80743169398907,22.019672131147544,14.330000000000002,4.632950819672131,98.76065573770492,370.71000000000004,1654.4299999999996,5.3999999999999995,32.09,0
10004030,新竹縣,新埔鎮,2017,3.8297947945205473,84.56484931506851,21.783698630136985,22.102219178082194,12.780000000000001,4.831232876712329,98.81468493150685,312.3600000000002,1583.9099999999996,8.62,32.21,0
10004030,新竹縣,新埔鎮,2018,3.9874175342465747,84.44671232876713,21.743178082191783,22.111753424657536,13.31,4.726657534246576,98.72835616438354,269.60000000000014,1526.3599999999994,7.603333333333334,32.339999999999996,0
10004030,新竹縣,新埔鎮,2019,3.826375342465753,85.27024657534247,21.939342465753427,22.227013698630135,11.34,4.971095890410959,98.73764383561644,162.19000000000005,1490.55,10.94,31.316666666666666,0
10004030,新竹縣,新埔鎮,2020,3.9260226775956277,83.63368852459016,22.00185792349727,22.34811475409836,12.23,4.901584699453552,98.8343989071038,208.25000000000003,1563.1299999999999,6.47,32.519999999999996,0
10004030,新竹縣,新埔鎮,2021,4.163436986301369,83.66668493150685,22.03630136986301,22.300684931506847,13.910000000000002,4.7984109589041095,98.76065753424659,262.1800000000001,1625.9299999999996,8.08,32.849999999999994,0
10004030,新竹縣,新埔鎮,2022,3.828847671232877,85.06613698630137,21.808657534246574,22.120438356164385,13.5,5.049287671232876,98.76928767123287,288.5400000000001,1569.1999999999996,8.393333333333333,33.58333333333333,0
10004030,新竹縣,新埔鎮,2023,3.9763550684931515,82.00008219178083,22.295999999999996,22.639753424657535,14.3,4.794657534246576,98.78309589041096,247.00000000000017,1705.5399999999997,7.16,34.19,0
10004030,新竹縣,新埔鎮,2024,3.833393169398907,83.49806010928963,22.484071038251365,22.851775956284154,13.04,4.646284153005465,98.7587431693989,249.25000000000003,1780.6199999999997,8.27,32.53333333333333,0
10004030,新竹縣,新埔鎮,2025,4.008978143712575,84.13117808219178,22.112794520547947,22.304356164383563,13.240000000000002,4.747315068493151,98.75687671232878,302.6600000000001,1694.33,8.103333333333333,32.48666666666667,0
10004040,新竹縣,關西鎮,2013,3.7659084931506848,84.34767123287672,21.20687671232877,21.507616438356163,12.930000000000001,4.877068493150685,98.75956164383561,327.97000000000014,1388.9799999999996,7.706666666666667,31.73333333333333,0
10004040,新竹縣,關西鎮,2014,3.8430613698630145,83.20460273972603,21.357917808219177,21.70430136986301,13.760000000000002,4.534465753424658,98.77715068493151,400.63000000000005,1516.7699999999998,7.236666666666667,31.97,0
10004040,新竹縣,關西鎮,2015,3.919658082191781,83.90687671232877,21.729616438356164,22.02797260273973,12.919999999999998,4.829424657534247,98.79912328767124,282.6600000000001,1534.4699999999998,7.9799999999999995,31.92,0
10004040,新竹縣,關西鎮,2016,3.7904614754098365,86.26136612021857,21.80743169398907,22.019672131147544,14.330000000000002,4.632950819672131,98.76065573770492,370.71000000000004,1654.4299999999996,5.3999999999999995,32.09,0
10004040,新竹縣,關西鎮,2017,3.8297947945205473,84.56484931506851,21.783698630136985,22.102219178082194,12.780000000000001,4.831232876712329,98.81468493150685,312.3600000000002,1583.9099999999996,8.62,32.21,0
10004040,新竹縣,關西鎮,2018,3.9874175342465747,84.44671232876713,21.743178082191783,22.111753424657536,13.31,4.726657534246576,98.72835616438354,269.60000000000014,1526.3599999999994,7.603333333333334,32.339999999999996,0
10004040,新竹縣,關西鎮,2019,3.826375342465753,85.27024657534247,21.939342465753427,22.227013698630135,11.34,4.971095890410959,98.73764383561644,162.19000000000005,1490.55,10.94,31.316666666666666,0
10004040,新竹縣,關西鎮,2020,3.9260226775956277,83.63368852459016,22.00185792349727,22.34811475409836,12.23,4.901584699453552,98.8343989071038,208.25000000000003,1563.1299999999999,6.47,32.519999999999996,0
10004040,新竹縣,關西鎮,2021,4.163436986301369,83.66668493150685,22.03630136986301,22.300684931506847,13.910000000000002,4.7984109589041095,98.76065753424659,262.1800000000001,1625.9299999999996,8.08,32.849999999999994,0
10004040,新竹縣,關西鎮,2022,3.828847671232877,85.06613698630137,21.808657534246574,22.120438356164385,13.5,5.049287671232876,98.76928767123287,288.5400000000001,1569.1999999999996,8.393333333333333,33.58333333333333,0
10004040,新竹縣,關西鎮,2023,3.9763550684931515,82.00008219178083,22.295999999999996,22.639753424657535,14.3,4.794657534246576,98.78309589041096,247.00000000000017,1705.5399999999997,7.16,34.19,0
10004040,新竹縣,關西鎮,2024,3.833393169398907,83.49806010928963,22.484071038251365,22.851775956284154,13.04,4.646284153005465,98.7587431693989,249.25000000000003,1780.6199999999997,8.27,32.53333333333333,0
10004040,新竹縣,關西鎮,2025,4.008978143712575,84.13117808219178,22.112794520547947,22.304356164383563,13.240000000000002,4.747315068493151,98.75687671232878,302.6600000000001,1694.33,8.103333333333333,32.48666666666667,0
10004050,新竹縣,湖口鄉,2013,3.7659084931506848,84.34767123287672,21.20687671232877,21.507616438356163,12.930000000000001,4.877068493150685,98.75956164383561,327.97000000000014,1388.9799999999996,7.706666666666667,31.73333333333333,0
10004050,新竹縣,湖口鄉,2014,3.8430613698630145,83.20460273972603,21.357917808219177,21.70430136986301,13.760000000000002,4.534465753424658,98.77715068493151,400.63000000000005,1516.7699999999998,7.236666666666667,31.97,0
10004050,新竹縣,湖口鄉,2015,3.919658082191781,83.90687671232877,21.729616438356164,22.02797260273973,12.919999999999998,4.829424657534247,98.79912328767124,282.6600000000001,1534.4699999999998,7.9799999999999995,31.92,0
10004050,新竹縣,湖口鄉,2016,3.7904614754098365,86.26136612021857,21.80743169398907,22.019672131147544,14.330000000000002,4.632950819672131,98.76065573770492,370.71000000000004,1654.4299999999996,5.3999999999999995,32.09,0
10004050,新竹縣,湖口鄉,2017,3.8297947945205473,84.56484931506851,21.783698630136985,22.102219178082194,12.780000000000001,4.831232876712329,98.81468493150685,312.3600000000002,1583.9099999999996,8.62,32.21,0
10004050,新竹縣,湖口鄉,2018,3.9874175342465747,84.44671232876713,21.743178082191783,22.111753424657536,13.31,4.726657534246576,98.72835616438354,269.60000000000014,1526.3599999999994,7.603333333333334,32.339999999999996,0
10004050,新竹縣,湖口鄉,2019,3.826375342465753,85.27024657534247,21.939342465753427,22.227013698630135,11.34,4.971095890410959,98.73764383561644,162.19000000000005,1490.55,10.94,31.316666666666666,0
10004050,新竹縣,湖口鄉,2020,3.9260226775956277,83.63368852459016,22.00185792349727,22.34811475409836,12.23,4.901584699453552,98.8343989071038,208.25000000000003,1563.1299999999999,6.47,32.519999999999996,0
10004050,新竹縣,湖口鄉,2021,4.163436986301369,83.66668493150685,22.03630136986301,22.300684931506847,13.910000000000002,4.7984109589041095,98.76065753424659,262.1800000000001,1625.9299999999996,8.08,32.849999999999994,0
10004050,新竹縣,湖口鄉,2022,3.828847671232877,85.06613698630137,21.808657534246574,22.120438356164385,13.5,5.049287671232876,98.76928767123287,288.5400000000001,1569.1999999999996,8.393333333333333,33.58333333333333,0
10004050,新竹縣,湖口鄉,2023,3.9763550684931515,82.00008219178083,22.295999999999996,22.639753424657535,14.3,4.794657534246576,98.78309589041096,247.00000000000017,1705.5399999999997,7.16,34.19,0
10004050,新竹縣,湖口鄉,2024,3.833393169398907,83.49806010928963,22.484071038251365,22.851775956284154,13.04,4.646284153005465,98.7587431693989,249.25000000000003,1780.6199999999997,8.27,32.53333333333333,0
10004050,新竹縣,湖口鄉,2025,4.008978143712575,84.13117808219178,22.112794520547947,22.304356164383563,13.240000000000002,4.747315068493151,98.75687671232878,302.6600000000001,1694.33,8.103333333333333,32.48666666666667,0
10004060,新竹縣,新豐鄉,2013,4.009451780821918,84.34767123287672,21.20687671232877,21.507616438356163,12.930000000000001,4.877068493150685,98.75956164383561,327.97000000000014,1388.9799999999996,7.706666666666667,31.73333333333333,0
10004060,新竹縣,新豐鄉,2014,4.184105479452055,83.20460273972603,21.357917808219177,21.70430136986301,13.760000000000002,4.534465753424658,98.77715068493151,400.63000000000005,1516.7699999999998,7.236666666666667,31.97,0
10004060,新竹縣,新豐鄉,2015,4.192817260273972,83.90687671232877,21.729616438356164,22.02797260273973,12.919999999999998,4.829424657534247,98.79912328767124,282.6600000000001,1534.4699999999998,7.9799999999999995,31.92,0
10004060,新竹縣,新豐鄉,2016,4.048986612021858,86.26136612021857,21.80743169398907,22.019672131147544,14.330000000000002,4.632950819672131,98.76065573770492,370.71000000000004,1654.4299999999996,5.3999999999999995,32.09,0
10004060,新竹縣,新豐鄉,2017,4.27434191780822,84.56484931506851,21.783698630136985,22.102219178082194,12.780000000000001,4.831232876712329,98.81468493150685,312.3600000000002,1583.9099999999996,8.62,32.21,0
10004060,新竹縣,新豐鄉,2018,4.392830136986301,84.44671232876713,21.743178082191783,22.111753424657536,13.31,4.726657534246576,98.72835616438354,269.60000000000014,1526.3599999999994,7.603333333333334,32.339999999999996,0
10004060,新竹縣,新豐鄉,2019,4.1412726027397255,85.27024657534247,21.939342465753427,22.227013698630135,11.34,4.971095890410959,98.73764383561644,162.19000000000005,1490.55,10.94,31.316666666666666,0
10004060,新竹縣,新豐鄉,2020,4.36221174863388,83.63368852459016,22.00185792349727,22.34811475409836,12.23,4.901584699453552,98.8343989071038,208.25000000000003,1563.1299999999999,6.47,32.519999999999996,0
10004060,新竹縣,新豐鄉,2021,4.52884301369863,83.66668493150685,22.03630136986301,22.300684931506847,13.910000000000002,4.7984109589041095,98.76065753424659,262.1800000000001,1625.9299999999996,8.08,32.849999999999994,0
10004060,新竹縣,新豐鄉,2022,4.2272967123287675,85.06613698630137,21.808657534246574,22.120438356164385,13.5,5.049287671232876,98.76928767123287,288.5400000000001,1569.1999999999996,8.393333333333333,33.58333333333333,0
10004060,新竹縣,新豐鄉,2023,4.319684931506848,82.00008219178083,22.295999999999996,22.639753424657535,14.3,4.794657534246576,98.78309589041096,247.00000000000017,1705.5399999999997,7.16,34.19,0
10004060,新竹縣,新豐鄉,2024,4.189450000000001,83.49806010928963,22.484071038251365,22.851775956284154,13.04,4.646284153005465,98.7587431693989,249.25000000000003,1780.6199999999997,8.27,32.53333333333333,0
10004060,新竹縣,新豐鄉,2025,4.469936826347306,84.13117808219178,22.112794520547947,22.304356164383563,13.240000000000002,4.747315068493151,98.75687671232878,302.6600000000001,1694.33,8.103333333333333,32.48666666666667,0
10004070,新竹縣,芎林鄉,2013,3.7659084931506848,84.34767123287672,21.20687671232877,21.507616438356163,12.930000000000001,4.877068493150685,98.75956164383561,327.97000000000014,1388.9799999999996,7.706666666666667,31.73333333333333,0
10004070,新竹縣,芎林鄉,2014,3.8430613698630145,83.20460273972603,21.357917808219177,21.70430136986301,13.760000000000002,4.534465753424658,98.77715068493151,400.63000000000005,1516.7699999999998,7.236666666666667,31.97,0
10004070,新竹縣,芎林鄉,2015,3.919658082191781,83.90687671232877,21.729616438356164,22.02797260273973,12.919999999999998,4.829424657534247,98.79912328767124,282.6600000000001,1534.4699999999998,7.9799999999999995,31.92,0
10004070,新竹縣,芎林鄉,2016,3.7904614754098365,86.26136612021857,21.80743169398907,22.019672131147544,14.330000000000002,4.632950819672131,98.76065573770492,370.71000000000004,1654.4299999999996,5.3999999999999995,32.09,0
10004070,新竹縣,芎林鄉,2017,3.8297947945205473,84.56484931506851,21.783698630136985,22.102219178082194,12.780000000000001,4.831232876712329,98.81468493150685,312.3600000000002,1583.9099999999996,8.62,32.21,0
10004070,新竹縣,芎林鄉,2018,3.9874175342465747,84.44671232876713,21.743178082191783,22.111753424657536,13.31,4.726657534246576,98.72835616438354,269.60000000000014,1526.3599999999994,7.603333333333334,32.339999999999996,0
10004070,新竹縣,芎林鄉,2019,3.826375342465753,85.27024657534247,21.939342465753427,22.227013698630135,11.34,4.971095890410959,98.73764383561644,162.19000000000005,1490.55,10.94,31.316666666666666,0
10004070,新竹縣,芎林鄉,2020,3.9260226775956277,83.63368852459016,22.00185792349727,22.34811475409836,12.23,4.901584699453552,98.8343989071038,208.25000000000003,1563.1299999999999,6.47,32.519999999999996,0
10004070,新竹縣,芎林鄉,2021,4.163436986301369,83.66668493150685,22.03630136986301,22.300684931506847,13.910000000000002,4.7984109589041095,98.76065753424659,262.1800000000001,1625.9299999999996,8.08,32.849999999999994,0
10004070,新竹縣,芎林鄉,2022,3.828847671232877,85.06613698630137,21.808657534246574,22.120438356164385,13.5,5.049287671232876,98.76928767123287,288.5400000000001,1569.1999999999996,8.393333333333333,33.58333333333333,0
10004070,新竹縣,芎林鄉,2023,3.9763550684931515,82.00008219178083,22.295999999999996,22.639753424657535,14.3,4.794657534246576,98.78309589041096,247.00000000000017,1705.5399999999997,7.16,34.19,0
10004070,新竹縣,芎林鄉,2024,3.833393169398907,83.49806010928963,22.484071038251365,22.851775956284154,13.04,4.646284153005465,98.7587431693989,249.25000000000003,1780.6199999999997,8.27,32.53333333333333,0
10004070,新竹縣,芎林鄉,2025,4.008978143712575,84.13117808219178,22.112794520547947,22.304356164383563,13.240000000000002,4.747315068493151,98.75687671232878,302.6600000000001,1694.33,8.103333333333333,32.48666666666667,0
10004080,新竹縣,橫山鄉,2013,3.7659084931506848,86.35071232876713,16.470767123287672,16.761150684931508,12.4,2.7011780821917806,88.06879452054794,1072.63,404.9599999999999,0.5866666666666667,28.363333333333333,123
10004080,新竹縣,橫山鄉,2014,3.8430613698630145,85.34698630136988,16.590328767123285,16.963835616438356,13.99,2.5443561643835615,88.08934246575343,1117.2100000000005,493.17999999999984,-0.32999999999999996,28.286666666666665,90
10004080,新竹縣,橫山鄉,2015,3.919658082191781,85.27531506849314,17.12131506849315,17.389890410958905,13.02,2.6618082191780825,88.12317808219179,872.5500000000002,442.3299999999998,1.11,28.149999999999995,90
10004080,新竹縣,橫山鄉,2016,3.7904614754098365,88.16560109289617,17.10549180327869,17.258879781420767,13.479999999999999,2.5906284153005465,88.09349726775956,985.0200000000001,547.8299999999999,-2.3233333333333333,27.713333333333335,91
10004080,新竹縣,橫山鄉,2017,3.8297947945205473,87.12564383561643,16.999561643835616,17.288602739726024,11.69,2.6567123287671235,88.13487671232876,963.19,488.52999999999975,2.106666666666667,28.02333333333333,28
10004080,新竹縣,橫山鄉,2018,3.9874175342465747,86.05509589041095,17.127041095890412,17.492520547945208,12.629999999999999,2.5004657534246575,88.05887671232877,937.2000000000003,509.0699999999998,0.2933333333333333,29.27,59
10004080,新竹縣,橫山鄉,2019,3.826375342465753,86.74367123287674,17.36504109589041,17.610794520547948,10.06,2.756109589041096,88.08306849315068,738.0300000000002,396.76999999999987,4.64,27.733333333333334,0
10004080,新竹縣,橫山鄉,2020,3.9260226775956277,85.24887978142077,17.264535519125683,17.609562841530053,11.040000000000001,2.665464480874317,88.1620218579235,874.7900000000002,495.8099999999999,-1.3933333333333333,28.55333333333333,121
10004080,新竹縣,橫山鄉,2021,4.163436986301369,84.38808219178084,17.352438356164384,17.71120547945205,13.819999999999999,2.5944109589041098,88.1017808219178,915.39,569.5299999999999,0.9466666666666667,29.536666666666665,59
10004080,新竹縣,橫山鄉,2022,3.828847671232877,86.57210958904109,17.11838356164383,17.431890410958903,12.89,2.7712054794520546,88.09279452054795,868.5700000000004,437.2800000000001,1.24,29.21666666666667,31
10004080,新竹縣,橫山鄉,2023,3.9763550684931515,83.14972602739726,17.718301369863013,18.17427397260274,13.14,2.677369863013699,88.12654794520547,817.5500000000001,605.2299999999999,0.04666666666666656,29.900000000000002,62
10004080,新竹縣,橫山鄉,2024,3.833393169398907,84.0292349726776,18.039207650273227,18.45505464480874,13.109999999999998,2.5988797814207647,88.1107650273224,781.96,686.5099999999999,1.8966666666666665,29.53,31
10004080,新竹縣,橫山鄉,2025,4.008978143712575,86.51753424657534,17.185479452054793,17.3647397260274,12.85,2.6324931506849314,88.10819178082191,969.1800000000001,562.3799999999999,1.3033333333333335,27.820000000000004,59
10004090,新竹縣,北埔鄉,2013,3.7659084931506848,86.35071232876713,16.470767123287672,16.761150684931508,12.4,2.7011780821917806,88.06879452054794,1072.63,404.9599999999999,0.5866666666666667,28.363333333333333,123
10004090,新竹縣,北埔鄉,2014,3.8430613698630145,85.34698630136988,16.590328767123285,16.963835616438356,13.99,2.5443561643835615,88.08934246575343,1117.2100000000005,493.17999999999984,-0.32999999999999996,28.286666666666665,90
10004090,新竹縣,北埔鄉,2015,3.919658082191781,85.27531506849314,17.12131506849315,17.389890410958905,13.02,2.6618082191780825,88.12317808219179,872.5500000000002,442.3299999999998,1.11,28.149999999999995,90
10004090,新竹縣,北埔鄉,2016,3.7904614754098365,88.16560109289617,17.10549180327869,17.258879781420767,13.479999999999999,2.5906284153005465,88.09349726775956,985.0200000000001,547.8299999999999,-2.3233333333333333,27.713333333333335,91
10004090,新竹縣,北埔鄉,2017,3.8297947945205473,87.12564383561643,16.999561643835616,17.288602739726024,11.69,2.6567123287671235,88.13487671232876,963.19,488.52999999999975,2.106666666666667,28.02333333333333,28
10004090,新竹縣,北埔鄉,2018,3.9874175342465747,86.05509589041095,17.127041095890412,17.492520547945208,12.629999999999999,2.5004657534246575,88.05887671232877,937.2000000000003,509.0699999999998,0.2933333333333333,29.27,59
10004090,新竹縣,北埔鄉,2019,3.826375342465753,86.74367123287674,17.36504109589041,17.610794520547948,10.06,2.756109589041096,88.08306849315068,738.0300000000002,396.76999999999987,4.64,27.733333333333334,0
10004090,新竹縣,北埔鄉,2020,3.9260226775956277,85.24887978142077,17.264535519125683,17.609562841530053,11.040000000000001,2.665464480874317,88.1620218579235,874.7900000000002,495.8099999999999,-1.3933333333333333,28.55333333333333,121
10004090,新竹縣,北埔鄉,2021,4.163436986301369,84.38808219178084,17.352438356164384,17.71120547945205,13.819999999999999,2.5944109589041098,88.1017808219178,915.39,569.5299999999999,0.9466666666666667,29.536666666666665,59
10004090,新竹縣,北埔鄉,2022,3.828847671232877,86.57210958904109,17.11838356164383,17.431890410958903,12.89,2.7712054794520546,88.09279452054795,868.5700000000004,437.2800000000001,1.24,29.21666666666667,31
10004090,新竹縣,北埔鄉,2023,3.9763550684931515,83.14972602739726,17.718301369863013,18.17427397260274,13.14,2.677369863013699,88.12654794520547,817.5500000000001,605.2299999999999,0.04666666666666656,29.900000000000002,62
10004090,新竹縣,北埔鄉,2024,3.833393169398907,84.0292349726776,18.039207650273227,18.45505464480874,13.109999999999998,2.5988797814207647,88.1107650273224,781.96,686.5099999999999,1.8966666666666665,29.53,31
10004090,新竹縣,北埔鄉,2025,4.008978143712575,86.51753424657534,17.185479452054793,17.3647397260274,12.85,2.6324931506849314,88.10819178082191,969.1800000000001,562.3799999999999,1.3033333333333335,27.820000000000004,59
10004100,新竹縣,寶山鄉,2013,4.009451780821918,86.35071232876713,16.470767123287672,16.761150684931508,12.4,2.7011780821917806,88.06879452054794,1072.63,404.9599999999999,0.5866666666666667,28.363333333333333,123
10004100,新竹縣,寶山鄉,2014,4.184105479452055,85.34698630136988,16.590328767123285,16.963835616438356,13.99,2.5443561643835615,88.08934246575343,1117.2100000000005,493.17999999999984,-0.32999999999999996,28.286666666666665,90
10004100,新竹縣,寶山鄉,2015,4.192817260273972,85.27531506849314,17.12131506849315,17.389890410958905,13.02,2.6618082191780825,88.12317808219179,872.5500000000002,442.3299999999998,1.11,28.149999999999995,90
10004100,新竹縣,寶山鄉,2016,4.048986612021858,88.16560109289617,17.10549180327869,17.258879781420767,13.479999999999999,2.5906284153005465,88.09349726775956,985.0200000000001,547.8299999999999,-2.3233333333333333,27.713333333333335,91
10004100,新竹縣,寶山鄉,2017,4.27434191780822,87.12564383561643,16.999561643835616,17.288602739726024,11.69,2.6567123287671235,88.13487671232876,963.19,488.52999999999975,2.106666666666667,28.02333333333333,28
10004100,新竹縣,寶山鄉,2018,4.392830136986301,86.05509589041095,17.127041095890412,17.492520547945208,12.629999999999999,2.5004657534246575,88.05887671232877,937.2000000000003,509.0699999999998,0.2933333333333333,29.27,59
10004100,新竹縣,寶山鄉,2019,4.1412726027397255,86.74367123287674,17.36504109589041,17.610794520547948,10.06,2.756109589041096,88.08306849315068,738.0300000000002,396.76999999999987,4.64,27.733333333333334,0
10004100,新竹縣,寶山鄉,2020,4.36221174863388,85.24887978142077,17.264535519125683,17.609562841530053,11.040000000000001,2.665464480874317,88.1620218579235,874.7900000000002,495.8099999999999,-1.3933333333333333,28.55333333333333,121
10004100,新竹縣,寶山鄉,2021,4.52884301369863,84.38808219178084,17.352438356164384,17.71120547945205,13.819999999999999,2.5944109589041098,88.1017808219178,915.39,569.5299999999999,0.9466666666666667,29.536666666666665,59
10004100,新竹縣,寶山鄉,2022,4.2272967123287675,86.57210958904109,17.11838356164383,17.431890410958903,12.89,2.7712054794520546,88.09279452054795,868.5700000000004,437.2800000000001,1.24,29.21666666666667,31
10004100,新竹縣,寶山鄉,2023,4.319684931506848,83.14972602739726,17.718301369863013,18.17427397260274,13.14,2.677369863013699,88.12654794520547,817.5500000000001,605.2299999999999,0.04666666666666656,29.900000000000002,62
10004100,新竹縣,寶山鄉,2024,4.189450000000001,84.0292349726776,18.039207650273227,18.45505464480874,13.109999999999998,2.5988797814207647,88.1107650273224,781.96,686.5099999999999,1.8966666666666665,29.53,31
10004100,新竹縣,寶山鄉,2025,4.469936826347306,86.51753424657534,17.185479452054793,17.3647397260274,12.85,2.6324931506849314,88.10819178082191,969.1800000000001,562.3799999999999,1.3033333333333335,27.820000000000004,59
10004110,新竹縣,峨眉鄉,2013,3.7659084931506848,86.35071232876713,16.470767123287672,16.761150684931508,12.4,2.7011780821917806,88.06879452054794,1072.63,404.9599999999999,0.5866666666666667,28.363333333333333,123
10004110,新竹縣,峨眉鄉,2014,3.8430613698630145,85.34698630136988,16.590328767123285,16.963835616438356,13.99,2.5443561643835615,88.08934246575343,1117.2100000000005,493.17999999999984,-0.32999999999999996,28.286666666666665,90
10004110,新竹縣,峨眉鄉,2015,3.919658082191781,85.27531506849314,17.12131506849315,17.389890410958905,13.02,2.6618082191780825,88.12317808219179,872.5500000000002,442.3299999999998,1.11,28.149999999999995,90
10004110,新竹縣,峨眉鄉,2016,3.7904614754098365,88.16560109289617,17.10549180327869,17.258879781420767,13.479999999999999,2.5906284153005465,88.09349726775956,985.0200000000001,547.8299999999999,-2.3233333333333333,27.713333333333335,91
10004110,新竹縣,峨眉鄉,2017,3.8297947945205473,87.12564383561643,16.999561643835616,17.288602739726024,11.69,2.6567123287671235,88.13487671232876,963.19,488.52999999999975,2.106666666666667,28.02333333333333,28
10004110,新竹縣,峨眉鄉,2018,3.9874175342465747,86.05509589041095,17.127041095890412,17.492520547945208,12.629999999999999,2.5004657534246575,88.05887671232877,937.2000000000003,509.0699999999998,0.2933333333333333,29.27,59
10004110,新竹縣,峨眉鄉,2019,3.826375342465753,86.74367123287674,17.36504109589041,17.610794520547948,10.06,2.756109589041096,88.08306849315068,738.0300000000002,396.76999999999987,4.64,27.733333333333334,0
10004110,新竹縣,峨眉鄉,2020,3.9260226775956277,85.24887978142077,17.264535519125683,17.609562841530053,11.040000000000001,2.665464480874317,88.1620218579235,874.7900000000002,495.8099999999999,-1.3933333333333333,28.55333333333333,121
10004110,新竹縣,峨眉鄉,2021,4.163436986301369,84.38808219178084,17.352438356164384,17.71120547945205,13.819999999999999,2.5944109589041098,88.1017808219178,915.39,569.5299999999999,0.9466666666666667,29.536666666666665,59
10004110,新竹縣,峨眉鄉,2022,3.828847671232877,86.57210958904109,17.11838356164383,17.431890410958903,12.89,2.7712054794520546,88.09279452054795,868.5700000000004,437.2800000000001,1.24,29.21666666666667,31
10004110,新竹縣,峨眉鄉,2023,3.9763550684931515,83.14972602739726,17.718301369863013,18.17427397260274,13.14,2.677369863013699,88.12654794520547,817.5500000000001,605.2299999999999,0.04666666666666656,29.900000000000002,62
10004110,新竹縣,峨眉鄉,2024,3.833393169398907,84.0292349726776,18.039207650273227,18.45505464480874,13.109999999999998,2.5988797814207647,88.1107650273224,781.96,686.5099999999999,1.8966666666666665,29.53,31
10004110,新竹縣,峨眉鄉,2025,4.008978143712575,86.51753424657534,17.185479452054793,17.3647397260274,12.85,2.6324931506849314,88.10819178082191,969.1800000000001,562.3799999999999,1.3033333333333335,27.820000000000004,59
10004120,新竹縣,尖石鄉,2013,3.7659084931506848,86.35071232876713,16.470767123287672,16.761150684931508,12.4,2.7011780821917806,88.06879452054794,1072.63,404.9599999999999,0.5866666666666667,28.363333333333333,123
10004120,新竹縣,尖石鄉,2014,3.8430613698630145,85.34698630136988,16.590328767123285,16.963835616438356,13.99,2.5443561643835615,88.08934246575343,1117.2100000000005,493.17999999999984,-0.32999999999999996,28.286666666666665,90
10004120,新竹縣,尖石鄉,2015,3.919658082191781,85.27531506849314,17.12131506849315,17.389890410958905,13.02,2.6618082191780825,88.12317808219179,872.5500000000002,442.3299999999998,1.11,28.149999999999995,90
10004120,新竹縣,尖石鄉,2016,3.7904614754098365,88.16560109289617,17.10549180327869,17.258879781420767,13.479999999999999,2.5906284153005465,88.09349726775956,985.0200000000001,547.8299999999999,-2.3233333333333333,27.713333333333335,91
10004120,新竹縣,尖石鄉,2017,3.8297947945205473,87.12564383561643,16.999561643835616,17.288602739726024,11.69,2.6567123287671235,88.13487671232876,963.19,488.52999999999975,2.106666666666667,28.02333333333333,28
10004120,新竹縣,尖石鄉,2018,3.9874175342465747,86.05509589041095,17.127041095890412,17.492520547945208,12.629999999999999,2.5004657534246575,88.05887671232877,937.2000000000003,509.0699999999998,0.2933333333333333,29.27,59
10004120,新竹縣,尖石鄉,2019,3.826375342465753,86.74367123287674,17.36504109589041,17.610794520547948,10.06,2.756109589041096,88.08306849315068,738.0300000000002,396.76999999999987,4.64,27.733333333333334,0
10004120,新竹縣,尖石鄉,2020,3.9260226775956277,85.24887978142077,17.264535519125683,17.609562841530053,11.040000000000001,2.665464480874317,88.1620218579235,874.7900000000002,495.8099999999999,-1.3933333333333333,28.55333333333333,121
10004120,新竹縣,尖石鄉,2021,4.163436986301369,84.38808219178084,17.352438356164384,17.71120547945205,13.819999999999999,2.5944109589041098,88.1017808219178,915.39,569.5299999999999,0.9466666666666667,29.536666666666665,59
10004120,新竹縣,尖石鄉,2022,3.828847671232877,86.57210958904109,17.11838356164383,17.431890410958903,12.89,2.7712054794520546,88.09279452054795,868.5700000000004,437.2800000000001,1.24,29.21666666666667,31
10004120,新竹縣,尖石鄉,2023,3.9763550684931515,83.14972602739726,17.718301369863013,18.17427397260274,13.14,2.677369863013699,88.12654794520547,817.5500000000001,605.2299999999999,0.04666666666666656,29.900000000000002,62
10004120,新竹縣,尖石鄉,2024,3.833393169398907,84.0292349726776,18.039207650273227,18.45505464480874,13.109999999999998,2.5988797814207647,88.1107650273224,781.96,686.5099999999999,1.8966666666666665,29.53,31
10004120,新竹縣,尖石鄉,2025,4.008978143712575,86.51753424657534,17.185479452054793,17.3647397260274,12.85,2.6324931506849314,88.10819178082191,969.1800000000001,562.3799999999999,1.3033333333333335,27.820000000000004,59
10004130,新竹縣,五峰鄉,2013,3.7659084931506848,86.35071232876713,16.470767123287672,16.761150684931508,12.4,2.7011780821917806,88.06879452054794,1072.63,404.9599999999999,0.5866666666666667,28.363333333333333,123
10004130,新竹縣,五峰鄉,2014,3.8430613698630145,85.34698630136988,16.590328767123285,16.963835616438356,13.99,2.5443561643835615,88.08934246575343,1117.2100000000005,493.17999999999984,-0.32999999999999996,28.286666666666665,90
10004130,新竹縣,五峰鄉,2015,3.919658082191781,85.27531506849314,17.12131506849315,17.389890410958905,13.02,2.6618082191780825,88.12317808219179,872.5500000000002,442.3299999999998,1.11,28.149999999999995,90
10004130,新竹縣,五峰鄉,2016,3.7904614754098365,88.16560109289617,17.10549180327869,17.258879781420767,13.479999999999999,2.5906284153005465,88.09349726775956,985.0200000000001,547.8299999999999,-2.3233333333333333,27.713333333333335,91
10004130,新竹縣,五峰鄉,2017,3.8297947945205473,87.12564383561643,16.999561643835616,17.288602739726024,11.69,2.6567123287671235,88.13487671232876,963.19,488.52999999999975,2.106666666666667,28.02333333333333,28
10004130,新竹縣,五峰鄉,2018,3.9874175342465747,86.05509589041095,17.127041095890412,17.492520547945208,12.629999999999999,2.5004657534246575,88.05887671232877,937.2000000000003,509.0699999999998,0.2933333333333333,29.27,59
10004130,新竹縣,五峰鄉,2019,3.826375342465753,86.74367123287674,17.36504109589041,17.610794520547948,10.06,2.756109589041096,88.08306849315068,738.0300000000002,396.76999999999987,4.64,27.733333333333334,0
10004130,新竹縣,五峰鄉,2020,3.9260226775956277,85.24887978142077,17.264535519125683,17.609562841530053,11.040000000000001,2.665464480874317,88.1620218579235,874.7900000000002,495.8099999999999,-1.3933333333333333,28.55333333333333,121
10004130,新竹縣,五峰鄉,2021,4.163436986301369,84.38808219178084,17.352438356164384,17.71120547945205,13.819999999999999,2.5944109589041098,88.1017808219178,915.39,569.5299999999999,0.9466666666666667,29.536666666666665,59
10004130,新竹縣,五峰鄉,2022,3.828847671232877,86.57210958904109,17.11838356164383,17.431890410958903,12.89,2.7712054794520546,88.09279452054795,868.5700000000004,437.2800000000001,1.24,29.21666666666667,31
10004130,新竹縣,五峰鄉,2023,3.9763550684931515,83.14972602739726,17.718301369863013,18.17427397260274,13.14,2.677369863013699,88.12654794520547,817.5500000000001,605.2299999999999,0.04666666666666656,29.900000000000002,62
10004130,新竹縣,五峰鄉,2024,3.833393169398907,84.0292349726776,18.039207650273227,18.45505464480874,13.109999999999998,2.5988797814207647,88.1107650273224,781.96,686.5099999999999,1.8966666666666665,29.53,31
10004130,新竹縣,五峰鄉,2025,4.008978143712575,86.51753424657534,17.185479452054793,17.3647397260274,12.85,2.6324931506849314,88.10819178082191,969.1800000000001,562.3799999999999,1.3033333333333335,27.820000000000004,59
10005010,苗栗縣,苗栗市,2013,4.009451780821918,79.84049315068494,22.37304109589041,22.76005479452055,11.75,5.6790958904109585,98.51654794520549,135.16000000000008,1621.82,10.586666666666668,30.956666666666667,0
10005010,苗栗縣,苗栗市,2014,4.184105479452055,79.4781095890411,22.466054794520545,22.990767123287668,12.469999999999999,5.34709589041096,98.54394520547946,184.58000000000004,1705.1899999999996,9.393333333333333,31.74666666666667,0
10005010,苗栗縣,苗栗市,2015,4.192817260273972,80.43542465753424,22.73676712328767,23.164465753424654,10.860000000000003,5.557178082191781,98.5741095890411,114.34000000000003,1733.7599999999995,10.950000000000001,30.71666666666667,0
10005010,苗栗縣,苗栗市,2016,4.048986612021858,82.84267759562842,22.77420765027322,23.03013661202186,12.43,5.301284153005465,98.53087431693987,191.52000000000012,1829.08,7.953333333333333,31.846666666666668,0
10005010,苗栗縣,苗栗市,2017,4.27434191780822,80.39676712328767,22.944164383561645,23.40197260273973,10.780000000000001,5.619698630136985,98.56915068493149,75.75000000000009,1770.87,11.736666666666666,31.830000000000002,0
10005010,苗栗縣,苗栗市,2018,4.392830136986301,79.95495890410959,22.927780821917807,23.520219178082193,11.099999999999998,5.454,98.49046575342467,117.36000000000004,1806.4999999999998,9.706666666666665,31.763333333333332,0
10005010,苗栗縣,苗栗市,2019,4.1412726027397255,80.81539726027395,23.19268493150685,23.618328767123288,9.559999999999999,5.768438356164384,98.50276712328768,11.159999999999982,1796.9899999999998,13.29,31.14,0
10005010,苗栗縣,苗栗市,2020,4.36221174863388,78.78860655737705,23.268005464480876,23.84743169398907,9.95,5.903060109289617,98.59286885245903,30.970000000000045,1849.2599999999995,9.333333333333334,30.75,0
10005010,苗栗縣,苗栗市,2021,4.52884301369863,78.88232876712328,23.10035616438356,23.600027397260273,12.049999999999999,5.514904109589041,98.52753424657533,117.73000000000008,1869.8599999999997,10.656666666666666,31.363333333333333,0
10005010,苗栗縣,苗栗市,2022,4.2272967123287675,79.57865753424657,23.03945205479452,23.496904109589043,12.39,6.292958904109589,98.51383561643837,97.82000000000004,1827.7199999999996,10.393333333333333,31.47,0
10005010,苗栗縣,苗栗市,2023,4.319684931506848,77.4686301369863,23.416739726027398,23.993616438356163,12.66,5.570136986301369,98.54216438356167,93.81000000000006,1961.4199999999996,9.526666666666666,33.12333333333333,0
10005010,苗栗縣,苗栗市,2024,4.189450000000001,79.7189344262295,23.56295081967213,24.122431693989075,10.879999999999999,5.744726775956285,98.5261475409836,43.66000000000005,1969.8999999999996,11.126666666666665,32.779999999999994,0
10005010,苗栗縣,苗栗市,2025,4.469936826347306,80.27049315068493,23.02323287671233,23.348082191780826,11.719999999999999,5.5282191780821925,98.52991780821917,150.22,1874.1999999999998,10.923333333333332,31.7,0
10005020,苗栗縣,苑裡鎮,2013,4.009451780821918,79.84049315068494,22.37304109589041,22.76005479452055,11.75,5.6790958904109585,98.51654794520549,135.16000000000008,1621.82,10.586666666666668,30.956666666666667,0
10005020,苗栗縣,苑裡鎮,2014,4.184105479452055,79.4781095890411,22.466054794520545,22.990767123287668,12.469999999999999,5.34709589041096,98.54394520547946,184.58000000000004,1705.1899999999996,9.393333333333333,31.74666666666667,0
10005020,苗栗縣,苑裡鎮,2015,4.192817260273972,80.43542465753424,22.73676712328767,23.164465753424654,10.860000000000003,5.557178082191781,98.5741095890411,114.34000000000003,1733.7599999999995,10.950000000000001,30.71666666666667,0
10005020,苗栗縣,苑裡鎮,2016,4.048986612021858,82.84267759562842,22.77420765027322,23.03013661202186,12.43,5.301284153005465,98.53087431693987,191.52000000000012,1829.08,7.953333333333333,31.846666666666668,0
10005020,苗栗縣,苑裡鎮,2017,4.27434191780822,80.39676712328767,22.944164383561645,23.40197260273973,10.780000000000001,5.619698630136985,98.56915068493149,75.75000000000009,1770.87,11.736666666666666,31.830000000000002,0
10005020,苗栗縣,苑裡鎮,2018,4.392830136986301,79.95495890410959,22.927780821917807,23.520219178082193,11.099999999999998,5.454,98.49046575342467,117.36000000000004,1806.4999999999998,9.706666666666665,31.763333333333332,0
10005020,苗栗縣,苑裡鎮,2019,4.1412726027397255,80.81539726027395,23.19268493150685,23.618328767123288,9.559999999999999,5.768438356164384,98.50276712328768,11.159999999999982,1796.9899999999998,13.29,31.14,0
10005020,苗栗縣,苑裡鎮,2020,4.36221174863388,78.78860655737705,23.268005464480876,23.84743169398907,9.95,5.903060109289617,98.59286885245903,30.970000000000045,1849.2599999999995,9.333333333333334,30.75,0
10005020,苗栗縣,苑裡鎮,2021,4.52884301369863,78.88232876712328,23.10035616438356,23.600027397260273,12.049999999999999,5.514904109589041,98.52753424657533,117.73000000000008,1869.8599999999997,10.656666666666666,31.363333333333333,0
10005020,苗栗縣,苑裡鎮,2022,4.2272967123287675,79.57865753424657,23.03945205479452,23.496904109589043,12.39,6.292958904109589,98.51383561643837,97.82000000000004,1827.7199999999996,10.393333333333333,31.47,0
10005020,苗栗縣,苑裡鎮,2023,4.319684931506848,77.4686301369863,23.416739726027398,23.993616438356163,12.66,5.570136986301369,98.54216438356167,93.81000000000006,1961.4199999999996,9.526666666666666,33.12333333333333,0
10005020,苗栗縣,苑裡鎮,2024,4.189450000000001,79.7189344262295,23.56295081967213,24.122431693989075,10.879999999999999,5.744726775956285,98.5261475409836,43.66000000000005,1969.8999999999996,11.126666666666665,32.779999999999994,0
10005020,苗栗縣,苑裡鎮,2025,4.469936826347306,80.27049315068493,23.02323287671233,23.348082191780826,11.719999999999999,5.5282191780821925,98.52991780821917,150.22,1874.1999999999998,10.923333333333332,31.7,0
10005030,苗栗縣,通霄鎮,2013,4.009451780821918,79.84049315068494,22.37304109589041,22.76005479452055,11.75,5.6790958904109585,98.51654794520549,135.16000000000008,1621.82,10.586666666666668,30.956666666666667,0
10005030,苗栗縣,通霄鎮,2014,4.184105479452055,79.4781095890411,22.466054794520545,22.990767123287668,12.469999999999999,5.34709589041096,98.54394520547946,184.58000000000004,1705.1899999999996,9.393333333333333,31.74666666666667,0
10005030,苗栗縣,通霄鎮,2015,4.192817260273972,80.43542465753424,22.73676712328767,23.164465753424654,10.860000000000003,5.557178082191781,98.5741095890411,114.34000000000003,1733.7599999999995,10.950000000000001,30.71666666666667,0
10005030,苗栗縣,通霄鎮,2016,4.048986612021858,82.84267759562842,22.77420765027322,23.03013661202186,12.43,5.301284153005465,98.53087431693987,191.52000000000012,1829.08,7.953333333333333,31.846666666666668,0
10005030,苗栗縣,通霄鎮,2017,4.27434191780822,80.39676712328767,22.944164383561645,23.40197260273973,10.780000000000001,5.619698630136985,98.56915068493149,75.75000000000009,1770.87,11.736666666666666,31.830000000000002,0
10005030,苗栗縣,通霄鎮,2018,4.392830136986301,79.95495890410959,22.927780821917807,23.520219178082193,11.099999999999998,5.454,98.49046575342467,117.36000000000004,1806.4999999999998,9.706666666666665,31.763333333333332,0
10005030,苗栗縣,通霄鎮,2019,4.1412726027397255,80.81539726027395,23.19268493150685,23.618328767123288,9.559999999999999,5.768438356164384,98.50276712328768,11.159999999999982,1796.9899999999998,13.29,31.14,0
10005030,苗栗縣,通霄鎮,2020,4.36221174863388,78.78860655737705,23.268005464480876,23.84743169398907,9.95,5.903060109289617,98.59286885245903,30.970000000000045,1849.2599999999995,9.333333333333334,30.75,0
10005030,苗栗縣,通霄鎮,2021,4.52884301369863,78.88232876712328,23.10035616438356,23.600027397260273,12.049999999999999,5.514904109589041,98.52753424657533,117.73000000000008,1869.8599999999997,10.656666666666666,31.363333333333333,0
10005030,苗栗縣,通霄鎮,2022,4.2272967123287675,79.57865753424657,23.03945205479452,23.496904109589043,12.39,6.292958904109589,98.51383561643837,97.82000000000004,1827.7199999999996,10.393333333333333,31.47,0
10005030,苗栗縣,通霄鎮,2023,4.319684931506848,77.4686301369863,23.416739726027398,23.993616438356163,12.66,5.570136986301369,98.54216438356167,93.81000000000006,1961.4199999999996,9.526666666666666,33.12333333333333,0
10005030,苗栗縣,通霄鎮,2024,4.189450000000001,79.7189344262295,23.56295081967213,24.122431693989075,10.879999999999999,5.744726775956285,98.5261475409836,43.66000000000005,1969.8999999999996,11.126666666666665,32.779999999999994,0
10005030,苗栗縣,通霄鎮,2025,4.469936826347306,80.27049315068493,23.02323287671233,23.348082191780826,11.719999999999999,5.5282191780821925,98.52991780821917,150.22,1874.1999999999998,10.923333333333332,31.7,0
10005040,苗栗縣,竹南鎮,2013,4.009451780821918,79.84049315068494,22.37304109589041,22.76005479452055,11.75,5.6790958904109585,98.51654794520549,135.16000000000008,1621.82,10.586666666666668,30.956666666666667,0
10005040,苗栗縣,竹南鎮,2014,4.184105479452055,79.4781095890411,22.466054794520545,22.990767123287668,12.469999999999999,5.34709589041096,98.54394520547946,184.58000000000004,1705.1899999999996,9.393333333333333,31.74666666666667,0
10005040,苗栗縣,竹南鎮,2015,4.192817260273972,80.43542465753424,22.73676712328767,23.164465753424654,10.860000000000003,5.557178082191781,98.5741095890411,114.34000000000003,1733.7599999999995,10.950000000000001,30.71666666666667,0
10005040,苗栗縣,竹南鎮,2016,4.048986612021858,82.84267759562842,22.77420765027322,23.03013661202186,12.43,5.301284153005465,98.53087431693987,191.52000000000012,1829.08,7.953333333333333,31.846666666666668,0
10005040,苗栗縣,竹南鎮,2017,4.27434191780822,80.39676712328767,22.944164383561645,23.40197260273973,10.780000000000001,5.619698630136985,98.56915068493149,75.75000000000009,1770.87,11.736666666666666,31.830000000000002,0
10005040,苗栗縣,竹南鎮,2018,4.392830136986301,79.95495890410959,22.927780821917807,23.520219178082193,11.099999999999998,5.454,98.49046575342467,117.36000000000004,1806.4999999999998,9.706666666666665,31.763333333333332,0
10005040,苗栗縣,竹南鎮,2019,4.1412726027397255,80.81539726027395,23.19268493150685,23.618328767123288,9.559999999999999,5.768438356164384,98.50276712328768,11.159999999999982,1796.9899999999998,13.29,31.14,0
10005040,苗栗縣,竹南鎮,2020,4.36221174863388,78.78860655737705,23.268005464480876,23.84743169398907,9.95,5.903060109289617,98.59286885245903,30.970000000000045,1849.2599999999995,9.333333333333334,30.75,0
10005040,苗栗縣,竹南鎮,2021,4.52884301369863,78.88232876712328,23.10035616438356,23.600027397260273,12.049999999999999,5.514904109589041,98.52753424657533,117.73000000000008,1869.8599999999997,10.656666666666666,31.363333333333333,0
10005040,苗栗縣,竹南鎮,2022,4.2272967123287675,79.57865753424657,23.03945205479452,23.496904109589043,12.39,6.292958904109589,98.51383561643837,97.82000000000004,1827.7199999999996,10.393333333333333,31.47,0
10005040,苗栗縣,竹南鎮,2023,4.319684931506848,77.4686301369863,23.416739726027398,23.993616438356163,12.66,5.570136986301369,98.54216438356167,93.81000000000006,1961.4199999999996,9.526666666666666,33.12333333333333,0
10005040,苗栗縣,竹南鎮,2024,4.189450000000001,79.7189344262295,23.56295081967213,24.122431693989075,10.879999999999999,5.744726775956285,98.5261475409836,43.66000000000005,1969.8999999999996,11.126666666666665,32.779999999999994,0
10005040,苗栗縣,竹南鎮,2025,4.469936826347306,80.27049315068493,23.02323287671233,23.348082191780826,11.719999999999999,5.5282191780821925,98.52991780821917,150.22,1874.1999999999998,10.923333333333332,31.7,0
10005050,苗栗縣,頭份市,2013,4.009451780821918,79.84049315068494,22.37304109589041,22.76005479452055,11.75,5.6790958904109585,98.51654794520549,135.16000000000008,1621.82,10.586666666666668,30.956666666666667,0
10005050,苗栗縣,頭份市,2014,4.184105479452055,79.4781095890411,22.466054794520545,22.990767123287668,12.469999999999999,5.34709589041096,98.54394520547946,184.58000000000004,1705.1899999999996,9.393333333333333,31.74666666666667,0
10005050,苗栗縣,頭份市,2015,4.192817260273972,80.43542465753424,22.73676712328767,23.164465753424654,10.860000000000003,5.557178082191781,98.5741095890411,114.34000000000003,1733.7599999999995,10.950000000000001,30.71666666666667,0
10005050,苗栗縣,頭份市,2016,4.048986612021858,82.84267759562842,22.77420765027322,23.03013661202186,12.43,5.301284153005465,98.53087431693987,191.52000000000012,1829.08,7.953333333333333,31.846666666666668,0
10005050,苗栗縣,頭份市,2017,4.27434191780822,80.39676712328767,22.944164383561645,23.40197260273973,10.780000000000001,5.619698630136985,98.56915068493149,75.75000000000009,1770.87,11.736666666666666,31.830000000000002,0
10005050,苗栗縣,頭份市,2018,4.392830136986301,79.95495890410959,22.927780821917807,23.520219178082193,11.099999999999998,5.454,98.49046575342467,117.36000000000004,1806.4999999999998,9.706666666666665,31.763333333333332,0
10005050,苗栗縣,頭份市,2019,4.1412726027397255,80.81539726027395,23.19268493150685,23.618328767123288,9.559999999999999,5.768438356164384,98.50276712328768,11.159999999999982,1796.9899999999998,13.29,31.14,0
10005050,苗栗縣,頭份市,2020,4.36221174863388,78.78860655737705,23.268005464480876,23.84743169398907,9.95,5.903060109289617,98.59286885245903,30.970000000000045,1849.2599999999995,9.333333333333334,30.75,0
10005050,苗栗縣,頭份市,2021,4.52884301369863,78.88232876712328,23.10035616438356,23.600027397260273,12.049999999999999,5.514904109589041,98.52753424657533,117.73000000000008,1869.8599999999997,10.656666666666666,31.363333333333333,0
10005050,苗栗縣,頭份市,2022,4.2272967123287675,79.57865753424657,23.03945205479452,23.496904109589043,12.39,6.292958904109589,98.51383561643837,97.82000000000004,1827.7199999999996,10.393333333333333,31.47,0
10005050,苗栗縣,頭份市,2023,4.319684931506848,77.4686301369863,23.416739726027398,23.993616438356163,12.66,5.570136986301369,98.54216438356167,93.81000000000006,1961.4199999999996,9.526666666666666,33.12333333333333,0
10005050,苗栗縣,頭份市,2024,4.189450000000001,79.7189344262295,23.56295081967213,24.122431693989075,10.879999999999999,5.744726775956285,98.5261475409836,43.66000000000005,1969.8999999999996,11.126666666666665,32.779999999999994,0
10005050,苗栗縣,頭份市,2025,4.469936826347306,80.27049315068493,23.02323287671233,23.348082191780826,11.719999999999999,5.5282191780821925,98.52991780821917,150.22,1874.1999999999998,10.923333333333332,31.7,0
10005060,苗栗縣,後龍鎮,2013,4.009451780821918,79.84049315068494,22.37304109589041,22.76005479452055,11.75,5.6790958904109585,98.51654794520549,135.16000000000008,1621.82,10.586666666666668,30.956666666666667,0
10005060,苗栗縣,後龍鎮,2014,4.184105479452055,79.4781095890411,22.466054794520545,22.990767123287668,12.469999999999999,5.34709589041096,98.54394520547946,184.58000000000004,1705.1899999999996,9.393333333333333,31.74666666666667,0
10005060,苗栗縣,後龍鎮,2015,4.192817260273972,80.43542465753424,22.73676712328767,23.164465753424654,10.860000000000003,5.557178082191781,98.5741095890411,114.34000000000003,1733.7599999999995,10.950000000000001,30.71666666666667,0
10005060,苗栗縣,後龍鎮,2016,4.048986612021858,82.84267759562842,22.77420765027322,23.03013661202186,12.43,5.301284153005465,98.53087431693987,191.52000000000012,1829.08,7.953333333333333,31.846666666666668,0
10005060,苗栗縣,後龍鎮,2017,4.27434191780822,80.39676712328767,22.944164383561645,23.40197260273973,10.780000000000001,5.619698630136985,98.56915068493149,75.75000000000009,1770.87,11.736666666666666,31.830000000000002,0
10005060,苗栗縣,後龍鎮,2018,4.392830136986301,79.95495890410959,22.927780821917807,23.520219178082193,11.099999999999998,5.454,98.49046575342467,117.36000000000004,1806.4999999999998,9.706666666666665,31.763333333333332,0
10005060,苗栗縣,後龍鎮,2019,4.1412726027397255,80.81539726027395,23.19268493150685,23.618328767123288,9.559999999999999,5.768438356164384,98.50276712328768,11.159999999999982,1796.9899999999998,13.29,31.14,0
10005060,苗栗縣,後龍鎮,2020,4.36221174863388,78.78860655737705,23.268005464480876,23.84743169398907,9.95,5.903060109289617,98.59286885245903,30.970000000000045,1849.2599999999995,9.333333333333334,30.75,0
10005060,苗栗縣,後龍鎮,2021,4.52884301369863,78.88232876712328,23.10035616438356,23.600027397260273,12.049999999999999,5.514904109589041,98.52753424657533,117.73000000000008,1869.8599999999997,10.656666666666666,31.363333333333333,0
10005060,苗栗縣,後龍鎮,2022,4.2272967123287675,79.57865753424657,23.03945205479452,23.496904109589043,12.39,6.292958904109589,98.51383561643837,97.82000000000004,1827.7199999999996,10.393333333333333,31.47,0
10005060,苗栗縣,後龍鎮,2023,4.319684931506848,77.4686301369863,23.416739726027398,23.993616438356163,12.66,5.570136986301369,98.54216438356167,93.81000000000006,1961.4199999999996,9.526666666666666,33.12333333333333,0
10005060,苗栗縣,後龍鎮,2024,4.189450000000001,79.7189344262295,23.56295081967213,24.122431693989075,10.879999999999999,5.744726775956285,98.5261475409836,43.66000000000005,1969.8999999999996,11.126666666666665,32.779999999999994,0
10005060,苗栗縣,後龍鎮,2025,4.469936826347306,80.27049315068493,23.02323287671233,23.348082191780826,11.719999999999999,5.5282191780821925,98.52991780821917,150.22,1874.1999999999998,10.923333333333332,31.7,0
10005070,苗栗縣,卓蘭鎮,2013,4.009451780821918,79.84049315068494,22.37304109589041,22.76005479452055,11.75,5.6790958904109585,98.51654794520549,135.16000000000008,1621.82,10.586666666666668,30.956666666666667,0
10005070,苗栗縣,卓蘭鎮,2014,4.184105479452055,79.4781095890411,22.466054794520545,22.990767123287668,12.469999999999999,5.34709589041096,98.54394520547946,184.58000000000004,1705.1899999999996,9.393333333333333,31.74666666666667,0
10005070,苗栗縣,卓蘭鎮,2015,4.192817260273972,80.43542465753424,22.73676712328767,23.164465753424654,10.860000000000003,5.557178082191781,98.5741095890411,114.34000000000003,1733.7599999999995,10.950000000000001,30.71666666666667,0
10005070,苗栗縣,卓蘭鎮,2016,4.048986612021858,82.84267759562842,22.77420765027322,23.03013661202186,12.43,5.301284153005465,98.53087431693987,191.52000000000012,1829.08,7.953333333333333,31.846666666666668,0
10005070,苗栗縣,卓蘭鎮,2017,4.27434191780822,80.39676712328767,22.944164383561645,23.40197260273973,10.780000000000001,5.619698630136985,98.56915068493149,75.75000000000009,1770.87,11.736666666666666,31.830000000000002,0
10005070,苗栗縣,卓蘭鎮,2018,4.392830136986301,79.95495890410959,22.927780821917807,23.520219178082193,11.099999999999998,5.454,98.49046575342467,117.36000000000004,1806.4999999999998,9.706666666666665,31.763333333333332,0
10005070,苗栗縣,卓蘭鎮,2019,4.1412726027397255,80.81539726027395,23.19268493150685,23.618328767123288,9.559999999999999,5.768438356164384,98.50276712328768,11.159999999999982,1796.9899999999998,13.29,31.14,0
10005070,苗栗縣,卓蘭鎮,2020,4.36221174863388,78.78860655737705,23.268005464480876,23.84743169398907,9.95,5.903060109289617,98.59286885245903,30.970000000000045,1849.2599999999995,9.333333333333334,30.75,0
10005070,苗栗縣,卓蘭鎮,2021,4.52884301369863,78.88232876712328,23.10035616438356,23.600027397260273,12.049999999999999,5.514904109589041,98.52753424657533,117.73000000000008,1869.8599999999997,10.656666666666666,31.363333333333333,0
10005070,苗栗縣,卓蘭鎮,2022,4.2272967123287675,79.57865753424657,23.03945205479452,23.496904109589043,12.39,6.292958904109589,98.51383561643837,97.82000000000004,1827.7199999999996,10.393333333333333,31.47,0
10005070,苗栗縣,卓蘭鎮,2023,4.319684931506848,77.4686301369863,23.416739726027398,23.993616438356163,12.66,5.570136986301369,98.54216438356167,93.81000000000006,1961.4199999999996,9.526666666666666,33.12333333333333,0
10005070,苗栗縣,卓蘭鎮,2024,4.189450000000001,79.7189344262295,23.56295081967213,24.122431693989075,10.879999999999999,5.744726775956285,98.5261475409836,43.66000000000005,1969.8999999999996,11.126666666666665,32.779999999999994,0
10005070,苗栗縣,卓蘭鎮,2025,4.469936826347306,80.27049315068493,23.02323287671233,23.348082191780826,11.719999999999999,5.5282191780821925,98.52991780821917,150.22,1874.1999999999998,10.923333333333332,31.7,0
10005080,苗栗縣,大湖鄉,2013,4.009451780821918,79.84049315068494,22.37304109589041,22.76005479452055,11.75,5.6790958904109585,98.51654794520549,135.16000000000008,1621.82,10.586666666666668,30.956666666666667,0
10005080,苗栗縣,大湖鄉,2014,4.184105479452055,79.4781095890411,22.466054794520545,22.990767123287668,12.469999999999999,5.34709589041096,98.54394520547946,184.58000000000004,1705.1899999999996,9.393333333333333,31.74666666666667,0
10005080,苗栗縣,大湖鄉,2015,4.192817260273972,80.43542465753424,22.73676712328767,23.164465753424654,10.860000000000003,5.557178082191781,98.5741095890411,114.34000000000003,1733.7599999999995,10.950000000000001,30.71666666666667,0
10005080,苗栗縣,大湖鄉,2016,4.048986612021858,82.84267759562842,22.77420765027322,23.03013661202186,12.43,5.301284153005465,98.53087431693987,191.52000000000012,1829.08,7.953333333333333,31.846666666666668,0
10005080,苗栗縣,大湖鄉,2017,4.27434191780822,80.39676712328767,22.944164383561645,23.40197260273973,10.780000000000001,5.619698630136985,98.56915068493149,75.75000000000009,1770.87,11.736666666666666,31.830000000000002,0
10005080,苗栗縣,大湖鄉,2018,4.392830136986301,79.95495890410959,22.927780821917807,23.520219178082193,11.099999999999998,5.454,98.49046575342467,117.36000000000004,1806.4999999999998,9.706666666666665,31.763333333333332,0
10005080,苗栗縣,大湖鄉,2019,4.1412726027397255,80.81539726027395,23.19268493150685,23.618328767123288,9.559999999999999,5.768438356164384,98.50276712328768,11.159999999999982,1796.9899999999998,13.29,31.14,0
10005080,苗栗縣,大湖鄉,2020,4.36221174863388,78.78860655737705,23.268005464480876,23.84743169398907,9.95,5.903060109289617,98.59286885245903,30.970000000000045,1849.2599999999995,9.333333333333334,30.75,0
10005080,苗栗縣,大湖鄉,2021,4.52884301369863,78.88232876712328,23.10035616438356,23.600027397260273,12.049999999999999,5.514904109589041,98.52753424657533,117.73000000000008,1869.8599999999997,10.656666666666666,31.363333333333333,0
10005080,苗栗縣,大湖鄉,2022,4.2272967123287675,79.57865753424657,23.03945205479452,23.496904109589043,12.39,6.292958904109589,98.51383561643837,97.82000000000004,1827.7199999999996,10.393333333333333,31.47,0
10005080,苗栗縣,大湖鄉,2023,4.319684931506848,77.4686301369863,23.416739726027398,23.993616438356163,12.66,5.570136986301369,98.54216438356167,93.81000000000006,1961.4199999999996,9.526666666666666,33.12333333333333,0
10005080,苗栗縣,大湖鄉,2024,4.189450000000001,79.7189344262295,23.56295081967213,24.122431693989075,10.879999999999999,5.744726775956285,98.5261475409836,43.66000000000005,1969.8999999999996,11.126666666666665,32.779999999999994,0
10005080,苗栗縣,大湖鄉,2025,4.469936826347306,80.27049315068493,23.02323287671233,23.348082191780826,11.719999999999999,5.5282191780821925,98.52991780821917,150.22,1874.1999999999998,10.923333333333332,31.7,0
10005090,苗栗縣,公館鄉,2013,4.009451780821918,79.84049315068494,22.37304109589041,22.76005479452055,11.75,5.6790958904109585,98.51654794520549,135.16000000000008,1621.82,10.586666666666668,30.956666666666667,0
10005090,苗栗縣,公館鄉,2014,4.184105479452055,79.4781095890411,22.466054794520545,22.990767123287668,12.469999999999999,5.34709589041096,98.54394520547946,184.58000000000004,1705.1899999999996,9.393333333333333,31.74666666666667,0
10005090,苗栗縣,公館鄉,2015,4.192817260273972,80.43542465753424,22.73676712328767,23.164465753424654,10.860000000000003,5.557178082191781,98.5741095890411,114.34000000000003,1733.7599999999995,10.950000000000001,30.71666666666667,0
10005090,苗栗縣,公館鄉,2016,4.048986612021858,82.84267759562842,22.77420765027322,23.03013661202186,12.43,5.301284153005465,98.53087431693987,191.52000000000012,1829.08,7.953333333333333,31.846666666666668,0
10005090,苗栗縣,公館鄉,2017,4.27434191780822,80.39676712328767,22.944164383561645,23.40197260273973,10.780000000000001,5.619698630136985,98.56915068493149,75.75000000000009,1770.87,11.736666666666666,31.830000000000002,0
10005090,苗栗縣,公館鄉,2018,4.392830136986301,79.95495890410959,22.927780821917807,23.520219178082193,11.099999999999998,5.454,98.49046575342467,117.36000000000004,1806.4999999999998,9.706666666666665,31.763333333333332,0
10005090,苗栗縣,公館鄉,2019,4.1412726027397255,80.81539726027395,23.19268493150685,23.618328767123288,9.559999999999999,5.768438356164384,98.50276712328768,11.159999999999982,1796.9899999999998,13.29,31.14,0
10005090,苗栗縣,公館鄉,2020,4.36221174863388,78.78860655737705,23.268005464480876,23.84743169398907,9.95,5.903060109289617,98.59286885245903,30.970000000000045,1849.2599999999995,9.333333333333334,30.75,0
10005090,苗栗縣,公館鄉,2021,4.52884301369863,78.88232876712328,23.10035616438356,23.600027397260273,12.049999999999999,5.514904109589041,98.52753424657533,117.73000000000008,1869.8599999999997,10.656666666666666,31.363333333333333,0
10005090,苗栗縣,公館鄉,2022,4.2272967123287675,79.57865753424657,23.03945205479452,23.496904109589043,12.39,6.292958904109589,98.51383561643837,97.82000000000004,1827.7199999999996,10.393333333333333,31.47,0
10005090,苗栗縣,公館鄉,2023,4.319684931506848,77.4686301369863,23.416739726027398,23.993616438356163,12.66,5.570136986301369,98.54216438356167,93.81000000000006,1961.4199999999996,9.526666666666666,33.12333333333333,0
10005090,苗栗縣,公館鄉,2024,4.189450000000001,79.7189344262295,23.56295081967213,24.122431693989075,10.879999999999999,5.744726775956285,98.5261475409836,43.66000000000005,1969.8999999999996,11.126666666666665,32.779999999999994,0
10005090,苗栗縣,公館鄉,2025,4.469936826347306,80.27049315068493,23.02323287671233,23.348082191780826,11.719999999999999,5.5282191780821925,98.52991780821917,150.22,1874.1999999999998,10.923333333333332,31.7,0
10005100,苗栗縣,銅鑼鄉,2013,4.009451780821918,79.84049315068494,22.37304109589041,22.76005479452055,11.75,5.6790958904109585,98.51654794520549,135.16000000000008,1621.82,10.586666666666668,30.956666666666667,0
10005100,苗栗縣,銅鑼鄉,2014,4.184105479452055,79.4781095890411,22.466054794520545,22.990767123287668,12.469999999999999,5.34709589041096,98.54394520547946,184.58000000000004,1705.1899999999996,9.393333333333333,31.74666666666667,0
10005100,苗栗縣,銅鑼鄉,2015,4.192817260273972,80.43542465753424,22.73676712328767,23.164465753424654,10.860000000000003,5.557178082191781,98.5741095890411,114.34000000000003,1733.7599999999995,10.950000000000001,30.71666666666667,0
10005100,苗栗縣,銅鑼鄉,2016,4.048986612021858,82.84267759562842,22.77420765027322,23.03013661202186,12.43,5.301284153005465,98.53087431693987,191.52000000000012,1829.08,7.953333333333333,31.846666666666668,0
10005100,苗栗縣,銅鑼鄉,2017,4.27434191780822,80.39676712328767,22.944164383561645,23.40197260273973,10.780000000000001,5.619698630136985,98.56915068493149,75.75000000000009,1770.87,11.736666666666666,31.830000000000002,0
10005100,苗栗縣,銅鑼鄉,2018,4.392830136986301,79.95495890410959,22.927780821917807,23.520219178082193,11.099999999999998,5.454,98.49046575342467,117.36000000000004,1806.4999999999998,9.706666666666665,31.763333333333332,0
10005100,苗栗縣,銅鑼鄉,2019,4.1412726027397255,80.81539726027395,23.19268493150685,23.618328767123288,9.559999999999999,5.768438356164384,98.50276712328768,11.159999999999982,1796.9899999999998,13.29,31.14,0
10005100,苗栗縣,銅鑼鄉,2020,4.36221174863388,78.78860655737705,23.268005464480876,23.84743169398907,9.95,5.903060109289617,98.59286885245903,30.970000000000045,1849.2599999999995,9.333333333333334,30.75,0
10005100,苗栗縣,銅鑼鄉,2021,4.52884301369863,78.88232876712328,23.10035616438356,23.600027397260273,12.049999999999999,5.514904109589041,98.52753424657533,117.73000000000008,1869.8599999999997,10.656666666666666,31.363333333333333,0
10005100,苗栗縣,銅鑼鄉,2022,4.2272967123287675,79.57865753424657,23.03945205479452,23.496904109589043,12.39,6.292958904109589,98.51383561643837,97.82000000000004,1827.7199999999996,10.393333333333333,31.47,0
10005100,苗栗縣,銅鑼鄉,2023,4.319684931506848,77.4686301369863,23.416739726027398,23.993616438356163,12.66,5.570136986301369,98.54216438356167,93.81000000000006,1961.4199999999996,9.526666666666666,33.12333333333333,0
10005100,苗栗縣,銅鑼鄉,2024,4.189450000000001,79.7189344262295,23.56295081967213,24.122431693989075,10.879999999999999,5.744726775956285,98.5261475409836,43.66000000000005,1969.8999999999996,11.126666666666665,32.779999999999994,0
10005100,苗栗縣,銅鑼鄉,2025,4.469936826347306,80.27049315068493,23.02323287671233,23.348082191780826,11.719999999999999,5.5282191780821925,98.52991780821917,150.22,1874.1999999999998,10.923333333333332,31.7,0
10005110,苗栗縣,南庄鄉,2013,3.7659084931506848,86.35071232876713,16.470767123287672,16.761150684931508,12.4,2.7011780821917806,88.06879452054794,1072.63,404.9599999999999,0.5866666666666667,28.363333333333333,123
10005110,苗栗縣,南庄鄉,2014,3.8430613698630145,85.34698630136988,16.590328767123285,16.963835616438356,13.99,2.5443561643835615,88.08934246575343,1117.2100000000005,493.17999999999984,-0.32999999999999996,28.286666666666665,90
10005110,苗栗縣,南庄鄉,2015,3.919658082191781,85.27531506849314,17.12131506849315,17.389890410958905,13.02,2.6618082191780825,88.12317808219179,872.5500000000002,442.3299999999998,1.11,28.149999999999995,90
10005110,苗栗縣,南庄鄉,2016,3.7904614754098365,88.16560109289617,17.10549180327869,17.258879781420767,13.479999999999999,2.5906284153005465,88.09349726775956,985.0200000000001,547.8299999999999,-2.3233333333333333,27.713333333333335,91
10005110,苗栗縣,南庄鄉,2017,3.8297947945205473,87.12564383561643,16.999561643835616,17.288602739726024,11.69,2.6567123287671235,88.13487671232876,963.19,488.52999999999975,2.106666666666667,28.02333333333333,28
10005110,苗栗縣,南庄鄉,2018,3.9874175342465747,86.05509589041095,17.127041095890412,17.492520547945208,12.629999999999999,2.5004657534246575,88.05887671232877,937.2000000000003,509.0699999999998,0.2933333333333333,29.27,59
10005110,苗栗縣,南庄鄉,2019,3.826375342465753,86.74367123287674,17.36504109589041,17.610794520547948,10.06,2.756109589041096,88.08306849315068,738.0300000000002,396.76999999999987,4.64,27.733333333333334,0
10005110,苗栗縣,南庄鄉,2020,3.9260226775956277,85.24887978142077,17.264535519125683,17.609562841530053,11.040000000000001,2.665464480874317,88.1620218579235,874.7900000000002,495.8099999999999,-1.3933333333333333,28.55333333333333,121
10005110,苗栗縣,南庄鄉,2021,4.163436986301369,84.38808219178084,17.352438356164384,17.71120547945205,13.819999999999999,2.5944109589041098,88.1017808219178,915.39,569.5299999999999,0.9466666666666667,29.536666666666665,59
10005110,苗栗縣,南庄鄉,2022,3.828847671232877,86.57210958904109,17.11838356164383,17.431890410958903,12.89,2.7712054794520546,88.09279452054795,868.5700000000004,437.2800000000001,1.24,29.21666666666667,31
10005110,苗栗縣,南庄鄉,2023,3.9763550684931515,83.14972602739726,17.718301369863013,18.17427397260274,13.14,2.677369863013699,88.12654794520547,817.5500000000001,605.2299999999999,0.04666666666666656,29.900000000000002,62
10005110,苗栗縣,南庄鄉,2024,3.833393169398907,84.0292349726776,18.039207650273227,18.45505464480874,13.109999999999998,2.5988797814207647,88.1107650273224,781.96,686.5099999999999,1.8966666666666665,29.53,31
10005110,苗栗縣,南庄鄉,2025,4.008978143712575,86.51753424657534,17.185479452054793,17.3647397260274,12.85,2.6324931506849314,88.10819178082191,969.1800000000001,562.3799999999999,1.3033333333333335,27.820000000000004,59
10005120,苗栗縣,頭屋鄉,2013,4.009451780821918,79.84049315068494,22.37304109589041,22.76005479452055,11.75,5.6790958904109585,98.51654794520549,135.16000000000008,1621.82,10.586666666666668,30.956666666666667,0
10005120,苗栗縣,頭屋鄉,2014,4.184105479452055,79.4781095890411,22.466054794520545,22.990767123287668,12.469999999999999,5.34709589041096,98.54394520547946,184.58000000000004,1705.1899999999996,9.393333333333333,31.74666666666667,0
10005120,苗栗縣,頭屋鄉,2015,4.192817260273972,80.43542465753424,22.73676712328767,23.164465753424654,10.860000000000003,5.557178082191781,98.5741095890411,114.34000000000003,1733.7599999999995,10.950000000000001,30.71666666666667,0
10005120,苗栗縣,頭屋鄉,2016,4.048986612021858,82.84267759562842,22.77420765027322,23.03013661202186,12.43,5.301284153005465,98.53087431693987,191.52000000000012,1829.08,7.953333333333333,31.846666666666668,0
10005120,苗栗縣,頭屋鄉,2017,4.27434191780822,80.39676712328767,22.944164383561645,23.40197260273973,10.780000000000001,5.619698630136985,98.56915068493149,75.75000000000009,1770.87,11.736666666666666,31.830000000000002,0
10005120,苗栗縣,頭屋鄉,2018,4.392830136986301,79.95495890410959,22.927780821917807,23.520219178082193,11.099999999999998,5.454,98.49046575342467,117.36000000000004,1806.4999999999998,9.706666666666665,31.763333333333332,0
10005120,苗栗縣,頭屋鄉,2019,4.1412726027397255,80.81539726027395,23.19268493150685,23.618328767123288,9.559999999999999,5.768438356164384,98.50276712328768,11.159999999999982,1796.9899999999998,13.29,31.14,0
10005120,苗栗縣,頭屋鄉,2020,4.36221174863388,78.78860655737705,23.268005464480876,23.84743169398907,9.95,5.903060109289617,98.59286885245903,30.970000000000045,1849.2599999999995,9.333333333333334,30.75,0
10005120,苗栗縣,頭屋鄉,2021,4.52884301369863,78.88232876712328,23.10035616438356,23.600027397260273,12.049999999999999,5.514904109589041,98.52753424657533,117.73000000000008,1869.8599999999997,10.656666666666666,31.363333333333333,0
10005120,苗栗縣,頭屋鄉,2022,4.2272967123287675,79.57865753424657,23.03945205479452,23.496904109589043,12.39,6.292958904109589,98.51383561643837,97.82000000000004,1827.7199999999996,10.393333333333333,31.47,0
10005120,苗栗縣,頭屋鄉,2023,4.319684931506848,77.4686301369863,23.416739726027398,23.993616438356163,12.66,5.570136986301369,98.54216438356167,93.81000000000006,1961.4199999999996,9.526666666666666,33.12333333333333,0
10005120,苗栗縣,頭屋鄉,2024,4.189450000000001,79.7189344262295,23.56295081967213,24.122431693989075,10.879999999999999,5.744726775956285,98.5261475409836,43.66000000000005,1969.8999999999996,11.126666666666665,32.779999999999994,0
10005120,苗栗縣,頭屋鄉,2025,4.469936826347306,80.27049315068493,23.02323287671233,23.348082191780826,11.719999999999999,5.5282191780821925,98.52991780821917,150.22,1874.1999999999998,10.923333333333332,31.7,0
10005130,苗栗縣,三義鄉,2013,4.009451780821918,79.84049315068494,22.37304109589041,22.76005479452055,11.75,5.6790958904109585,98.51654794520549,135.16000000000008,1621.82,10.586666666666668,30.956666666666667,0
10005130,苗栗縣,三義鄉,2014,4.184105479452055,79.4781095890411,22.466054794520545,22.990767123287668,12.469999999999999,5.34709589041096,98.54394520547946,184.58000000000004,1705.1899999999996,9.393333333333333,31.74666666666667,0
10005130,苗栗縣,三義鄉,2015,4.192817260273972,80.43542465753424,22.73676712328767,23.164465753424654,10.860000000000003,5.557178082191781,98.5741095890411,114.34000000000003,1733.7599999999995,10.950000000000001,30.71666666666667,0
10005130,苗栗縣,三義鄉,2016,4.048986612021858,82.84267759562842,22.77420765027322,23.03013661202186,12.43,5.301284153005465,98.53087431693987,191.52000000000012,1829.08,7.953333333333333,31.846666666666668,0
10005130,苗栗縣,三義鄉,2017,4.27434191780822,80.39676712328767,22.944164383561645,23.40197260273973,10.780000000000001,5.619698630136985,98.56915068493149,75.75000000000009,1770.87,11.736666666666666,31.830000000000002,0
10005130,苗栗縣,三義鄉,2018,4.392830136986301,79.95495890410959,22.927780821917807,23.520219178082193,11.099999999999998,5.454,98.49046575342467,117.36000000000004,1806.4999999999998,9.706666666666665,31.763333333333332,0
10005130,苗栗縣,三義鄉,2019,4.1412726027397255,80.81539726027395,23.19268493150685,23.618328767123288,9.559999999999999,5.768438356164384,98.50276712328768,11.159999999999982,1796.9899999999998,13.29,31.14,0
10005130,苗栗縣,三義鄉,2020,4.36221174863388,78.78860655737705,23.268005464480876,23.84743169398907,9.95,5.903060109289617,98.59286885245903,30.970000000000045,1849.2599999999995,9.333333333333334,30.75,0
10005130,苗栗縣,三義鄉,2021,4.52884301369863,78.88232876712328,23.10035616438356,23.600027397260273,12.049999999999999,5.514904109589041,98.52753424657533,117.73000000000008,1869.8599999999997,10.656666666666666,31.363333333333333,0
10005130,苗栗縣,三義鄉,2022,4.2272967123287675,79.57865753424657,23.03945205479452,23.496904109589043,12.39,6.292958904109589,98.51383561643837,97.82000000000004,1827.7199999999996,10.393333333333333,31.47,0
10005130,苗栗縣,三義鄉,2023,4.319684931506848,77.4686301369863,23.416739726027398,23.993616438356163,12.66,5.570136986301369,98.54216438356167,93.81000000000006,1961.4199999999996,9.526666666666666,33.12333333333333,0
10005130,苗栗縣,三義鄉,2024,4.189450000000001,79.7189344262295,23.56295081967213,24.122431693989075,10.879999999999999,5.744726775956285,98.5261475409836,43.66000000000005,1969.8999999999996,11.126666666666665,32.779999999999994,0
10005130,苗栗縣,三義鄉,2025,4.469936826347306,80.27049315068493,23.02323287671233,23.348082191780826,11.719999999999999,5.5282191780821925,98.52991780821917,150.22,1874.1999999999998,10.923333333333332,31.7,0
10005140,苗栗縣,西湖鄉,2013,4.009451780821918,79.84049315068494,22.37304109589041,22.76005479452055,11.75,5.6790958904109585,98.51654794520549,135.16000000000008,1621.82,10.586666666666668,30.956666666666667,0
10005140,苗栗縣,西湖鄉,2014,4.184105479452055,79.4781095890411,22.466054794520545,22.990767123287668,12.469999999999999,5.34709589041096,98.54394520547946,184.58000000000004,1705.1899999999996,9.393333333333333,31.74666666666667,0
10005140,苗栗縣,西湖鄉,2015,4.192817260273972,80.43542465753424,22.73676712328767,23.164465753424654,10.860000000000003,5.557178082191781,98.5741095890411,114.34000000000003,1733.7599999999995,10.950000000000001,30.71666666666667,0
10005140,苗栗縣,西湖鄉,2016,4.048986612021858,82.84267759562842,22.77420765027322,23.03013661202186,12.43,5.301284153005465,98.53087431693987,191.52000000000012,1829.08,7.953333333333333,31.846666666666668,0
10005140,苗栗縣,西湖鄉,2017,4.27434191780822,80.39676712328767,22.944164383561645,23.40197260273973,10.780000000000001,5.619698630136985,98.56915068493149,75.75000000000009,1770.87,11.736666666666666,31.830000000000002,0
10005140,苗栗縣,西湖鄉,2018,4.392830136986301,79.95495890410959,22.927780821917807,23.520219178082193,11.099999999999998,5.454,98.49046575342467,117.36000000000004,1806.4999999999998,9.706666666666665,31.763333333333332,0
10005140,苗栗縣,西湖鄉,2019,4.1412726027397255,80.81539726027395,23.19268493150685,23.618328767123288,9.559999999999999,5.768438356164384,98.50276712328768,11.159999999999982,1796.9899999999998,13.29,31.14,0
10005140,苗栗縣,西湖鄉,2020,4.36221174863388,78.78860655737705,23.268005464480876,23.84743169398907,9.95,5.903060109289617,98.59286885245903,30.970000000000045,1849.2599999999995,9.333333333333334,30.75,0
10005140,苗栗縣,西湖鄉,2021,4.52884301369863,78.88232876712328,23.10035616438356,23.600027397260273,12.049999999999999,5.514904109589041,98.52753424657533,117.73000000000008,1869.8599999999997,10.656666666666666,31.363333333333333,0
10005140,苗栗縣,西湖鄉,2022,4.2272967123287675,79.57865753424657,23.03945205479452,23.496904109589043,12.39,6.292958904109589,98.51383561643837,97.82000000000004,1827.7199999999996,10.393333333333333,31.47,0
10005140,苗栗縣,西湖鄉,2023,4.319684931506848,77.4686301369863,23.416739726027398,23.993616438356163,12.66,5.570136986301369,98.54216438356167,93.81000000000006,1961.4199999999996,9.526666666666666,33.12333333333333,0
10005140,苗栗縣,西湖鄉,2024,4.189450000000001,79.7189344262295,23.56295081967213,24.122431693989075,10.879999999999999,5.744726775956285,98.5261475409836,43.66000000000005,1969.8999999999996,11.126666666666665,32.779999999999994,0
10005140,苗栗縣,西湖鄉,2025,4.469936826347306,80.27049315068493,23.02323287671233,23.348082191780826,11.719999999999999,5.5282191780821925,98.52991780821917,150.22,1874.1999999999998,10.923333333333332,31.7,0
10005150,苗栗縣,造橋鄉,2013,4.009451780821918,79.84049315068494,22.37304109589041,22.76005479452055,11.75,5.6790958904109585,98.51654794520549,135.16000000000008,1621.82,10.586666666666668,30.956666666666667,0
10005150,苗栗縣,造橋鄉,2014,4.184105479452055,79.4781095890411,22.466054794520545,22.990767123287668,12.469999999999999,5.34709589041096,98.54394520547946,184.58000000000004,1705.1899999999996,9.393333333333333,31.74666666666667,0
10005150,苗栗縣,造橋鄉,2015,4.192817260273972,80.43542465753424,22.73676712328767,23.164465753424654,10.860000000000003,5.557178082191781,98.5741095890411,114.34000000000003,1733.7599999999995,10.950000000000001,30.71666666666667,0
10005150,苗栗縣,造橋鄉,2016,4.048986612021858,82.84267759562842,22.77420765027322,23.03013661202186,12.43,5.301284153005465,98.53087431693987,191.52000000000012,1829.08,7.953333333333333,31.846666666666668,0
10005150,苗栗縣,造橋鄉,2017,4.27434191780822,80.39676712328767,22.944164383561645,23.40197260273973,10.780000000000001,5.619698630136985,98.56915068493149,75.75000000000009,1770.87,11.736666666666666,31.830000000000002,0
10005150,苗栗縣,造橋鄉,2018,4.392830136986301,79.95495890410959,22.927780821917807,23.520219178082193,11.099999999999998,5.454,98.49046575342467,117.36000000000004,1806.4999999999998,9.706666666666665,31.763333333333332,0
10005150,苗栗縣,造橋鄉,2019,4.1412726027397255,80.81539726027395,23.19268493150685,23.618328767123288,9.559999999999999,5.768438356164384,98.50276712328768,11.159999999999982,1796.9899999999998,13.29,31.14,0
10005150,苗栗縣,造橋鄉,2020,4.36221174863388,78.78860655737705,23.268005464480876,23.84743169398907,9.95,5.903060109289617,98.59286885245903,30.970000000000045,1849.2599999999995,9.333333333333334,30.75,0
10005150,苗栗縣,造橋鄉,2021,4.52884301369863,78.88232876712328,23.10035616438356,23.600027397260273,12.049999999999999,5.514904109589041,98.52753424657533,117.73000000000008,1869.8599999999997,10.656666666666666,31.363333333333333,0
10005150,苗栗縣,造橋鄉,2022,4.2272967123287675,79.57865753424657,23.03945205479452,23.496904109589043,12.39,6.292958904109589,98.51383561643837,97.82000000000004,1827.7199999999996,10.393333333333333,31.47,0
10005150,苗栗縣,造橋鄉,2023,4.319684931506848,77.4686301369863,23.416739726027398,23.993616438356163,12.66,5.570136986301369,98.54216438356167,93.81000000000006,1961.4199999999996,9.526666666666666,33.12333333333333,0
10005150,苗栗縣,造橋鄉,2024,4.189450000000001,79.7189344262295,23.56295081967213,24.122431693989075,10.879999999999999,5.744726775956285,98.5261475409836,43.66000000000005,1969.8999999999996,11.126666666666665,32.779999999999994,0
10005150,苗栗縣,造橋鄉,2025,4.469936826347306,80.27049315068493,23.02323287671233,23.348082191780826,11.719999999999999,5.5282191780821925,98.52991780821917,150.22,1874.1999999999998,10.923333333333332,31.7,0
10005160,苗栗縣,三灣鄉,2013,4.009451780821918,86.35071232876713,16.470767123287672,16.761150684931508,12.4,2.7011780821917806,88.06879452054794,1072.63,404.9599999999999,0.5866666666666667,28.363333333333333,123
10005160,苗栗縣,三灣鄉,2014,4.184105479452055,85.34698630136988,16.590328767123285,16.963835616438356,13.99,2.5443561643835615,88.08934246575343,1117.2100000000005,493.17999999999984,-0.32999999999999996,28.286666666666665,90
10005160,苗栗縣,三灣鄉,2015,4.192817260273972,85.27531506849314,17.12131506849315,17.389890410958905,13.02,2.6618082191780825,88.12317808219179,872.5500000000002,442.3299999999998,1.11,28.149999999999995,90
10005160,苗栗縣,三灣鄉,2016,4.048986612021858,88.16560109289617,17.10549180327869,17.258879781420767,13.479999999999999,2.5906284153005465,88.09349726775956,985.0200000000001,547.8299999999999,-2.3233333333333333,27.713333333333335,91
10005160,苗栗縣,三灣鄉,2017,4.27434191780822,87.12564383561643,16.999561643835616,17.288602739726024,11.69,2.6567123287671235,88.13487671232876,963.19,488.52999999999975,2.106666666666667,28.02333333333333,28
10005160,苗栗縣,三灣鄉,2018,4.392830136986301,86.05509589041095,17.127041095890412,17.492520547945208,12.629999999999999,2.5004657534246575,88.05887671232877,937.2000000000003,509.0699999999998,0.2933333333333333,29.27,59
10005160,苗栗縣,三灣鄉,2019,4.1412726027397255,86.74367123287674,17.36504109589041,17.610794520547948,10.06,2.756109589041096,88.08306849315068,738.0300000000002,396.76999999999987,4.64,27.733333333333334,0
10005160,苗栗縣,三灣鄉,2020,4.36221174863388,85.24887978142077,17.264535519125683,17.609562841530053,11.040000000000001,2.665464480874317,88.1620218579235,874.7900000000002,495.8099999999999,-1.3933333333333333,28.55333333333333,121
10005160,苗栗縣,三灣鄉,2021,4.52884301369863,84.38808219178084,17.352438356164384,17.71120547945205,13.819999999999999,2.5944109589041098,88.1017808219178,915.39,569.5299999999999,0.9466666666666667,29.536666666666665,59
10005160,苗栗縣,三灣鄉,2022,4.2272967123287675,86.57210958904109,17.11838356164383,17.431890410958903,12.89,2.7712054794520546,88.09279452054795,868.5700000000004,437.2800000000001,1.24,29.21666666666667,31
10005160,苗栗縣,三灣鄉,2023,4.319684931506848,83.14972602739726,17.718301369863013,18.17427397260274,13.14,2.677369863013699,88.12654794520547,817.5500000000001,605.2299999999999,0.04666666666666656,29.900000000000002,62
10005160,苗栗縣,三灣鄉,2024,4.189450000000001,84.0292349726776,18.039207650273227,18.45505464480874,13.109999999999998,2.5988797814207647,88.1107650273224,781.96,686.5099999999999,1.8966666666666665,29.53,31
10005160,苗栗縣,三灣鄉,2025,4.469936826347306,86.51753424657534,17.185479452054793,17.3647397260274,12.85,2.6324931506849314,88.10819178082191,969.1800000000001,562.3799999999999,1.3033333333333335,27.820000000000004,59
10005170,苗栗縣,獅潭鄉,2013,4.009451780821918,79.84049315068494,22.37304109589041,22.76005479452055,11.75,5.6790958904109585,98.51654794520549,135.16000000000008,1621.82,10.586666666666668,30.956666666666667,0
10005170,苗栗縣,獅潭鄉,2014,4.184105479452055,79.4781095890411,22.466054794520545,22.990767123287668,12.469999999999999,5.34709589041096,98.54394520547946,184.58000000000004,1705.1899999999996,9.393333333333333,31.74666666666667,0
10005170,苗栗縣,獅潭鄉,2015,4.192817260273972,80.43542465753424,22.73676712328767,23.164465753424654,10.860000000000003,5.557178082191781,98.5741095890411,114.34000000000003,1733.7599999999995,10.950000000000001,30.71666666666667,0
10005170,苗栗縣,獅潭鄉,2016,4.048986612021858,82.84267759562842,22.77420765027322,23.03013661202186,12.43,5.301284153005465,98.53087431693987,191.52000000000012,1829.08,7.953333333333333,31.846666666666668,0
10005170,苗栗縣,獅潭鄉,2017,4.27434191780822,80.39676712328767,22.944164383561645,23.40197260273973,10.780000000000001,5.619698630136985,98.56915068493149,75.75000000000009,1770.87,11.736666666666666,31.830000000000002,0
10005170,苗栗縣,獅潭鄉,2018,4.392830136986301,79.95495890410959,22.927780821917807,23.520219178082193,11.099999999999998,5.454,98.49046575342467,117.36000000000004,1806.4999999999998,9.706666666666665,31.763333333333332,0
10005170,苗栗縣,獅潭鄉,2019,4.1412726027397255,80.81539726027395,23.19268493150685,23.618328767123288,9.559999999999999,5.768438356164384,98.50276712328768,11.159999999999982,1796.9899999999998,13.29,31.14,0
10005170,苗栗縣,獅潭鄉,2020,4.36221174863388,78.78860655737705,23.268005464480876,23.84743169398907,9.95,5.903060109289617,98.59286885245903,30.970000000000045,1849.2599999999995,9.333333333333334,30.75,0
10005170,苗栗縣,獅潭鄉,2021,4.52884301369863,78.88232876712328,23.10035616438356,23.600027397260273,12.049999999999999,5.514904109589041,98.52753424657533,117.73000000000008,1869.8599999999997,10.656666666666666,31.363333333333333,0
10005170,苗栗縣,獅潭鄉,2022,4.2272967123287675,79.57865753424657,23.03945205479452,23.496904109589043,12.39,6.292958904109589,98.51383561643837,97.82000000000004,1827.7199999999996,10.393333333333333,31.47,0
10005170,苗栗縣,獅潭鄉,2023,4.319684931506848,77.4686301369863,23.416739726027398,23.993616438356163,12.66,5.570136986301369,98.54216438356167,93.81000000000006,1961.4199999999996,9.526666666666666,33.12333333333333,0
10005170,苗栗縣,獅潭鄉,2024,4.189450000000001,79.7189344262295,23.56295081967213,24.122431693989075,10.879999999999999,5.744726775956285,98.5261475409836,43.66000000000005,1969.8999999999996,11.126666666666665,32.779999999999994,0
10005170,苗栗縣,獅潭鄉,2025,4.469936826347306,80.27049315068493,23.02323287671233,23.348082191780826,11.719999999999999,5.5282191780821925,98.52991780821917,150.22,1874.1999999999998,10.923333333333332,31.7,0
10005180,苗栗縣,泰安鄉,2013,3.7659084931506848,86.35071232876713,16.470767123287672,16.761150684931508,12.4,2.7011780821917806,88.06879452054794,1072.63,404.9599999999999,0.5866666666666667,28.363333333333333,123
10005180,苗栗縣,泰安鄉,2014,3.8430613698630145,85.34698630136988,16.590328767123285,16.963835616438356,13.99,2.5443561643835615,88.08934246575343,1117.2100000000005,493.17999999999984,-0.32999999999999996,28.286666666666665,90
10005180,苗栗縣,泰安鄉,2015,3.919658082191781,85.27531506849314,17.12131506849315,17.389890410958905,13.02,2.6618082191780825,88.12317808219179,872.5500000000002,442.3299999999998,1.11,28.149999999999995,90
10005180,苗栗縣,泰安鄉,2016,3.7904614754098365,88.16560109289617,17.10549180327869,17.258879781420767,13.479999999999999,2.5906284153005465,88.09349726775956,985.0200000000001,547.8299999999999,-2.3233333333333333,27.713333333333335,91
10005180,苗栗縣,泰安鄉,2017,3.8297947945205473,87.12564383561643,16.999561643835616,17.288602739726024,11.69,2.6567123287671235,88.13487671232876,963.19,488.52999999999975,2.106666666666667,28.02333333333333,28
10005180,苗栗縣,泰安鄉,2018,3.9874175342465747,86.05509589041095,17.127041095890412,17.492520547945208,12.629999999999999,2.5004657534246575,88.05887671232877,937.2000000000003,509.0699999999998,0.2933333333333333,29.27,59
10005180,苗栗縣,泰安鄉,2019,3.826375342465753,86.74367123287674,17.36504109589041,17.610794520547948,10.06,2.756109589041096,88.08306849315068,738.0300000000002,396.76999999999987,4.64,27.733333333333334,0
10005180,苗栗縣,泰安鄉,2020,3.9260226775956277,85.24887978142077,17.264535519125683,17.609562841530053,11.040000000000001,2.665464480874317,88.1620218579235,874.7900000000002,495.8099999999999,-1.3933333333333333,28.55333333333333,121
10005180,苗栗縣,泰安鄉,2021,4.163436986301369,84.38808219178084,17.352438356164384,17.71120547945205,13.819999999999999,2.5944109589041098,88.1017808219178,915.39,569.5299999999999,0.9466666666666667,29.536666666666665,59
10005180,苗栗縣,泰安鄉,2022,3.828847671232877,86.57210958904109,17.11838356164383,17.431890410958903,12.89,2.7712054794520546,88.09279452054795,868.5700000000004,437.2800000000001,1.24,29.21666666666667,31
10005180,苗栗縣,泰安鄉,2023,3.9763550684931515,83.14972602739726,17.718301369863013,18.17427397260274,13.14,2.677369863013699,88.12654794520547,817.5500000000001,605.2299999999999,0.04666666666666656,29.900000000000002,62
10005180,苗栗縣,泰安鄉,2024,3.833393169398907,84.0292349726776,18.039207650273227,18.45505464480874,13.109999999999998,2.5988797814207647,88.1107650273224,781.96,686.5099999999999,1.8966666666666665,29.53,31
10005180,苗栗縣,泰安鄉,2025,4.008978143712575,86.51753424657534,17.185479452054793,17.3647397260274,12.85,2.6324931506849314,88.10819178082191,969.1800000000001,562.3799999999999,1.3033333333333335,27.820000000000004,59
10007010,彰化縣,彰化市,2013,4.009451780821918,77.2601095890411,22.688712328767124,22.790219178082193,11.09,3.0894246575342463,97.96427397260274,99.51000000000003,1701.3899999999999,9.33,32.96,0
10007010,彰化縣,彰化市,2014,4.184105479452055,75.83621917808219,22.844438356164382,23.14778082191781,12.46,3.1030684931506847,97.99512328767123,131.81999999999996,1790.5399999999997,8.006666666666666,33.876666666666665,0
10007010,彰化縣,彰化市,2015,4.192817260273972,77.55380821917807,23.09813698630137,23.303671232876713,11.239999999999998,3.1900273972602737,98.02684931506847,76.42000000000003,1827.7399999999996,9.53,33.42333333333334,0
10007010,彰化縣,彰化市,2016,4.048986612021858,81.8832513661202,22.852786885245905,22.741775956284158,12.08,3.0749999999999993,97.98363387978141,161.01000000000002,1827.3300000000002,6.386666666666667,33.70666666666666,0
10007010,彰化縣,彰化市,2017,4.27434191780822,77.38120547945205,23.321726027397258,23.502520547945206,9.600000000000001,3.041095890410959,98.01860273972603,22.40000000000002,1855.3299999999997,10.543333333333333,33.76333333333333,0
10007010,彰化縣,彰化市,2018,4.392830136986301,77.03542465753425,23.314739726027394,23.623945205479455,11.260000000000002,3.074657534246575,97.94504109589042,76.32000000000009,1906.6999999999998,8.5,34.51,0
10007010,彰化縣,彰化市,2019,4.1412726027397255,78.90742465753424,23.410547945205476,23.522794520547944,8.190000000000001,3.158739726027398,97.95545205479452,0.0,1865.35,12.596666666666666,33.74,0
10007010,彰化縣,彰化市,2020,4.36221174863388,75.2932786885246,23.67218579234973,23.94877049180328,10.530000000000001,3.2020765027322406,98.04295081967213,21.07999999999999,1987.2999999999993,8.643333333333333,33.72666666666667,0
10007010,彰化縣,彰化市,2021,4.52884301369863,74.74978082191782,23.567506849315066,23.896383561643837,13.3,3.1679452054794526,97.98682191780823,76.57000000000002,1999.2099999999996,9.783333333333333,34.68666666666667,0
10007010,彰化縣,彰化市,2022,4.2272967123287675,74.72906849315068,23.782246575342462,24.124109589041094,11.809999999999999,3.329068493150685,97.95589041095889,40.9700000000001,2041.9899999999996,9.049999999999999,35.99333333333333,0
10007010,彰化縣,彰化市,2023,4.319684931506848,72.37435616438356,24.17808219178082,24.68961643835616,12.21,3.193452054794521,97.99158904109589,22.630000000000013,2168.1299999999997,9.79,35.60333333333333,0
10007010,彰化縣,彰化市,2024,4.189450000000001,74.94196721311474,24.16032786885246,24.56360655737705,11.920000000000002,3.2873224043715843,97.97956284153004,18.600000000000044,2163.48,10.266666666666667,35.583333333333336,0
10007010,彰化縣,彰化市,2025,4.469936826347306,78.10619178082192,23.22660273972603,23.222410958904106,11.320000000000002,3.0724383561643838,97.98282191780821,116.98,1915.1899999999998,9.933333333333334,33.626666666666665,0
10007020,彰化縣,鹿港鎮,2013,4.009451780821918,77.2601095890411,22.688712328767124,22.790219178082193,11.09,3.0894246575342463,97.96427397260274,99.51000000000003,1701.3899999999999,9.33,32.96,0
10007020,彰化縣,鹿港鎮,2014,4.184105479452055,75.83621917808219,22.844438356164382,23.14778082191781,12.46,3.1030684931506847,97.99512328767123,131.81999999999996,1790.5399999999997,8.006666666666666,33.876666666666665,0
10007020,彰化縣,鹿港鎮,2015,4.192817260273972,77.55380821917807,23.09813698630137,23.303671232876713,11.239999999999998,3.1900273972602737,98.02684931506847,76.42000000000003,1827.7399999999996,9.53,33.42333333333334,0
10007020,彰化縣,鹿港鎮,2016,4.048986612021858,81.8832513661202,22.852786885245905,22.741775956284158,12.08,3.0749999999999993,97.98363387978141,161.01000000000002,1827.3300000000002,6.386666666666667,33.70666666666666,0
10007020,彰化縣,鹿港鎮,2017,4.27434191780822,77.38120547945205,23.321726027397258,23.502520547945206,9.600000000000001,3.041095890410959,98.01860273972603,22.40000000000002,1855.3299999999997,10.543333333333333,33.76333333333333,0
10007020,彰化縣,鹿港鎮,2018,4.392830136986301,77.03542465753425,23.314739726027394,23.623945205479455,11.260000000000002,3.074657534246575,97.94504109589042,76.32000000000009,1906.6999999999998,8.5,34.51,0
10007020,彰化縣,鹿港鎮,2019,4.1412726027397255,78.90742465753424,23.410547945205476,23.522794520547944,8.190000000000001,3.158739726027398,97.95545205479452,0.0,1865.35,12.596666666666666,33.74,0
10007020,彰化縣,鹿港鎮,2020,4.36221174863388,75.2932786885246,23.67218579234973,23.94877049180328,10.530000000000001,3.2020765027322406,98.04295081967213,21.07999999999999,1987.2999999999993,8.643333333333333,33.72666666666667,0
10007020,彰化縣,鹿港鎮,2021,4.52884301369863,74.74978082191782,23.567506849315066,23.896383561643837,13.3,3.1679452054794526,97.98682191780823,76.57000000000002,1999.2099999999996,9.783333333333333,34.68666666666667,0
10007020,彰化縣,鹿港鎮,2022,4.2272967123287675,74.72906849315068,23.782246575342462,24.124109589041094,11.809999999999999,3.329068493150685,97.95589041095889,40.9700000000001,2041.9899999999996,9.049999999999999,35.99333333333333,0
10007020,彰化縣,鹿港鎮,2023,4.319684931506848,72.37435616438356,24.17808219178082,24.68961643835616,12.21,3.193452054794521,97.99158904109589,22.630000000000013,2168.1299999999997,9.79,35.60333333333333,0
10007020,彰化縣,鹿港鎮,2024,4.189450000000001,74.94196721311474,24.16032786885246,24.56360655737705,11.920000000000002,3.2873224043715843,97.97956284153004,18.600000000000044,2163.48,10.266666666666667,35.583333333333336,0
10007020,彰化縣,鹿港鎮,2025,4.469936826347306,78.10619178082192,23.22660273972603,23.222410958904106,11.320000000000002,3.0724383561643838,97.98282191780821,116.98,1915.1899999999998,9.933333333333334,33.626666666666665,0
10007030,彰化縣,和美鎮,2013,4.009451780821918,77.2601095890411,22.688712328767124,22.790219178082193,11.09,3.0894246575342463,97.96427397260274,99.51000000000003,1701.3899999999999,9.33,32.96,0
10007030,彰化縣,和美鎮,2014,4.184105479452055,75.83621917808219,22.844438356164382,23.14778082191781,12.46,3.1030684931506847,97.99512328767123,131.81999999999996,1790.5399999999997,8.006666666666666,33.876666666666665,0
10007030,彰化縣,和美鎮,2015,4.192817260273972,77.55380821917807,23.09813698630137,23.303671232876713,11.239999999999998,3.1900273972602737,98.02684931506847,76.42000000000003,1827.7399999999996,9.53,33.42333333333334,0
10007030,彰化縣,和美鎮,2016,4.048986612021858,81.8832513661202,22.852786885245905,22.741775956284158,12.08,3.0749999999999993,97.98363387978141,161.01000000000002,1827.3300000000002,6.386666666666667,33.70666666666666,0
10007030,彰化縣,和美鎮,2017,4.27434191780822,77.38120547945205,23.321726027397258,23.502520547945206,9.600000000000001,3.041095890410959,98.01860273972603,22.40000000000002,1855.3299999999997,10.543333333333333,33.76333333333333,0
10007030,彰化縣,和美鎮,2018,4.392830136986301,77.03542465753425,23.314739726027394,23.623945205479455,11.260000000000002,3.074657534246575,97.94504109589042,76.32000000000009,1906.6999999999998,8.5,34.51,0
10007030,彰化縣,和美鎮,2019,4.1412726027397255,78.90742465753424,23.410547945205476,23.522794520547944,8.190000000000001,3.158739726027398,97.95545205479452,0.0,1865.35,12.596666666666666,33.74,0
10007030,彰化縣,和美鎮,2020,4.36221174863388,75.2932786885246,23.67218579234973,23.94877049180328,10.530000000000001,3.2020765027322406,98.04295081967213,21.07999999999999,1987.2999999999993,8.643333333333333,33.72666666666667,0
10007030,彰化縣,和美鎮,2021,4.52884301369863,74.74978082191782,23.567506849315066,23.896383561643837,13.3,3.1679452054794526,97.98682191780823,76.57000000000002,1999.2099999999996,9.783333333333333,34.68666666666667,0
10007030,彰化縣,和美鎮,2022,4.2272967123287675,74.72906849315068,23.782246575342462,24.124109589041094,11.809999999999999,3.329068493150685,97.95589041095889,40.9700000000001,2041.9899999999996,9.049999999999999,35.99333333333333,0
10007030,彰化縣,和美鎮,2023,4.319684931506848,72.37435616438356,24.17808219178082,24.68961643835616,12.21,3.193452054794521,97.99158904109589,22.630000000000013,2168.1299999999997,9.79,35.60333333333333,0
10007030,彰化縣,和美鎮,2024,4.189450000000001,74.94196721311474,24.16032786885246,24.56360655737705,11.920000000000002,3.2873224043715843,97.97956284153004,18.600000000000044,2163.48,10.266666666666667,35.583333333333336,0
10007030,彰化縣,和美鎮,2025,4.469936826347306,78.10619178082192,23.22660273972603,23.222410958904106,11.320000000000002,3.0724383561643838,97.98282191780821,116.98,1915.1899999999998,9.933333333333334,33.626666666666665,0
10007040,彰化縣,線西鄉,2013,4.009451780821918,77.2601095890411,22.688712328767124,22.790219178082193,11.09,3.0894246575342463,97.96427397260274,99.51000000000003,1701.3899999999999,9.33,32.96,0
10007040,彰化縣,線西鄉,2014,4.184105479452055,75.83621917808219,22.844438356164382,23.14778082191781,12.46,3.1030684931506847,97.99512328767123,131.81999999999996,1790.5399999999997,8.006666666666666,33.876666666666665,0
10007040,彰化縣,線西鄉,2015,4.192817260273972,77.55380821917807,23.09813698630137,23.303671232876713,11.239999999999998,3.1900273972602737,98.02684931506847,76.42000000000003,1827.7399999999996,9.53,33.42333333333334,0
10007040,彰化縣,線西鄉,2016,4.048986612021858,81.8832513661202,22.852786885245905,22.741775956284158,12.08,3.0749999999999993,97.98363387978141,161.01000000000002,1827.3300000000002,6.386666666666667,33.70666666666666,0
10007040,彰化縣,線西鄉,2017,4.27434191780822,77.38120547945205,23.321726027397258,23.502520547945206,9.600000000000001,3.041095890410959,98.01860273972603,22.40000000000002,1855.3299999999997,10.543333333333333,33.76333333333333,0
10007040,彰化縣,線西鄉,2018,4.392830136986301,77.03542465753425,23.314739726027394,23.623945205479455,11.260000000000002,3.074657534246575,97.94504109589042,76.32000000000009,1906.6999999999998,8.5,34.51,0
10007040,彰化縣,線西鄉,2019,4.1412726027397255,78.90742465753424,23.410547945205476,23.522794520547944,8.190000000000001,3.158739726027398,97.95545205479452,0.0,1865.35,12.596666666666666,33.74,0
10007040,彰化縣,線西鄉,2020,4.36221174863388,75.2932786885246,23.67218579234973,23.94877049180328,10.530000000000001,3.2020765027322406,98.04295081967213,21.07999999999999,1987.2999999999993,8.643333333333333,33.72666666666667,0
10007040,彰化縣,線西鄉,2021,4.52884301369863,74.74978082191782,23.567506849315066,23.896383561643837,13.3,3.1679452054794526,97.98682191780823,76.57000000000002,1999.2099999999996,9.783333333333333,34.68666666666667,0
10007040,彰化縣,線西鄉,2022,4.2272967123287675,74.72906849315068,23.782246575342462,24.124109589041094,11.809999999999999,3.329068493150685,97.95589041095889,40.9700000000001,2041.9899999999996,9.049999999999999,35.99333333333333,0
10007040,彰化縣,線西鄉,2023,4.319684931506848,72.37435616438356,24.17808219178082,24.68961643835616,12.21,3.193452054794521,97.99158904109589,22.630000000000013,2168.1299999999997,9.79,35.60333333333333,0
10007040,彰化縣,線西鄉,2024,4.189450000000001,74.94196721311474,24.16032786885246,24.56360655737705,11.920000000000002,3.2873224043715843,97.97956284153004,18.600000000000044,2163.48,10.266666666666667,35.583333333333336,0
10007040,彰化縣,線西鄉,2025,4.469936826347306,78.10619178082192,23.22660273972603,23.222410958904106,11.320000000000002,3.0724383561643838,97.98282191780821,116.98,1915.1899999999998,9.933333333333334,33.626666666666665,0
10007050,彰化縣,伸港鄉,2013,4.009451780821918,77.2601095890411,22.688712328767124,22.790219178082193,11.09,3.0894246575342463,97.96427397260274,99.51000000000003,1701.3899999999999,9.33,32.96,0
10007050,彰化縣,伸港鄉,2014,4.184105479452055,75.83621917808219,22.844438356164382,23.14778082191781,12.46,3.1030684931506847,97.99512328767123,131.81999999999996,1790.5399999999997,8.006666666666666,33.876666666666665,0
10007050,彰化縣,伸港鄉,2015,4.192817260273972,77.55380821917807,23.09813698630137,23.303671232876713,11.239999999999998,3.1900273972602737,98.02684931506847,76.42000000000003,1827.7399999999996,9.53,33.42333333333334,0
10007050,彰化縣,伸港鄉,2016,4.048986612021858,81.8832513661202,22.852786885245905,22.741775956284158,12.08,3.0749999999999993,97.98363387978141,161.01000000000002,1827.3300000000002,6.386666666666667,33.70666666666666,0
10007050,彰化縣,伸港鄉,2017,4.27434191780822,77.38120547945205,23.321726027397258,23.502520547945206,9.600000000000001,3.041095890410959,98.01860273972603,22.40000000000002,1855.3299999999997,10.543333333333333,33.76333333333333,0
10007050,彰化縣,伸港鄉,2018,4.392830136986301,77.03542465753425,23.314739726027394,23.623945205479455,11.260000000000002,3.074657534246575,97.94504109589042,76.32000000000009,1906.6999999999998,8.5,34.51,0
10007050,彰化縣,伸港鄉,2019,4.1412726027397255,78.90742465753424,23.410547945205476,23.522794520547944,8.190000000000001,3.158739726027398,97.95545205479452,0.0,1865.35,12.596666666666666,33.74,0
10007050,彰化縣,伸港鄉,2020,4.36221174863388,75.2932786885246,23.67218579234973,23.94877049180328,10.530000000000001,3.2020765027322406,98.04295081967213,21.07999999999999,1987.2999999999993,8.643333333333333,33.72666666666667,0
10007050,彰化縣,伸港鄉,2021,4.52884301369863,74.74978082191782,23.567506849315066,23.896383561643837,13.3,3.1679452054794526,97.98682191780823,76.57000000000002,1999.2099999999996,9.783333333333333,34.68666666666667,0
10007050,彰化縣,伸港鄉,2022,4.2272967123287675,74.72906849315068,23.782246575342462,24.124109589041094,11.809999999999999,3.329068493150685,97.95589041095889,40.9700000000001,2041.9899999999996,9.049999999999999,35.99333333333333,0
10007050,彰化縣,伸港鄉,2023,4.319684931506848,72.37435616438356,24.17808219178082,24.68961643835616,12.21,3.193452054794521,97.99158904109589,22.630000000000013,2168.1299999999997,9.79,35.60333333333333,0
10007050,彰化縣,伸港鄉,2024,4.189450000000001,74.94196721311474,24.16032786885246,24.56360655737705,11.920000000000002,3.2873224043715843,97.97956284153004,18.600000000000044,2163.48,10.266666666666667,35.583333333333336,0
10007050,彰化縣,伸港鄉,2025,4.469936826347306,78.10619178082192,23.22660273972603,23.222410958904106,11.320000000000002,3.0724383561643838,97.98282191780821,116.98,1915.1899999999998,9.933333333333334,33.626666666666665,0
10007060,彰化縣,福興鄉,2013,4.009451780821918,77.2601095890411,22.688712328767124,22.790219178082193,11.09,3.0894246575342463,97.96427397260274,99.51000000000003,1701.3899999999999,9.33,32.96,0
10007060,彰化縣,福興鄉,2014,4.184105479452055,75.83621917808219,22.844438356164382,23.14778082191781,12.46,3.1030684931506847,97.99512328767123,131.81999999999996,1790.5399999999997,8.006666666666666,33.876666666666665,0
10007060,彰化縣,福興鄉,2015,4.192817260273972,77.55380821917807,23.09813698630137,23.303671232876713,11.239999999999998,3.1900273972602737,98.02684931506847,76.42000000000003,1827.7399999999996,9.53,33.42333333333334,0
10007060,彰化縣,福興鄉,2016,4.048986612021858,81.8832513661202,22.852786885245905,22.741775956284158,12.08,3.0749999999999993,97.98363387978141,161.01000000000002,1827.3300000000002,6.386666666666667,33.70666666666666,0
10007060,彰化縣,福興鄉,2017,4.27434191780822,77.38120547945205,23.321726027397258,23.502520547945206,9.600000000000001,3.041095890410959,98.01860273972603,22.40000000000002,1855.3299999999997,10.543333333333333,33.76333333333333,0
10007060,彰化縣,福興鄉,2018,4.392830136986301,77.03542465753425,23.314739726027394,23.623945205479455,11.260000000000002,3.074657534246575,97.94504109589042,76.32000000000009,1906.6999999999998,8.5,34.51,0
10007060,彰化縣,福興鄉,2019,4.1412726027397255,78.90742465753424,23.410547945205476,23.522794520547944,8.190000000000001,3.158739726027398,97.95545205479452,0.0,1865.35,12.596666666666666,33.74,0
10007060,彰化縣,福興鄉,2020,4.36221174863388,75.2932786885246,23.67218579234973,23.94877049180328,10.530000000000001,3.2020765027322406,98.04295081967213,21.07999999999999,1987.2999999999993,8.643333333333333,33.72666666666667,0
10007060,彰化縣,福興鄉,2021,4.52884301369863,74.74978082191782,23.567506849315066,23.896383561643837,13.3,3.1679452054794526,97.98682191780823,76.57000000000002,1999.2099999999996,9.783333333333333,34.68666666666667,0
10007060,彰化縣,福興鄉,2022,4.2272967123287675,74.72906849315068,23.782246575342462,24.124109589041094,11.809999999999999,3.329068493150685,97.95589041095889,40.9700000000001,2041.9899999999996,9.049999999999999,35.99333333333333,0
10007060,彰化縣,福興鄉,2023,4.319684931506848,72.37435616438356,24.17808219178082,24.68961643835616,12.21,3.193452054794521,97.99158904109589,22.630000000000013,2168.1299999999997,9.79,35.60333333333333,0
10007060,彰化縣,福興鄉,2024,4.189450000000001,74.94196721311474,24.16032786885246,24.56360655737705,11.920000000000002,3.2873224043715843,97.97956284153004,18.600000000000044,2163.48,10.266666666666667,35.583333333333336,0
10007060,彰化縣,福興鄉,2025,4.469936826347306,78.10619178082192,23.22660273972603,23.222410958904106,11.320000000000002,3.0724383561643838,97.98282191780821,116.98,1915.1899999999998,9.933333333333334,33.626666666666665,0
10007070,彰化縣,秀水鄉,2013,4.009451780821918,77.2601095890411,22.688712328767124,22.790219178082193,11.09,3.0894246575342463,97.96427397260274,99.51000000000003,1701.3899999999999,9.33,32.96,0
10007070,彰化縣,秀水鄉,2014,4.184105479452055,75.83621917808219,22.844438356164382,23.14778082191781,12.46,3.1030684931506847,97.99512328767123,131.81999999999996,1790.5399999999997,8.006666666666666,33.876666666666665,0
10007070,彰化縣,秀水鄉,2015,4.192817260273972,77.55380821917807,23.09813698630137,23.303671232876713,11.239999999999998,3.1900273972602737,98.02684931506847,76.42000000000003,1827.7399999999996,9.53,33.42333333333334,0
10007070,彰化縣,秀水鄉,2016,4.048986612021858,81.8832513661202,22.852786885245905,22.741775956284158,12.08,3.0749999999999993,97.98363387978141,161.01000000000002,1827.3300000000002,6.386666666666667,33.70666666666666,0
10007070,彰化縣,秀水鄉,2017,4.27434191780822,77.38120547945205,23.321726027397258,23.502520547945206,9.600000000000001,3.041095890410959,98.01860273972603,22.40000000000002,1855.3299999999997,10.543333333333333,33.76333333333333,0
10007070,彰化縣,秀水鄉,2018,4.392830136986301,77.03542465753425,23.314739726027394,23.623945205479455,11.260000000000002,3.074657534246575,97.94504109589042,76.32000000000009,1906.6999999999998,8.5,34.51,0
10007070,彰化縣,秀水鄉,2019,4.1412726027397255,78.90742465753424,23.410547945205476,23.522794520547944,8.190000000000001,3.158739726027398,97.95545205479452,0.0,1865.35,12.596666666666666,33.74,0
10007070,彰化縣,秀水鄉,2020,4.36221174863388,75.2932786885246,23.67218579234973,23.94877049180328,10.530000000000001,3.2020765027322406,98.04295081967213,21.07999999999999,1987.2999999999993,8.643333333333333,33.72666666666667,0
10007070,彰化縣,秀水鄉,2021,4.52884301369863,74.74978082191782,23.567506849315066,23.896383561643837,13.3,3.1679452054794526,97.98682191780823,76.57000000000002,1999.2099999999996,9.783333333333333,34.68666666666667,0
10007070,彰化縣,秀水鄉,2022,4.2272967123287675,74.72906849315068,23.782246575342462,24.124109589041094,11.809999999999999,3.329068493150685,97.95589041095889,40.9700000000001,2041.9899999999996,9.049999999999999,35.99333333333333,0
10007070,彰化縣,秀水鄉,2023,4.319684931506848,72.37435616438356,24.17808219178082,24.68961643835616,12.21,3.193452054794521,97.99158904109589,22.630000000000013,2168.1299999999997,9.79,35.60333333333333,0
10007070,彰化縣,秀水鄉,2024,4.189450000000001,74.94196721311474,24.16032786885246,24.56360655737705,11.920000000000002,3.2873224043715843,97.97956284153004,18.600000000000044,2163.48,10.266666666666667,35.583333333333336,0
10007070,彰化縣,秀水鄉,2025,4.469936826347306,78.10619178082192,23.22660273972603,23.222410958904106,11.320000000000002,3.0724383561643838,97.98282191780821,116.98,1915.1899999999998,9.933333333333334,33.626666666666665,0
10007080,彰化縣,花壇鄉,2013,4.009451780821918,77.2601095890411,22.688712328767124,22.790219178082193,11.09,3.0894246575342463,97.96427397260274,99.51000000000003,1701.3899999999999,9.33,32.96,0
10007080,彰化縣,花壇鄉,2014,4.184105479452055,75.83621917808219,22.844438356164382,23.14778082191781,12.46,3.1030684931506847,97.99512328767123,131.81999999999996,1790.5399999999997,8.006666666666666,33.876666666666665,0
10007080,彰化縣,花壇鄉,2015,4.192817260273972,77.55380821917807,23.09813698630137,23.303671232876713,11.239999999999998,3.1900273972602737,98.02684931506847,76.42000000000003,1827.7399999999996,9.53,33.42333333333334,0
10007080,彰化縣,花壇鄉,2016,4.048986612021858,81.8832513661202,22.852786885245905,22.741775956284158,12.08,3.0749999999999993,97.98363387978141,161.01000000000002,1827.3300000000002,6.386666666666667,33.70666666666666,0
10007080,彰化縣,花壇鄉,2017,4.27434191780822,77.38120547945205,23.321726027397258,23.502520547945206,9.600000000000001,3.041095890410959,98.01860273972603,22.40000000000002,1855.3299999999997,10.543333333333333,33.76333333333333,0
10007080,彰化縣,花壇鄉,2018,4.392830136986301,77.03542465753425,23.314739726027394,23.623945205479455,11.260000000000002,3.074657534246575,97.94504109589042,76.32000000000009,1906.6999999999998,8.5,34.51,0
10007080,彰化縣,花壇鄉,2019,4.1412726027397255,78.90742465753424,23.410547945205476,23.522794520547944,8.190000000000001,3.158739726027398,97.95545205479452,0.0,1865.35,12.596666666666666,33.74,0
10007080,彰化縣,花壇鄉,2020,4.36221174863388,75.2932786885246,23.67218579234973,23.94877049180328,10.530000000000001,3.2020765027322406,98.04295081967213,21.07999999999999,1987.2999999999993,8.643333333333333,33.72666666666667,0
10007080,彰化縣,花壇鄉,2021,4.52884301369863,74.74978082191782,23.567506849315066,23.896383561643837,13.3,3.1679452054794526,97.98682191780823,76.57000000000002,1999.2099999999996,9.783333333333333,34.68666666666667,0
10007080,彰化縣,花壇鄉,2022,4.2272967123287675,74.72906849315068,23.782246575342462,24.124109589041094,11.809999999999999,3.329068493150685,97.95589041095889,40.9700000000001,2041.9899999999996,9.049999999999999,35.99333333333333,0
10007080,彰化縣,花壇鄉,2023,4.319684931506848,72.37435616438356,24.17808219178082,24.68961643835616,12.21,3.193452054794521,97.99158904109589,22.630000000000013,2168.1299999999997,9.79,35.60333333333333,0
10007080,彰化縣,花壇鄉,2024,4.189450000000001,74.94196721311474,24.16032786885246,24.56360655737705,11.920000000000002,3.2873224043715843,97.97956284153004,18.600000000000044,2163.48,10.266666666666667,35.583333333333336,0
10007080,彰化縣,花壇鄉,2025,4.469936826347306,78.10619178082192,23.22660273972603,23.222410958904106,11.320000000000002,3.0724383561643838,97.98282191780821,116.98,1915.1899999999998,9.933333333333334,33.626666666666665,0
10007090,彰化縣,芬園鄉,2013,4.009451780821918,77.2601095890411,22.688712328767124,22.790219178082193,11.09,3.0894246575342463,97.96427397260274,99.51000000000003,1701.3899999999999,9.33,32.96,0
10007090,彰化縣,芬園鄉,2014,4.184105479452055,75.83621917808219,22.844438356164382,23.14778082191781,12.46,3.1030684931506847,97.99512328767123,131.81999999999996,1790.5399999999997,8.006666666666666,33.876666666666665,0
10007090,彰化縣,芬園鄉,2015,4.192817260273972,77.55380821917807,23.09813698630137,23.303671232876713,11.239999999999998,3.1900273972602737,98.02684931506847,76.42000000000003,1827.7399999999996,9.53,33.42333333333334,0
10007090,彰化縣,芬園鄉,2016,4.048986612021858,81.8832513661202,22.852786885245905,22.741775956284158,12.08,3.0749999999999993,97.98363387978141,161.01000000000002,1827.3300000000002,6.386666666666667,33.70666666666666,0
10007090,彰化縣,芬園鄉,2017,4.27434191780822,77.38120547945205,23.321726027397258,23.502520547945206,9.600000000000001,3.041095890410959,98.01860273972603,22.40000000000002,1855.3299999999997,10.543333333333333,33.76333333333333,0
10007090,彰化縣,芬園鄉,2018,4.392830136986301,77.03542465753425,23.314739726027394,23.623945205479455,11.260000000000002,3.074657534246575,97.94504109589042,76.32000000000009,1906.6999999999998,8.5,34.51,0
10007090,彰化縣,芬園鄉,2019,4.1412726027397255,78.90742465753424,23.410547945205476,23.522794520547944,8.190000000000001,3.158739726027398,97.95545205479452,0.0,1865.35,12.596666666666666,33.74,0
10007090,彰化縣,芬園鄉,2020,4.36221174863388,75.2932786885246,23.67218579234973,23.94877049180328,10.530000000000001,3.2020765027322406,98.04295081967213,21.07999999999999,1987.2999999999993,8.643333333333333,33.72666666666667,0
10007090,彰化縣,芬園鄉,2021,4.52884301369863,74.74978082191782,23.567506849315066,23.896383561643837,13.3,3.1679452054794526,97.98682191780823,76.57000000000002,1999.2099999999996,9.783333333333333,34.68666666666667,0
10007090,彰化縣,芬園鄉,2022,4.2272967123287675,74.72906849315068,23.782246575342462,24.124109589041094,11.809999999999999,3.329068493150685,97.95589041095889,40.9700000000001,2041.9899999999996,9.049999999999999,35.99333333333333,0
10007090,彰化縣,芬園鄉,2023,4.319684931506848,72.37435616438356,24.17808219178082,24.68961643835616,12.21,3.193452054794521,97.99158904109589,22.630000000000013,2168.1299999999997,9.79,35.60333333333333,0
10007090,彰化縣,芬園鄉,2024,4.189450000000001,74.94196721311474,24.16032786885246,24.56360655737705,11.920000000000002,3.2873224043715843,97.97956284153004,18.600000000000044,2163.48,10.266666666666667,35.583333333333336,0
10007090,彰化縣,芬園鄉,2025,4.469936826347306,78.10619178082192,23.22660273972603,23.222410958904106,11.320000000000002,3.0724383561643838,97.98282191780821,116.98,1915.1899999999998,9.933333333333334,33.626666666666665,0
10007100,彰化縣,員林市,2013,4.261101095890411,77.2601095890411,22.688712328767124,22.790219178082193,11.09,3.0894246575342463,97.96427397260274,99.51000000000003,1701.3899999999999,9.33,32.96,0
10007100,彰化縣,員林市,2014,4.360468219178083,75.83621917808219,22.844438356164382,23.14778082191781,12.46,3.1030684931506847,97.99512328767123,131.81999999999996,1790.5399999999997,8.006666666666666,33.876666666666665,0
10007100,彰化縣,員林市,2015,4.492699452054795,77.55380821917807,23.09813698630137,23.303671232876713,11.239999999999998,3.1900273972602737,98.02684931506847,76.42000000000003,1827.7399999999996,9.53,33.42333333333334,0
10007100,彰化縣,員林市,2016,4.239616120218579,81.8832513661202,22.852786885245905,22.741775956284158,12.08,3.0749999999999993,97.98363387978141,161.01000000000002,1827.3300000000002,6.386666666666667,33.70666666666666,0
10007100,彰化縣,員林市,2017,4.48226191780822,77.38120547945205,23.321726027397258,23.502520547945206,9.600000000000001,3.041095890410959,98.01860273972603,22.40000000000002,1855.3299999999997,10.543333333333333,33.76333333333333,0
10007100,彰化縣,員林市,2018,4.518268493150686,77.03542465753425,23.314739726027394,23.623945205479455,11.260000000000002,3.074657534246575,97.94504109589042,76.32000000000009,1906.6999999999998,8.5,34.51,0
10007100,彰化縣,員林市,2019,4.362369589041095,78.90742465753424,23.410547945205476,23.522794520547944,8.190000000000001,3.158739726027398,97.95545205479452,0.0,1865.35,12.596666666666666,33.74,0
10007100,彰化縣,員林市,2020,4.662927595628416,75.2932786885246,23.67218579234973,23.94877049180328,10.530000000000001,3.2020765027322406,98.04295081967213,21.07999999999999,1987.2999999999993,8.643333333333333,33.72666666666667,0
10007100,彰化縣,員林市,2021,4.698947123287672,74.74978082191782,23.567506849315066,23.896383561643837,13.3,3.1679452054794526,97.98682191780823,76.57000000000002,1999.2099999999996,9.783333333333333,34.68666666666667,0
10007100,彰化縣,員林市,2022,4.496051506849315,74.72906849315068,23.782246575342462,24.124109589041094,11.809999999999999,3.329068493150685,97.95589041095889,40.9700000000001,2041.9899999999996,9.049999999999999,35.99333333333333,0
10007100,彰化縣,員林市,2023,4.528795890410959,72.37435616438356,24.17808219178082,24.68961643835616,12.21,3.193452054794521,97.99158904109589,22.630000000000013,2168.1299999999997,9.79,35.60333333333333,0
10007100,彰化縣,員林市,2024,4.427984426229509,74.94196721311474,24.16032786885246,24.56360655737705,11.920000000000002,3.2873224043715843,97.97956284153004,18.600000000000044,2163.48,10.266666666666667,35.583333333333336,0
10007100,彰化縣,員林市,2025,4.4936709580838325,78.10619178082192,23.22660273972603,23.222410958904106,11.320000000000002,3.0724383561643838,97.98282191780821,116.98,1915.1899999999998,9.933333333333334,33.626666666666665,0
10007110,彰化縣,溪湖鎮,2013,4.261101095890411,77.2601095890411,22.688712328767124,22.790219178082193,11.09,3.0894246575342463,97.96427397260274,99.51000000000003,1701.3899999999999,9.33,32.96,0
10007110,彰化縣,溪湖鎮,2014,4.360468219178083,75.83621917808219,22.844438356164382,23.14778082191781,12.46,3.1030684931506847,97.99512328767123,131.81999999999996,1790.5399999999997,8.006666666666666,33.876666666666665,0
10007110,彰化縣,溪湖鎮,2015,4.492699452054795,77.55380821917807,23.09813698630137,23.303671232876713,11.239999999999998,3.1900273972602737,98.02684931506847,76.42000000000003,1827.7399999999996,9.53,33.42333333333334,0
10007110,彰化縣,溪湖鎮,2016,4.239616120218579,81.8832513661202,22.852786885245905,22.741775956284158,12.08,3.0749999999999993,97.98363387978141,161.01000000000002,1827.3300000000002,6.386666666666667,33.70666666666666,0
10007110,彰化縣,溪湖鎮,2017,4.48226191780822,77.38120547945205,23.321726027397258,23.502520547945206,9.600000000000001,3.041095890410959,98.01860273972603,22.40000000000002,1855.3299999999997,10.543333333333333,33.76333333333333,0
10007110,彰化縣,溪湖鎮,2018,4.518268493150686,77.03542465753425,23.314739726027394,23.623945205479455,11.260000000000002,3.074657534246575,97.94504109589042,76.32000000000009,1906.6999999999998,8.5,34.51,0
10007110,彰化縣,溪湖鎮,2019,4.362369589041095,78.90742465753424,23.410547945205476,23.522794520547944,8.190000000000001,3.158739726027398,97.95545205479452,0.0,1865.35,12.596666666666666,33.74,0
10007110,彰化縣,溪湖鎮,2020,4.662927595628416,75.2932786885246,23.67218579234973,23.94877049180328,10.530000000000001,3.2020765027322406,98.04295081967213,21.07999999999999,1987.2999999999993,8.643333333333333,33.72666666666667,0
10007110,彰化縣,溪湖鎮,2021,4.698947123287672,74.74978082191782,23.567506849315066,23.896383561643837,13.3,3.1679452054794526,97.98682191780823,76.57000000000002,1999.2099999999996,9.783333333333333,34.68666666666667,0
10007110,彰化縣,溪湖鎮,2022,4.496051506849315,74.72906849315068,23.782246575342462,24.124109589041094,11.809999999999999,3.329068493150685,97.95589041095889,40.9700000000001,2041.9899999999996,9.049999999999999,35.99333333333333,0
10007110,彰化縣,溪湖鎮,2023,4.528795890410959,72.37435616438356,24.17808219178082,24.68961643835616,12.21,3.193452054794521,97.99158904109589,22.630000000000013,2168.1299999999997,9.79,35.60333333333333,0
10007110,彰化縣,溪湖鎮,2024,4.427984426229509,74.94196721311474,24.16032786885246,24.56360655737705,11.920000000000002,3.2873224043715843,97.97956284153004,18.600000000000044,2163.48,10.266666666666667,35.583333333333336,0
10007110,彰化縣,溪湖鎮,2025,4.4936709580838325,78.10619178082192,23.22660273972603,23.222410958904106,11.320000000000002,3.0724383561643838,97.98282191780821,116.98,1915.1899999999998,9.933333333333334,33.626666666666665,0
10007120,彰化縣,田中鎮,2013,4.261101095890411,77.2601095890411,22.688712328767124,22.790219178082193,11.09,3.0894246575342463,97.96427397260274,99.51000000000003,1701.3899999999999,9.33,32.96,0
10007120,彰化縣,田中鎮,2014,4.360468219178083,75.83621917808219,22.844438356164382,23.14778082191781,12.46,3.1030684931506847,97.99512328767123,131.81999999999996,1790.5399999999997,8.006666666666666,33.876666666666665,0
10007120,彰化縣,田中鎮,2015,4.492699452054795,77.55380821917807,23.09813698630137,23.303671232876713,11.239999999999998,3.1900273972602737,98.02684931506847,76.42000000000003,1827.7399999999996,9.53,33.42333333333334,0
10007120,彰化縣,田中鎮,2016,4.239616120218579,81.8832513661202,22.852786885245905,22.741775956284158,12.08,3.0749999999999993,97.98363387978141,161.01000000000002,1827.3300000000002,6.386666666666667,33.70666666666666,0
10007120,彰化縣,田中鎮,2017,4.48226191780822,77.38120547945205,23.321726027397258,23.502520547945206,9.600000000000001,3.041095890410959,98.01860273972603,22.40000000000002,1855.3299999999997,10.543333333333333,33.76333333333333,0
10007120,彰化縣,田中鎮,2018,4.518268493150686,77.03542465753425,23.314739726027394,23.623945205479455,11.260000000000002,3.074657534246575,97.94504109589042,76.32000000000009,1906.6999999999998,8.5,34.51,0
10007120,彰化縣,田中鎮,2019,4.362369589041095,78.90742465753424,23.410547945205476,23.522794520547944,8.190000000000001,3.158739726027398,97.95545205479452,0.0,1865.35,12.596666666666666,33.74,0
10007120,彰化縣,田中鎮,2020,4.662927595628416,75.2932786885246,23.67218579234973,23.94877049180328,10.530000000000001,3.2020765027322406,98.04295081967213,21.07999999999999,1987.2999999999993,8.643333333333333,33.72666666666667,0
10007120,彰化縣,田中鎮,2021,4.698947123287672,74.74978082191782,23.567506849315066,23.896383561643837,13.3,3.1679452054794526,97.98682191780823,76.57000000000002,1999.2099999999996,9.783333333333333,34.68666666666667,0
10007120,彰化縣,田中鎮,2022,4.496051506849315,74.72906849315068,23.782246575342462,24.124109589041094,11.809999999999999,3.329068493150685,97.95589041095889,40.9700000000001,2041.9899999999996,9.049999999999999,35.99333333333333,0
10007120,彰化縣,田中鎮,2023,4.528795890410959,72.37435616438356,24.17808219178082,24.68961643835616,12.21,3.193452054794521,97.99158904109589,22.630000000000013,2168.1299999999997,9.79,35.60333333333333,0
10007120,彰化縣,田中鎮,2024,4.427984426229509,74.94196721311474,24.16032786885246,24.56360655737705,11.920000000000002,3.2873224043715843,97.97956284153004,18.600000000000044,2163.48,10.266666666666667,35.583333333333336,0
10007120,彰化縣,田中鎮,2025,4.4936709580838325,78.10619178082192,23.22660273972603,23.222410958904106,11.320000000000002,3.0724383561643838,97.98282191780821,116.98,1915.1899999999998,9.933333333333334,33.626666666666665,0
10007130,彰化縣,大村鄉,2013,4.261101095890411,77.2601095890411,22.688712328767124,22.790219178082193,11.09,3.0894246575342463,97.96427397260274,99.51000000000003,1701.3899999999999,9.33,32.96,0
10007130,彰化縣,大村鄉,2014,4.360468219178083,75.83621917808219,22.844438356164382,23.14778082191781,12.46,3.1030684931506847,97.99512328767123,131.81999999999996,1790.5399999999997,8.006666666666666,33.876666666666665,0
10007130,彰化縣,大村鄉,2015,4.492699452054795,77.55380821917807,23.09813698630137,23.303671232876713,11.239999999999998,3.1900273972602737,98.02684931506847,76.42000000000003,1827.7399999999996,9.53,33.42333333333334,0
10007130,彰化縣,大村鄉,2016,4.239616120218579,81.8832513661202,22.852786885245905,22.741775956284158,12.08,3.0749999999999993,97.98363387978141,161.01000000000002,1827.3300000000002,6.386666666666667,33.70666666666666,0
10007130,彰化縣,大村鄉,2017,4.48226191780822,77.38120547945205,23.321726027397258,23.502520547945206,9.600000000000001,3.041095890410959,98.01860273972603,22.40000000000002,1855.3299999999997,10.543333333333333,33.76333333333333,0
10007130,彰化縣,大村鄉,2018,4.518268493150686,77.03542465753425,23.314739726027394,23.623945205479455,11.260000000000002,3.074657534246575,97.94504109589042,76.32000000000009,1906.6999999999998,8.5,34.51,0
10007130,彰化縣,大村鄉,2019,4.362369589041095,78.90742465753424,23.410547945205476,23.522794520547944,8.190000000000001,3.158739726027398,97.95545205479452,0.0,1865.35,12.596666666666666,33.74,0
10007130,彰化縣,大村鄉,2020,4.662927595628416,75.2932786885246,23.67218579234973,23.94877049180328,10.530000000000001,3.2020765027322406,98.04295081967213,21.07999999999999,1987.2999999999993,8.643333333333333,33.72666666666667,0
10007130,彰化縣,大村鄉,2021,4.698947123287672,74.74978082191782,23.567506849315066,23.896383561643837,13.3,3.1679452054794526,97.98682191780823,76.57000000000002,1999.2099999999996,9.783333333333333,34.68666666666667,0
10007130,彰化縣,大村鄉,2022,4.496051506849315,74.72906849315068,23.782246575342462,24.124109589041094,11.809999999999999,3.329068493150685,97.95589041095889,40.9700000000001,2041.9899999999996,9.049999999999999,35.99333333333333,0
10007130,彰化縣,大村鄉,2023,4.528795890410959,72.37435616438356,24.17808219178082,24.68961643835616,12.21,3.193452054794521,97.99158904109589,22.630000000000013,2168.1299999999997,9.79,35.60333333333333,0
10007130,彰化縣,大村鄉,2024,4.427984426229509,74.94196721311474,24.16032786885246,24.56360655737705,11.920000000000002,3.2873224043715843,97.97956284153004,18.600000000000044,2163.48,10.266666666666667,35.583333333333336,0
10007130,彰化縣,大村鄉,2025,4.4936709580838325,78.10619178082192,23.22660273972603,23.222410958904106,11.320000000000002,3.0724383561643838,97.98282191780821,116.98,1915.1899999999998,9.933333333333334,33.626666666666665,0
10007140,彰化縣,埔鹽鄉,2013,4.261101095890411,77.2601095890411,22.688712328767124,22.790219178082193,11.09,3.0894246575342463,97.96427397260274,99.51000000000003,1701.3899999999999,9.33,32.96,0
10007140,彰化縣,埔鹽鄉,2014,4.360468219178083,75.83621917808219,22.844438356164382,23.14778082191781,12.46,3.1030684931506847,97.99512328767123,131.81999999999996,1790.5399999999997,8.006666666666666,33.876666666666665,0
10007140,彰化縣,埔鹽鄉,2015,4.492699452054795,77.55380821917807,23.09813698630137,23.303671232876713,11.239999999999998,3.1900273972602737,98.02684931506847,76.42000000000003,1827.7399999999996,9.53,33.42333333333334,0
10007140,彰化縣,埔鹽鄉,2016,4.239616120218579,81.8832513661202,22.852786885245905,22.741775956284158,12.08,3.0749999999999993,97.98363387978141,161.01000000000002,1827.3300000000002,6.386666666666667,33.70666666666666,0
10007140,彰化縣,埔鹽鄉,2017,4.48226191780822,77.38120547945205,23.321726027397258,23.502520547945206,9.600000000000001,3.041095890410959,98.01860273972603,22.40000000000002,1855.3299999999997,10.543333333333333,33.76333333333333,0
10007140,彰化縣,埔鹽鄉,2018,4.518268493150686,77.03542465753425,23.314739726027394,23.623945205479455,11.260000000000002,3.074657534246575,97.94504109589042,76.32000000000009,1906.6999999999998,8.5,34.51,0
10007140,彰化縣,埔鹽鄉,2019,4.362369589041095,78.90742465753424,23.410547945205476,23.522794520547944,8.190000000000001,3.158739726027398,97.95545205479452,0.0,1865.35,12.596666666666666,33.74,0
10007140,彰化縣,埔鹽鄉,2020,4.662927595628416,75.2932786885246,23.67218579234973,23.94877049180328,10.530000000000001,3.2020765027322406,98.04295081967213,21.07999999999999,1987.2999999999993,8.643333333333333,33.72666666666667,0
10007140,彰化縣,埔鹽鄉,2021,4.698947123287672,74.74978082191782,23.567506849315066,23.896383561643837,13.3,3.1679452054794526,97.98682191780823,76.57000000000002,1999.2099999999996,9.783333333333333,34.68666666666667,0
10007140,彰化縣,埔鹽鄉,2022,4.496051506849315,74.72906849315068,23.782246575342462,24.124109589041094,11.809999999999999,3.329068493150685,97.95589041095889,40.9700000000001,2041.9899999999996,9.049999999999999,35.99333333333333,0
10007140,彰化縣,埔鹽鄉,2023,4.528795890410959,72.37435616438356,24.17808219178082,24.68961643835616,12.21,3.193452054794521,97.99158904109589,22.630000000000013,2168.1299999999997,9.79,35.60333333333333,0
10007140,彰化縣,埔鹽鄉,2024,4.427984426229509,74.94196721311474,24.16032786885246,24.56360655737705,11.920000000000002,3.2873224043715843,97.97956284153004,18.600000000000044,2163.48,10.266666666666667,35.583333333333336,0
10007140,彰化縣,埔鹽鄉,2025,4.4936709580838325,78.10619178082192,23.22660273972603,23.222410958904106,11.320000000000002,3.0724383561643838,97.98282191780821,116.98,1915.1899999999998,9.933333333333334,33.626666666666665,0
10007150,彰化縣,埔心鄉,2013,4.261101095890411,77.2601095890411,22.688712328767124,22.790219178082193,11.09,3.0894246575342463,97.96427397260274,99.51000000000003,1701.3899999999999,9.33,32.96,0
10007150,彰化縣,埔心鄉,2014,4.360468219178083,75.83621917808219,22.844438356164382,23.14778082191781,12.46,3.1030684931506847,97.99512328767123,131.81999999999996,1790.5399999999997,8.006666666666666,33.876666666666665,0
10007150,彰化縣,埔心鄉,2015,4.492699452054795,77.55380821917807,23.09813698630137,23.303671232876713,11.239999999999998,3.1900273972602737,98.02684931506847,76.42000000000003,1827.7399999999996,9.53,33.42333333333334,0
10007150,彰化縣,埔心鄉,2016,4.239616120218579,81.8832513661202,22.852786885245905,22.741775956284158,12.08,3.0749999999999993,97.98363387978141,161.01000000000002,1827.3300000000002,6.386666666666667,33.70666666666666,0
10007150,彰化縣,埔心鄉,2017,4.48226191780822,77.38120547945205,23.321726027397258,23.502520547945206,9.600000000000001,3.041095890410959,98.01860273972603,22.40000000000002,1855.3299999999997,10.543333333333333,33.76333333333333,0
10007150,彰化縣,埔心鄉,2018,4.518268493150686,77.03542465753425,23.314739726027394,23.623945205479455,11.260000000000002,3.074657534246575,97.94504109589042,76.32000000000009,1906.6999999999998,8.5,34.51,0
10007150,彰化縣,埔心鄉,2019,4.362369589041095,78.90742465753424,23.410547945205476,23.522794520547944,8.190000000000001,3.158739726027398,97.95545205479452,0.0,1865.35,12.596666666666666,33.74,0
10007150,彰化縣,埔心鄉,2020,4.662927595628416,75.2932786885246,23.67218579234973,23.94877049180328,10.530000000000001,3.2020765027322406,98.04295081967213,21.07999999999999,1987.2999999999993,8.643333333333333,33.72666666666667,0
10007150,彰化縣,埔心鄉,2021,4.698947123287672,74.74978082191782,23.567506849315066,23.896383561643837,13.3,3.1679452054794526,97.98682191780823,76.57000000000002,1999.2099999999996,9.783333333333333,34.68666666666667,0
10007150,彰化縣,埔心鄉,2022,4.496051506849315,74.72906849315068,23.782246575342462,24.124109589041094,11.809999999999999,3.329068493150685,97.95589041095889,40.9700000000001,2041.9899999999996,9.049999999999999,35.99333333333333,0
10007150,彰化縣,埔心鄉,2023,4.528795890410959,72.37435616438356,24.17808219178082,24.68961643835616,12.21,3.193452054794521,97.99158904109589,22.630000000000013,2168.1299999999997,9.79,35.60333333333333,0
10007150,彰化縣,埔心鄉,2024,4.427984426229509,74.94196721311474,24.16032786885246,24.56360655737705,11.920000000000002,3.2873224043715843,97.97956284153004,18.600000000000044,2163.48,10.266666666666667,35.583333333333336,0
10007150,彰化縣,埔心鄉,2025,4.4936709580838325,78.10619178082192,23.22660273972603,23.222410958904106,11.320000000000002,3.0724383561643838,97.98282191780821,116.98,1915.1899999999998,9.933333333333334,33.626666666666665,0
10007160,彰化縣,永靖鄉,2013,4.261101095890411,77.2601095890411,22.688712328767124,22.790219178082193,11.09,3.0894246575342463,97.96427397260274,99.51000000000003,1701.3899999999999,9.33,32.96,0
10007160,彰化縣,永靖鄉,2014,4.360468219178083,75.83621917808219,22.844438356164382,23.14778082191781,12.46,3.1030684931506847,97.99512328767123,131.81999999999996,1790.5399999999997,8.006666666666666,33.876666666666665,0
10007160,彰化縣,永靖鄉,2015,4.492699452054795,77.55380821917807,23.09813698630137,23.303671232876713,11.239999999999998,3.1900273972602737,98.02684931506847,76.42000000000003,1827.7399999999996,9.53,33.42333333333334,0
10007160,彰化縣,永靖鄉,2016,4.239616120218579,81.8832513661202,22.852786885245905,22.741775956284158,12.08,3.0749999999999993,97.98363387978141,161.01000000000002,1827.3300000000002,6.386666666666667,33.70666666666666,0
10007160,彰化縣,永靖鄉,2017,4.48226191780822,77.38120547945205,23.321726027397258,23.502520547945206,9.600000000000001,3.041095890410959,98.01860273972603,22.40000000000002,1855.3299999999997,10.543333333333333,33.76333333333333,0
10007160,彰化縣,永靖鄉,2018,4.518268493150686,77.03542465753425,23.314739726027394,23.623945205479455,11.260000000000002,3.074657534246575,97.94504109589042,76.32000000000009,1906.6999999999998,8.5,34.51,0
10007160,彰化縣,永靖鄉,2019,4.362369589041095,78.90742465753424,23.410547945205476,23.522794520547944,8.190000000000001,3.158739726027398,97.95545205479452,0.0,1865.35,12.596666666666666,33.74,0
10007160,彰化縣,永靖鄉,2020,4.662927595628416,75.2932786885246,23.67218579234973,23.94877049180328,10.530000000000001,3.2020765027322406,98.04295081967213,21.07999999999999,1987.2999999999993,8.643333333333333,33.72666666666667,0
10007160,彰化縣,永靖鄉,2021,4.698947123287672,74.74978082191782,23.567506849315066,23.896383561643837,13.3,3.1679452054794526,97.98682191780823,76.57000000000002,1999.2099999999996,9.783333333333333,34.68666666666667,0
10007160,彰化縣,永靖鄉,2022,4.496051506849315,74.72906849315068,23.782246575342462,24.124109589041094,11.809999999999999,3.329068493150685,97.95589041095889,40.9700000000001,2041.9899999999996,9.049999999999999,35.99333333333333,0
10007160,彰化縣,永靖鄉,2023,4.528795890410959,72.37435616438356,24.17808219178082,24.68961643835616,12.21,3.193452054794521,97.99158904109589,22.630000000000013,2168.1299999999997,9.79,35.60333333333333,0
10007160,彰化縣,永靖鄉,2024,4.427984426229509,74.94196721311474,24.16032786885246,24.56360655737705,11.920000000000002,3.2873224043715843,97.97956284153004,18.600000000000044,2163.48,10.266666666666667,35.583333333333336,0
10007160,彰化縣,永靖鄉,2025,4.4936709580838325,78.10619178082192,23.22660273972603,23.222410958904106,11.320000000000002,3.0724383561643838,97.98282191780821,116.98,1915.1899999999998,9.933333333333334,33.626666666666665,0
10007170,彰化縣,社頭鄉,2013,4.261101095890411,77.2601095890411,22.688712328767124,22.790219178082193,11.09,3.0894246575342463,97.96427397260274,99.51000000000003,1701.3899999999999,9.33,32.96,0
10007170,彰化縣,社頭鄉,2014,4.360468219178083,75.83621917808219,22.844438356164382,23.14778082191781,12.46,3.1030684931506847,97.99512328767123,131.81999999999996,1790.5399999999997,8.006666666666666,33.876666666666665,0
10007170,彰化縣,社頭鄉,2015,4.492699452054795,77.55380821917807,23.09813698630137,23.303671232876713,11.239999999999998,3.1900273972602737,98.02684931506847,76.42000000000003,1827.7399999999996,9.53,33.42333333333334,0
10007170,彰化縣,社頭鄉,2016,4.239616120218579,81.8832513661202,22.852786885245905,22.741775956284158,12.08,3.0749999999999993,97.98363387978141,161.01000000000002,1827.3300000000002,6.386666666666667,33.70666666666666,0
10007170,彰化縣,社頭鄉,2017,4.48226191780822,77.38120547945205,23.321726027397258,23.502520547945206,9.600000000000001,3.041095890410959,98.01860273972603,22.40000000000002,1855.3299999999997,10.543333333333333,33.76333333333333,0
10007170,彰化縣,社頭鄉,2018,4.518268493150686,77.03542465753425,23.314739726027394,23.623945205479455,11.260000000000002,3.074657534246575,97.94504109589042,76.32000000000009,1906.6999999999998,8.5,34.51,0
10007170,彰化縣,社頭鄉,2019,4.362369589041095,78.90742465753424,23.410547945205476,23.522794520547944,8.190000000000001,3.158739726027398,97.95545205479452,0.0,1865.35,12.596666666666666,33.74,0
10007170,彰化縣,社頭鄉,2020,4.662927595628416,75.2932786885246,23.67218579234973,23.94877049180328,10.530000000000001,3.2020765027322406,98.04295081967213,21.07999999999999,1987.2999999999993,8.643333333333333,33.72666666666667,0
10007170,彰化縣,社頭鄉,2021,4.698947123287672,74.74978082191782,23.567506849315066,23.896383561643837,13.3,3.1679452054794526,97.98682191780823,76.57000000000002,1999.2099999999996,9.783333333333333,34.68666666666667,0
10007170,彰化縣,社頭鄉,2022,4.496051506849315,74.72906849315068,23.782246575342462,24.124109589041094,11.809999999999999,3.329068493150685,97.95589041095889,40.9700000000001,2041.9899999999996,9.049999999999999,35.99333333333333,0
10007170,彰化縣,社頭鄉,2023,4.528795890410959,72.37435616438356,24.17808219178082,24.68961643835616,12.21,3.193452054794521,97.99158904109589,22.630000000000013,2168.1299999999997,9.79,35.60333333333333,0
10007170,彰化縣,社頭鄉,2024,4.427984426229509,74.94196721311474,24.16032786885246,24.56360655737705,11.920000000000002,3.2873224043715843,97.97956284153004,18.600000000000044,2163.48,10.266666666666667,35.583333333333336,0
10007170,彰化縣,社頭鄉,2025,4.4936709580838325,78.10619178082192,23.22660273972603,23.222410958904106,11.320000000000002,3.0724383561643838,97.98282191780821,116.98,1915.1899999999998,9.933333333333334,33.626666666666665,0
10007180,彰化縣,二水鄉,2013,4.261101095890411,77.2601095890411,22.688712328767124,22.790219178082193,11.09,3.0894246575342463,97.96427397260274,99.51000000000003,1701.3899999999999,9.33,32.96,0
10007180,彰化縣,二水鄉,2014,4.360468219178083,75.83621917808219,22.844438356164382,23.14778082191781,12.46,3.1030684931506847,97.99512328767123,131.81999999999996,1790.5399999999997,8.006666666666666,33.876666666666665,0
10007180,彰化縣,二水鄉,2015,4.492699452054795,77.55380821917807,23.09813698630137,23.303671232876713,11.239999999999998,3.1900273972602737,98.02684931506847,76.42000000000003,1827.7399999999996,9.53,33.42333333333334,0
10007180,彰化縣,二水鄉,2016,4.239616120218579,81.8832513661202,22.852786885245905,22.741775956284158,12.08,3.0749999999999993,97.98363387978141,161.01000000000002,1827.3300000000002,6.386666666666667,33.70666666666666,0
10007180,彰化縣,二水鄉,2017,4.48226191780822,77.38120547945205,23.321726027397258,23.502520547945206,9.600000000000001,3.041095890410959,98.01860273972603,22.40000000000002,1855.3299999999997,10.543333333333333,33.76333333333333,0
10007180,彰化縣,二水鄉,2018,4.518268493150686,77.03542465753425,23.314739726027394,23.623945205479455,11.260000000000002,3.074657534246575,97.94504109589042,76.32000000000009,1906.6999999999998,8.5,34.51,0
10007180,彰化縣,二水鄉,2019,4.362369589041095,78.90742465753424,23.410547945205476,23.522794520547944,8.190000000000001,3.158739726027398,97.95545205479452,0.0,1865.35,12.596666666666666,33.74,0
10007180,彰化縣,二水鄉,2020,4.662927595628416,75.2932786885246,23.67218579234973,23.94877049180328,10.530000000000001,3.2020765027322406,98.04295081967213,21.07999999999999,1987.2999999999993,8.643333333333333,33.72666666666667,0
10007180,彰化縣,二水鄉,2021,4.698947123287672,74.74978082191782,23.567506849315066,23.896383561643837,13.3,3.1679452054794526,97.98682191780823,76.57000000000002,1999.2099999999996,9.783333333333333,34.68666666666667,0
10007180,彰化縣,二水鄉,2022,4.496051506849315,74.72906849315068,23.782246575342462,24.124109589041094,11.809999999999999,3.329068493150685,97.95589041095889,40.9700000000001,2041.9899999999996,9.049999999999999,35.99333333333333,0
10007180,彰化縣,二水鄉,2023,4.528795890410959,72.37435616438356,24.17808219178082,24.68961643835616,12.21,3.193452054794521,97.99158904109589,22.630000000000013,2168.1299999999997,9.79,35.60333333333333,0
10007180,彰化縣,二水鄉,2024,4.427984426229509,74.94196721311474,24.16032786885246,24.56360655737705,11.920000000000002,3.2873224043715843,97.97956284153004,18.600000000000044,2163.48,10.266666666666667,35.583333333333336,0
10007180,彰化縣,二水鄉,2025,4.4936709580838325,78.10619178082192,23.22660273972603,23.222410958904106,11.320000000000002,3.0724383561643838,97.98282191780821,116.98,1915.1899999999998,9.933333333333334,33.626666666666665,0
10007190,彰化縣,北斗鎮,2013,4.261101095890411,77.2601095890411,22.688712328767124,22.790219178082193,11.09,3.0894246575342463,97.96427397260274,99.51000000000003,1701.3899999999999,9.33,32.96,0
10007190,彰化縣,北斗鎮,2014,4.360468219178083,75.83621917808219,22.844438356164382,23.14778082191781,12.46,3.1030684931506847,97.99512328767123,131.81999999999996,1790.5399999999997,8.006666666666666,33.876666666666665,0
10007190,彰化縣,北斗鎮,2015,4.492699452054795,77.55380821917807,23.09813698630137,23.303671232876713,11.239999999999998,3.1900273972602737,98.02684931506847,76.42000000000003,1827.7399999999996,9.53,33.42333333333334,0
10007190,彰化縣,北斗鎮,2016,4.239616120218579,81.8832513661202,22.852786885245905,22.741775956284158,12.08,3.0749999999999993,97.98363387978141,161.01000000000002,1827.3300000000002,6.386666666666667,33.70666666666666,0
10007190,彰化縣,北斗鎮,2017,4.48226191780822,77.38120547945205,23.321726027397258,23.502520547945206,9.600000000000001,3.041095890410959,98.01860273972603,22.40000000000002,1855.3299999999997,10.543333333333333,33.76333333333333,0
10007190,彰化縣,北斗鎮,2018,4.518268493150686,77.03542465753425,23.314739726027394,23.623945205479455,11.260000000000002,3.074657534246575,97.94504109589042,76.32000000000009,1906.6999999999998,8.5,34.51,0
10007190,彰化縣,北斗鎮,2019,4.362369589041095,78.90742465753424,23.410547945205476,23.522794520547944,8.190000000000001,3.158739726027398,97.95545205479452,0.0,1865.35,12.596666666666666,33.74,0
10007190,彰化縣,北斗鎮,2020,4.662927595628416,75.2932786885246,23.67218579234973,23.94877049180328,10.530000000000001,3.2020765027322406,98.04295081967213,21.07999999999999,1987.2999999999993,8.643333333333333,33.72666666666667,0
10007190,彰化縣,北斗鎮,2021,4.698947123287672,74.74978082191782,23.567506849315066,23.896383561643837,13.3,3.1679452054794526,97.98682191780823,76.57000000000002,1999.2099999999996,9.783333333333333,34.68666666666667,0
10007190,彰化縣,北斗鎮,2022,4.496051506849315,74.72906849315068,23.782246575342462,24.124109589041094,11.809999999999999,3.329068493150685,97.95589041095889,40.9700000000001,2041.9899999999996,9.049999999999999,35.99333333333333,0
10007190,彰化縣,北斗鎮,2023,4.528795890410959,72.37435616438356,24.17808219178082,24.68961643835616,12.21,3.193452054794521,97.99158904109589,22.630000000000013,2168.1299999999997,9.79,35.60333333333333,0
10007190,彰化縣,北斗鎮,2024,4.427984426229509,74.94196721311474,24.16032786885246,24.56360655737705,11.920000000000002,3.2873224043715843,97.97956284153004,18.600000000000044,2163.48,10.266666666666667,35.583333333333336,0
10007190,彰化縣,北斗鎮,2025,4.4936709580838325,78.10619178082192,23.22660273972603,23.222410958904106,11.320000000000002,3.0724383561643838,97.98282191780821,116.98,1915.1899999999998,9.933333333333334,33.626666666666665,0
10007200,彰化縣,二林鎮,2013,4.261101095890411,77.2601095890411,22.688712328767124,22.790219178082193,11.09,3.0894246575342463,97.96427397260274,99.51000000000003,1701.3899999999999,9.33,32.96,0
10007200,彰化縣,二林鎮,2014,4.360468219178083,75.83621917808219,22.844438356164382,23.14778082191781,12.46,3.1030684931506847,97.99512328767123,131.81999999999996,1790.5399999999997,8.006666666666666,33.876666666666665,0
10007200,彰化縣,二林鎮,2015,4.492699452054795,77.55380821917807,23.09813698630137,23.303671232876713,11.239999999999998,3.1900273972602737,98.02684931506847,76.42000000000003,1827.7399999999996,9.53,33.42333333333334,0
10007200,彰化縣,二林鎮,2016,4.239616120218579,81.8832513661202,22.852786885245905,22.741775956284158,12.08,3.0749999999999993,97.98363387978141,161.01000000000002,1827.3300000000002,6.386666666666667,33.70666666666666,0
10007200,彰化縣,二林鎮,2017,4.48226191780822,77.38120547945205,23.321726027397258,23.502520547945206,9.600000000000001,3.041095890410959,98.01860273972603,22.40000000000002,1855.3299999999997,10.543333333333333,33.76333333333333,0
10007200,彰化縣,二林鎮,2018,4.518268493150686,77.03542465753425,23.314739726027394,23.623945205479455,11.260000000000002,3.074657534246575,97.94504109589042,76.32000000000009,1906.6999999999998,8.5,34.51,0
10007200,彰化縣,二林鎮,2019,4.362369589041095,78.90742465753424,23.410547945205476,23.522794520547944,8.190000000000001,3.158739726027398,97.95545205479452,0.0,1865.35,12.596666666666666,33.74,0
10007200,彰化縣,二林鎮,2020,4.662927595628416,75.2932786885246,23.67218579234973,23.94877049180328,10.530000000000001,3.2020765027322406,98.04295081967213,21.07999999999999,1987.2999999999993,8.643333333333333,33.72666666666667,0
10007200,彰化縣,二林鎮,2021,4.698947123287672,74.74978082191782,23.567506849315066,23.896383561643837,13.3,3.1679452054794526,97.98682191780823,76.57000000000002,1999.2099999999996,9.783333333333333,34.68666666666667,0
10007200,彰化縣,二林鎮,2022,4.496051506849315,74.72906849315068,23.782246575342462,24.124109589041094,11.809999999999999,3.329068493150685,97.95589041095889,40.9700000000001,2041.9899999999996,9.049999999999999,35.99333333333333,0
10007200,彰化縣,二林鎮,2023,4.528795890410959,72.37435616438356,24.17808219178082,24.68961643835616,12.21,3.193452054794521,97.99158904109589,22.630000000000013,2168.1299999999997,9.79,35.60333333333333,0
10007200,彰化縣,二林鎮,2024,4.427984426229509,74.94196721311474,24.16032786885246,24.56360655737705,11.920000000000002,3.2873224043715843,97.97956284153004,18.600000000000044,2163.48,10.266666666666667,35.583333333333336,0
10007200,彰化縣,二林鎮,2025,4.4936709580838325,78.10619178082192,23.22660273972603,23.222410958904106,11.320000000000002,3.0724383561643838,97.98282191780821,116.98,1915.1899999999998,9.933333333333334,33.626666666666665,0
10007210,彰化縣,田尾鄉,2013,4.261101095890411,77.2601095890411,22.688712328767124,22.790219178082193,11.09,3.0894246575342463,97.96427397260274,99.51000000000003,1701.3899999999999,9.33,32.96,0
10007210,彰化縣,田尾鄉,2014,4.360468219178083,75.83621917808219,22.844438356164382,23.14778082191781,12.46,3.1030684931506847,97.99512328767123,131.81999999999996,1790.5399999999997,8.006666666666666,33.876666666666665,0
10007210,彰化縣,田尾鄉,2015,4.492699452054795,77.55380821917807,23.09813698630137,23.303671232876713,11.239999999999998,3.1900273972602737,98.02684931506847,76.42000000000003,1827.7399999999996,9.53,33.42333333333334,0
10007210,彰化縣,田尾鄉,2016,4.239616120218579,81.8832513661202,22.852786885245905,22.741775956284158,12.08,3.0749999999999993,97.98363387978141,161.01000000000002,1827.3300000000002,6.386666666666667,33.70666666666666,0
10007210,彰化縣,田尾鄉,2017,4.48226191780822,77.38120547945205,23.321726027397258,23.502520547945206,9.600000000000001,3.041095890410959,98.01860273972603,22.40000000000002,1855.3299999999997,10.543333333333333,33.76333333333333,0
10007210,彰化縣,田尾鄉,2018,4.518268493150686,77.03542465753425,23.314739726027394,23.623945205479455,11.260000000000002,3.074657534246575,97.94504109589042,76.32000000000009,1906.6999999999998,8.5,34.51,0
10007210,彰化縣,田尾鄉,2019,4.362369589041095,78.90742465753424,23.410547945205476,23.522794520547944,8.190000000000001,3.158739726027398,97.95545205479452,0.0,1865.35,12.596666666666666,33.74,0
10007210,彰化縣,田尾鄉,2020,4.662927595628416,75.2932786885246,23.67218579234973,23.94877049180328,10.530000000000001,3.2020765027322406,98.04295081967213,21.07999999999999,1987.2999999999993,8.643333333333333,33.72666666666667,0
10007210,彰化縣,田尾鄉,2021,4.698947123287672,74.74978082191782,23.567506849315066,23.896383561643837,13.3,3.1679452054794526,97.98682191780823,76.57000000000002,1999.2099999999996,9.783333333333333,34.68666666666667,0
10007210,彰化縣,田尾鄉,2022,4.496051506849315,74.72906849315068,23.782246575342462,24.124109589041094,11.809999999999999,3.329068493150685,97.95589041095889,40.9700000000001,2041.9899999999996,9.049999999999999,35.99333333333333,0
10007210,彰化縣,田尾鄉,2023,4.528795890410959,72.37435616438356,24.17808219178082,24.68961643835616,12.21,3.193452054794521,97.99158904109589,22.630000000000013,2168.1299999999997,9.79,35.60333333333333,0
10007210,彰化縣,田尾鄉,2024,4.427984426229509,74.94196721311474,24.16032786885246,24.56360655737705,11.920000000000002,3.2873224043715843,97.97956284153004,18.600000000000044,2163.48,10.266666666666667,35.583333333333336,0
10007210,彰化縣,田尾鄉,2025,4.4936709580838325,78.10619178082192,23.22660273972603,23.222410958904106,11.320000000000002,3.0724383561643838,97.98282191780821,116.98,1915.1899999999998,9.933333333333334,33.626666666666665,0
10007220,彰化縣,埤頭鄉,2013,4.261101095890411,77.2601095890411,22.688712328767124,22.790219178082193,11.09,3.0894246575342463,97.96427397260274,99.51000000000003,1701.3899999999999,9.33,32.96,0
10007220,彰化縣,埤頭鄉,2014,4.360468219178083,75.83621917808219,22.844438356164382,23.14778082191781,12.46,3.1030684931506847,97.99512328767123,131.81999999999996,1790.5399999999997,8.006666666666666,33.876666666666665,0
10007220,彰化縣,埤頭鄉,2015,4.492699452054795,77.55380821917807,23.09813698630137,23.303671232876713,11.239999999999998,3.1900273972602737,98.02684931506847,76.42000000000003,1827.7399999999996,9.53,33.42333333333334,0
10007220,彰化縣,埤頭鄉,2016,4.239616120218579,81.8832513661202,22.852786885245905,22.741775956284158,12.08,3.0749999999999993,97.98363387978141,161.01000000000002,1827.3300000000002,6.386666666666667,33.70666666666666,0
10007220,彰化縣,埤頭鄉,2017,4.48226191780822,77.38120547945205,23.321726027397258,23.502520547945206,9.600000000000001,3.041095890410959,98.01860273972603,22.40000000000002,1855.3299999999997,10.543333333333333,33.76333333333333,0
10007220,彰化縣,埤頭鄉,2018,4.518268493150686,77.03542465753425,23.314739726027394,23.623945205479455,11.260000000000002,3.074657534246575,97.94504109589042,76.32000000000009,1906.6999999999998,8.5,34.51,0
10007220,彰化縣,埤頭鄉,2019,4.362369589041095,78.90742465753424,23.410547945205476,23.522794520547944,8.190000000000001,3.158739726027398,97.95545205479452,0.0,1865.35,12.596666666666666,33.74,0
10007220,彰化縣,埤頭鄉,2020,4.662927595628416,75.2932786885246,23.67218579234973,23.94877049180328,10.530000000000001,3.2020765027322406,98.04295081967213,21.07999999999999,1987.2999999999993,8.643333333333333,33.72666666666667,0
10007220,彰化縣,埤頭鄉,2021,4.698947123287672,74.74978082191782,23.567506849315066,23.896383561643837,13.3,3.1679452054794526,97.98682191780823,76.57000000000002,1999.2099999999996,9.783333333333333,34.68666666666667,0
10007220,彰化縣,埤頭鄉,2022,4.496051506849315,74.72906849315068,23.782246575342462,24.124109589041094,11.809999999999999,3.329068493150685,97.95589041095889,40.9700000000001,2041.9899999999996,9.049999999999999,35.99333333333333,0
10007220,彰化縣,埤頭鄉,2023,4.528795890410959,72.37435616438356,24.17808219178082,24.68961643835616,12.21,3.193452054794521,97.99158904109589,22.630000000000013,2168.1299999999997,9.79,35.60333333333333,0
10007220,彰化縣,埤頭鄉,2024,4.427984426229509,74.94196721311474,24.16032786885246,24.56360655737705,11.920000000000002,3.2873224043715843,97.97956284153004,18.600000000000044,2163.48,10.266666666666667,35.583333333333336,0
10007220,彰化縣,埤頭鄉,2025,4.4936709580838325,78.10619178082192,23.22660273972603,23.222410958904106,11.320000000000002,3.0724383561643838,97.98282191780821,116.98,1915.1899999999998,9.933333333333334,33.626666666666665,0
10007230,彰化縣,芳苑鄉,2013,4.261101095890411,77.2601095890411,22.688712328767124,22.790219178082193,11.09,3.0894246575342463,97.96427397260274,99.51000000000003,1701.3899999999999,9.33,32.96,0
10007230,彰化縣,芳苑鄉,2014,4.360468219178083,75.83621917808219,22.844438356164382,23.14778082191781,12.46,3.1030684931506847,97.99512328767123,131.81999999999996,1790.5399999999997,8.006666666666666,33.876666666666665,0
10007230,彰化縣,芳苑鄉,2015,4.492699452054795,77.55380821917807,23.09813698630137,23.303671232876713,11.239999999999998,3.1900273972602737,98.02684931506847,76.42000000000003,1827.7399999999996,9.53,33.42333333333334,0
10007230,彰化縣,芳苑鄉,2016,4.239616120218579,81.8832513661202,22.852786885245905,22.741775956284158,12.08,3.0749999999999993,97.98363387978141,161.01000000000002,1827.3300000000002,6.386666666666667,33.70666666666666,0
10007230,彰化縣,芳苑鄉,2017,4.48226191780822,77.38120547945205,23.321726027397258,23.502520547945206,9.600000000000001,3.041095890410959,98.01860273972603,22.40000000000002,1855.3299999999997,10.543333333333333,33.76333333333333,0
10007230,彰化縣,芳苑鄉,2018,4.518268493150686,77.03542465753425,23.314739726027394,23.623945205479455,11.260000000000002,3.074657534246575,97.94504109589042,76.32000000000009,1906.6999999999998,8.5,34.51,0
10007230,彰化縣,芳苑鄉,2019,4.362369589041095,78.90742465753424,23.410547945205476,23.522794520547944,8.190000000000001,3.158739726027398,97.95545205479452,0.0,1865.35,12.596666666666666,33.74,0
10007230,彰化縣,芳苑鄉,2020,4.662927595628416,75.2932786885246,23.67218579234973,23.94877049180328,10.530000000000001,3.2020765027322406,98.04295081967213,21.07999999999999,1987.2999999999993,8.643333333333333,33.72666666666667,0
10007230,彰化縣,芳苑鄉,2021,4.698947123287672,74.74978082191782,23.567506849315066,23.896383561643837,13.3,3.1679452054794526,97.98682191780823,76.57000000000002,1999.2099999999996,9.783333333333333,34.68666666666667,0
10007230,彰化縣,芳苑鄉,2022,4.496051506849315,74.72906849315068,23.782246575342462,24.124109589041094,11.809999999999999,3.329068493150685,97.95589041095889,40.9700000000001,2041.9899999999996,9.049999999999999,35.99333333333333,0
10007230,彰化縣,芳苑鄉,2023,4.528795890410959,72.37435616438356,24.17808219178082,24.68961643835616,12.21,3.193452054794521,97.99158904109589,22.630000000000013,2168.1299999999997,9.79,35.60333333333333,0
10007230,彰化縣,芳苑鄉,2024,4.427984426229509,74.94196721311474,24.16032786885246,24.56360655737705,11.920000000000002,3.2873224043715843,97.97956284153004,18.600000000000044,2163.48,10.266666666666667,35.583333333333336,0
10007230,彰化縣,芳苑鄉,2025,4.4936709580838325,78.10619178082192,23.22660273972603,23.222410958904106,11.320000000000002,3.0724383561643838,97.98282191780821,116.98,1915.1899999999998,9.933333333333334,33.626666666666665,0
10007240,彰化縣,大城鄉,2013,4.261101095890411,83.17221917808219,23.437260273972598,24.25095890410959,10.740000000000002,6.820273972602739,101.3035890410959,65.76000000000003,1940.8599999999997,13.520000000000001,29.903333333333332,0
10007240,彰化縣,大城鄉,2014,4.360468219178083,83.23928767123287,23.534219178082193,24.388712328767127,10.419999999999998,6.356054794520548,101.32920547945207,79.58000000000007,1990.0699999999997,13.230000000000002,30.363333333333333,0
10007240,彰化縣,大城鄉,2015,4.492699452054795,84.32153424657534,23.790657534246577,24.535260273972604,9.66,6.6666849315068495,101.35602739726026,56.23000000000006,2060.3199999999997,13.936666666666667,29.903333333333336,0
10007240,彰化縣,大城鄉,2016,4.239616120218579,85.41729508196723,23.939480874316942,24.708224043715845,10.66,6.53863387978142,101.3022131147541,98.54000000000002,2162.59,11.76,30.35666666666667,0
10007240,彰化縣,大城鄉,2017,4.48226191780822,83.39372602739726,24.02115068493151,24.830191780821913,10.32,6.762246575342465,101.34682191780821,33.03999999999999,2121.2599999999998,14.51,30.080000000000002,0
10007240,彰化縣,大城鄉,2018,4.518268493150686,83.096,23.970739726027396,24.93515068493151,9.8,6.60427397260274,101.26882191780822,56.640000000000114,2126.46,13.74,29.64333333333333,0
10007240,彰化縣,大城鄉,2019,4.362369589041095,84.3026301369863,24.293342465753422,25.137835616438355,8.73,6.869671232876713,101.27246575342465,0.0,2187.5699999999993,16.593333333333334,30.159999999999997,0
10007240,彰化縣,大城鄉,2020,4.662927595628416,82.69625683060107,24.34928961748634,25.22486338797814,8.98,7.091147540983607,101.36748633879782,0.0,2214.04,12.853333333333333,30.333333333333332,0
10007240,彰化縣,大城鄉,2021,4.698947123287672,83.66553424657533,24.02986301369863,24.85931506849315,11.240000000000002,6.6368767123287675,101.30868493150685,77.56000000000003,2168.9599999999996,13.853333333333333,30.293333333333333,0
10007240,彰化縣,大城鄉,2022,4.496051506849315,83.71279452054793,23.96101369863014,24.797095890410954,11.940000000000001,7.542493150684932,101.28734246575341,53.480000000000004,2119.75,13.300000000000002,30.486666666666665,0
10007240,彰化縣,大城鄉,2023,4.528795890410959,83.50287671232877,24.140602739726027,24.921835616438354,11.069999999999997,6.730767123287671,101.31583561643835,66.19000000000001,2198.0099999999998,13.07,30.92,0
10007240,彰化縣,大城鄉,2024,4.427984426229509,83.86382513661201,24.555765027322398,25.481530054644807,9.330000000000002,6.917213114754098,101.29939890710384,0.0,2289.61,13.596666666666666,30.796666666666667,0
10007240,彰化縣,大城鄉,2025,4.4936709580838325,83.82095890410959,24.002438356164383,24.726931506849315,11.740000000000002,6.725397260273972,101.30583561643837,118.16000000000003,2199.5499999999997,13.49,30.72,0
10007250,彰化縣,竹塘鄉,2013,4.261101095890411,77.2601095890411,22.688712328767124,22.790219178082193,11.09,3.0894246575342463,97.96427397260274,99.51000000000003,1701.3899999999999,9.33,32.96,0
10007250,彰化縣,竹塘鄉,2014,4.360468219178083,75.83621917808219,22.844438356164382,23.14778082191781,12.46,3.1030684931506847,97.99512328767123,131.81999999999996,1790.5399999999997,8.006666666666666,33.876666666666665,0
10007250,彰化縣,竹塘鄉,2015,4.492699452054795,77.55380821917807,23.09813698630137,23.303671232876713,11.239999999999998,3.1900273972602737,98.02684931506847,76.42000000000003,1827.7399999999996,9.53,33.42333333333334,0
10007250,彰化縣,竹塘鄉,2016,4.239616120218579,81.8832513661202,22.852786885245905,22.741775956284158,12.08,3.0749999999999993,97.98363387978141,161.01000000000002,1827.3300000000002,6.386666666666667,33.70666666666666,0
10007250,彰化縣,竹塘鄉,2017,4.48226191780822,77.38120547945205,23.321726027397258,23.502520547945206,9.600000000000001,3.041095890410959,98.01860273972603,22.40000000000002,1855.3299999999997,10.543333333333333,33.76333333333333,0
10007250,彰化縣,竹塘鄉,2018,4.518268493150686,77.03542465753425,23.314739726027394,23.623945205479455,11.260000000000002,3.074657534246575,97.94504109589042,76.32000000000009,1906.6999999999998,8.5,34.51,0
10007250,彰化縣,竹塘鄉,2019,4.362369589041095,78.90742465753424,23.410547945205476,23.522794520547944,8.190000000000001,3.158739726027398,97.95545205479452,0.0,1865.35,12.596666666666666,33.74,0
10007250,彰化縣,竹塘鄉,2020,4.662927595628416,75.2932786885246,23.67218579234973,23.94877049180328,10.530000000000001,3.2020765027322406,98.04295081967213,21.07999999999999,1987.2999999999993,8.643333333333333,33.72666666666667,0
10007250,彰化縣,竹塘鄉,2021,4.698947123287672,74.74978082191782,23.567506849315066,23.896383561643837,13.3,3.1679452054794526,97.98682191780823,76.57000000000002,1999.2099999999996,9.783333333333333,34.68666666666667,0
10007250,彰化縣,竹塘鄉,2022,4.496051506849315,74.72906849315068,23.782246575342462,24.124109589041094,11.809999999999999,3.329068493150685,97.95589041095889,40.9700000000001,2041.9899999999996,9.049999999999999,35.99333333333333,0
10007250,彰化縣,竹塘鄉,2023,4.528795890410959,72.37435616438356,24.17808219178082,24.68961643835616,12.21,3.193452054794521,97.99158904109589,22.630000000000013,2168.1299999999997,9.79,35.60333333333333,0
10007250,彰化縣,竹塘鄉,2024,4.427984426229509,74.94196721311474,24.16032786885246,24.56360655737705,11.920000000000002,3.2873224043715843,97.97956284153004,18.600000000000044,2163.48,10.266666666666667,35.583333333333336,0
10007250,彰化縣,竹塘鄉,2025,4.4936709580838325,78.10619178082192,23.22660273972603,23.222410958904106,11.320000000000002,3.0724383561643838,97.98282191780821,116.98,1915.1899999999998,9.933333333333334,33.626666666666665,0
10007260,彰化縣,溪州鄉,2013,4.261101095890411,77.2601095890411,22.688712328767124,22.790219178082193,11.09,3.0894246575342463,97.96427397260274,99.51000000000003,1701.3899999999999,9.33,32.96,0
10007260,彰化縣,溪州鄉,2014,4.360468219178083,75.83621917808219,22.844438356164382,23.14778082191781,12.46,3.1030684931506847,97.99512328767123,131.81999999999996,1790.5399999999997,8.006666666666666,33.876666666666665,0
10007260,彰化縣,溪州鄉,2015,4.492699452054795,77.55380821917807,23.09813698630137,23.303671232876713,11.239999999999998,3.1900273972602737,98.02684931506847,76.42000000000003,1827.7399999999996,9.53,33.42333333333334,0
10007260,彰化縣,溪州鄉,2016,4.239616120218579,81.8832513661202,22.852786885245905,22.741775956284158,12.08,3.0749999999999993,97.98363387978141,161.01000000000002,1827.3300000000002,6.386666666666667,33.70666666666666,0
10007260,彰化縣,溪州鄉,2017,4.48226191780822,77.38120547945205,23.321726027397258,23.502520547945206,9.600000000000001,3.041095890410959,98.01860273972603,22.40000000000002,1855.3299999999997,10.543333333333333,33.76333333333333,0
10007260,彰化縣,溪州鄉,2018,4.518268493150686,77.03542465753425,23.314739726027394,23.623945205479455,11.260000000000002,3.074657534246575,97.94504109589042,76.32000000000009,1906.6999999999998,8.5,34.51,0
10007260,彰化縣,溪州鄉,2019,4.362369589041095,78.90742465753424,23.410547945205476,23.522794520547944,8.190000000000001,3.158739726027398,97.95545205479452,0.0,1865.35,12.596666666666666,33.74,0
10007260,彰化縣,溪州鄉,2020,4.662927595628416,75.2932786885246,23.67218579234973,23.94877049180328,10.530000000000001,3.2020765027322406,98.04295081967213,21.07999999999999,1987.2999999999993,8.643333333333333,33.72666666666667,0
10007260,彰化縣,溪州鄉,2021,4.698947123287672,74.74978082191782,23.567506849315066,23.896383561643837,13.3,3.1679452054794526,97.98682191780823,76.57000000000002,1999.2099999999996,9.783333333333333,34.68666666666667,0
10007260,彰化縣,溪州鄉,2022,4.496051506849315,74.72906849315068,23.782246575342462,24.124109589041094,11.809999999999999,3.329068493150685,97.95589041095889,40.9700000000001,2041.9899999999996,9.049999999999999,35.99333333333333,0
10007260,彰化縣,溪州鄉,2023,4.528795890410959,72.37435616438356,24.17808219178082,24.68961643835616,12.21,3.193452054794521,97.99158904109589,22.630000000000013,2168.1299999999997,9.79,35.60333333333333,0
10007260,彰化縣,溪州鄉,2024,4.427984426229509,74.94196721311474,24.16032786885246,24.56360655737705,11.920000000000002,3.2873224043715843,97.97956284153004,18.600000000000044,2163.48,10.266666666666667,35.583333333333336,0
10007260,彰化縣,溪州鄉,2025,4.4936709580838325,78.10619178082192,23.22660273972603,23.222410958904106,11.320000000000002,3.0724383561643838,97.98282191780821,116.98,1915.1899999999998,9.933333333333334,33.626666666666665,0
10008010,南投縣,南投市,2013,4.261101095890411,77.2601095890411,22.688712328767124,22.790219178082193,11.09,3.0894246575342463,97.96427397260274,99.51000000000003,1701.3899999999999,9.33,32.96,0
10008010,南投縣,南投市,2014,4.360468219178083,75.83621917808219,22.844438356164382,23.14778082191781,12.46,3.1030684931506847,97.99512328767123,131.81999999999996,1790.5399999999997,8.006666666666666,33.876666666666665,0
10008010,南投縣,南投市,2015,4.492699452054795,77.55380821917807,23.09813698630137,23.303671232876713,11.239999999999998,3.1900273972602737,98.02684931506847,76.42000000000003,1827.7399999999996,9.53,33.42333333333334,0
10008010,南投縣,南投市,2016,4.239616120218579,81.8832513661202,22.852786885245905,22.741775956284158,12.08,3.0749999999999993,97.98363387978141,161.01000000000002,1827.3300000000002,6.386666666666667,33.70666666666666,0
10008010,南投縣,南投市,2017,4.48226191780822,77.38120547945205,23.321726027397258,23.502520547945206,9.600000000000001,3.041095890410959,98.01860273972603,22.40000000000002,1855.3299999999997,10.543333333333333,33.76333333333333,0
10008010,南投縣,南投市,2018,4.518268493150686,77.03542465753425,23.314739726027394,23.623945205479455,11.260000000000002,3.074657534246575,97.94504109589042,76.32000000000009,1906.6999999999998,8.5,34.51,0
10008010,南投縣,南投市,2019,4.362369589041095,78.90742465753424,23.410547945205476,23.522794520547944,8.190000000000001,3.158739726027398,97.95545205479452,0.0,1865.35,12.596666666666666,33.74,0
10008010,南投縣,南投市,2020,4.662927595628416,75.2932786885246,23.67218579234973,23.94877049180328,10.530000000000001,3.2020765027322406,98.04295081967213,21.07999999999999,1987.2999999999993,8.643333333333333,33.72666666666667,0
10008010,南投縣,南投市,2021,4.698947123287672,74.74978082191782,23.567506849315066,23.896383561643837,13.3,3.1679452054794526,97.98682191780823,76.57000000000002,1999.2099999999996,9.783333333333333,34.68666666666667,0
10008010,南投縣,南投市,2022,4.496051506849315,74.72906849315068,23.782246575342462,24.124109589041094,11.809999999999999,3.329068493150685,97.95589041095889,40.9700000000001,2041.9899999999996,9.049999999999999,35.99333333333333,0
10008010,南投縣,南投市,2023,4.528795890410959,72.37435616438356,24.17808219178082,24.68961643835616,12.21,3.193452054794521,97.99158904109589,22.630000000000013,2168.1299999999997,9.79,35.60333333333333,0
10008010,南投縣,南投市,2024,4.427984426229509,74.94196721311474,24.16032786885246,24.56360655737705,11.920000000000002,3.2873224043715843,97.97956284153004,18.600000000000044,2163.48,10.266666666666667,35.583333333333336,0
10008010,南投縣,南投市,2025,4.4936709580838325,78.10619178082192,23.22660273972603,23.222410958904106,11.320000000000002,3.0724383561643838,97.98282191780821,116.98,1915.1899999999998,9.933333333333334,33.626666666666665,0
10008020,南投縣,埔里鎮,2013,4.261101095890411,84.79134246575343,16.775205479452055,17.073178082191784,10.770000000000001,1.6574794520547946,86.95128767123288,909.3700000000001,352.81999999999994,1.5999999999999999,28.37,62
10008020,南投縣,埔里鎮,2014,4.360468219178083,83.63350684931507,16.91676712328767,17.31104109589041,12.850000000000001,1.5065753424657533,86.96783561643836,958.3000000000001,453.4199999999998,0.5166666666666666,28.50666666666667,90
10008020,南投縣,埔里鎮,2015,4.492699452054795,83.65953424657535,17.39553424657534,17.66654794520548,11.669999999999998,1.623150684931507,87.01591780821919,750.2200000000003,420.09000000000003,2.4600000000000004,28.666666666666668,0
10008020,南投縣,埔里鎮,2016,4.239616120218579,86.87497267759562,17.391775956284153,17.57863387978142,11.639999999999999,1.6457377049180326,86.98871584699454,840.7300000000002,508.3199999999998,-1.4033333333333335,29.88333333333333,91
10008020,南投縣,埔里鎮,2017,4.48226191780822,85.62208219178082,17.30167123287671,17.623479452054795,10.339999999999998,1.6195068493150686,87.01923287671232,818.5600000000002,454.16999999999985,2.61,28.473333333333333,28
10008020,南投縣,埔里鎮,2018,4.518268493150686,84.47572602739727,17.461178082191783,17.81090410958904,10.889999999999999,1.4777534246575343,86.93994520547945,777.4100000000002,471.2399999999999,1.0066666666666666,29.936666666666667,59
10008020,南投縣,埔里鎮,2019,4.362369589041095,85.04457534246575,17.67019178082192,17.92690410958904,8.92,1.6516438356164385,86.97052054794521,610.5600000000002,380.67999999999995,4.583333333333333,27.95,0
10008020,南投縣,埔里鎮,2020,4.662927595628416,83.8541256830601,17.583579234972678,17.926557377049182,9.43,1.6166120218579234,87.0429781420765,715.69,453.4799999999999,-0.85,29.3,92
10008020,南投縣,埔里鎮,2021,4.698947123287672,82.53632876712328,17.62934246575342,18.00731506849315,12.53,1.5383835616438355,86.98282191780822,768.3100000000002,523.5199999999998,1.4833333333333334,30.14,59
10008020,南投縣,埔里鎮,2022,4.496051506849315,84.21824657534246,17.60717808219178,17.96380821917808,10.919999999999998,1.6194520547945206,86.96969863013697,683.5600000000001,430.67999999999984,1.4533333333333331,30.0,31
10008020,南投縣,埔里鎮,2023,4.528795890410959,81.82473972602739,18.021068493150683,18.48846575342466,11.049999999999999,1.6322465753424658,87.00750684931506,658.3500000000001,556.5399999999998,1.3166666666666667,30.403333333333332,62
10008020,南投縣,埔里鎮,2024,4.427984426229509,82.35008196721311,18.366338797814205,18.73890710382514,11.610000000000001,1.618306010928962,87.00398907103826,635.61,659.8899999999999,3.393333333333333,30.173333333333332,31
10008020,南投縣,埔里鎮,2025,4.4936709580838325,85.57331506849314,17.38715068493151,17.61328767123288,11.549999999999999,1.6406575342465755,86.99345205479452,829.8499999999999,496.6599999999999,2.5433333333333334,27.900000000000002,31
10008030,南投縣,草屯鎮,2013,4.261101095890411,77.2601095890411,22.688712328767124,22.790219178082193,11.09,3.0894246575342463,97.96427397260274,99.51000000000003,1701.3899999999999,9.33,32.96,0
10008030,南投縣,草屯鎮,2014,4.360468219178083,75.83621917808219,22.844438356164382,23.14778082191781,12.46,3.1030684931506847,97.99512328767123,131.81999999999996,1790.5399999999997,8.006666666666666,33.876666666666665,0
10008030,南投縣,草屯鎮,2015,4.492699452054795,77.55380821917807,23.09813698630137,23.303671232876713,11.239999999999998,3.1900273972602737,98.02684931506847,76.42000000000003,1827.7399999999996,9.53,33.42333333333334,0
10008030,南投縣,草屯鎮,2016,4.239616120218579,81.8832513661202,22.852786885245905,22.741775956284158,12.08,3.0749999999999993,97.98363387978141,161.01000000000002,1827.3300000000002,6.386666666666667,33.70666666666666,0
10008030,南投縣,草屯鎮,2017,4.48226191780822,77.38120547945205,23.321726027397258,23.502520547945206,9.600000000000001,3.041095890410959,98.01860273972603,22.40000000000002,1855.3299999999997,10.543333333333333,33.76333333333333,0
10008030,南投縣,草屯鎮,2018,4.518268493150686,77.03542465753425,23.314739726027394,23.623945205479455,11.260000000000002,3.074657534246575,97.94504109589042,76.32000000000009,1906.6999999999998,8.5,34.51,0
10008030,南投縣,草屯鎮,2019,4.362369589041095,78.90742465753424,23.410547945205476,23.522794520547944,8.190000000000001,3.158739726027398,97.95545205479452,0.0,1865.35,12.596666666666666,33.74,0
10008030,南投縣,草屯鎮,2020,4.662927595628416,75.2932786885246,23.67218579234973,23.94877049180328,10.530000000000001,3.2020765027322406,98.04295081967213,21.07999999999999,1987.2999999999993,8.643333333333333,33.72666666666667,0
10008030,南投縣,草屯鎮,2021,4.698947123287672,74.74978082191782,23.567506849315066,23.896383561643837,13.3,3.1679452054794526,97.98682191780823,76.57000000000002,1999.2099999999996,9.783333333333333,34.68666666666667,0
10008030,南投縣,草屯鎮,2022,4.496051506849315,74.72906849315068,23.782246575342462,24.124109589041094,11.809999999999999,3.329068493150685,97.95589041095889,40.9700000000001,2041.9899999999996,9.049999999999999,35.99333333333333,0
10008030,南投縣,草屯鎮,2023,4.528795890410959,72.37435616438356,24.17808219178082,24.68961643835616,12.21,3.193452054794521,97.99158904109589,22.630000000000013,2168.1299999999997,9.79,35.60333333333333,0
10008030,南投縣,草屯鎮,2024,4.427984426229509,74.94196721311474,24.16032786885246,24.56360655737705,11.920000000000002,3.2873224043715843,97.97956284153004,18.600000000000044,2163.48,10.266666666666667,35.583333333333336,0
10008030,南投縣,草屯鎮,2025,4.4936709580838325,78.10619178082192,23.22660273972603,23.222410958904106,11.320000000000002,3.0724383561643838,97.98282191780821,116.98,1915.1899999999998,9.933333333333334,33.626666666666665,0
10008040,南投縣,竹山鎮,2013,4.261101095890411,77.53293150684931,21.000986301369863,21.325150684931508,9.570000000000002,2.316712328767123,93.72117808219177,183.52000000000004,1169.3799999999997,6.98,31.296666666666663,0
10008040,南投縣,竹山鎮,2014,4.360468219178083,76.447698630137,21.0273698630137,21.520246575342465,11.790000000000001,2.340027397260274,93.76134246575343,275.52000000000004,1271.0099999999998,5.556666666666666,32.53333333333334,0
10008040,南投縣,竹山鎮,2015,4.492699452054795,78.2701095890411,21.28994520547945,21.65750684931507,10.040000000000001,2.479534246575342,93.80906849315068,166.76000000000005,1258.0899999999997,7.153333333333333,32.79,0
10008040,南投縣,竹山鎮,2016,4.239616120218579,83.50745901639343,20.995409836065576,20.97366120218579,10.809999999999999,2.3818032786885244,93.75715846994537,272.2600000000001,1258.78,2.9800000000000004,31.34,31
10008040,南投縣,竹山鎮,2017,4.48226191780822,78.82317808219177,21.503479452054794,21.808383561643833,7.859999999999999,2.201917808219178,93.78306849315071,114.07000000000015,1283.3399999999997,8.563333333333333,31.840000000000003,0
10008040,南投縣,竹山鎮,2018,4.518268493150686,78.37567123287671,21.525397260273973,21.991479452054797,10.530000000000001,2.3134520547945203,93.71413698630138,139.13,1316.4,5.843333333333334,33.64666666666667,0
10008040,南投縣,竹山鎮,2019,4.362369589041095,79.58065753424655,21.690246575342467,21.9592602739726,7.059999999999999,2.3109315068493155,93.7374794520548,31.31000000000005,1268.7499999999998,10.409999999999998,32.14,0
10008040,南投縣,竹山鎮,2020,4.662927595628416,77.23071038251366,21.749562841530054,22.122786885245905,9.139999999999997,2.2730327868852465,93.81311475409835,96.83999999999997,1359.3799999999997,4.3533333333333335,32.47666666666667,0
10008040,南投縣,竹山鎮,2021,4.698947123287672,75.23772602739727,21.743835616438357,22.240630136986304,12.530000000000001,2.4081369863013697,93.75794520547946,160.08000000000013,1417.0799999999997,7.026666666666666,33.94,0
10008040,南投縣,竹山鎮,2022,4.496051506849315,75.3934794520548,22.067123287671233,22.539397260273976,9.430000000000003,2.3230684931506844,93.72123287671234,137.61,1512.6099999999997,6.906666666666666,33.99,0
10008040,南投縣,竹山鎮,2023,4.528795890410959,73.0497808219178,22.43994520547945,23.13621917808219,10.149999999999999,2.4242739726027396,93.76715068493151,48.98000000000006,1560.0599999999995,7.863333333333334,34.82333333333333,0
10008040,南投縣,竹山鎮,2024,4.427984426229509,75.73502732240438,22.349617486338797,22.840054644808742,10.740000000000002,2.4553825136612017,93.7579781420765,111.9100000000001,1594.0699999999997,7.55,34.48,0
10008040,南投縣,竹山鎮,2025,4.4936709580838325,78.86197260273971,21.503123287671233,21.697013698630137,10.3,2.2614246575342465,93.74682191780823,183.51000000000002,1352.6499999999999,7.283333333333332,31.80666666666666,0
10008050,南投縣,集集鎮,2013,4.261101095890411,77.2601095890411,22.688712328767124,22.790219178082193,11.09,3.0894246575342463,97.96427397260274,99.51000000000003,1701.3899999999999,9.33,32.96,0
10008050,南投縣,集集鎮,2014,4.360468219178083,75.83621917808219,22.844438356164382,23.14778082191781,12.46,3.1030684931506847,97.99512328767123,131.81999999999996,1790.5399999999997,8.006666666666666,33.876666666666665,0
10008050,南投縣,集集鎮,2015,4.492699452054795,77.55380821917807,23.09813698630137,23.303671232876713,11.239999999999998,3.1900273972602737,98.02684931506847,76.42000000000003,1827.7399999999996,9.53,33.42333333333334,0
10008050,南投縣,集集鎮,2016,4.239616120218579,81.8832513661202,22.852786885245905,22.741775956284158,12.08,3.0749999999999993,97.98363387978141,161.01000000000002,1827.3300000000002,6.386666666666667,33.70666666666666,0
10008050,南投縣,集集鎮,2017,4.48226191780822,77.38120547945205,23.321726027397258,23.502520547945206,9.600000000000001,3.041095890410959,98.01860273972603,22.40000000000002,1855.3299999999997,10.543333333333333,33.76333333333333,0
10008050,南投縣,集集鎮,2018,4.518268493150686,77.03542465753425,23.314739726027394,23.623945205479455,11.260000000000002,3.074657534246575,97.94504109589042,76.32000000000009,1906.6999999999998,8.5,34.51,0
10008050,南投縣,集集鎮,2019,4.362369589041095,78.90742465753424,23.410547945205476,23.522794520547944,8.190000000000001,3.158739726027398,97.95545205479452,0.0,1865.35,12.596666666666666,33.74,0
10008050,南投縣,集集鎮,2020,4.662927595628416,75.2932786885246,23.67218579234973,23.94877049180328,10.530000000000001,3.2020765027322406,98.04295081967213,21.07999999999999,1987.2999999999993,8.643333333333333,33.72666666666667,0
10008050,南投縣,集集鎮,2021,4.698947123287672,74.74978082191782,23.567506849315066,23.896383561643837,13.3,3.1679452054794526,97.98682191780823,76.57000000000002,1999.2099999999996,9.783333333333333,34.68666666666667,0
10008050,南投縣,集集鎮,2022,4.496051506849315,74.72906849315068,23.782246575342462,24.124109589041094,11.809999999999999,3.329068493150685,97.95589041095889,40.9700000000001,2041.9899999999996,9.049999999999999,35.99333333333333,0
10008050,南投縣,集集鎮,2023,4.528795890410959,72.37435616438356,24.17808219178082,24.68961643835616,12.21,3.193452054794521,97.99158904109589,22.630000000000013,2168.1299999999997,9.79,35.60333333333333,0
10008050,南投縣,集集鎮,2024,4.427984426229509,74.94196721311474,24.16032786885246,24.56360655737705,11.920000000000002,3.2873224043715843,97.97956284153004,18.600000000000044,2163.48,10.266666666666667,35.583333333333336,0
10008050,南投縣,集集鎮,2025,4.4936709580838325,78.10619178082192,23.22660273972603,23.222410958904106,11.320000000000002,3.0724383561643838,97.98282191780821,116.98,1915.1899999999998,9.933333333333334,33.626666666666665,0
10008060,南投縣,名間鄉,2013,4.261101095890411,77.2601095890411,22.688712328767124,22.790219178082193,11.09,3.0894246575342463,97.96427397260274,99.51000000000003,1701.3899999999999,9.33,32.96,0
10008060,南投縣,名間鄉,2014,4.360468219178083,75.83621917808219,22.844438356164382,23.14778082191781,12.46,3.1030684931506847,97.99512328767123,131.81999999999996,1790.5399999999997,8.006666666666666,33.876666666666665,0
10008060,南投縣,名間鄉,2015,4.492699452054795,77.55380821917807,23.09813698630137,23.303671232876713,11.239999999999998,3.1900273972602737,98.02684931506847,76.42000000000003,1827.7399999999996,9.53,33.42333333333334,0
10008060,南投縣,名間鄉,2016,4.239616120218579,81.8832513661202,22.852786885245905,22.741775956284158,12.08,3.0749999999999993,97.98363387978141,161.01000000000002,1827.3300000000002,6.386666666666667,33.70666666666666,0
10008060,南投縣,名間鄉,2017,4.48226191780822,77.38120547945205,23.321726027397258,23.502520547945206,9.600000000000001,3.041095890410959,98.01860273972603,22.40000000000002,1855.3299999999997,10.543333333333333,33.76333333333333,0
10008060,南投縣,名間鄉,2018,4.518268493150686,77.03542465753425,23.314739726027394,23.623945205479455,11.260000000000002,3.074657534246575,97.94504109589042,76.32000000000009,1906.6999999999998,8.5,34.51,0
10008060,南投縣,名間鄉,2019,4.362369589041095,78.90742465753424,23.410547945205476,23.522794520547944,8.190000000000001,3.158739726027398,97.95545205479452,0.0,1865.35,12.596666666666666,33.74,0
10008060,南投縣,名間鄉,2020,4.662927595628416,75.2932786885246,23.67218579234973,23.94877049180328,10.530000000000001,3.2020765027322406,98.04295081967213,21.07999999999999,1987.2999999999993,8.643333333333333,33.72666666666667,0
10008060,南投縣,名間鄉,2021,4.698947123287672,74.74978082191782,23.567506849315066,23.896383561643837,13.3,3.1679452054794526,97.98682191780823,76.57000000000002,1999.2099999999996,9.783333333333333,34.68666666666667,0
10008060,南投縣,名間鄉,2022,4.496051506849315,74.72906849315068,23.782246575342462,24.124109589041094,11.809999999999999,3.329068493150685,97.95589041095889,40.9700000000001,2041.9899999999996,9.049999999999999,35.99333333333333,0
10008060,南投縣,名間鄉,2023,4.528795890410959,72.37435616438356,24.17808219178082,24.68961643835616,12.21,3.193452054794521,97.99158904109589,22.630000000000013,2168.1299999999997,9.79,35.60333333333333,0
10008060,南投縣,名間鄉,2024,4.427984426229509,74.94196721311474,24.16032786885246,24.56360655737705,11.920000000000002,3.2873224043715843,97.97956284153004,18.600000000000044,2163.48,10.266666666666667,35.583333333333336,0
10008060,南投縣,名間鄉,2025,4.4936709580838325,78.10619178082192,23.22660273972603,23.222410958904106,11.320000000000002,3.0724383561643838,97.98282191780821,116.98,1915.1899999999998,9.933333333333334,33.626666666666665,0
10008070,南投縣,鹿谷鄉,2013,4.261101095890411,77.53293150684931,21.000986301369863,21.325150684931508,9.570000000000002,2.316712328767123,93.72117808219177,183.52000000000004,1169.3799999999997,6.98,31.296666666666663,0
10008070,南投縣,鹿谷鄉,2014,4.360468219178083,76.447698630137,21.0273698630137,21.520246575342465,11.790000000000001,2.340027397260274,93.76134246575343,275.52000000000004,1271.0099999999998,5.556666666666666,32.53333333333334,0
10008070,南投縣,鹿谷鄉,2015,4.492699452054795,78.2701095890411,21.28994520547945,21.65750684931507,10.040000000000001,2.479534246575342,93.80906849315068,166.76000000000005,1258.0899999999997,7.153333333333333,32.79,0
10008070,南投縣,鹿谷鄉,2016,4.239616120218579,83.50745901639343,20.995409836065576,20.97366120218579,10.809999999999999,2.3818032786885244,93.75715846994537,272.2600000000001,1258.78,2.9800000000000004,31.34,31
10008070,南投縣,鹿谷鄉,2017,4.48226191780822,78.82317808219177,21.503479452054794,21.808383561643833,7.859999999999999,2.201917808219178,93.78306849315071,114.07000000000015,1283.3399999999997,8.563333333333333,31.840000000000003,0
10008070,南投縣,鹿谷鄉,2018,4.518268493150686,78.37567123287671,21.525397260273973,21.991479452054797,10.530000000000001,2.3134520547945203,93.71413698630138,139.13,1316.4,5.843333333333334,33.64666666666667,0
10008070,南投縣,鹿谷鄉,2019,4.362369589041095,79.58065753424655,21.690246575342467,21.9592602739726,7.059999999999999,2.3109315068493155,93.7374794520548,31.31000000000005,1268.7499999999998,10.409999999999998,32.14,0
10008070,南投縣,鹿谷鄉,2020,4.662927595628416,77.23071038251366,21.749562841530054,22.122786885245905,9.139999999999997,2.2730327868852465,93.81311475409835,96.83999999999997,1359.3799999999997,4.3533333333333335,32.47666666666667,0
10008070,南投縣,鹿谷鄉,2021,4.698947123287672,75.23772602739727,21.743835616438357,22.240630136986304,12.530000000000001,2.4081369863013697,93.75794520547946,160.08000000000013,1417.0799999999997,7.026666666666666,33.94,0
10008070,南投縣,鹿谷鄉,2022,4.496051506849315,75.3934794520548,22.067123287671233,22.539397260273976,9.430000000000003,2.3230684931506844,93.72123287671234,137.61,1512.6099999999997,6.906666666666666,33.99,0
10008070,南投縣,鹿谷鄉,2023,4.528795890410959,73.0497808219178,22.43994520547945,23.13621917808219,10.149999999999999,2.4242739726027396,93.76715068493151,48.98000000000006,1560.0599999999995,7.863333333333334,34.82333333333333,0
10008070,南投縣,鹿谷鄉,2024,4.427984426229509,75.73502732240438,22.349617486338797,22.840054644808742,10.740000000000002,2.4553825136612017,93.7579781420765,111.9100000000001,1594.0699999999997,7.55,34.48,0
10008070,南投縣,鹿谷鄉,2025,4.4936709580838325,78.86197260273971,21.503123287671233,21.697013698630137,10.3,2.2614246575342465,93.74682191780823,183.51000000000002,1352.6499999999999,7.283333333333332,31.80666666666666,0
10008080,南投縣,中寮鄉,2013,4.261101095890411,77.2601095890411,22.688712328767124,22.790219178082193,11.09,3.0894246575342463,97.96427397260274,99.51000000000003,1701.3899999999999,9.33,32.96,0
10008080,南投縣,中寮鄉,2014,4.360468219178083,75.83621917808219,22.844438356164382,23.14778082191781,12.46,3.1030684931506847,97.99512328767123,131.81999999999996,1790.5399999999997,8.006666666666666,33.876666666666665,0
10008080,南投縣,中寮鄉,2015,4.492699452054795,77.55380821917807,23.09813698630137,23.303671232876713,11.239999999999998,3.1900273972602737,98.02684931506847,76.42000000000003,1827.7399999999996,9.53,33.42333333333334,0
10008080,南投縣,中寮鄉,2016,4.239616120218579,81.8832513661202,22.852786885245905,22.741775956284158,12.08,3.0749999999999993,97.98363387978141,161.01000000000002,1827.3300000000002,6.386666666666667,33.70666666666666,0
10008080,南投縣,中寮鄉,2017,4.48226191780822,77.38120547945205,23.321726027397258,23.502520547945206,9.600000000000001,3.041095890410959,98.01860273972603,22.40000000000002,1855.3299999999997,10.543333333333333,33.76333333333333,0
10008080,南投縣,中寮鄉,2018,4.518268493150686,77.03542465753425,23.314739726027394,23.623945205479455,11.260000000000002,3.074657534246575,97.94504109589042,76.32000000000009,1906.6999999999998,8.5,34.51,0
10008080,南投縣,中寮鄉,2019,4.362369589041095,78.90742465753424,23.410547945205476,23.522794520547944,8.190000000000001,3.158739726027398,97.95545205479452,0.0,1865.35,12.596666666666666,33.74,0
10008080,南投縣,中寮鄉,2020,4.662927595628416,75.2932786885246,23.67218579234973,23.94877049180328,10.530000000000001,3.2020765027322406,98.04295081967213,21.07999999999999,1987.2999999999993,8.643333333333333,33.72666666666667,0
10008080,南投縣,中寮鄉,2021,4.698947123287672,74.74978082191782,23.567506849315066,23.896383561643837,13.3,3.1679452054794526,97.98682191780823,76.57000000000002,1999.2099999999996,9.783333333333333,34.68666666666667,0
10008080,南投縣,中寮鄉,2022,4.496051506849315,74.72906849315068,23.782246575342462,24.124109589041094,11.809999999999999,3.329068493150685,97.95589041095889,40.9700000000001,2041.9899999999996,9.049999999999999,35.99333333333333,0
10008080,南投縣,中寮鄉,2023,4.528795890410959,72.37435616438356,24.17808219178082,24.68961643835616,12.21,3.193452054794521,97.99158904109589,22.630000000000013,2168.1299999999997,9.79,35.60333333333333,0
10008080,南投縣,中寮鄉,2024,4.427984426229509,74.94196721311474,24.16032786885246,24.56360655737705,11.920000000000002,3.2873224043715843,97.97956284153004,18.600000000000044,2163.48,10.266666666666667,35.583333333333336,0
10008080,南投縣,中寮鄉,2025,4.4936709580838325,78.10619178082192,23.22660273972603,23.222410958904106,11.320000000000002,3.0724383561643838,97.98282191780821,116.98,1915.1899999999998,9.933333333333334,33.626666666666665,0
10008090,南投縣,魚池鄉,2013,4.261101095890411,77.2601095890411,22.688712328767124,22.790219178082193,11.09,3.0894246575342463,97.96427397260274,99.51000000000003,1701.3899999999999,9.33,32.96,0
10008090,南投縣,魚池鄉,2014,4.360468219178083,75.83621917808219,22.844438356164382,23.14778082191781,12.46,3.1030684931506847,97.99512328767123,131.81999999999996,1790.5399999999997,8.006666666666666,33.876666666666665,0
10008090,南投縣,魚池鄉,2015,4.492699452054795,77.55380821917807,23.09813698630137,23.303671232876713,11.239999999999998,3.1900273972602737,98.02684931506847,76.42000000000003,1827.7399999999996,9.53,33.42333333333334,0
10008090,南投縣,魚池鄉,2016,4.239616120218579,81.8832513661202,22.852786885245905,22.741775956284158,12.08,3.0749999999999993,97.98363387978141,161.01000000000002,1827.3300000000002,6.386666666666667,33.70666666666666,0
10008090,南投縣,魚池鄉,2017,4.48226191780822,77.38120547945205,23.321726027397258,23.502520547945206,9.600000000000001,3.041095890410959,98.01860273972603,22.40000000000002,1855.3299999999997,10.543333333333333,33.76333333333333,0
10008090,南投縣,魚池鄉,2018,4.518268493150686,77.03542465753425,23.314739726027394,23.623945205479455,11.260000000000002,3.074657534246575,97.94504109589042,76.32000000000009,1906.6999999999998,8.5,34.51,0
10008090,南投縣,魚池鄉,2019,4.362369589041095,78.90742465753424,23.410547945205476,23.522794520547944,8.190000000000001,3.158739726027398,97.95545205479452,0.0,1865.35,12.596666666666666,33.74,0
10008090,南投縣,魚池鄉,2020,4.662927595628416,75.2932786885246,23.67218579234973,23.94877049180328,10.530000000000001,3.2020765027322406,98.04295081967213,21.07999999999999,1987.2999999999993,8.643333333333333,33.72666666666667,0
10008090,南投縣,魚池鄉,2021,4.698947123287672,74.74978082191782,23.567506849315066,23.896383561643837,13.3,3.1679452054794526,97.98682191780823,76.57000000000002,1999.2099999999996,9.783333333333333,34.68666666666667,0
10008090,南投縣,魚池鄉,2022,4.496051506849315,74.72906849315068,23.782246575342462,24.124109589041094,11.809999999999999,3.329068493150685,97.95589041095889,40.9700000000001,2041.9899999999996,9.049999999999999,35.99333333333333,0
10008090,南投縣,魚池鄉,2023,4.528795890410959,72.37435616438356,24.17808219178082,24.68961643835616,12.21,3.193452054794521,97.99158904109589,22.630000000000013,2168.1299999999997,9.79,35.60333333333333,0
10008090,南投縣,魚池鄉,2024,4.427984426229509,74.94196721311474,24.16032786885246,24.56360655737705,11.920000000000002,3.2873224043715843,97.97956284153004,18.600000000000044,2163.48,10.266666666666667,35.583333333333336,0
10008090,南投縣,魚池鄉,2025,4.4936709580838325,78.10619178082192,23.22660273972603,23.222410958904106,11.320000000000002,3.0724383561643838,97.98282191780821,116.98,1915.1899999999998,9.933333333333334,33.626666666666665,0
10008100,南投縣,國姓鄉,2013,4.009451780821918,77.2601095890411,22.688712328767124,22.790219178082193,11.09,3.0894246575342463,97.96427397260274,99.51000000000003,1701.3899999999999,9.33,32.96,0
10008100,南投縣,國姓鄉,2014,4.184105479452055,75.83621917808219,22.844438356164382,23.14778082191781,12.46,3.1030684931506847,97.99512328767123,131.81999999999996,1790.5399999999997,8.006666666666666,33.876666666666665,0
10008100,南投縣,國姓鄉,2015,4.192817260273972,77.55380821917807,23.09813698630137,23.303671232876713,11.239999999999998,3.1900273972602737,98.02684931506847,76.42000000000003,1827.7399999999996,9.53,33.42333333333334,0
10008100,南投縣,國姓鄉,2016,4.048986612021858,81.8832513661202,22.852786885245905,22.741775956284158,12.08,3.0749999999999993,97.98363387978141,161.01000000000002,1827.3300000000002,6.386666666666667,33.70666666666666,0
10008100,南投縣,國姓鄉,2017,4.27434191780822,77.38120547945205,23.321726027397258,23.502520547945206,9.600000000000001,3.041095890410959,98.01860273972603,22.40000000000002,1855.3299999999997,10.543333333333333,33.76333333333333,0
10008100,南投縣,國姓鄉,2018,4.392830136986301,77.03542465753425,23.314739726027394,23.623945205479455,11.260000000000002,3.074657534246575,97.94504109589042,76.32000000000009,1906.6999999999998,8.5,34.51,0
10008100,南投縣,國姓鄉,2019,4.1412726027397255,78.90742465753424,23.410547945205476,23.522794520547944,8.190000000000001,3.158739726027398,97.95545205479452,0.0,1865.35,12.596666666666666,33.74,0
10008100,南投縣,國姓鄉,2020,4.36221174863388,75.2932786885246,23.67218579234973,23.94877049180328,10.530000000000001,3.2020765027322406,98.04295081967213,21.07999999999999,1987.2999999999993,8.643333333333333,33.72666666666667,0
10008100,南投縣,國姓鄉,2021,4.52884301369863,74.74978082191782,23.567506849315066,23.896383561643837,13.3,3.1679452054794526,97.98682191780823,76.57000000000002,1999.2099999999996,9.783333333333333,34.68666666666667,0
10008100,南投縣,國姓鄉,2022,4.2272967123287675,74.72906849315068,23.782246575342462,24.124109589041094,11.809999999999999,3.329068493150685,97.95589041095889,40.9700000000001,2041.9899999999996,9.049999999999999,35.99333333333333,0
10008100,南投縣,國姓鄉,2023,4.319684931506848,72.37435616438356,24.17808219178082,24.68961643835616,12.21,3.193452054794521,97.99158904109589,22.630000000000013,2168.1299999999997,9.79,35.60333333333333,0
10008100,南投縣,國姓鄉,2024,4.189450000000001,74.94196721311474,24.16032786885246,24.56360655737705,11.920000000000002,3.2873224043715843,97.97956284153004,18.600000000000044,2163.48,10.266666666666667,35.583333333333336,0
10008100,南投縣,國姓鄉,2025,4.469936826347306,78.10619178082192,23.22660273972603,23.222410958904106,11.320000000000002,3.0724383561643838,97.98282191780821,116.98,1915.1899999999998,9.933333333333334,33.626666666666665,0
10008110,南投縣,水里鄉,2013,4.261101095890411,77.2601095890411,22.688712328767124,22.790219178082193,11.09,3.0894246575342463,97.96427397260274,99.51000000000003,1701.3899999999999,9.33,32.96,0
10008110,南投縣,水里鄉,2014,4.360468219178083,75.83621917808219,22.844438356164382,23.14778082191781,12.46,3.1030684931506847,97.99512328767123,131.81999999999996,1790.5399999999997,8.006666666666666,33.876666666666665,0
10008110,南投縣,水里鄉,2015,4.492699452054795,77.55380821917807,23.09813698630137,23.303671232876713,11.239999999999998,3.1900273972602737,98.02684931506847,76.42000000000003,1827.7399999999996,9.53,33.42333333333334,0
10008110,南投縣,水里鄉,2016,4.239616120218579,81.8832513661202,22.852786885245905,22.741775956284158,12.08,3.0749999999999993,97.98363387978141,161.01000000000002,1827.3300000000002,6.386666666666667,33.70666666666666,0
10008110,南投縣,水里鄉,2017,4.48226191780822,77.38120547945205,23.321726027397258,23.502520547945206,9.600000000000001,3.041095890410959,98.01860273972603,22.40000000000002,1855.3299999999997,10.543333333333333,33.76333333333333,0
10008110,南投縣,水里鄉,2018,4.518268493150686,77.03542465753425,23.314739726027394,23.623945205479455,11.260000000000002,3.074657534246575,97.94504109589042,76.32000000000009,1906.6999999999998,8.5,34.51,0
10008110,南投縣,水里鄉,2019,4.362369589041095,78.90742465753424,23.410547945205476,23.522794520547944,8.190000000000001,3.158739726027398,97.95545205479452,0.0,1865.35,12.596666666666666,33.74,0
10008110,南投縣,水里鄉,2020,4.662927595628416,75.2932786885246,23.67218579234973,23.94877049180328,10.530000000000001,3.2020765027322406,98.04295081967213,21.07999999999999,1987.2999999999993,8.643333333333333,33.72666666666667,0
10008110,南投縣,水里鄉,2021,4.698947123287672,74.74978082191782,23.567506849315066,23.896383561643837,13.3,3.1679452054794526,97.98682191780823,76.57000000000002,1999.2099999999996,9.783333333333333,34.68666666666667,0
10008110,南投縣,水里鄉,2022,4.496051506849315,74.72906849315068,23.782246575342462,24.124109589041094,11.809999999999999,3.329068493150685,97.95589041095889,40.9700000000001,2041.9899999999996,9.049999999999999,35.99333333333333,0
10008110,南投縣,水里鄉,2023,4.528795890410959,72.37435616438356,24.17808219178082,24.68961643835616,12.21,3.193452054794521,97.99158904109589,22.630000000000013,2168.1299999999997,9.79,35.60333333333333,0
10008110,南投縣,水里鄉,2024,4.427984426229509,74.94196721311474,24.16032786885246,24.56360655737705,11.920000000000002,3.2873224043715843,97.97956284153004,18.600000000000044,2163.48,10.266666666666667,35.583333333333336,0
10008110,南投縣,水里鄉,2025,4.4936709580838325,78.10619178082192,23.22660273972603,23.222410958904106,11.320000000000002,3.0724383561643838,97.98282191780821,116.98,1915.1899999999998,9.933333333333334,33.626666666666665,0
10008120,南投縣,信義鄉,2013,3.8099021917808225,84.680301369863,18.912657534246573,19.880684931506845,9.09,2.282246575342466,90.0328219178082,448.5,672.1199999999999,6.27,29.593333333333334,0
10008120,南投縣,信義鄉,2014,3.8691054794520543,82.8491780821918,19.114602739726028,20.177698630136987,11.0,2.149561643835616,90.04780821917808,531.6400000000001,828.9699999999997,5.266666666666667,29.790000000000003,0
10008120,南投縣,信義鄉,2015,3.9793805479452056,82.56654794520549,19.609260273972602,20.456904109589043,10.280000000000001,2.268547945205479,90.08728767123287,396.4900000000001,874.37,6.803333333333334,30.333333333333332,0
10008120,南投縣,信義鄉,2016,3.8879912568306008,85.82434426229507,19.551803278688528,20.332704918032785,9.870000000000001,2.302841530054645,90.05953551912569,455.4900000000001,913.6499999999997,4.556666666666667,30.53,0
10008120,南投縣,信義鄉,2017,3.952169315068493,84.91953424657534,19.425671232876713,20.395589041095892,8.779999999999998,2.254273972602739,90.09739726027397,423.89,834.7599999999998,7.343333333333334,29.209999999999997,0
10008120,南投縣,信義鄉,2018,4.065741095890411,83.46076712328765,19.621287671232874,20.678794520547942,9.780000000000001,2.1169589041095893,90.01810958904107,365.6000000000001,847.8699999999998,5.613333333333333,31.393333333333334,0
10008120,南投縣,信義鄉,2019,3.9398958904109587,83.73602739726027,19.909753424657534,20.747808219178083,7.719999999999999,2.2300273972602738,90.03128767123287,246.9700000000001,834.5299999999999,9.01,30.183333333333334,0
10008120,南投縣,信義鄉,2020,4.058899180327869,82.72448087431694,19.843060109289617,20.828825136612025,8.55,2.218852459016394,90.12103825136613,283.79000000000013,848.55,5.323333333333333,30.69666666666667,0
10008120,南投縣,信義鄉,2021,4.281669315068494,81.40958904109588,19.86024657534247,20.915671232876715,11.32,2.146739726027397,90.05589041095891,392.54000000000013,962.03,6.083333333333333,31.846666666666668,0
10008120,南投縣,信義鄉,2022,4.087057808219178,82.92627397260274,19.87846575342466,20.95030136986301,9.659999999999998,2.2483561643835617,90.04383561643836,337.2800000000002,913.4199999999998,6.45,31.71666666666667,0
10008120,南投縣,信義鄉,2023,4.066307945205479,81.41742465753426,20.153205479452055,21.310410958904104,9.379999999999999,2.290246575342466,90.07967123287672,283.82000000000016,960.2399999999999,6.646666666666667,31.95,0
10008120,南投縣,信義鄉,2024,3.984555737704918,80.76461748633879,20.56513661202186,21.597978142076503,10.360000000000001,2.3179234972677594,90.0681693989071,281.4000000000001,1110.44,7.733333333333334,32.11333333333334,0
10008120,南投縣,信義鄉,2025,4.086611676646707,84.60087671232877,19.571890410958904,20.471315068493148,9.889999999999999,2.193205479452055,90.06646575342464,428.4300000000001,892.67,6.9799999999999995,30.353333333333335,0
10008130,南投縣,仁愛鄉,2013,3.7659084931506848,84.79134246575343,16.775205479452055,17.073178082191784,10.770000000000001,1.6574794520547946,86.95128767123288,909.3700000000001,352.81999999999994,1.5999999999999999,28.37,62
10008130,南投縣,仁愛鄉,2014,3.8430613698630145,83.63350684931507,16.91676712328767,17.31104109589041,12.850000000000001,1.5065753424657533,86.96783561643836,958.3000000000001,453.4199999999998,0.5166666666666666,28.50666666666667,90
10008130,南投縣,仁愛鄉,2015,3.919658082191781,83.65953424657535,17.39553424657534,17.66654794520548,11.669999999999998,1.623150684931507,87.01591780821919,750.2200000000003,420.09000000000003,2.4600000000000004,28.666666666666668,0
10008130,南投縣,仁愛鄉,2016,3.7904614754098365,86.87497267759562,17.391775956284153,17.57863387978142,11.639999999999999,1.6457377049180326,86.98871584699454,840.7300000000002,508.3199999999998,-1.4033333333333335,29.88333333333333,91
10008130,南投縣,仁愛鄉,2017,3.8297947945205473,85.62208219178082,17.30167123287671,17.623479452054795,10.339999999999998,1.6195068493150686,87.01923287671232,818.5600000000002,454.16999999999985,2.61,28.473333333333333,28
10008130,南投縣,仁愛鄉,2018,3.9874175342465747,84.47572602739727,17.461178082191783,17.81090410958904,10.889999999999999,1.4777534246575343,86.93994520547945,777.4100000000002,471.2399999999999,1.0066666666666666,29.936666666666667,59
10008130,南投縣,仁愛鄉,2019,3.826375342465753,85.04457534246575,17.67019178082192,17.92690410958904,8.92,1.6516438356164385,86.97052054794521,610.5600000000002,380.67999999999995,4.583333333333333,27.95,0
10008130,南投縣,仁愛鄉,2020,3.9260226775956277,83.8541256830601,17.583579234972678,17.926557377049182,9.43,1.6166120218579234,87.0429781420765,715.69,453.4799999999999,-0.85,29.3,92
10008130,南投縣,仁愛鄉,2021,4.163436986301369,82.53632876712328,17.62934246575342,18.00731506849315,12.53,1.5383835616438355,86.98282191780822,768.3100000000002,523.5199999999998,1.4833333333333334,30.14,59
10008130,南投縣,仁愛鄉,2022,3.828847671232877,84.21824657534246,17.60717808219178,17.96380821917808,10.919999999999998,1.6194520547945206,86.96969863013697,683.5600000000001,430.67999999999984,1.4533333333333331,30.0,31
10008130,南投縣,仁愛鄉,2023,3.9763550684931515,81.82473972602739,18.021068493150683,18.48846575342466,11.049999999999999,1.6322465753424658,87.00750684931506,658.3500000000001,556.5399999999998,1.3166666666666667,30.403333333333332,62
10008130,南投縣,仁愛鄉,2024,3.833393169398907,82.35008196721311,18.366338797814205,18.73890710382514,11.610000000000001,1.618306010928962,87.00398907103826,635.61,659.8899999999999,3.393333333333333,30.173333333333332,31
10008130,南投縣,仁愛鄉,2025,4.008978143712575,85.57331506849314,17.38715068493151,17.61328767123288,11.549999999999999,1.6406575342465755,86.99345205479452,829.8499999999999,496.6599999999999,2.5433333333333334,27.900000000000002,31
10009010,雲林縣,斗六市,2013,4.261101095890411,77.53293150684931,21.000986301369863,21.325150684931508,9.570000000000002,2.316712328767123,93.72117808219177,183.52000000000004,1169.3799999999997,6.98,31.296666666666663,0
10009010,雲林縣,斗六市,2014,4.360468219178083,76.447698630137,21.0273698630137,21.520246575342465,11.790000000000001,2.340027397260274,93.76134246575343,275.52000000000004,1271.0099999999998,5.556666666666666,32.53333333333334,0
10009010,雲林縣,斗六市,2015,4.492699452054795,78.2701095890411,21.28994520547945,21.65750684931507,10.040000000000001,2.479534246575342,93.80906849315068,166.76000000000005,1258.0899999999997,7.153333333333333,32.79,0
10009010,雲林縣,斗六市,2016,4.239616120218579,83.50745901639343,20.995409836065576,20.97366120218579,10.809999999999999,2.3818032786885244,93.75715846994537,272.2600000000001,1258.78,2.9800000000000004,31.34,31
10009010,雲林縣,斗六市,2017,4.48226191780822,78.82317808219177,21.503479452054794,21.808383561643833,7.859999999999999,2.201917808219178,93.78306849315071,114.07000000000015,1283.3399999999997,8.563333333333333,31.840000000000003,0
10009010,雲林縣,斗六市,2018,4.518268493150686,78.37567123287671,21.525397260273973,21.991479452054797,10.530000000000001,2.3134520547945203,93.71413698630138,139.13,1316.4,5.843333333333334,33.64666666666667,0
10009010,雲林縣,斗六市,2019,4.362369589041095,79.58065753424655,21.690246575342467,21.9592602739726,7.059999999999999,2.3109315068493155,93.7374794520548,31.31000000000005,1268.7499999999998,10.409999999999998,32.14,0
10009010,雲林縣,斗六市,2020,4.662927595628416,77.23071038251366,21.749562841530054,22.122786885245905,9.139999999999997,2.2730327868852465,93.81311475409835,96.83999999999997,1359.3799999999997,4.3533333333333335,32.47666666666667,0
10009010,雲林縣,斗六市,2021,4.698947123287672,75.23772602739727,21.743835616438357,22.240630136986304,12.530000000000001,2.4081369863013697,93.75794520547946,160.08000000000013,1417.0799999999997,7.026666666666666,33.94,0
10009010,雲林縣,斗六市,2022,4.496051506849315,75.3934794520548,22.067123287671233,22.539397260273976,9.430000000000003,2.3230684931506844,93.72123287671234,137.61,1512.6099999999997,6.906666666666666,33.99,0
10009010,雲林縣,斗六市,2023,4.528795890410959,73.0497808219178,22.43994520547945,23.13621917808219,10.149999999999999,2.4242739726027396,93.76715068493151,48.98000000000006,1560.0599999999995,7.863333333333334,34.82333333333333,0
10009010,雲林縣,斗六市,2024,4.427984426229509,75.73502732240438,22.349617486338797,22.840054644808742,10.740000000000002,2.4553825136612017,93.7579781420765,111.9100000000001,1594.0699999999997,7.55,34.48,0
10009010,雲林縣,斗六市,2025,4.4936709580838325,78.86197260273971,21.503123287671233,21.697013698630137,10.3,2.2614246575342465,93.74682191780823,183.51000000000002,1352.6499999999999,7.283333333333332,31.80666666666666,0
10009020,雲林縣,斗南鎮,2013,4.261101095890411,77.53293150684931,21.000986301369863,21.325150684931508,9.570000000000002,2.316712328767123,93.72117808219177,183.52000000000004,1169.3799999999997,6.98,31.296666666666663,0
10009020,雲林縣,斗南鎮,2014,4.360468219178083,76.447698630137,21.0273698630137,21.520246575342465,11.790000000000001,2.340027397260274,93.76134246575343,275.52000000000004,1271.0099999999998,5.556666666666666,32.53333333333334,0
10009020,雲林縣,斗南鎮,2015,4.492699452054795,78.2701095890411,21.28994520547945,21.65750684931507,10.040000000000001,2.479534246575342,93.80906849315068,166.76000000000005,1258.0899999999997,7.153333333333333,32.79,0
10009020,雲林縣,斗南鎮,2016,4.239616120218579,83.50745901639343,20.995409836065576,20.97366120218579,10.809999999999999,2.3818032786885244,93.75715846994537,272.2600000000001,1258.78,2.9800000000000004,31.34,31
10009020,雲林縣,斗南鎮,2017,4.48226191780822,78.82317808219177,21.503479452054794,21.808383561643833,7.859999999999999,2.201917808219178,93.78306849315071,114.07000000000015,1283.3399999999997,8.563333333333333,31.840000000000003,0
10009020,雲林縣,斗南鎮,2018,4.518268493150686,78.37567123287671,21.525397260273973,21.991479452054797,10.530000000000001,2.3134520547945203,93.71413698630138,139.13,1316.4,5.843333333333334,33.64666666666667,0
10009020,雲林縣,斗南鎮,2019,4.362369589041095,79.58065753424655,21.690246575342467,21.9592602739726,7.059999999999999,2.3109315068493155,93.7374794520548,31.31000000000005,1268.7499999999998,10.409999999999998,32.14,0
10009020,雲林縣,斗南鎮,2020,4.662927595628416,77.23071038251366,21.749562841530054,22.122786885245905,9.139999999999997,2.2730327868852465,93.81311475409835,96.83999999999997,1359.3799999999997,4.3533333333333335,32.47666666666667,0
10009020,雲林縣,斗南鎮,2021,4.698947123287672,75.23772602739727,21.743835616438357,22.240630136986304,12.530000000000001,2.4081369863013697,93.75794520547946,160.08000000000013,1417.0799999999997,7.026666666666666,33.94,0
10009020,雲林縣,斗南鎮,2022,4.496051506849315,75.3934794520548,22.067123287671233,22.539397260273976,9.430000000000003,2.3230684931506844,93.72123287671234,137.61,1512.6099999999997,6.906666666666666,33.99,0
10009020,雲林縣,斗南鎮,2023,4.528795890410959,73.0497808219178,22.43994520547945,23.13621917808219,10.149999999999999,2.4242739726027396,93.76715068493151,48.98000000000006,1560.0599999999995,7.863333333333334,34.82333333333333,0
10009020,雲林縣,斗南鎮,2024,4.427984426229509,75.73502732240438,22.349617486338797,22.840054644808742,10.740000000000002,2.4553825136612017,93.7579781420765,111.9100000000001,1594.0699999999997,7.55,34.48,0
10009020,雲林縣,斗南鎮,2025,4.4936709580838325,78.86197260273971,21.503123287671233,21.697013698630137,10.3,2.2614246575342465,93.74682191780823,183.51000000000002,1352.6499999999999,7.283333333333332,31.80666666666666,0
10009030,雲林縣,虎尾鎮,2013,4.261101095890411,77.53293150684931,21.000986301369863,21.325150684931508,9.570000000000002,2.316712328767123,93.72117808219177,183.52000000000004,1169.3799999999997,6.98,31.296666666666663,0
10009030,雲林縣,虎尾鎮,2014,4.360468219178083,76.447698630137,21.0273698630137,21.520246575342465,11.790000000000001,2.340027397260274,93.76134246575343,275.52000000000004,1271.0099999999998,5.556666666666666,32.53333333333334,0
10009030,雲林縣,虎尾鎮,2015,4.492699452054795,78.2701095890411,21.28994520547945,21.65750684931507,10.040000000000001,2.479534246575342,93.80906849315068,166.76000000000005,1258.0899999999997,7.153333333333333,32.79,0
10009030,雲林縣,虎尾鎮,2016,4.239616120218579,83.50745901639343,20.995409836065576,20.97366120218579,10.809999999999999,2.3818032786885244,93.75715846994537,272.2600000000001,1258.78,2.9800000000000004,31.34,31
10009030,雲林縣,虎尾鎮,2017,4.48226191780822,78.82317808219177,21.503479452054794,21.808383561643833,7.859999999999999,2.201917808219178,93.78306849315071,114.07000000000015,1283.3399999999997,8.563333333333333,31.840000000000003,0
10009030,雲林縣,虎尾鎮,2018,4.518268493150686,78.37567123287671,21.525397260273973,21.991479452054797,10.530000000000001,2.3134520547945203,93.71413698630138,139.13,1316.4,5.843333333333334,33.64666666666667,0
10009030,雲林縣,虎尾鎮,2019,4.362369589041095,79.58065753424655,21.690246575342467,21.9592602739726,7.059999999999999,2.3109315068493155,93.7374794520548,31.31000000000005,1268.7499999999998,10.409999999999998,32.14,0
10009030,雲林縣,虎尾鎮,2020,4.662927595628416,77.23071038251366,21.749562841530054,22.122786885245905,9.139999999999997,2.2730327868852465,93.81311475409835,96.83999999999997,1359.3799999999997,4.3533333333333335,32.47666666666667,0
10009030,雲林縣,虎尾鎮,2021,4.698947123287672,75.23772602739727,21.743835616438357,22.240630136986304,12.530000000000001,2.4081369863013697,93.75794520547946,160.08000000000013,1417.0799999999997,7.026666666666666,33.94,0
10009030,雲林縣,虎尾鎮,2022,4.496051506849315,75.3934794520548,22.067123287671233,22.539397260273976,9.430000000000003,2.3230684931506844,93.72123287671234,137.61,1512.6099999999997,6.906666666666666,33.99,0
10009030,雲林縣,虎尾鎮,2023,4.528795890410959,73.0497808219178,22.43994520547945,23.13621917808219,10.149999999999999,2.4242739726027396,93.76715068493151,48.98000000000006,1560.0599999999995,7.863333333333334,34.82333333333333,0
10009030,雲林縣,虎尾鎮,2024,4.427984426229509,75.73502732240438,22.349617486338797,22.840054644808742,10.740000000000002,2.4553825136612017,93.7579781420765,111.9100000000001,1594.0699999999997,7.55,34.48,0
10009030,雲林縣,虎尾鎮,2025,4.4936709580838325,78.86197260273971,21.503123287671233,21.697013698630137,10.3,2.2614246575342465,93.74682191780823,183.51000000000002,1352.6499999999999,7.283333333333332,31.80666666666666,0
10009040,雲林縣,西螺鎮,2013,4.261101095890411,77.2601095890411,22.688712328767124,22.790219178082193,11.09,3.0894246575342463,97.96427397260274,99.51000000000003,1701.3899999999999,9.33,32.96,0
10009040,雲林縣,西螺鎮,2014,4.360468219178083,75.83621917808219,22.844438356164382,23.14778082191781,12.46,3.1030684931506847,97.99512328767123,131.81999999999996,1790.5399999999997,8.006666666666666,33.876666666666665,0
10009040,雲林縣,西螺鎮,2015,4.492699452054795,77.55380821917807,23.09813698630137,23.303671232876713,11.239999999999998,3.1900273972602737,98.02684931506847,76.42000000000003,1827.7399999999996,9.53,33.42333333333334,0
10009040,雲林縣,西螺鎮,2016,4.239616120218579,81.8832513661202,22.852786885245905,22.741775956284158,12.08,3.0749999999999993,97.98363387978141,161.01000000000002,1827.3300000000002,6.386666666666667,33.70666666666666,0
10009040,雲林縣,西螺鎮,2017,4.48226191780822,77.38120547945205,23.321726027397258,23.502520547945206,9.600000000000001,3.041095890410959,98.01860273972603,22.40000000000002,1855.3299999999997,10.543333333333333,33.76333333333333,0
10009040,雲林縣,西螺鎮,2018,4.518268493150686,77.03542465753425,23.314739726027394,23.623945205479455,11.260000000000002,3.074657534246575,97.94504109589042,76.32000000000009,1906.6999999999998,8.5,34.51,0
10009040,雲林縣,西螺鎮,2019,4.362369589041095,78.90742465753424,23.410547945205476,23.522794520547944,8.190000000000001,3.158739726027398,97.95545205479452,0.0,1865.35,12.596666666666666,33.74,0
10009040,雲林縣,西螺鎮,2020,4.662927595628416,75.2932786885246,23.67218579234973,23.94877049180328,10.530000000000001,3.2020765027322406,98.04295081967213,21.07999999999999,1987.2999999999993,8.643333333333333,33.72666666666667,0
10009040,雲林縣,西螺鎮,2021,4.698947123287672,74.74978082191782,23.567506849315066,23.896383561643837,13.3,3.1679452054794526,97.98682191780823,76.57000000000002,1999.2099999999996,9.783333333333333,34.68666666666667,0
10009040,雲林縣,西螺鎮,2022,4.496051506849315,74.72906849315068,23.782246575342462,24.124109589041094,11.809999999999999,3.329068493150685,97.95589041095889,40.9700000000001,2041.9899999999996,9.049999999999999,35.99333333333333,0
10009040,雲林縣,西螺鎮,2023,4.528795890410959,72.37435616438356,24.17808219178082,24.68961643835616,12.21,3.193452054794521,97.99158904109589,22.630000000000013,2168.1299999999997,9.79,35.60333333333333,0
10009040,雲林縣,西螺鎮,2024,4.427984426229509,74.94196721311474,24.16032786885246,24.56360655737705,11.920000000000002,3.2873224043715843,97.97956284153004,18.600000000000044,2163.48,10.266666666666667,35.583333333333336,0
10009040,雲林縣,西螺鎮,2025,4.4936709580838325,78.10619178082192,23.22660273972603,23.222410958904106,11.320000000000002,3.0724383561643838,97.98282191780821,116.98,1915.1899999999998,9.933333333333334,33.626666666666665,0
10009050,雲林縣,土庫鎮,2013,4.261101095890411,77.53293150684931,21.000986301369863,21.325150684931508,9.570000000000002,2.316712328767123,93.72117808219177,183.52000000000004,1169.3799999999997,6.98,31.296666666666663,0
10009050,雲林縣,土庫鎮,2014,4.360468219178083,76.447698630137,21.0273698630137,21.520246575342465,11.790000000000001,2.340027397260274,93.76134246575343,275.52000000000004,1271.0099999999998,5.556666666666666,32.53333333333334,0
10009050,雲林縣,土庫鎮,2015,4.492699452054795,78.2701095890411,21.28994520547945,21.65750684931507,10.040000000000001,2.479534246575342,93.80906849315068,166.76000000000005,1258.0899999999997,7.153333333333333,32.79,0
10009050,雲林縣,土庫鎮,2016,4.239616120218579,83.50745901639343,20.995409836065576,20.97366120218579,10.809999999999999,2.3818032786885244,93.75715846994537,272.2600000000001,1258.78,2.9800000000000004,31.34,31
10009050,雲林縣,土庫鎮,2017,4.48226191780822,78.82317808219177,21.503479452054794,21.808383561643833,7.859999999999999,2.201917808219178,93.78306849315071,114.07000000000015,1283.3399999999997,8.563333333333333,31.840000000000003,0
10009050,雲林縣,土庫鎮,2018,4.518268493150686,78.37567123287671,21.525397260273973,21.991479452054797,10.530000000000001,2.3134520547945203,93.71413698630138,139.13,1316.4,5.843333333333334,33.64666666666667,0
10009050,雲林縣,土庫鎮,2019,4.362369589041095,79.58065753424655,21.690246575342467,21.9592602739726,7.059999999999999,2.3109315068493155,93.7374794520548,31.31000000000005,1268.7499999999998,10.409999999999998,32.14,0
10009050,雲林縣,土庫鎮,2020,4.662927595628416,77.23071038251366,21.749562841530054,22.122786885245905,9.139999999999997,2.2730327868852465,93.81311475409835,96.83999999999997,1359.3799999999997,4.3533333333333335,32.47666666666667,0
10009050,雲林縣,土庫鎮,2021,4.698947123287672,75.23772602739727,21.743835616438357,22.240630136986304,12.530000000000001,2.4081369863013697,93.75794520547946,160.08000000000013,1417.0799999999997,7.026666666666666,33.94,0
10009050,雲林縣,土庫鎮,2022,4.496051506849315,75.3934794520548,22.067123287671233,22.539397260273976,9.430000000000003,2.3230684931506844,93.72123287671234,137.61,1512.6099999999997,6.906666666666666,33.99,0
10009050,雲林縣,土庫鎮,2023,4.528795890410959,73.0497808219178,22.43994520547945,23.13621917808219,10.149999999999999,2.4242739726027396,93.76715068493151,48.98000000000006,1560.0599999999995,7.863333333333334,34.82333333333333,0
10009050,雲林縣,土庫鎮,2024,4.427984426229509,75.73502732240438,22.349617486338797,22.840054644808742,10.740000000000002,2.4553825136612017,93.7579781420765,111.9100000000001,1594.0699999999997,7.55,34.48,0
10009050,雲林縣,土庫鎮,2025,4.4936709580838325,78.86197260273971,21.503123287671233,21.697013698630137,10.3,2.2614246575342465,93.74682191780823,183.51000000000002,1352.6499999999999,7.283333333333332,31.80666666666666,0
10009060,雲林縣,北港鎮,2013,4.261101095890411,81.2994794520548,24.033917808219172,24.79967123287671,9.350000000000001,5.57109589041096,101.27709589041096,10.850000000000044,2103.7299999999996,14.283333333333333,30.903333333333336,0
10009060,雲林縣,北港鎮,2014,4.360468219178083,80.76208219178082,24.161616438356162,24.9738904109589,9.630000000000003,5.241534246575342,101.2993698630137,1.2399999999999736,2140.7299999999996,14.016666666666666,31.25666666666667,0
10009060,雲林縣,北港鎮,2015,4.492699452054795,82.07071232876713,24.432438356164383,25.115561643835616,9.059999999999999,5.45172602739726,101.3311780821918,2.170000000000009,2240.5099999999998,14.549999999999999,31.156666666666666,0
10009060,雲林縣,北港鎮,2016,4.239616120218579,84.54622950819672,24.432213114754095,25.09349726775956,9.620000000000001,5.442732240437159,101.27896174863389,37.39,2281.7799999999997,12.036666666666667,31.186666666666667,0
10009060,雲林縣,北港鎮,2017,4.48226191780822,81.74147945205479,24.62257534246575,25.38331506849315,8.5,5.366054794520547,101.31775342465754,0.0,2307.74,15.506666666666666,31.036666666666665,0
10009060,雲林縣,北港鎮,2018,4.518268493150686,81.09517808219178,24.555671232876712,25.393178082191785,8.899999999999999,5.417972602739726,101.23487671232877,10.360000000000028,2293.6799999999994,13.796666666666667,31.36,0
10009060,雲林縣,北港鎮,2019,4.362369589041095,82.77279452054795,24.86635616438356,25.58578082191781,7.359999999999999,5.494904109589041,101.24008219178081,0.0,2396.7200000000003,17.486666666666668,30.706666666666667,0
10009060,雲林縣,北港鎮,2020,4.662927595628416,80.67513661202186,24.967759562841533,25.74836065573771,9.080000000000002,5.66139344262295,101.33254098360655,0.0,2440.3999999999996,13.536666666666667,31.69333333333333,0
10009060,雲林縣,北港鎮,2021,4.698947123287672,80.67778082191779,24.760219178082192,25.593890410958906,9.64,5.473780821917808,101.27624657534248,28.210000000000004,2386.1899999999996,14.633333333333335,32.18666666666667,0
10009060,雲林縣,北港鎮,2022,4.496051506849315,80.94123287671232,24.779698630136988,25.61975342465753,9.799999999999997,6.0501369863013705,101.2466301369863,4.480000000000004,2369.5699999999997,14.5,32.35,0
10009060,雲林縣,北港鎮,2023,4.528795890410959,80.32405479452055,24.94479452054794,25.68964383561644,9.969999999999999,5.561095890410959,101.27778082191783,0.0,2425.35,13.953333333333333,32.5,0
10009060,雲林縣,北港鎮,2024,4.427984426229509,81.18677595628417,25.25625683060109,26.016420765027323,9.36,5.628224043715848,101.26857923497266,0.0,2545.9899999999993,14.446666666666667,32.88,0
10009060,雲林縣,北港鎮,2025,4.4936709580838325,82.44660273972602,24.53528767123288,25.244684931506846,9.86,5.515945205479452,101.27605479452055,47.80000000000008,2323.6799999999994,14.573333333333332,30.97666666666667,0
10009070,雲林縣,古坑鄉,2013,4.261101095890411,77.53293150684931,21.000986301369863,21.325150684931508,9.570000000000002,2.316712328767123,93.72117808219177,183.52000000000004,1169.3799999999997,6.98,31.296666666666663,0
10009070,雲林縣,古坑鄉,2014,4.360468219178083,76.447698630137,21.0273698630137,21.520246575342465,11.790000000000001,2.340027397260274,93.76134246575343,275.52000000000004,1271.0099999999998,5.556666666666666,32.53333333333334,0
10009070,雲林縣,古坑鄉,2015,4.492699452054795,78.2701095890411,21.28994520547945,21.65750684931507,10.040000000000001,2.479534246575342,93.80906849315068,166.76000000000005,1258.0899999999997,7.153333333333333,32.79,0
10009070,雲林縣,古坑鄉,2016,4.239616120218579,83.50745901639343,20.995409836065576,20.97366120218579,10.809999999999999,2.3818032786885244,93.75715846994537,272.2600000000001,1258.78,2.9800000000000004,31.34,31
10009070,雲林縣,古坑鄉,2017,4.48226191780822,78.82317808219177,21.503479452054794,21.808383561643833,7.859999999999999,2.201917808219178,93.78306849315071,114.07000000000015,1283.3399999999997,8.563333333333333,31.840000000000003,0
10009070,雲林縣,古坑鄉,2018,4.518268493150686,78.37567123287671,21.525397260273973,21.991479452054797,10.530000000000001,2.3134520547945203,93.71413698630138,139.13,1316.4,5.843333333333334,33.64666666666667,0
10009070,雲林縣,古坑鄉,2019,4.362369589041095,79.58065753424655,21.690246575342467,21.9592602739726,7.059999999999999,2.3109315068493155,93.7374794520548,31.31000000000005,1268.7499999999998,10.409999999999998,32.14,0
10009070,雲林縣,古坑鄉,2020,4.662927595628416,77.23071038251366,21.749562841530054,22.122786885245905,9.139999999999997,2.2730327868852465,93.81311475409835,96.83999999999997,1359.3799999999997,4.3533333333333335,32.47666666666667,0
10009070,雲林縣,古坑鄉,2021,4.698947123287672,75.23772602739727,21.743835616438357,22.240630136986304,12.530000000000001,2.4081369863013697,93.75794520547946,160.08000000000013,1417.0799999999997,7.026666666666666,33.94,0
10009070,雲林縣,古坑鄉,2022,4.496051506849315,75.3934794520548,22.067123287671233,22.539397260273976,9.430000000000003,2.3230684931506844,93.72123287671234,137.61,1512.6099999999997,6.906666666666666,33.99,0
10009070,雲林縣,古坑鄉,2023,4.528795890410959,73.0497808219178,22.43994520547945,23.13621917808219,10.149999999999999,2.4242739726027396,93.76715068493151,48.98000000000006,1560.0599999999995,7.863333333333334,34.82333333333333,0
10009070,雲林縣,古坑鄉,2024,4.427984426229509,75.73502732240438,22.349617486338797,22.840054644808742,10.740000000000002,2.4553825136612017,93.7579781420765,111.9100000000001,1594.0699999999997,7.55,34.48,0
10009070,雲林縣,古坑鄉,2025,4.4936709580838325,78.86197260273971,21.503123287671233,21.697013698630137,10.3,2.2614246575342465,93.74682191780823,183.51000000000002,1352.6499999999999,7.283333333333332,31.80666666666666,0
10009080,雲林縣,大埤鄉,2013,4.261101095890411,77.53293150684931,21.000986301369863,21.325150684931508,9.570000000000002,2.316712328767123,93.72117808219177,183.52000000000004,1169.3799999999997,6.98,31.296666666666663,0
10009080,雲林縣,大埤鄉,2014,4.360468219178083,76.447698630137,21.0273698630137,21.520246575342465,11.790000000000001,2.340027397260274,93.76134246575343,275.52000000000004,1271.0099999999998,5.556666666666666,32.53333333333334,0
10009080,雲林縣,大埤鄉,2015,4.492699452054795,78.2701095890411,21.28994520547945,21.65750684931507,10.040000000000001,2.479534246575342,93.80906849315068,166.76000000000005,1258.0899999999997,7.153333333333333,32.79,0
10009080,雲林縣,大埤鄉,2016,4.239616120218579,83.50745901639343,20.995409836065576,20.97366120218579,10.809999999999999,2.3818032786885244,93.75715846994537,272.2600000000001,1258.78,2.9800000000000004,31.34,31
10009080,雲林縣,大埤鄉,2017,4.48226191780822,78.82317808219177,21.503479452054794,21.808383561643833,7.859999999999999,2.201917808219178,93.78306849315071,114.07000000000015,1283.3399999999997,8.563333333333333,31.840000000000003,0
10009080,雲林縣,大埤鄉,2018,4.518268493150686,78.37567123287671,21.525397260273973,21.991479452054797,10.530000000000001,2.3134520547945203,93.71413698630138,139.13,1316.4,5.843333333333334,33.64666666666667,0
10009080,雲林縣,大埤鄉,2019,4.362369589041095,79.58065753424655,21.690246575342467,21.9592602739726,7.059999999999999,2.3109315068493155,93.7374794520548,31.31000000000005,1268.7499999999998,10.409999999999998,32.14,0
10009080,雲林縣,大埤鄉,2020,4.662927595628416,77.23071038251366,21.749562841530054,22.122786885245905,9.139999999999997,2.2730327868852465,93.81311475409835,96.83999999999997,1359.3799999999997,4.3533333333333335,32.47666666666667,0
10009080,雲林縣,大埤鄉,2021,4.698947123287672,75.23772602739727,21.743835616438357,22.240630136986304,12.530000000000001,2.4081369863013697,93.75794520547946,160.08000000000013,1417.0799999999997,7.026666666666666,33.94,0
10009080,雲林縣,大埤鄉,2022,4.496051506849315,75.3934794520548,22.067123287671233,22.539397260273976,9.430000000000003,2.3230684931506844,93.72123287671234,137.61,1512.6099999999997,6.906666666666666,33.99,0
10009080,雲林縣,大埤鄉,2023,4.528795890410959,73.0497808219178,22.43994520547945,23.13621917808219,10.149999999999999,2.4242739726027396,93.76715068493151,48.98000000000006,1560.0599999999995,7.863333333333334,34.82333333333333,0
10009080,雲林縣,大埤鄉,2024,4.427984426229509,75.73502732240438,22.349617486338797,22.840054644808742,10.740000000000002,2.4553825136612017,93.7579781420765,111.9100000000001,1594.0699999999997,7.55,34.48,0
10009080,雲林縣,大埤鄉,2025,4.4936709580838325,78.86197260273971,21.503123287671233,21.697013698630137,10.3,2.2614246575342465,93.74682191780823,183.51000000000002,1352.6499999999999,7.283333333333332,31.80666666666666,0
10009090,雲林縣,莿桐鄉,2013,4.261101095890411,77.2601095890411,22.688712328767124,22.790219178082193,11.09,3.0894246575342463,97.96427397260274,99.51000000000003,1701.3899999999999,9.33,32.96,0
10009090,雲林縣,莿桐鄉,2014,4.360468219178083,75.83621917808219,22.844438356164382,23.14778082191781,12.46,3.1030684931506847,97.99512328767123,131.81999999999996,1790.5399999999997,8.006666666666666,33.876666666666665,0
10009090,雲林縣,莿桐鄉,2015,4.492699452054795,77.55380821917807,23.09813698630137,23.303671232876713,11.239999999999998,3.1900273972602737,98.02684931506847,76.42000000000003,1827.7399999999996,9.53,33.42333333333334,0
10009090,雲林縣,莿桐鄉,2016,4.239616120218579,81.8832513661202,22.852786885245905,22.741775956284158,12.08,3.0749999999999993,97.98363387978141,161.01000000000002,1827.3300000000002,6.386666666666667,33.70666666666666,0
10009090,雲林縣,莿桐鄉,2017,4.48226191780822,77.38120547945205,23.321726027397258,23.502520547945206,9.600000000000001,3.041095890410959,98.01860273972603,22.40000000000002,1855.3299999999997,10.543333333333333,33.76333333333333,0
10009090,雲林縣,莿桐鄉,2018,4.518268493150686,77.03542465753425,23.314739726027394,23.623945205479455,11.260000000000002,3.074657534246575,97.94504109589042,76.32000000000009,1906.6999999999998,8.5,34.51,0
10009090,雲林縣,莿桐鄉,2019,4.362369589041095,78.90742465753424,23.410547945205476,23.522794520547944,8.190000000000001,3.158739726027398,97.95545205479452,0.0,1865.35,12.596666666666666,33.74,0
10009090,雲林縣,莿桐鄉,2020,4.662927595628416,75.2932786885246,23.67218579234973,23.94877049180328,10.530000000000001,3.2020765027322406,98.04295081967213,21.07999999999999,1987.2999999999993,8.643333333333333,33.72666666666667,0
10009090,雲林縣,莿桐鄉,2021,4.698947123287672,74.74978082191782,23.567506849315066,23.896383561643837,13.3,3.1679452054794526,97.98682191780823,76.57000000000002,1999.2099999999996,9.783333333333333,34.68666666666667,0
10009090,雲林縣,莿桐鄉,2022,4.496051506849315,74.72906849315068,23.782246575342462,24.124109589041094,11.809999999999999,3.329068493150685,97.95589041095889,40.9700000000001,2041.9899999999996,9.049999999999999,35.99333333333333,0
10009090,雲林縣,莿桐鄉,2023,4.528795890410959,72.37435616438356,24.17808219178082,24.68961643835616,12.21,3.193452054794521,97.99158904109589,22.630000000000013,2168.1299999999997,9.79,35.60333333333333,0
10009090,雲林縣,莿桐鄉,2024,4.427984426229509,74.94196721311474,24.16032786885246,24.56360655737705,11.920000000000002,3.2873224043715843,97.97956284153004,18.600000000000044,2163.48,10.266666666666667,35.583333333333336,0
10009090,雲林縣,莿桐鄉,2025,4.4936709580838325,78.10619178082192,23.22660273972603,23.222410958904106,11.320000000000002,3.0724383561643838,97.98282191780821,116.98,1915.1899999999998,9.933333333333334,33.626666666666665,0
10009100,雲林縣,林內鄉,2013,4.261101095890411,77.2601095890411,22.688712328767124,22.790219178082193,11.09,3.0894246575342463,97.96427397260274,99.51000000000003,1701.3899999999999,9.33,32.96,0
10009100,雲林縣,林內鄉,2014,4.360468219178083,75.83621917808219,22.844438356164382,23.14778082191781,12.46,3.1030684931506847,97.99512328767123,131.81999999999996,1790.5399999999997,8.006666666666666,33.876666666666665,0
10009100,雲林縣,林內鄉,2015,4.492699452054795,77.55380821917807,23.09813698630137,23.303671232876713,11.239999999999998,3.1900273972602737,98.02684931506847,76.42000000000003,1827.7399999999996,9.53,33.42333333333334,0
10009100,雲林縣,林內鄉,2016,4.239616120218579,81.8832513661202,22.852786885245905,22.741775956284158,12.08,3.0749999999999993,97.98363387978141,161.01000000000002,1827.3300000000002,6.386666666666667,33.70666666666666,0
10009100,雲林縣,林內鄉,2017,4.48226191780822,77.38120547945205,23.321726027397258,23.502520547945206,9.600000000000001,3.041095890410959,98.01860273972603,22.40000000000002,1855.3299999999997,10.543333333333333,33.76333333333333,0
10009100,雲林縣,林內鄉,2018,4.518268493150686,77.03542465753425,23.314739726027394,23.623945205479455,11.260000000000002,3.074657534246575,97.94504109589042,76.32000000000009,1906.6999999999998,8.5,34.51,0
10009100,雲林縣,林內鄉,2019,4.362369589041095,78.90742465753424,23.410547945205476,23.522794520547944,8.190000000000001,3.158739726027398,97.95545205479452,0.0,1865.35,12.596666666666666,33.74,0
10009100,雲林縣,林內鄉,2020,4.662927595628416,75.2932786885246,23.67218579234973,23.94877049180328,10.530000000000001,3.2020765027322406,98.04295081967213,21.07999999999999,1987.2999999999993,8.643333333333333,33.72666666666667,0
10009100,雲林縣,林內鄉,2021,4.698947123287672,74.74978082191782,23.567506849315066,23.896383561643837,13.3,3.1679452054794526,97.98682191780823,76.57000000000002,1999.2099999999996,9.783333333333333,34.68666666666667,0
10009100,雲林縣,林內鄉,2022,4.496051506849315,74.72906849315068,23.782246575342462,24.124109589041094,11.809999999999999,3.329068493150685,97.95589041095889,40.9700000000001,2041.9899999999996,9.049999999999999,35.99333333333333,0
10009100,雲林縣,林內鄉,2023,4.528795890410959,72.37435616438356,24.17808219178082,24.68961643835616,12.21,3.193452054794521,97.99158904109589,22.630000000000013,2168.1299999999997,9.79,35.60333333333333,0
10009100,雲林縣,林內鄉,2024,4.427984426229509,74.94196721311474,24.16032786885246,24.56360655737705,11.920000000000002,3.2873224043715843,97.97956284153004,18.600000000000044,2163.48,10.266666666666667,35.583333333333336,0
10009100,雲林縣,林內鄉,2025,4.4936709580838325,78.10619178082192,23.22660273972603,23.222410958904106,11.320000000000002,3.0724383561643838,97.98282191780821,116.98,1915.1899999999998,9.933333333333334,33.626666666666665,0
10009110,雲林縣,二崙鄉,2013,4.261101095890411,77.2601095890411,22.688712328767124,22.790219178082193,11.09,3.0894246575342463,97.96427397260274,99.51000000000003,1701.3899999999999,9.33,32.96,0
10009110,雲林縣,二崙鄉,2014,4.360468219178083,75.83621917808219,22.844438356164382,23.14778082191781,12.46,3.1030684931506847,97.99512328767123,131.81999999999996,1790.5399999999997,8.006666666666666,33.876666666666665,0
10009110,雲林縣,二崙鄉,2015,4.492699452054795,77.55380821917807,23.09813698630137,23.303671232876713,11.239999999999998,3.1900273972602737,98.02684931506847,76.42000000000003,1827.7399999999996,9.53,33.42333333333334,0
10009110,雲林縣,二崙鄉,2016,4.239616120218579,81.8832513661202,22.852786885245905,22.741775956284158,12.08,3.0749999999999993,97.98363387978141,161.01000000000002,1827.3300000000002,6.386666666666667,33.70666666666666,0
10009110,雲林縣,二崙鄉,2017,4.48226191780822,77.38120547945205,23.321726027397258,23.502520547945206,9.600000000000001,3.041095890410959,98.01860273972603,22.40000000000002,1855.3299999999997,10.543333333333333,33.76333333333333,0
10009110,雲林縣,二崙鄉,2018,4.518268493150686,77.03542465753425,23.314739726027394,23.623945205479455,11.260000000000002,3.074657534246575,97.94504109589042,76.32000000000009,1906.6999999999998,8.5,34.51,0
10009110,雲林縣,二崙鄉,2019,4.362369589041095,78.90742465753424,23.410547945205476,23.522794520547944,8.190000000000001,3.158739726027398,97.95545205479452,0.0,1865.35,12.596666666666666,33.74,0
10009110,雲林縣,二崙鄉,2020,4.662927595628416,75.2932786885246,23.67218579234973,23.94877049180328,10.530000000000001,3.2020765027322406,98.04295081967213,21.07999999999999,1987.2999999999993,8.643333333333333,33.72666666666667,0
10009110,雲林縣,二崙鄉,2021,4.698947123287672,74.74978082191782,23.567506849315066,23.896383561643837,13.3,3.1679452054794526,97.98682191780823,76.57000000000002,1999.2099999999996,9.783333333333333,34.68666666666667,0
10009110,雲林縣,二崙鄉,2022,4.496051506849315,74.72906849315068,23.782246575342462,24.124109589041094,11.809999999999999,3.329068493150685,97.95589041095889,40.9700000000001,2041.9899999999996,9.049999999999999,35.99333333333333,0
10009110,雲林縣,二崙鄉,2023,4.528795890410959,72.37435616438356,24.17808219178082,24.68961643835616,12.21,3.193452054794521,97.99158904109589,22.630000000000013,2168.1299999999997,9.79,35.60333333333333,0
10009110,雲林縣,二崙鄉,2024,4.427984426229509,74.94196721311474,24.16032786885246,24.56360655737705,11.920000000000002,3.2873224043715843,97.97956284153004,18.600000000000044,2163.48,10.266666666666667,35.583333333333336,0
10009110,雲林縣,二崙鄉,2025,4.4936709580838325,78.10619178082192,23.22660273972603,23.222410958904106,11.320000000000002,3.0724383561643838,97.98282191780821,116.98,1915.1899999999998,9.933333333333334,33.626666666666665,0
10009120,雲林縣,崙背鄉,2013,4.261101095890411,77.2601095890411,22.688712328767124,22.790219178082193,11.09,3.0894246575342463,97.96427397260274,99.51000000000003,1701.3899999999999,9.33,32.96,0
10009120,雲林縣,崙背鄉,2014,4.360468219178083,75.83621917808219,22.844438356164382,23.14778082191781,12.46,3.1030684931506847,97.99512328767123,131.81999999999996,1790.5399999999997,8.006666666666666,33.876666666666665,0
10009120,雲林縣,崙背鄉,2015,4.492699452054795,77.55380821917807,23.09813698630137,23.303671232876713,11.239999999999998,3.1900273972602737,98.02684931506847,76.42000000000003,1827.7399999999996,9.53,33.42333333333334,0
10009120,雲林縣,崙背鄉,2016,4.239616120218579,81.8832513661202,22.852786885245905,22.741775956284158,12.08,3.0749999999999993,97.98363387978141,161.01000000000002,1827.3300000000002,6.386666666666667,33.70666666666666,0
10009120,雲林縣,崙背鄉,2017,4.48226191780822,77.38120547945205,23.321726027397258,23.502520547945206,9.600000000000001,3.041095890410959,98.01860273972603,22.40000000000002,1855.3299999999997,10.543333333333333,33.76333333333333,0
10009120,雲林縣,崙背鄉,2018,4.518268493150686,77.03542465753425,23.314739726027394,23.623945205479455,11.260000000000002,3.074657534246575,97.94504109589042,76.32000000000009,1906.6999999999998,8.5,34.51,0
10009120,雲林縣,崙背鄉,2019,4.362369589041095,78.90742465753424,23.410547945205476,23.522794520547944,8.190000000000001,3.158739726027398,97.95545205479452,0.0,1865.35,12.596666666666666,33.74,0
10009120,雲林縣,崙背鄉,2020,4.662927595628416,75.2932786885246,23.67218579234973,23.94877049180328,10.530000000000001,3.2020765027322406,98.04295081967213,21.07999999999999,1987.2999999999993,8.643333333333333,33.72666666666667,0
10009120,雲林縣,崙背鄉,2021,4.698947123287672,74.74978082191782,23.567506849315066,23.896383561643837,13.3,3.1679452054794526,97.98682191780823,76.57000000000002,1999.2099999999996,9.783333333333333,34.68666666666667,0
10009120,雲林縣,崙背鄉,2022,4.496051506849315,74.72906849315068,23.782246575342462,24.124109589041094,11.809999999999999,3.329068493150685,97.95589041095889,40.9700000000001,2041.9899999999996,9.049999999999999,35.99333333333333,0
10009120,雲林縣,崙背鄉,2023,4.528795890410959,72.37435616438356,24.17808219178082,24.68961643835616,12.21,3.193452054794521,97.99158904109589,22.630000000000013,2168.1299999999997,9.79,35.60333333333333,0
10009120,雲林縣,崙背鄉,2024,4.427984426229509,74.94196721311474,24.16032786885246,24.56360655737705,11.920000000000002,3.2873224043715843,97.97956284153004,18.600000000000044,2163.48,10.266666666666667,35.583333333333336,0
10009120,雲林縣,崙背鄉,2025,4.4936709580838325,78.10619178082192,23.22660273972603,23.222410958904106,11.320000000000002,3.0724383561643838,97.98282191780821,116.98,1915.1899999999998,9.933333333333334,33.626666666666665,0
10009130,雲林縣,麥寮鄉,2013,4.261101095890411,83.17221917808219,23.437260273972598,24.25095890410959,10.740000000000002,6.820273972602739,101.3035890410959,65.76000000000003,1940.8599999999997,13.520000000000001,29.903333333333332,0
10009130,雲林縣,麥寮鄉,2014,4.360468219178083,83.23928767123287,23.534219178082193,24.388712328767127,10.419999999999998,6.356054794520548,101.32920547945207,79.58000000000007,1990.0699999999997,13.230000000000002,30.363333333333333,0
10009130,雲林縣,麥寮鄉,2015,4.492699452054795,84.32153424657534,23.790657534246577,24.535260273972604,9.66,6.6666849315068495,101.35602739726026,56.23000000000006,2060.3199999999997,13.936666666666667,29.903333333333336,0
10009130,雲林縣,麥寮鄉,2016,4.239616120218579,85.41729508196723,23.939480874316942,24.708224043715845,10.66,6.53863387978142,101.3022131147541,98.54000000000002,2162.59,11.76,30.35666666666667,0
10009130,雲林縣,麥寮鄉,2017,4.48226191780822,83.39372602739726,24.02115068493151,24.830191780821913,10.32,6.762246575342465,101.34682191780821,33.03999999999999,2121.2599999999998,14.51,30.080000000000002,0
10009130,雲林縣,麥寮鄉,2018,4.518268493150686,83.096,23.970739726027396,24.93515068493151,9.8,6.60427397260274,101.26882191780822,56.640000000000114,2126.46,13.74,29.64333333333333,0
10009130,雲林縣,麥寮鄉,2019,4.362369589041095,84.3026301369863,24.293342465753422,25.137835616438355,8.73,6.869671232876713,101.27246575342465,0.0,2187.5699999999993,16.593333333333334,30.159999999999997,0
10009130,雲林縣,麥寮鄉,2020,4.662927595628416,82.69625683060107,24.34928961748634,25.22486338797814,8.98,7.091147540983607,101.36748633879782,0.0,2214.04,12.853333333333333,30.333333333333332,0
10009130,雲林縣,麥寮鄉,2021,4.698947123287672,83.66553424657533,24.02986301369863,24.85931506849315,11.240000000000002,6.6368767123287675,101.30868493150685,77.56000000000003,2168.9599999999996,13.853333333333333,30.293333333333333,0
10009130,雲林縣,麥寮鄉,2022,4.496051506849315,83.71279452054793,23.96101369863014,24.797095890410954,11.940000000000001,7.542493150684932,101.28734246575341,53.480000000000004,2119.75,13.300000000000002,30.486666666666665,0
10009130,雲林縣,麥寮鄉,2023,4.528795890410959,83.50287671232877,24.140602739726027,24.921835616438354,11.069999999999997,6.730767123287671,101.31583561643835,66.19000000000001,2198.0099999999998,13.07,30.92,0
10009130,雲林縣,麥寮鄉,2024,4.427984426229509,83.86382513661201,24.555765027322398,25.481530054644807,9.330000000000002,6.917213114754098,101.29939890710384,0.0,2289.61,13.596666666666666,30.796666666666667,0
10009130,雲林縣,麥寮鄉,2025,4.4936709580838325,83.82095890410959,24.002438356164383,24.726931506849315,11.740000000000002,6.725397260273972,101.30583561643837,118.16000000000003,2199.5499999999997,13.49,30.72,0
10009140,雲林縣,東勢鄉,2013,4.261101095890411,81.2994794520548,24.033917808219172,24.79967123287671,9.350000000000001,5.57109589041096,101.27709589041096,10.850000000000044,2103.7299999999996,14.283333333333333,30.903333333333336,0
10009140,雲林縣,東勢鄉,2014,4.360468219178083,80.76208219178082,24.161616438356162,24.9738904109589,9.630000000000003,5.241534246575342,101.2993698630137,1.2399999999999736,2140.7299999999996,14.016666666666666,31.25666666666667,0
10009140,雲林縣,東勢鄉,2015,4.492699452054795,82.07071232876713,24.432438356164383,25.115561643835616,9.059999999999999,5.45172602739726,101.3311780821918,2.170000000000009,2240.5099999999998,14.549999999999999,31.156666666666666,0
10009140,雲林縣,東勢鄉,2016,4.239616120218579,84.54622950819672,24.432213114754095,25.09349726775956,9.620000000000001,5.442732240437159,101.27896174863389,37.39,2281.7799999999997,12.036666666666667,31.186666666666667,0
10009140,雲林縣,東勢鄉,2017,4.48226191780822,81.74147945205479,24.62257534246575,25.38331506849315,8.5,5.366054794520547,101.31775342465754,0.0,2307.74,15.506666666666666,31.036666666666665,0
10009140,雲林縣,東勢鄉,2018,4.518268493150686,81.09517808219178,24.555671232876712,25.393178082191785,8.899999999999999,5.417972602739726,101.23487671232877,10.360000000000028,2293.6799999999994,13.796666666666667,31.36,0
10009140,雲林縣,東勢鄉,2019,4.362369589041095,82.77279452054795,24.86635616438356,25.58578082191781,7.359999999999999,5.494904109589041,101.24008219178081,0.0,2396.7200000000003,17.486666666666668,30.706666666666667,0
10009140,雲林縣,東勢鄉,2020,4.662927595628416,80.67513661202186,24.967759562841533,25.74836065573771,9.080000000000002,5.66139344262295,101.33254098360655,0.0,2440.3999999999996,13.536666666666667,31.69333333333333,0
10009140,雲林縣,東勢鄉,2021,4.698947123287672,80.67778082191779,24.760219178082192,25.593890410958906,9.64,5.473780821917808,101.27624657534248,28.210000000000004,2386.1899999999996,14.633333333333335,32.18666666666667,0
10009140,雲林縣,東勢鄉,2022,4.496051506849315,80.94123287671232,24.779698630136988,25.61975342465753,9.799999999999997,6.0501369863013705,101.2466301369863,4.480000000000004,2369.5699999999997,14.5,32.35,0
10009140,雲林縣,東勢鄉,2023,4.528795890410959,80.32405479452055,24.94479452054794,25.68964383561644,9.969999999999999,5.561095890410959,101.27778082191783,0.0,2425.35,13.953333333333333,32.5,0
10009140,雲林縣,東勢鄉,2024,4.427984426229509,81.18677595628417,25.25625683060109,26.016420765027323,9.36,5.628224043715848,101.26857923497266,0.0,2545.9899999999993,14.446666666666667,32.88,0
10009140,雲林縣,東勢鄉,2025,4.4936709580838325,82.44660273972602,24.53528767123288,25.244684931506846,9.86,5.515945205479452,101.27605479452055,47.80000000000008,2323.6799999999994,14.573333333333332,30.97666666666667,0
10009150,雲林縣,褒忠鄉,2013,4.261101095890411,81.2994794520548,24.033917808219172,24.79967123287671,9.350000000000001,5.57109589041096,101.27709589041096,10.850000000000044,2103.7299999999996,14.283333333333333,30.903333333333336,0
10009150,雲林縣,褒忠鄉,2014,4.360468219178083,80.76208219178082,24.161616438356162,24.9738904109589,9.630000000000003,5.241534246575342,101.2993698630137,1.2399999999999736,2140.7299999999996,14.016666666666666,31.25666666666667,0
10009150,雲林縣,褒忠鄉,2015,4.492699452054795,82.07071232876713,24.432438356164383,25.115561643835616,9.059999999999999,5.45172602739726,101.3311780821918,2.170000000000009,2240.5099999999998,14.549999999999999,31.156666666666666,0
10009150,雲林縣,褒忠鄉,2016,4.239616120218579,84.54622950819672,24.432213114754095,25.09349726775956,9.620000000000001,5.442732240437159,101.27896174863389,37.39,2281.7799999999997,12.036666666666667,31.186666666666667,0
10009150,雲林縣,褒忠鄉,2017,4.48226191780822,81.74147945205479,24.62257534246575,25.38331506849315,8.5,5.366054794520547,101.31775342465754,0.0,2307.74,15.506666666666666,31.036666666666665,0
10009150,雲林縣,褒忠鄉,2018,4.518268493150686,81.09517808219178,24.555671232876712,25.393178082191785,8.899999999999999,5.417972602739726,101.23487671232877,10.360000000000028,2293.6799999999994,13.796666666666667,31.36,0
10009150,雲林縣,褒忠鄉,2019,4.362369589041095,82.77279452054795,24.86635616438356,25.58578082191781,7.359999999999999,5.494904109589041,101.24008219178081,0.0,2396.7200000000003,17.486666666666668,30.706666666666667,0
10009150,雲林縣,褒忠鄉,2020,4.662927595628416,80.67513661202186,24.967759562841533,25.74836065573771,9.080000000000002,5.66139344262295,101.33254098360655,0.0,2440.3999999999996,13.536666666666667,31.69333333333333,0
10009150,雲林縣,褒忠鄉,2021,4.698947123287672,80.67778082191779,24.760219178082192,25.593890410958906,9.64,5.473780821917808,101.27624657534248,28.210000000000004,2386.1899999999996,14.633333333333335,32.18666666666667,0
10009150,雲林縣,褒忠鄉,2022,4.496051506849315,80.94123287671232,24.779698630136988,25.61975342465753,9.799999999999997,6.0501369863013705,101.2466301369863,4.480000000000004,2369.5699999999997,14.5,32.35,0
10009150,雲林縣,褒忠鄉,2023,4.528795890410959,80.32405479452055,24.94479452054794,25.68964383561644,9.969999999999999,5.561095890410959,101.27778082191783,0.0,2425.35,13.953333333333333,32.5,0
10009150,雲林縣,褒忠鄉,2024,4.427984426229509,81.18677595628417,25.25625683060109,26.016420765027323,9.36,5.628224043715848,101.26857923497266,0.0,2545.9899999999993,14.446666666666667,32.88,0
10009150,雲林縣,褒忠鄉,2025,4.4936709580838325,82.44660273972602,24.53528767123288,25.244684931506846,9.86,5.515945205479452,101.27605479452055,47.80000000000008,2323.6799999999994,14.573333333333332,30.97666666666667,0
10009160,雲林縣,臺西鄉,2013,4.261101095890411,81.2994794520548,24.033917808219172,24.79967123287671,9.350000000000001,5.57109589041096,101.27709589041096,10.850000000000044,2103.7299999999996,14.283333333333333,30.903333333333336,0
10009160,雲林縣,臺西鄉,2014,4.360468219178083,80.76208219178082,24.161616438356162,24.9738904109589,9.630000000000003,5.241534246575342,101.2993698630137,1.2399999999999736,2140.7299999999996,14.016666666666666,31.25666666666667,0
10009160,雲林縣,臺西鄉,2015,4.492699452054795,82.07071232876713,24.432438356164383,25.115561643835616,9.059999999999999,5.45172602739726,101.3311780821918,2.170000000000009,2240.5099999999998,14.549999999999999,31.156666666666666,0
10009160,雲林縣,臺西鄉,2016,4.239616120218579,84.54622950819672,24.432213114754095,25.09349726775956,9.620000000000001,5.442732240437159,101.27896174863389,37.39,2281.7799999999997,12.036666666666667,31.186666666666667,0
10009160,雲林縣,臺西鄉,2017,4.48226191780822,81.74147945205479,24.62257534246575,25.38331506849315,8.5,5.366054794520547,101.31775342465754,0.0,2307.74,15.506666666666666,31.036666666666665,0
10009160,雲林縣,臺西鄉,2018,4.518268493150686,81.09517808219178,24.555671232876712,25.393178082191785,8.899999999999999,5.417972602739726,101.23487671232877,10.360000000000028,2293.6799999999994,13.796666666666667,31.36,0
10009160,雲林縣,臺西鄉,2019,4.362369589041095,82.77279452054795,24.86635616438356,25.58578082191781,7.359999999999999,5.494904109589041,101.24008219178081,0.0,2396.7200000000003,17.486666666666668,30.706666666666667,0
10009160,雲林縣,臺西鄉,2020,4.662927595628416,80.67513661202186,24.967759562841533,25.74836065573771,9.080000000000002,5.66139344262295,101.33254098360655,0.0,2440.3999999999996,13.536666666666667,31.69333333333333,0
10009160,雲林縣,臺西鄉,2021,4.698947123287672,80.67778082191779,24.760219178082192,25.593890410958906,9.64,5.473780821917808,101.27624657534248,28.210000000000004,2386.1899999999996,14.633333333333335,32.18666666666667,0
10009160,雲林縣,臺西鄉,2022,4.496051506849315,80.94123287671232,24.779698630136988,25.61975342465753,9.799999999999997,6.0501369863013705,101.2466301369863,4.480000000000004,2369.5699999999997,14.5,32.35,0
10009160,雲林縣,臺西鄉,2023,4.528795890410959,80.32405479452055,24.94479452054794,25.68964383561644,9.969999999999999,5.561095890410959,101.27778082191783,0.0,2425.35,13.953333333333333,32.5,0
10009160,雲林縣,臺西鄉,2024,4.427984426229509,81.18677595628417,25.25625683060109,26.016420765027323,9.36,5.628224043715848,101.26857923497266,0.0,2545.9899999999993,14.446666666666667,32.88,0
10009160,雲林縣,臺西鄉,2025,4.4936709580838325,82.44660273972602,24.53528767123288,25.244684931506846,9.86,5.515945205479452,101.27605479452055,47.80000000000008,2323.6799999999994,14.573333333333332,30.97666666666667,0
10009170,雲林縣,元長鄉,2013,4.261101095890411,77.53293150684931,21.000986301369863,21.325150684931508,9.570000000000002,2.316712328767123,93.72117808219177,183.52000000000004,1169.3799999999997,6.98,31.296666666666663,0
10009170,雲林縣,元長鄉,2014,4.360468219178083,76.447698630137,21.0273698630137,21.520246575342465,11.790000000000001,2.340027397260274,93.76134246575343,275.52000000000004,1271.0099999999998,5.556666666666666,32.53333333333334,0
10009170,雲林縣,元長鄉,2015,4.492699452054795,78.2701095890411,21.28994520547945,21.65750684931507,10.040000000000001,2.479534246575342,93.80906849315068,166.76000000000005,1258.0899999999997,7.153333333333333,32.79,0
10009170,雲林縣,元長鄉,2016,4.239616120218579,83.50745901639343,20.995409836065576,20.97366120218579,10.809999999999999,2.3818032786885244,93.75715846994537,272.2600000000001,1258.78,2.9800000000000004,31.34,31
10009170,雲林縣,元長鄉,2017,4.48226191780822,78.82317808219177,21.503479452054794,21.808383561643833,7.859999999999999,2.201917808219178,93.78306849315071,114.07000000000015,1283.3399999999997,8.563333333333333,31.840000000000003,0
10009170,雲林縣,元長鄉,2018,4.518268493150686,78.37567123287671,21.525397260273973,21.991479452054797,10.530000000000001,2.3134520547945203,93.71413698630138,139.13,1316.4,5.843333333333334,33.64666666666667,0
10009170,雲林縣,元長鄉,2019,4.362369589041095,79.58065753424655,21.690246575342467,21.9592602739726,7.059999999999999,2.3109315068493155,93.7374794520548,31.31000000000005,1268.7499999999998,10.409999999999998,32.14,0
10009170,雲林縣,元長鄉,2020,4.662927595628416,77.23071038251366,21.749562841530054,22.122786885245905,9.139999999999997,2.2730327868852465,93.81311475409835,96.83999999999997,1359.3799999999997,4.3533333333333335,32.47666666666667,0
10009170,雲林縣,元長鄉,2021,4.698947123287672,75.23772602739727,21.743835616438357,22.240630136986304,12.530000000000001,2.4081369863013697,93.75794520547946,160.08000000000013,1417.0799999999997,7.026666666666666,33.94,0
10009170,雲林縣,元長鄉,2022,4.496051506849315,75.3934794520548,22.067123287671233,22.539397260273976,9.430000000000003,2.3230684931506844,93.72123287671234,137.61,1512.6099999999997,6.906666666666666,33.99,0
10009170,雲林縣,元長鄉,2023,4.528795890410959,73.0497808219178,22.43994520547945,23.13621917808219,10.149999999999999,2.4242739726027396,93.76715068493151,48.98000000000006,1560.0599999999995,7.863333333333334,34.82333333333333,0
10009170,雲林縣,元長鄉,2024,4.427984426229509,75.73502732240438,22.349617486338797,22.840054644808742,10.740000000000002,2.4553825136612017,93.7579781420765,111.9100000000001,1594.0699999999997,7.55,34.48,0
10009170,雲林縣,元長鄉,2025,4.4936709580838325,78.86197260273971,21.503123287671233,21.697013698630137,10.3,2.2614246575342465,93.74682191780823,183.51000000000002,1352.6499999999999,7.283333333333332,31.80666666666666,0
10009180,雲林縣,四湖鄉,2013,4.261101095890411,81.2994794520548,24.033917808219172,24.79967123287671,9.350000000000001,5.57109589041096,101.27709589041096,10.850000000000044,2103.7299999999996,14.283333333333333,30.903333333333336,0
10009180,雲林縣,四湖鄉,2014,4.360468219178083,80.76208219178082,24.161616438356162,24.9738904109589,9.630000000000003,5.241534246575342,101.2993698630137,1.2399999999999736,2140.7299999999996,14.016666666666666,31.25666666666667,0
10009180,雲林縣,四湖鄉,2015,4.492699452054795,82.07071232876713,24.432438356164383,25.115561643835616,9.059999999999999,5.45172602739726,101.3311780821918,2.170000000000009,2240.5099999999998,14.549999999999999,31.156666666666666,0
10009180,雲林縣,四湖鄉,2016,4.239616120218579,84.54622950819672,24.432213114754095,25.09349726775956,9.620000000000001,5.442732240437159,101.27896174863389,37.39,2281.7799999999997,12.036666666666667,31.186666666666667,0
10009180,雲林縣,四湖鄉,2017,4.48226191780822,81.74147945205479,24.62257534246575,25.38331506849315,8.5,5.366054794520547,101.31775342465754,0.0,2307.74,15.506666666666666,31.036666666666665,0
10009180,雲林縣,四湖鄉,2018,4.518268493150686,81.09517808219178,24.555671232876712,25.393178082191785,8.899999999999999,5.417972602739726,101.23487671232877,10.360000000000028,2293.6799999999994,13.796666666666667,31.36,0
10009180,雲林縣,四湖鄉,2019,4.362369589041095,82.77279452054795,24.86635616438356,25.58578082191781,7.359999999999999,5.494904109589041,101.24008219178081,0.0,2396.7200000000003,17.486666666666668,30.706666666666667,0
10009180,雲林縣,四湖鄉,2020,4.662927595628416,80.67513661202186,24.967759562841533,25.74836065573771,9.080000000000002,5.66139344262295,101.33254098360655,0.0,2440.3999999999996,13.536666666666667,31.69333333333333,0
10009180,雲林縣,四湖鄉,2021,4.698947123287672,80.67778082191779,24.760219178082192,25.593890410958906,9.64,5.473780821917808,101.27624657534248,28.210000000000004,2386.1899999999996,14.633333333333335,32.18666666666667,0
10009180,雲林縣,四湖鄉,2022,4.496051506849315,80.94123287671232,24.779698630136988,25.61975342465753,9.799999999999997,6.0501369863013705,101.2466301369863,4.480000000000004,2369.5699999999997,14.5,32.35,0
10009180,雲林縣,四湖鄉,2023,4.528795890410959,80.32405479452055,24.94479452054794,25.68964383561644,9.969999999999999,5.561095890410959,101.27778082191783,0.0,2425.35,13.953333333333333,32.5,0
10009180,雲林縣,四湖鄉,2024,4.427984426229509,81.18677595628417,25.25625683060109,26.016420765027323,9.36,5.628224043715848,101.26857923497266,0.0,2545.9899999999993,14.446666666666667,32.88,0
10009180,雲林縣,四湖鄉,2025,4.4936709580838325,82.44660273972602,24.53528767123288,25.244684931506846,9.86,5.515945205479452,101.27605479452055,47.80000000000008,2323.6799999999994,14.573333333333332,30.97666666666667,0
10009190,雲林縣,口湖鄉,2013,4.261101095890411,81.2994794520548,24.033917808219172,24.79967123287671,9.350000000000001,5.57109589041096,101.27709589041096,10.850000000000044,2103.7299999999996,14.283333333333333,30.903333333333336,0
10009190,雲林縣,口湖鄉,2014,4.360468219178083,80.76208219178082,24.161616438356162,24.9738904109589,9.630000000000003,5.241534246575342,101.2993698630137,1.2399999999999736,2140.7299999999996,14.016666666666666,31.25666666666667,0
10009190,雲林縣,口湖鄉,2015,4.492699452054795,82.07071232876713,24.432438356164383,25.115561643835616,9.059999999999999,5.45172602739726,101.3311780821918,2.170000000000009,2240.5099999999998,14.549999999999999,31.156666666666666,0
10009190,雲林縣,口湖鄉,2016,4.239616120218579,84.54622950819672,24.432213114754095,25.09349726775956,9.620000000000001,5.442732240437159,101.27896174863389,37.39,2281.7799999999997,12.036666666666667,31.186666666666667,0
10009190,雲林縣,口湖鄉,2017,4.48226191780822,81.74147945205479,24.62257534246575,25.38331506849315,8.5,5.366054794520547,101.31775342465754,0.0,2307.74,15.506666666666666,31.036666666666665,0
10009190,雲林縣,口湖鄉,2018,4.518268493150686,81.09517808219178,24.555671232876712,25.393178082191785,8.899999999999999,5.417972602739726,101.23487671232877,10.360000000000028,2293.6799999999994,13.796666666666667,31.36,0
10009190,雲林縣,口湖鄉,2019,4.362369589041095,82.77279452054795,24.86635616438356,25.58578082191781,7.359999999999999,5.494904109589041,101.24008219178081,0.0,2396.7200000000003,17.486666666666668,30.706666666666667,0
10009190,雲林縣,口湖鄉,2020,4.662927595628416,80.67513661202186,24.967759562841533,25.74836065573771,9.080000000000002,5.66139344262295,101.33254098360655,0.0,2440.3999999999996,13.536666666666667,31.69333333333333,0
10009190,雲林縣,口湖鄉,2021,4.698947123287672,80.67778082191779,24.760219178082192,25.593890410958906,9.64,5.473780821917808,101.27624657534248,28.210000000000004,2386.1899999999996,14.633333333333335,32.18666666666667,0
10009190,雲林縣,口湖鄉,2022,4.496051506849315,80.94123287671232,24.779698630136988,25.61975342465753,9.799999999999997,6.0501369863013705,101.2466301369863,4.480000000000004,2369.5699999999997,14.5,32.35,0
10009190,雲林縣,口湖鄉,2023,4.528795890410959,80.32405479452055,24.94479452054794,25.68964383561644,9.969999999999999,5.561095890410959,101.27778082191783,0.0,2425.35,13.953333333333333,32.5,0
10009190,雲林縣,口湖鄉,2024,4.427984426229509,81.18677595628417,25.25625683060109,26.016420765027323,9.36,5.628224043715848,101.26857923497266,0.0,2545.9899999999993,14.446666666666667,32.88,0
10009190,雲林縣,口湖鄉,2025,4.4936709580838325,82.44660273972602,24.53528767123288,25.244684931506846,9.86,5.515945205479452,101.27605479452055,47.80000000000008,2323.6799999999994,14.573333333333332,30.97666666666667,0
10009200,雲林縣,水林鄉,2013,4.261101095890411,81.2994794520548,24.033917808219172,24.79967123287671,9.350000000000001,5.57109589041096,101.27709589041096,10.850000000000044,2103.7299999999996,14.283333333333333,30.903333333333336,0
10009200,雲林縣,水林鄉,2014,4.360468219178083,80.76208219178082,24.161616438356162,24.9738904109589,9.630000000000003,5.241534246575342,101.2993698630137,1.2399999999999736,2140.7299999999996,14.016666666666666,31.25666666666667,0
10009200,雲林縣,水林鄉,2015,4.492699452054795,82.07071232876713,24.432438356164383,25.115561643835616,9.059999999999999,5.45172602739726,101.3311780821918,2.170000000000009,2240.5099999999998,14.549999999999999,31.156666666666666,0
10009200,雲林縣,水林鄉,2016,4.239616120218579,84.54622950819672,24.432213114754095,25.09349726775956,9.620000000000001,5.442732240437159,101.27896174863389,37.39,2281.7799999999997,12.036666666666667,31.186666666666667,0
10009200,雲林縣,水林鄉,2017,4.48226191780822,81.74147945205479,24.62257534246575,25.38331506849315,8.5,5.366054794520547,101.31775342465754,0.0,2307.74,15.506666666666666,31.036666666666665,0
10009200,雲林縣,水林鄉,2018,4.518268493150686,81.09517808219178,24.555671232876712,25.393178082191785,8.899999999999999,5.417972602739726,101.23487671232877,10.360000000000028,2293.6799999999994,13.796666666666667,31.36,0
10009200,雲林縣,水林鄉,2019,4.362369589041095,82.77279452054795,24.86635616438356,25.58578082191781,7.359999999999999,5.494904109589041,101.24008219178081,0.0,2396.7200000000003,17.486666666666668,30.706666666666667,0
10009200,雲林縣,水林鄉,2020,4.662927595628416,80.67513661202186,24.967759562841533,25.74836065573771,9.080000000000002,5.66139344262295,101.33254098360655,0.0,2440.3999999999996,13.536666666666667,31.69333333333333,0
10009200,雲林縣,水林鄉,2021,4.698947123287672,80.67778082191779,24.760219178082192,25.593890410958906,9.64,5.473780821917808,101.27624657534248,28.210000000000004,2386.1899999999996,14.633333333333335,32.18666666666667,0
10009200,雲林縣,水林鄉,2022,4.496051506849315,80.94123287671232,24.779698630136988,25.61975342465753,9.799999999999997,6.0501369863013705,101.2466301369863,4.480000000000004,2369.5699999999997,14.5,32.35,0
10009200,雲林縣,水林鄉,2023,4.528795890410959,80.32405479452055,24.94479452054794,25.68964383561644,9.969999999999999,5.561095890410959,101.27778082191783,0.0,2425.35,13.953333333333333,32.5,0
10009200,雲林縣,水林鄉,2024,4.427984426229509,81.18677595628417,25.25625683060109,26.016420765027323,9.36,5.628224043715848,101.26857923497266,0.0,2545.9899999999993,14.446666666666667,32.88,0
10009200,雲林縣,水林鄉,2025,4.4936709580838325,82.44660273972602,24.53528767123288,25.244684931506846,9.86,5.515945205479452,101.27605479452055,47.80000000000008,2323.6799999999994,14.573333333333332,30.97666666666667,0
10010010,嘉義縣,太保市,2013,4.261101095890411,77.53293150684931,21.000986301369863,21.325150684931508,9.570000000000002,2.316712328767123,93.72117808219177,183.52000000000004,1169.3799999999997,6.98,31.296666666666663,0
10010010,嘉義縣,太保市,2014,4.360468219178083,76.447698630137,21.0273698630137,21.520246575342465,11.790000000000001,2.340027397260274,93.76134246575343,275.52000000000004,1271.0099999999998,5.556666666666666,32.53333333333334,0
10010010,嘉義縣,太保市,2015,4.492699452054795,78.2701095890411,21.28994520547945,21.65750684931507,10.040000000000001,2.479534246575342,93.80906849315068,166.76000000000005,1258.0899999999997,7.153333333333333,32.79,0
10010010,嘉義縣,太保市,2016,4.239616120218579,83.50745901639343,20.995409836065576,20.97366120218579,10.809999999999999,2.3818032786885244,93.75715846994537,272.2600000000001,1258.78,2.9800000000000004,31.34,31
10010010,嘉義縣,太保市,2017,4.48226191780822,78.82317808219177,21.503479452054794,21.808383561643833,7.859999999999999,2.201917808219178,93.78306849315071,114.07000000000015,1283.3399999999997,8.563333333333333,31.840000000000003,0
10010010,嘉義縣,太保市,2018,4.518268493150686,78.37567123287671,21.525397260273973,21.991479452054797,10.530000000000001,2.3134520547945203,93.71413698630138,139.13,1316.4,5.843333333333334,33.64666666666667,0
10010010,嘉義縣,太保市,2019,4.362369589041095,79.58065753424655,21.690246575342467,21.9592602739726,7.059999999999999,2.3109315068493155,93.7374794520548,31.31000000000005,1268.7499999999998,10.409999999999998,32.14,0
10010010,嘉義縣,太保市,2020,4.662927595628416,77.23071038251366,21.749562841530054,22.122786885245905,9.139999999999997,2.2730327868852465,93.81311475409835,96.83999999999997,1359.3799999999997,4.3533333333333335,32.47666666666667,0
10010010,嘉義縣,太保市,2021,4.698947123287672,75.23772602739727,21.743835616438357,22.240630136986304,12.530000000000001,2.4081369863013697,93.75794520547946,160.08000000000013,1417.0799999999997,7.026666666666666,33.94,0
10010010,嘉義縣,太保市,2022,4.496051506849315,75.3934794520548,22.067123287671233,22.539397260273976,9.430000000000003,2.3230684931506844,93.72123287671234,137.61,1512.6099999999997,6.906666666666666,33.99,0
10010010,嘉義縣,太保市,2023,4.528795890410959,73.0497808219178,22.43994520547945,23.13621917808219,10.149999999999999,2.4242739726027396,93.76715068493151,48.98000000000006,1560.0599999999995,7.863333333333334,34.82333333333333,0
10010010,嘉義縣,太保市,2024,4.427984426229509,75.73502732240438,22.349617486338797,22.840054644808742,10.740000000000002,2.4553825136612017,93.7579781420765,111.9100000000001,1594.0699999999997,7.55,34.48,0
10010010,嘉義縣,太保市,2025,4.4936709580838325,78.86197260273971,21.503123287671233,21.697013698630137,10.3,2.2614246575342465,93.74682191780823,183.51000000000002,1352.6499999999999,7.283333333333332,31.80666666666666,0
10010020,嘉義縣,朴子市,2013,4.261101095890411,81.2994794520548,24.033917808219172,24.79967123287671,9.350000000000001,5.57109589041096,101.27709589041096,10.850000000000044,2103.7299999999996,14.283333333333333,30.903333333333336,0
10010020,嘉義縣,朴子市,2014,4.360468219178083,80.76208219178082,24.161616438356162,24.9738904109589,9.630000000000003,5.241534246575342,101.2993698630137,1.2399999999999736,2140.7299999999996,14.016666666666666,31.25666666666667,0
10010020,嘉義縣,朴子市,2015,4.492699452054795,82.07071232876713,24.432438356164383,25.115561643835616,9.059999999999999,5.45172602739726,101.3311780821918,2.170000000000009,2240.5099999999998,14.549999999999999,31.156666666666666,0
10010020,嘉義縣,朴子市,2016,4.239616120218579,84.54622950819672,24.432213114754095,25.09349726775956,9.620000000000001,5.442732240437159,101.27896174863389,37.39,2281.7799999999997,12.036666666666667,31.186666666666667,0
10010020,嘉義縣,朴子市,2017,4.48226191780822,81.74147945205479,24.62257534246575,25.38331506849315,8.5,5.366054794520547,101.31775342465754,0.0,2307.74,15.506666666666666,31.036666666666665,0
10010020,嘉義縣,朴子市,2018,4.518268493150686,81.09517808219178,24.555671232876712,25.393178082191785,8.899999999999999,5.417972602739726,101.23487671232877,10.360000000000028,2293.6799999999994,13.796666666666667,31.36,0
10010020,嘉義縣,朴子市,2019,4.362369589041095,82.77279452054795,24.86635616438356,25.58578082191781,7.359999999999999,5.494904109589041,101.24008219178081,0.0,2396.7200000000003,17.486666666666668,30.706666666666667,0
10010020,嘉義縣,朴子市,2020,4.662927595628416,80.67513661202186,24.967759562841533,25.74836065573771,9.080000000000002,5.66139344262295,101.33254098360655,0.0,2440.3999999999996,13.536666666666667,31.69333333333333,0
10010020,嘉義縣,朴子市,2021,4.698947123287672,80.67778082191779,24.760219178082192,25.593890410958906,9.64,5.473780821917808,101.27624657534248,28.210000000000004,2386.1899999999996,14.633333333333335,32.18666666666667,0
10010020,嘉義縣,朴子市,2022,4.496051506849315,80.94123287671232,24.779698630136988,25.61975342465753,9.799999999999997,6.0501369863013705,101.2466301369863,4.480000000000004,2369.5699999999997,14.5,32.35,0
10010020,嘉義縣,朴子市,2023,4.528795890410959,80.32405479452055,24.94479452054794,25.68964383561644,9.969999999999999,5.561095890410959,101.27778082191783,0.0,2425.35,13.953333333333333,32.5,0
10010020,嘉義縣,朴子市,2024,4.427984426229509,81.18677595628417,25.25625683060109,26.016420765027323,9.36,5.628224043715848,101.26857923497266,0.0,2545.9899999999993,14.446666666666667,32.88,0
10010020,嘉義縣,朴子市,2025,4.4936709580838325,82.44660273972602,24.53528767123288,25.244684931506846,9.86,5.515945205479452,101.27605479452055,47.80000000000008,2323.6799999999994,14.573333333333332,30.97666666666667,0
10010030,嘉義縣,布袋鎮,2013,4.261101095890411,81.2994794520548,24.033917808219172,24.79967123287671,9.350000000000001,5.57109589041096,101.27709589041096,10.850000000000044,2103.7299999999996,14.283333333333333,30.903333333333336,0
10010030,嘉義縣,布袋鎮,2014,4.360468219178083,80.76208219178082,24.161616438356162,24.9738904109589,9.630000000000003,5.241534246575342,101.2993698630137,1.2399999999999736,2140.7299999999996,14.016666666666666,31.25666666666667,0
10010030,嘉義縣,布袋鎮,2015,4.492699452054795,82.07071232876713,24.432438356164383,25.115561643835616,9.059999999999999,5.45172602739726,101.3311780821918,2.170000000000009,2240.5099999999998,14.549999999999999,31.156666666666666,0
10010030,嘉義縣,布袋鎮,2016,4.239616120218579,84.54622950819672,24.432213114754095,25.09349726775956,9.620000000000001,5.442732240437159,101.27896174863389,37.39,2281.7799999999997,12.036666666666667,31.186666666666667,0
10010030,嘉義縣,布袋鎮,2017,4.48226191780822,81.74147945205479,24.62257534246575,25.38331506849315,8.5,5.366054794520547,101.31775342465754,0.0,2307.74,15.506666666666666,31.036666666666665,0
10010030,嘉義縣,布袋鎮,2018,4.518268493150686,81.09517808219178,24.555671232876712,25.393178082191785,8.899999999999999,5.417972602739726,101.23487671232877,10.360000000000028,2293.6799999999994,13.796666666666667,31.36,0
10010030,嘉義縣,布袋鎮,2019,4.362369589041095,82.77279452054795,24.86635616438356,25.58578082191781,7.359999999999999,5.494904109589041,101.24008219178081,0.0,2396.7200000000003,17.486666666666668,30.706666666666667,0
10010030,嘉義縣,布袋鎮,2020,4.662927595628416,80.67513661202186,24.967759562841533,25.74836065573771,9.080000000000002,5.66139344262295,101.33254098360655,0.0,2440.3999999999996,13.536666666666667,31.69333333333333,0
10010030,嘉義縣,布袋鎮,2021,4.698947123287672,80.67778082191779,24.760219178082192,25.593890410958906,9.64,5.473780821917808,101.27624657534248,28.210000000000004,2386.1899999999996,14.633333333333335,32.18666666666667,0
10010030,嘉義縣,布袋鎮,2022,4.496051506849315,80.94123287671232,24.779698630136988,25.61975342465753,9.799999999999997,6.0501369863013705,101.2466301369863,4.480000000000004,2369.5699999999997,14.5,32.35,0
10010030,嘉義縣,布袋鎮,2023,4.528795890410959,80.32405479452055,24.94479452054794,25.68964383561644,9.969999999999999,5.561095890410959,101.27778082191783,0.0,2425.35,13.953333333333333,32.5,0
10010030,嘉義縣,布袋鎮,2024,4.427984426229509,81.18677595628417,25.25625683060109,26.016420765027323,9.36,5.628224043715848,101.26857923497266,0.0,2545.9899999999993,14.446666666666667,32.88,0
10010030,嘉義縣,布袋鎮,2025,4.4936709580838325,82.44660273972602,24.53528767123288,25.244684931506846,9.86,5.515945205479452,101.27605479452055,47.80000000000008,2323.6799999999994,14.573333333333332,30.97666666666667,0
10010040,嘉義縣,大林鎮,2013,4.261101095890411,77.53293150684931,21.000986301369863,21.325150684931508,9.570000000000002,2.316712328767123,93.72117808219177,183.52000000000004,1169.3799999999997,6.98,31.296666666666663,0
10010040,嘉義縣,大林鎮,2014,4.360468219178083,76.447698630137,21.0273698630137,21.520246575342465,11.790000000000001,2.340027397260274,93.76134246575343,275.52000000000004,1271.0099999999998,5.556666666666666,32.53333333333334,0
10010040,嘉義縣,大林鎮,2015,4.492699452054795,78.2701095890411,21.28994520547945,21.65750684931507,10.040000000000001,2.479534246575342,93.80906849315068,166.76000000000005,1258.0899999999997,7.153333333333333,32.79,0
10010040,嘉義縣,大林鎮,2016,4.239616120218579,83.50745901639343,20.995409836065576,20.97366120218579,10.809999999999999,2.3818032786885244,93.75715846994537,272.2600000000001,1258.78,2.9800000000000004,31.34,31
10010040,嘉義縣,大林鎮,2017,4.48226191780822,78.82317808219177,21.503479452054794,21.808383561643833,7.859999999999999,2.201917808219178,93.78306849315071,114.07000000000015,1283.3399999999997,8.563333333333333,31.840000000000003,0
10010040,嘉義縣,大林鎮,2018,4.518268493150686,78.37567123287671,21.525397260273973,21.991479452054797,10.530000000000001,2.3134520547945203,93.71413698630138,139.13,1316.4,5.843333333333334,33.64666666666667,0
10010040,嘉義縣,大林鎮,2019,4.362369589041095,79.58065753424655,21.690246575342467,21.9592602739726,7.059999999999999,2.3109315068493155,93.7374794520548,31.31000000000005,1268.7499999999998,10.409999999999998,32.14,0
10010040,嘉義縣,大林鎮,2020,4.662927595628416,77.23071038251366,21.749562841530054,22.122786885245905,9.139999999999997,2.2730327868852465,93.81311475409835,96.83999999999997,1359.3799999999997,4.3533333333333335,32.47666666666667,0
10010040,嘉義縣,大林鎮,2021,4.698947123287672,75.23772602739727,21.743835616438357,22.240630136986304,12.530000000000001,2.4081369863013697,93.75794520547946,160.08000000000013,1417.0799999999997,7.026666666666666,33.94,0
10010040,嘉義縣,大林鎮,2022,4.496051506849315,75.3934794520548,22.067123287671233,22.539397260273976,9.430000000000003,2.3230684931506844,93.72123287671234,137.61,1512.6099999999997,6.906666666666666,33.99,0
10010040,嘉義縣,大林鎮,2023,4.528795890410959,73.0497808219178,22.43994520547945,23.13621917808219,10.149999999999999,2.4242739726027396,93.76715068493151,48.98000000000006,1560.0599999999995,7.863333333333334,34.82333333333333,0
10010040,嘉義縣,大林鎮,2024,4.427984426229509,75.73502732240438,22.349617486338797,22.840054644808742,10.740000000000002,2.4553825136612017,93.7579781420765,111.9100000000001,1594.0699999999997,7.55,34.48,0
10010040,嘉義縣,大林鎮,2025,4.4936709580838325,78.86197260273971,21.503123287671233,21.697013698630137,10.3,2.2614246575342465,93.74682191780823,183.51000000000002,1352.6499999999999,7.283333333333332,31.80666666666666,0
10010050,嘉義縣,民雄鄉,2013,4.261101095890411,77.53293150684931,21.000986301369863,21.325150684931508,9.570000000000002,2.316712328767123,93.72117808219177,183.52000000000004,1169.3799999999997,6.98,31.296666666666663,0
10010050,嘉義縣,民雄鄉,2014,4.360468219178083,76.447698630137,21.0273698630137,21.520246575342465,11.790000000000001,2.340027397260274,93.76134246575343,275.52000000000004,1271.0099999999998,5.556666666666666,32.53333333333334,0
10010050,嘉義縣,民雄鄉,2015,4.492699452054795,78.2701095890411,21.28994520547945,21.65750684931507,10.040000000000001,2.479534246575342,93.80906849315068,166.76000000000005,1258.0899999999997,7.153333333333333,32.79,0
10010050,嘉義縣,民雄鄉,2016,4.239616120218579,83.50745901639343,20.995409836065576,20.97366120218579,10.809999999999999,2.3818032786885244,93.75715846994537,272.2600000000001,1258.78,2.9800000000000004,31.34,31
10010050,嘉義縣,民雄鄉,2017,4.48226191780822,78.82317808219177,21.503479452054794,21.808383561643833,7.859999999999999,2.201917808219178,93.78306849315071,114.07000000000015,1283.3399999999997,8.563333333333333,31.840000000000003,0
10010050,嘉義縣,民雄鄉,2018,4.518268493150686,78.37567123287671,21.525397260273973,21.991479452054797,10.530000000000001,2.3134520547945203,93.71413698630138,139.13,1316.4,5.843333333333334,33.64666666666667,0
10010050,嘉義縣,民雄鄉,2019,4.362369589041095,79.58065753424655,21.690246575342467,21.9592602739726,7.059999999999999,2.3109315068493155,93.7374794520548,31.31000000000005,1268.7499999999998,10.409999999999998,32.14,0
10010050,嘉義縣,民雄鄉,2020,4.662927595628416,77.23071038251366,21.749562841530054,22.122786885245905,9.139999999999997,2.2730327868852465,93.81311475409835,96.83999999999997,1359.3799999999997,4.3533333333333335,32.47666666666667,0
10010050,嘉義縣,民雄鄉,2021,4.698947123287672,75.23772602739727,21.743835616438357,22.240630136986304,12.530000000000001,2.4081369863013697,93.75794520547946,160.08000000000013,1417.0799999999997,7.026666666666666,33.94,0
10010050,嘉義縣,民雄鄉,2022,4.496051506849315,75.3934794520548,22.067123287671233,22.539397260273976,9.430000000000003,2.3230684931506844,93.72123287671234,137.61,1512.6099999999997,6.906666666666666,33.99,0
10010050,嘉義縣,民雄鄉,2023,4.528795890410959,73.0497808219178,22.43994520547945,23.13621917808219,10.149999999999999,2.4242739726027396,93.76715068493151,48.98000000000006,1560.0599999999995,7.863333333333334,34.82333333333333,0
10010050,嘉義縣,民雄鄉,2024,4.427984426229509,75.73502732240438,22.349617486338797,22.840054644808742,10.740000000000002,2.4553825136612017,93.7579781420765,111.9100000000001,1594.0699999999997,7.55,34.48,0
10010050,嘉義縣,民雄鄉,2025,4.4936709580838325,78.86197260273971,21.503123287671233,21.697013698630137,10.3,2.2614246575342465,93.74682191780823,183.51000000000002,1352.6499999999999,7.283333333333332,31.80666666666666,0
10010060,嘉義縣,溪口鄉,2013,4.261101095890411,77.53293150684931,21.000986301369863,21.325150684931508,9.570000000000002,2.316712328767123,93.72117808219177,183.52000000000004,1169.3799999999997,6.98,31.296666666666663,0
10010060,嘉義縣,溪口鄉,2014,4.360468219178083,76.447698630137,21.0273698630137,21.520246575342465,11.790000000000001,2.340027397260274,93.76134246575343,275.52000000000004,1271.0099999999998,5.556666666666666,32.53333333333334,0
10010060,嘉義縣,溪口鄉,2015,4.492699452054795,78.2701095890411,21.28994520547945,21.65750684931507,10.040000000000001,2.479534246575342,93.80906849315068,166.76000000000005,1258.0899999999997,7.153333333333333,32.79,0
10010060,嘉義縣,溪口鄉,2016,4.239616120218579,83.50745901639343,20.995409836065576,20.97366120218579,10.809999999999999,2.3818032786885244,93.75715846994537,272.2600000000001,1258.78,2.9800000000000004,31.34,31
10010060,嘉義縣,溪口鄉,2017,4.48226191780822,78.82317808219177,21.503479452054794,21.808383561643833,7.859999999999999,2.201917808219178,93.78306849315071,114.07000000000015,1283.3399999999997,8.563333333333333,31.840000000000003,0
10010060,嘉義縣,溪口鄉,2018,4.518268493150686,78.37567123287671,21.525397260273973,21.991479452054797,10.530000000000001,2.3134520547945203,93.71413698630138,139.13,1316.4,5.843333333333334,33.64666666666667,0
10010060,嘉義縣,溪口鄉,2019,4.362369589041095,79.58065753424655,21.690246575342467,21.9592602739726,7.059999999999999,2.3109315068493155,93.7374794520548,31.31000000000005,1268.7499999999998,10.409999999999998,32.14,0
10010060,嘉義縣,溪口鄉,2020,4.662927595628416,77.23071038251366,21.749562841530054,22.122786885245905,9.139999999999997,2.2730327868852465,93.81311475409835,96.83999999999997,1359.3799999999997,4.3533333333333335,32.47666666666667,0
10010060,嘉義縣,溪口鄉,2021,4.698947123287672,75.23772602739727,21.743835616438357,22.240630136986304,12.530000000000001,2.4081369863013697,93.75794520547946,160.08000000000013,1417.0799999999997,7.026666666666666,33.94,0
10010060,嘉義縣,溪口鄉,2022,4.496051506849315,75.3934794520548,22.067123287671233,22.539397260273976,9.430000000000003,2.3230684931506844,93.72123287671234,137.61,1512.6099999999997,6.906666666666666,33.99,0
10010060,嘉義縣,溪口鄉,2023,4.528795890410959,73.0497808219178,22.43994520547945,23.13621917808219,10.149999999999999,2.4242739726027396,93.76715068493151,48.98000000000006,1560.0599999999995,7.863333333333334,34.82333333333333,0
10010060,嘉義縣,溪口鄉,2024,4.427984426229509,75.73502732240438,22.349617486338797,22.840054644808742,10.740000000000002,2.4553825136612017,93.7579781420765,111.9100000000001,1594.0699999999997,7.55,34.48,0
10010060,嘉義縣,溪口鄉,2025,4.4936709580838325,78.86197260273971,21.503123287671233,21.697013698630137,10.3,2.2614246575342465,93.74682191780823,183.51000000000002,1352.6499999999999,7.283333333333332,31.80666666666666,0
10010070,嘉義縣,新港鄉,2013,4.261101095890411,77.53293150684931,21.000986301369863,21.325150684931508,9.570000000000002,2.316712328767123,93.72117808219177,183.52000000000004,1169.3799999999997,6.98,31.296666666666663,0
10010070,嘉義縣,新港鄉,2014,4.360468219178083,76.447698630137,21.0273698630137,21.520246575342465,11.790000000000001,2.340027397260274,93.76134246575343,275.52000000000004,1271.0099999999998,5.556666666666666,32.53333333333334,0
10010070,嘉義縣,新港鄉,2015,4.492699452054795,78.2701095890411,21.28994520547945,21.65750684931507,10.040000000000001,2.479534246575342,93.80906849315068,166.76000000000005,1258.0899999999997,7.153333333333333,32.79,0
10010070,嘉義縣,新港鄉,2016,4.239616120218579,83.50745901639343,20.995409836065576,20.97366120218579,10.809999999999999,2.3818032786885244,93.75715846994537,272.2600000000001,1258.78,2.9800000000000004,31.34,31
10010070,嘉義縣,新港鄉,2017,4.48226191780822,78.82317808219177,21.503479452054794,21.808383561643833,7.859999999999999,2.201917808219178,93.78306849315071,114.07000000000015,1283.3399999999997,8.563333333333333,31.840000000000003,0
10010070,嘉義縣,新港鄉,2018,4.518268493150686,78.37567123287671,21.525397260273973,21.991479452054797,10.530000000000001,2.3134520547945203,93.71413698630138,139.13,1316.4,5.843333333333334,33.64666666666667,0
10010070,嘉義縣,新港鄉,2019,4.362369589041095,79.58065753424655,21.690246575342467,21.9592602739726,7.059999999999999,2.3109315068493155,93.7374794520548,31.31000000000005,1268.7499999999998,10.409999999999998,32.14,0
10010070,嘉義縣,新港鄉,2020,4.662927595628416,77.23071038251366,21.749562841530054,22.122786885245905,9.139999999999997,2.2730327868852465,93.81311475409835,96.83999999999997,1359.3799999999997,4.3533333333333335,32.47666666666667,0
10010070,嘉義縣,新港鄉,2021,4.698947123287672,75.23772602739727,21.743835616438357,22.240630136986304,12.530000000000001,2.4081369863013697,93.75794520547946,160.08000000000013,1417.0799999999997,7.026666666666666,33.94,0
10010070,嘉義縣,新港鄉,2022,4.496051506849315,75.3934794520548,22.067123287671233,22.539397260273976,9.430000000000003,2.3230684931506844,93.72123287671234,137.61,1512.6099999999997,6.906666666666666,33.99,0
10010070,嘉義縣,新港鄉,2023,4.528795890410959,73.0497808219178,22.43994520547945,23.13621917808219,10.149999999999999,2.4242739726027396,93.76715068493151,48.98000000000006,1560.0599999999995,7.863333333333334,34.82333333333333,0
10010070,嘉義縣,新港鄉,2024,4.427984426229509,75.73502732240438,22.349617486338797,22.840054644808742,10.740000000000002,2.4553825136612017,93.7579781420765,111.9100000000001,1594.0699999999997,7.55,34.48,0
10010070,嘉義縣,新港鄉,2025,4.4936709580838325,78.86197260273971,21.503123287671233,21.697013698630137,10.3,2.2614246575342465,93.74682191780823,183.51000000000002,1352.6499999999999,7.283333333333332,31.80666666666666,0
10010080,嘉義縣,六腳鄉,2013,4.261101095890411,81.2994794520548,24.033917808219172,24.79967123287671,9.350000000000001,5.57109589041096,101.27709589041096,10.850000000000044,2103.7299999999996,14.283333333333333,30.903333333333336,0
10010080,嘉義縣,六腳鄉,2014,4.360468219178083,80.76208219178082,24.161616438356162,24.9738904109589,9.630000000000003,5.241534246575342,101.2993698630137,1.2399999999999736,2140.7299999999996,14.016666666666666,31.25666666666667,0
10010080,嘉義縣,六腳鄉,2015,4.492699452054795,82.07071232876713,24.432438356164383,25.115561643835616,9.059999999999999,5.45172602739726,101.3311780821918,2.170000000000009,2240.5099999999998,14.549999999999999,31.156666666666666,0
10010080,嘉義縣,六腳鄉,2016,4.239616120218579,84.54622950819672,24.432213114754095,25.09349726775956,9.620000000000001,5.442732240437159,101.27896174863389,37.39,2281.7799999999997,12.036666666666667,31.186666666666667,0
10010080,嘉義縣,六腳鄉,2017,4.48226191780822,81.74147945205479,24.62257534246575,25.38331506849315,8.5,5.366054794520547,101.31775342465754,0.0,2307.74,15.506666666666666,31.036666666666665,0
10010080,嘉義縣,六腳鄉,2018,4.518268493150686,81.09517808219178,24.555671232876712,25.393178082191785,8.899999999999999,5.417972602739726,101.23487671232877,10.360000000000028,2293.6799999999994,13.796666666666667,31.36,0
10010080,嘉義縣,六腳鄉,2019,4.362369589041095,82.77279452054795,24.86635616438356,25.58578082191781,7.359999999999999,5.494904109589041,101.24008219178081,0.0,2396.7200000000003,17.486666666666668,30.706666666666667,0
10010080,嘉義縣,六腳鄉,2020,4.662927595628416,80.67513661202186,24.967759562841533,25.74836065573771,9.080000000000002,5.66139344262295,101.33254098360655,0.0,2440.3999999999996,13.536666666666667,31.69333333333333,0
10010080,嘉義縣,六腳鄉,2021,4.698947123287672,80.67778082191779,24.760219178082192,25.593890410958906,9.64,5.473780821917808,101.27624657534248,28.210000000000004,2386.1899999999996,14.633333333333335,32.18666666666667,0
10010080,嘉義縣,六腳鄉,2022,4.496051506849315,80.94123287671232,24.779698630136988,25.61975342465753,9.799999999999997,6.0501369863013705,101.2466301369863,4.480000000000004,2369.5699999999997,14.5,32.35,0
10010080,嘉義縣,六腳鄉,2023,4.528795890410959,80.32405479452055,24.94479452054794,25.68964383561644,9.969999999999999,5.561095890410959,101.27778082191783,0.0,2425.35,13.953333333333333,32.5,0
10010080,嘉義縣,六腳鄉,2024,4.427984426229509,81.18677595628417,25.25625683060109,26.016420765027323,9.36,5.628224043715848,101.26857923497266,0.0,2545.9899999999993,14.446666666666667,32.88,0
10010080,嘉義縣,六腳鄉,2025,4.4936709580838325,82.44660273972602,24.53528767123288,25.244684931506846,9.86,5.515945205479452,101.27605479452055,47.80000000000008,2323.6799999999994,14.573333333333332,30.97666666666667,0
10010090,嘉義縣,東石鄉,2013,4.261101095890411,81.2994794520548,24.033917808219172,24.79967123287671,9.350000000000001,5.57109589041096,101.27709589041096,10.850000000000044,2103.7299999999996,14.283333333333333,30.903333333333336,0
10010090,嘉義縣,東石鄉,2014,4.360468219178083,80.76208219178082,24.161616438356162,24.9738904109589,9.630000000000003,5.241534246575342,101.2993698630137,1.2399999999999736,2140.7299999999996,14.016666666666666,31.25666666666667,0
10010090,嘉義縣,東石鄉,2015,4.492699452054795,82.07071232876713,24.432438356164383,25.115561643835616,9.059999999999999,5.45172602739726,101.3311780821918,2.170000000000009,2240.5099999999998,14.549999999999999,31.156666666666666,0
10010090,嘉義縣,東石鄉,2016,4.239616120218579,84.54622950819672,24.432213114754095,25.09349726775956,9.620000000000001,5.442732240437159,101.27896174863389,37.39,2281.7799999999997,12.036666666666667,31.186666666666667,0
10010090,嘉義縣,東石鄉,2017,4.48226191780822,81.74147945205479,24.62257534246575,25.38331506849315,8.5,5.366054794520547,101.31775342465754,0.0,2307.74,15.506666666666666,31.036666666666665,0
10010090,嘉義縣,東石鄉,2018,4.518268493150686,81.09517808219178,24.555671232876712,25.393178082191785,8.899999999999999,5.417972602739726,101.23487671232877,10.360000000000028,2293.6799999999994,13.796666666666667,31.36,0
10010090,嘉義縣,東石鄉,2019,4.362369589041095,82.77279452054795,24.86635616438356,25.58578082191781,7.359999999999999,5.494904109589041,101.24008219178081,0.0,2396.7200000000003,17.486666666666668,30.706666666666667,0
10010090,嘉義縣,東石鄉,2020,4.662927595628416,80.67513661202186,24.967759562841533,25.74836065573771,9.080000000000002,5.66139344262295,101.33254098360655,0.0,2440.3999999999996,13.536666666666667,31.69333333333333,0
10010090,嘉義縣,東石鄉,2021,4.698947123287672,80.67778082191779,24.760219178082192,25.593890410958906,9.64,5.473780821917808,101.27624657534248,28.210000000000004,2386.1899999999996,14.633333333333335,32.18666666666667,0
10010090,嘉義縣,東石鄉,2022,4.496051506849315,80.94123287671232,24.779698630136988,25.61975342465753,9.799999999999997,6.0501369863013705,101.2466301369863,4.480000000000004,2369.5699999999997,14.5,32.35,0
10010090,嘉義縣,東石鄉,2023,4.528795890410959,80.32405479452055,24.94479452054794,25.68964383561644,9.969999999999999,5.561095890410959,101.27778082191783,0.0,2425.35,13.953333333333333,32.5,0
10010090,嘉義縣,東石鄉,2024,4.427984426229509,81.18677595628417,25.25625683060109,26.016420765027323,9.36,5.628224043715848,101.26857923497266,0.0,2545.9899999999993,14.446666666666667,32.88,0
10010090,嘉義縣,東石鄉,2025,4.4936709580838325,82.44660273972602,24.53528767123288,25.244684931506846,9.86,5.515945205479452,101.27605479452055,47.80000000000008,2323.6799999999994,14.573333333333332,30.97666666666667,0
10010100,嘉義縣,義竹鄉,2013,4.261101095890411,81.2994794520548,24.033917808219172,24.79967123287671,9.350000000000001,5.57109589041096,101.27709589041096,10.850000000000044,2103.7299999999996,14.283333333333333,30.903333333333336,0
10010100,嘉義縣,義竹鄉,2014,4.360468219178083,80.76208219178082,24.161616438356162,24.9738904109589,9.630000000000003,5.241534246575342,101.2993698630137,1.2399999999999736,2140.7299999999996,14.016666666666666,31.25666666666667,0
10010100,嘉義縣,義竹鄉,2015,4.492699452054795,82.07071232876713,24.432438356164383,25.115561643835616,9.059999999999999,5.45172602739726,101.3311780821918,2.170000000000009,2240.5099999999998,14.549999999999999,31.156666666666666,0
10010100,嘉義縣,義竹鄉,2016,4.239616120218579,84.54622950819672,24.432213114754095,25.09349726775956,9.620000000000001,5.442732240437159,101.27896174863389,37.39,2281.7799999999997,12.036666666666667,31.186666666666667,0
10010100,嘉義縣,義竹鄉,2017,4.48226191780822,81.74147945205479,24.62257534246575,25.38331506849315,8.5,5.366054794520547,101.31775342465754,0.0,2307.74,15.506666666666666,31.036666666666665,0
10010100,嘉義縣,義竹鄉,2018,4.518268493150686,81.09517808219178,24.555671232876712,25.393178082191785,8.899999999999999,5.417972602739726,101.23487671232877,10.360000000000028,2293.6799999999994,13.796666666666667,31.36,0
10010100,嘉義縣,義竹鄉,2019,4.362369589041095,82.77279452054795,24.86635616438356,25.58578082191781,7.359999999999999,5.494904109589041,101.24008219178081,0.0,2396.7200000000003,17.486666666666668,30.706666666666667,0
10010100,嘉義縣,義竹鄉,2020,4.662927595628416,80.67513661202186,24.967759562841533,25.74836065573771,9.080000000000002,5.66139344262295,101.33254098360655,0.0,2440.3999999999996,13.536666666666667,31.69333333333333,0
10010100,嘉義縣,義竹鄉,2021,4.698947123287672,80.67778082191779,24.760219178082192,25.593890410958906,9.64,5.473780821917808,101.27624657534248,28.210000000000004,2386.1899999999996,14.633333333333335,32.18666666666667,0
10010100,嘉義縣,義竹鄉,2022,4.496051506849315,80.94123287671232,24.779698630136988,25.61975342465753,9.799999999999997,6.0501369863013705,101.2466301369863,4.480000000000004,2369.5699999999997,14.5,32.35,0
10010100,嘉義縣,義竹鄉,2023,4.528795890410959,80.32405479452055,24.94479452054794,25.68964383561644,9.969999999999999,5.561095890410959,101.27778082191783,0.0,2425.35,13.953333333333333,32.5,0
10010100,嘉義縣,義竹鄉,2024,4.427984426229509,81.18677595628417,25.25625683060109,26.016420765027323,9.36,5.628224043715848,101.26857923497266,0.0,2545.9899999999993,14.446666666666667,32.88,0
10010100,嘉義縣,義竹鄉,2025,4.4936709580838325,82.44660273972602,24.53528767123288,25.244684931506846,9.86,5.515945205479452,101.27605479452055,47.80000000000008,2323.6799999999994,14.573333333333332,30.97666666666667,0
10010110,嘉義縣,鹿草鄉,2013,4.261101095890411,81.2994794520548,24.033917808219172,24.79967123287671,9.350000000000001,5.57109589041096,101.27709589041096,10.850000000000044,2103.7299999999996,14.283333333333333,30.903333333333336,0
10010110,嘉義縣,鹿草鄉,2014,4.360468219178083,80.76208219178082,24.161616438356162,24.9738904109589,9.630000000000003,5.241534246575342,101.2993698630137,1.2399999999999736,2140.7299999999996,14.016666666666666,31.25666666666667,0
10010110,嘉義縣,鹿草鄉,2015,4.492699452054795,82.07071232876713,24.432438356164383,25.115561643835616,9.059999999999999,5.45172602739726,101.3311780821918,2.170000000000009,2240.5099999999998,14.549999999999999,31.156666666666666,0
10010110,嘉義縣,鹿草鄉,2016,4.239616120218579,84.54622950819672,24.432213114754095,25.09349726775956,9.620000000000001,5.442732240437159,101.27896174863389,37.39,2281.7799999999997,12.036666666666667,31.186666666666667,0
10010110,嘉義縣,鹿草鄉,2017,4.48226191780822,81.74147945205479,24.62257534246575,25.38331506849315,8.5,5.366054794520547,101.31775342465754,0.0,2307.74,15.506666666666666,31.036666666666665,0
10010110,嘉義縣,鹿草鄉,2018,4.518268493150686,81.09517808219178,24.555671232876712,25.393178082191785,8.899999999999999,5.417972602739726,101.23487671232877,10.360000000000028,2293.6799999999994,13.796666666666667,31.36,0
10010110,嘉義縣,鹿草鄉,2019,4.362369589041095,82.77279452054795,24.86635616438356,25.58578082191781,7.359999999999999,5.494904109589041,101.24008219178081,0.0,2396.7200000000003,17.486666666666668,30.706666666666667,0
10010110,嘉義縣,鹿草鄉,2020,4.662927595628416,80.67513661202186,24.967759562841533,25.74836065573771,9.080000000000002,5.66139344262295,101.33254098360655,0.0,2440.3999999999996,13.536666666666667,31.69333333333333,0
10010110,嘉義縣,鹿草鄉,2021,4.698947123287672,80.67778082191779,24.760219178082192,25.593890410958906,9.64,5.473780821917808,101.27624657534248,28.210000000000004,2386.1899999999996,14.633333333333335,32.18666666666667,0
10010110,嘉義縣,鹿草鄉,2022,4.496051506849315,80.94123287671232,24.779698630136988,25.61975342465753,9.799999999999997,6.0501369863013705,101.2466301369863,4.480000000000004,2369.5699999999997,14.5,32.35,0
10010110,嘉義縣,鹿草鄉,2023,4.528795890410959,80.32405479452055,24.94479452054794,25.68964383561644,9.969999999999999,5.561095890410959,101.27778082191783,0.0,2425.35,13.953333333333333,32.5,0
10010110,嘉義縣,鹿草鄉,2024,4.427984426229509,81.18677595628417,25.25625683060109,26.016420765027323,9.36,5.628224043715848,101.26857923497266,0.0,2545.9899999999993,14.446666666666667,32.88,0
10010110,嘉義縣,鹿草鄉,2025,4.4936709580838325,82.44660273972602,24.53528767123288,25.244684931506846,9.86,5.515945205479452,101.27605479452055,47.80000000000008,2323.6799999999994,14.573333333333332,30.97666666666667,0
10010120,嘉義縣,水上鄉,2013,4.261101095890411,77.53293150684931,21.000986301369863,21.325150684931508,9.570000000000002,2.316712328767123,93.72117808219177,183.52000000000004,1169.3799999999997,6.98,31.296666666666663,0
10010120,嘉義縣,水上鄉,2014,4.360468219178083,76.447698630137,21.0273698630137,21.520246575342465,11.790000000000001,2.340027397260274,93.76134246575343,275.52000000000004,1271.0099999999998,5.556666666666666,32.53333333333334,0
10010120,嘉義縣,水上鄉,2015,4.492699452054795,78.2701095890411,21.28994520547945,21.65750684931507,10.040000000000001,2.479534246575342,93.80906849315068,166.76000000000005,1258.0899999999997,7.153333333333333,32.79,0
10010120,嘉義縣,水上鄉,2016,4.239616120218579,83.50745901639343,20.995409836065576,20.97366120218579,10.809999999999999,2.3818032786885244,93.75715846994537,272.2600000000001,1258.78,2.9800000000000004,31.34,31
10010120,嘉義縣,水上鄉,2017,4.48226191780822,78.82317808219177,21.503479452054794,21.808383561643833,7.859999999999999,2.201917808219178,93.78306849315071,114.07000000000015,1283.3399999999997,8.563333333333333,31.840000000000003,0
10010120,嘉義縣,水上鄉,2018,4.518268493150686,78.37567123287671,21.525397260273973,21.991479452054797,10.530000000000001,2.3134520547945203,93.71413698630138,139.13,1316.4,5.843333333333334,33.64666666666667,0
10010120,嘉義縣,水上鄉,2019,4.362369589041095,79.58065753424655,21.690246575342467,21.9592602739726,7.059999999999999,2.3109315068493155,93.7374794520548,31.31000000000005,1268.7499999999998,10.409999999999998,32.14,0
10010120,嘉義縣,水上鄉,2020,4.662927595628416,77.23071038251366,21.749562841530054,22.122786885245905,9.139999999999997,2.2730327868852465,93.81311475409835,96.83999999999997,1359.3799999999997,4.3533333333333335,32.47666666666667,0
10010120,嘉義縣,水上鄉,2021,4.698947123287672,75.23772602739727,21.743835616438357,22.240630136986304,12.530000000000001,2.4081369863013697,93.75794520547946,160.08000000000013,1417.0799999999997,7.026666666666666,33.94,0
10010120,嘉義縣,水上鄉,2022,4.496051506849315,75.3934794520548,22.067123287671233,22.539397260273976,9.430000000000003,2.3230684931506844,93.72123287671234,137.61,1512.6099999999997,6.906666666666666,33.99,0
10010120,嘉義縣,水上鄉,2023,4.528795890410959,73.0497808219178,22.43994520547945,23.13621917808219,10.149999999999999,2.4242739726027396,93.76715068493151,48.98000000000006,1560.0599999999995,7.863333333333334,34.82333333333333,0
10010120,嘉義縣,水上鄉,2024,4.427984426229509,75.73502732240438,22.349617486338797,22.840054644808742,10.740000000000002,2.4553825136612017,93.7579781420765,111.9100000000001,1594.0699999999997,7.55,34.48,0
10010120,嘉義縣,水上鄉,2025,4.4936709580838325,78.86197260273971,21.503123287671233,21.697013698630137,10.3,2.2614246575342465,93.74682191780823,183.51000000000002,1352.6499999999999,7.283333333333332,31.80666666666666,0
10010130,嘉義縣,中埔鄉,2013,4.261101095890411,77.53293150684931,21.000986301369863,21.325150684931508,9.570000000000002,2.316712328767123,93.72117808219177,183.52000000000004,1169.3799999999997,6.98,31.296666666666663,0
10010130,嘉義縣,中埔鄉,2014,4.360468219178083,76.447698630137,21.0273698630137,21.520246575342465,11.790000000000001,2.340027397260274,93.76134246575343,275.52000000000004,1271.0099999999998,5.556666666666666,32.53333333333334,0
10010130,嘉義縣,中埔鄉,2015,4.492699452054795,78.2701095890411,21.28994520547945,21.65750684931507,10.040000000000001,2.479534246575342,93.80906849315068,166.76000000000005,1258.0899999999997,7.153333333333333,32.79,0
10010130,嘉義縣,中埔鄉,2016,4.239616120218579,83.50745901639343,20.995409836065576,20.97366120218579,10.809999999999999,2.3818032786885244,93.75715846994537,272.2600000000001,1258.78,2.9800000000000004,31.34,31
10010130,嘉義縣,中埔鄉,2017,4.48226191780822,78.82317808219177,21.503479452054794,21.808383561643833,7.859999999999999,2.201917808219178,93.78306849315071,114.07000000000015,1283.3399999999997,8.563333333333333,31.840000000000003,0
10010130,嘉義縣,中埔鄉,2018,4.518268493150686,78.37567123287671,21.525397260273973,21.991479452054797,10.530000000000001,2.3134520547945203,93.71413698630138,139.13,1316.4,5.843333333333334,33.64666666666667,0
10010130,嘉義縣,中埔鄉,2019,4.362369589041095,79.58065753424655,21.690246575342467,21.9592602739726,7.059999999999999,2.3109315068493155,93.7374794520548,31.31000000000005,1268.7499999999998,10.409999999999998,32.14,0
10010130,嘉義縣,中埔鄉,2020,4.662927595628416,77.23071038251366,21.749562841530054,22.122786885245905,9.139999999999997,2.2730327868852465,93.81311475409835,96.83999999999997,1359.3799999999997,4.3533333333333335,32.47666666666667,0
10010130,嘉義縣,中埔鄉,2021,4.698947123287672,75.23772602739727,21.743835616438357,22.240630136986304,12.530000000000001,2.4081369863013697,93.75794520547946,160.08000000000013,1417.0799999999997,7.026666666666666,33.94,0
10010130,嘉義縣,中埔鄉,2022,4.496051506849315,75.3934794520548,22.067123287671233,22.539397260273976,9.430000000000003,2.3230684931506844,93.72123287671234,137.61,1512.6099999999997,6.906666666666666,33.99,0
10010130,嘉義縣,中埔鄉,2023,4.528795890410959,73.0497808219178,22.43994520547945,23.13621917808219,10.149999999999999,2.4242739726027396,93.76715068493151,48.98000000000006,1560.0599999999995,7.863333333333334,34.82333333333333,0
10010130,嘉義縣,中埔鄉,2024,4.427984426229509,75.73502732240438,22.349617486338797,22.840054644808742,10.740000000000002,2.4553825136612017,93.7579781420765,111.9100000000001,1594.0699999999997,7.55,34.48,0
10010130,嘉義縣,中埔鄉,2025,4.4936709580838325,78.86197260273971,21.503123287671233,21.697013698630137,10.3,2.2614246575342465,93.74682191780823,183.51000000000002,1352.6499999999999,7.283333333333332,31.80666666666666,0
10010140,嘉義縣,竹崎鄉,2013,4.261101095890411,77.53293150684931,21.000986301369863,21.325150684931508,9.570000000000002,2.316712328767123,93.72117808219177,183.52000000000004,1169.3799999999997,6.98,31.296666666666663,0
10010140,嘉義縣,竹崎鄉,2014,4.360468219178083,76.447698630137,21.0273698630137,21.520246575342465,11.790000000000001,2.340027397260274,93.76134246575343,275.52000000000004,1271.0099999999998,5.556666666666666,32.53333333333334,0
10010140,嘉義縣,竹崎鄉,2015,4.492699452054795,78.2701095890411,21.28994520547945,21.65750684931507,10.040000000000001,2.479534246575342,93.80906849315068,166.76000000000005,1258.0899999999997,7.153333333333333,32.79,0
10010140,嘉義縣,竹崎鄉,2016,4.239616120218579,83.50745901639343,20.995409836065576,20.97366120218579,10.809999999999999,2.3818032786885244,93.75715846994537,272.2600000000001,1258.78,2.9800000000000004,31.34,31
10010140,嘉義縣,竹崎鄉,2017,4.48226191780822,78.82317808219177,21.503479452054794,21.808383561643833,7.859999999999999,2.201917808219178,93.78306849315071,114.07000000000015,1283.3399999999997,8.563333333333333,31.840000000000003,0
10010140,嘉義縣,竹崎鄉,2018,4.518268493150686,78.37567123287671,21.525397260273973,21.991479452054797,10.530000000000001,2.3134520547945203,93.71413698630138,139.13,1316.4,5.843333333333334,33.64666666666667,0
10010140,嘉義縣,竹崎鄉,2019,4.362369589041095,79.58065753424655,21.690246575342467,21.9592602739726,7.059999999999999,2.3109315068493155,93.7374794520548,31.31000000000005,1268.7499999999998,10.409999999999998,32.14,0
10010140,嘉義縣,竹崎鄉,2020,4.662927595628416,77.23071038251366,21.749562841530054,22.122786885245905,9.139999999999997,2.2730327868852465,93.81311475409835,96.83999999999997,1359.3799999999997,4.3533333333333335,32.47666666666667,0
10010140,嘉義縣,竹崎鄉,2021,4.698947123287672,75.23772602739727,21.743835616438357,22.240630136986304,12.530000000000001,2.4081369863013697,93.75794520547946,160.08000000000013,1417.0799999999997,7.026666666666666,33.94,0
10010140,嘉義縣,竹崎鄉,2022,4.496051506849315,75.3934794520548,22.067123287671233,22.539397260273976,9.430000000000003,2.3230684931506844,93.72123287671234,137.61,1512.6099999999997,6.906666666666666,33.99,0
10010140,嘉義縣,竹崎鄉,2023,4.528795890410959,73.0497808219178,22.43994520547945,23.13621917808219,10.149999999999999,2.4242739726027396,93.76715068493151,48.98000000000006,1560.0599999999995,7.863333333333334,34.82333333333333,0
10010140,嘉義縣,竹崎鄉,2024,4.427984426229509,75.73502732240438,22.349617486338797,22.840054644808742,10.740000000000002,2.4553825136612017,93.7579781420765,111.9100000000001,1594.0699999999997,7.55,34.48,0
10010140,嘉義縣,竹崎鄉,2025,4.4936709580838325,78.86197260273971,21.503123287671233,21.697013698630137,10.3,2.2614246575342465,93.74682191780823,183.51000000000002,1352.6499999999999,7.283333333333332,31.80666666666666,0
10010150,嘉義縣,梅山鄉,2013,4.261101095890411,77.53293150684931,21.000986301369863,21.325150684931508,9.570000000000002,2.316712328767123,93.72117808219177,183.52000000000004,1169.3799999999997,6.98,31.296666666666663,0
10010150,嘉義縣,梅山鄉,2014,4.360468219178083,76.447698630137,21.0273698630137,21.520246575342465,11.790000000000001,2.340027397260274,93.76134246575343,275.52000000000004,1271.0099999999998,5.556666666666666,32.53333333333334,0
10010150,嘉義縣,梅山鄉,2015,4.492699452054795,78.2701095890411,21.28994520547945,21.65750684931507,10.040000000000001,2.479534246575342,93.80906849315068,166.76000000000005,1258.0899999999997,7.153333333333333,32.79,0
10010150,嘉義縣,梅山鄉,2016,4.239616120218579,83.50745901639343,20.995409836065576,20.97366120218579,10.809999999999999,2.3818032786885244,93.75715846994537,272.2600000000001,1258.78,2.9800000000000004,31.34,31
10010150,嘉義縣,梅山鄉,2017,4.48226191780822,78.82317808219177,21.503479452054794,21.808383561643833,7.859999999999999,2.201917808219178,93.78306849315071,114.07000000000015,1283.3399999999997,8.563333333333333,31.840000000000003,0
10010150,嘉義縣,梅山鄉,2018,4.518268493150686,78.37567123287671,21.525397260273973,21.991479452054797,10.530000000000001,2.3134520547945203,93.71413698630138,139.13,1316.4,5.843333333333334,33.64666666666667,0
10010150,嘉義縣,梅山鄉,2019,4.362369589041095,79.58065753424655,21.690246575342467,21.9592602739726,7.059999999999999,2.3109315068493155,93.7374794520548,31.31000000000005,1268.7499999999998,10.409999999999998,32.14,0
10010150,嘉義縣,梅山鄉,2020,4.662927595628416,77.23071038251366,21.749562841530054,22.122786885245905,9.139999999999997,2.2730327868852465,93.81311475409835,96.83999999999997,1359.3799999999997,4.3533333333333335,32.47666666666667,0
10010150,嘉義縣,梅山鄉,2021,4.698947123287672,75.23772602739727,21.743835616438357,22.240630136986304,12.530000000000001,2.4081369863013697,93.75794520547946,160.08000000000013,1417.0799999999997,7.026666666666666,33.94,0
10010150,嘉義縣,梅山鄉,2022,4.496051506849315,75.3934794520548,22.067123287671233,22.539397260273976,9.430000000000003,2.3230684931506844,93.72123287671234,137.61,1512.6099999999997,6.906666666666666,33.99,0
10010150,嘉義縣,梅山鄉,2023,4.528795890410959,73.0497808219178,22.43994520547945,23.13621917808219,10.149999999999999,2.4242739726027396,93.76715068493151,48.98000000000006,1560.0599999999995,7.863333333333334,34.82333333333333,0
10010150,嘉義縣,梅山鄉,2024,4.427984426229509,75.73502732240438,22.349617486338797,22.840054644808742,10.740000000000002,2.4553825136612017,93.7579781420765,111.9100000000001,1594.0699999999997,7.55,34.48,0
10010150,嘉義縣,梅山鄉,2025,4.4936709580838325,78.86197260273971,21.503123287671233,21.697013698630137,10.3,2.2614246575342465,93.74682191780823,183.51000000000002,1352.6499999999999,7.283333333333332,31.80666666666666,0
10010160,嘉義縣,番路鄉,2013,4.261101095890411,77.53293150684931,21.000986301369863,21.325150684931508,9.570000000000002,2.316712328767123,93.72117808219177,183.52000000000004,1169.3799999999997,6.98,31.296666666666663,0
10010160,嘉義縣,番路鄉,2014,4.360468219178083,76.447698630137,21.0273698630137,21.520246575342465,11.790000000000001,2.340027397260274,93.76134246575343,275.52000000000004,1271.0099999999998,5.556666666666666,32.53333333333334,0
10010160,嘉義縣,番路鄉,2015,4.492699452054795,78.2701095890411,21.28994520547945,21.65750684931507,10.040000000000001,2.479534246575342,93.80906849315068,166.76000000000005,1258.0899999999997,7.153333333333333,32.79,0
10010160,嘉義縣,番路鄉,2016,4.239616120218579,83.50745901639343,20.995409836065576,20.97366120218579,10.809999999999999,2.3818032786885244,93.75715846994537,272.2600000000001,1258.78,2.9800000000000004,31.34,31
10010160,嘉義縣,番路鄉,2017,4.48226191780822,78.82317808219177,21.503479452054794,21.808383561643833,7.859999999999999,2.201917808219178,93.78306849315071,114.07000000000015,1283.3399999999997,8.563333333333333,31.840000000000003,0
10010160,嘉義縣,番路鄉,2018,4.518268493150686,78.37567123287671,21.525397260273973,21.991479452054797,10.530000000000001,2.3134520547945203,93.71413698630138,139.13,1316.4,5.843333333333334,33.64666666666667,0
10010160,嘉義縣,番路鄉,2019,4.362369589041095,79.58065753424655,21.690246575342467,21.9592602739726,7.059999999999999,2.3109315068493155,93.7374794520548,31.31000000000005,1268.7499999999998,10.409999999999998,32.14,0
10010160,嘉義縣,番路鄉,2020,4.662927595628416,77.23071038251366,21.749562841530054,22.122786885245905,9.139999999999997,2.2730327868852465,93.81311475409835,96.83999999999997,1359.3799999999997,4.3533333333333335,32.47666666666667,0
10010160,嘉義縣,番路鄉,2021,4.698947123287672,75.23772602739727,21.743835616438357,22.240630136986304,12.530000000000001,2.4081369863013697,93.75794520547946,160.08000000000013,1417.0799999999997,7.026666666666666,33.94,0
10010160,嘉義縣,番路鄉,2022,4.496051506849315,75.3934794520548,22.067123287671233,22.539397260273976,9.430000000000003,2.3230684931506844,93.72123287671234,137.61,1512.6099999999997,6.906666666666666,33.99,0
10010160,嘉義縣,番路鄉,2023,4.528795890410959,73.0497808219178,22.43994520547945,23.13621917808219,10.149999999999999,2.4242739726027396,93.76715068493151,48.98000000000006,1560.0599999999995,7.863333333333334,34.82333333333333,0
10010160,嘉義縣,番路鄉,2024,4.427984426229509,75.73502732240438,22.349617486338797,22.840054644808742,10.740000000000002,2.4553825136612017,93.7579781420765,111.9100000000001,1594.0699999999997,7.55,34.48,0
10010160,嘉義縣,番路鄉,2025,4.4936709580838325,78.86197260273971,21.503123287671233,21.697013698630137,10.3,2.2614246575342465,93.74682191780823,183.51000000000002,1352.6499999999999,7.283333333333332,31.80666666666666,0
10010170,嘉義縣,大埔鄉,2013,4.261101095890411,77.53293150684931,21.000986301369863,21.325150684931508,9.570000000000002,2.316712328767123,93.72117808219177,183.52000000000004,1169.3799999999997,6.98,31.296666666666663,0
10010170,嘉義縣,大埔鄉,2014,4.360468219178083,76.447698630137,21.0273698630137,21.520246575342465,11.790000000000001,2.340027397260274,93.76134246575343,275.52000000000004,1271.0099999999998,5.556666666666666,32.53333333333334,0
10010170,嘉義縣,大埔鄉,2015,4.492699452054795,78.2701095890411,21.28994520547945,21.65750684931507,10.040000000000001,2.479534246575342,93.80906849315068,166.76000000000005,1258.0899999999997,7.153333333333333,32.79,0
10010170,嘉義縣,大埔鄉,2016,4.239616120218579,83.50745901639343,20.995409836065576,20.97366120218579,10.809999999999999,2.3818032786885244,93.75715846994537,272.2600000000001,1258.78,2.9800000000000004,31.34,31
10010170,嘉義縣,大埔鄉,2017,4.48226191780822,78.82317808219177,21.503479452054794,21.808383561643833,7.859999999999999,2.201917808219178,93.78306849315071,114.07000000000015,1283.3399999999997,8.563333333333333,31.840000000000003,0
10010170,嘉義縣,大埔鄉,2018,4.518268493150686,78.37567123287671,21.525397260273973,21.991479452054797,10.530000000000001,2.3134520547945203,93.71413698630138,139.13,1316.4,5.843333333333334,33.64666666666667,0
10010170,嘉義縣,大埔鄉,2019,4.362369589041095,79.58065753424655,21.690246575342467,21.9592602739726,7.059999999999999,2.3109315068493155,93.7374794520548,31.31000000000005,1268.7499999999998,10.409999999999998,32.14,0
10010170,嘉義縣,大埔鄉,2020,4.662927595628416,77.23071038251366,21.749562841530054,22.122786885245905,9.139999999999997,2.2730327868852465,93.81311475409835,96.83999999999997,1359.3799999999997,4.3533333333333335,32.47666666666667,0
10010170,嘉義縣,大埔鄉,2021,4.698947123287672,75.23772602739727,21.743835616438357,22.240630136986304,12.530000000000001,2.4081369863013697,93.75794520547946,160.08000000000013,1417.0799999999997,7.026666666666666,33.94,0
10010170,嘉義縣,大埔鄉,2022,4.496051506849315,75.3934794520548,22.067123287671233,22.539397260273976,9.430000000000003,2.3230684931506844,93.72123287671234,137.61,1512.6099999999997,6.906666666666666,33.99,0
10010170,嘉義縣,大埔鄉,2023,4.528795890410959,73.0497808219178,22.43994520547945,23.13621917808219,10.149999999999999,2.4242739726027396,93.76715068493151,48.98000000000006,1560.0599999999995,7.863333333333334,34.82333333333333,0
10010170,嘉義縣,大埔鄉,2024,4.427984426229509,75.73502732240438,22.349617486338797,22.840054644808742,10.740000000000002,2.4553825136612017,93.7579781420765,111.9100000000001,1594.0699999999997,7.55,34.48,0
10010170,嘉義縣,大埔鄉,2025,4.4936709580838325,78.86197260273971,21.503123287671233,21.697013698630137,10.3,2.2614246575342465,93.74682191780823,183.51000000000002,1352.6499999999999,7.283333333333332,31.80666666666666,0
10010180,嘉義縣,阿里山鄉,2013,4.261101095890411,77.53293150684931,21.000986301369863,21.325150684931508,9.570000000000002,2.316712328767123,93.72117808219177,183.52000000000004,1169.3799999999997,6.98,31.296666666666663,0
10010180,嘉義縣,阿里山鄉,2014,4.360468219178083,76.447698630137,21.0273698630137,21.520246575342465,11.790000000000001,2.340027397260274,93.76134246575343,275.52000000000004,1271.0099999999998,5.556666666666666,32.53333333333334,0
10010180,嘉義縣,阿里山鄉,2015,4.492699452054795,78.2701095890411,21.28994520547945,21.65750684931507,10.040000000000001,2.479534246575342,93.80906849315068,166.76000000000005,1258.0899999999997,7.153333333333333,32.79,0
10010180,嘉義縣,阿里山鄉,2016,4.239616120218579,83.50745901639343,20.995409836065576,20.97366120218579,10.809999999999999,2.3818032786885244,93.75715846994537,272.2600000000001,1258.78,2.9800000000000004,31.34,31
10010180,嘉義縣,阿里山鄉,2017,4.48226191780822,78.82317808219177,21.503479452054794,21.808383561643833,7.859999999999999,2.201917808219178,93.78306849315071,114.07000000000015,1283.3399999999997,8.563333333333333,31.840000000000003,0
10010180,嘉義縣,阿里山鄉,2018,4.518268493150686,78.37567123287671,21.525397260273973,21.991479452054797,10.530000000000001,2.3134520547945203,93.71413698630138,139.13,1316.4,5.843333333333334,33.64666666666667,0
10010180,嘉義縣,阿里山鄉,2019,4.362369589041095,79.58065753424655,21.690246575342467,21.9592602739726,7.059999999999999,2.3109315068493155,93.7374794520548,31.31000000000005,1268.7499999999998,10.409999999999998,32.14,0
10010180,嘉義縣,阿里山鄉,2020,4.662927595628416,77.23071038251366,21.749562841530054,22.122786885245905,9.139999999999997,2.2730327868852465,93.81311475409835,96.83999999999997,1359.3799999999997,4.3533333333333335,32.47666666666667,0
10010180,嘉義縣,阿里山鄉,2021,4.698947123287672,75.23772602739727,21.743835616438357,22.240630136986304,12.530000000000001,2.4081369863013697,93.75794520547946,160.08000000000013,1417.0799999999997,7.026666666666666,33.94,0
10010180,嘉義縣,阿里山鄉,2022,4.496051506849315,75.3934794520548,22.067123287671233,22.539397260273976,9.430000000000003,2.3230684931506844,93.72123287671234,137.61,1512.6099999999997,6.906666666666666,33.99,0
10010180,嘉義縣,阿里山鄉,2023,4.528795890410959,73.0497808219178,22.43994520547945,23.13621917808219,10.149999999999999,2.4242739726027396,93.76715068493151,48.98000000000006,1560.0599999999995,7.863333333333334,34.82333333333333,0
10010180,嘉義縣,阿里山鄉,2024,4.427984426229509,75.73502732240438,22.349617486338797,22.840054644808742,10.740000000000002,2.4553825136612017,93.7579781420765,111.9100000000001,1594.0699999999997,7.55,34.48,0
10010180,嘉義縣,阿里山鄉,2025,4.4936709580838325,78.86197260273971,21.503123287671233,21.697013698630137,10.3,2.2614246575342465,93.74682191780823,183.51000000000002,1352.6499999999999,7.283333333333332,31.80666666666666,0
10013010,屏東縣,屏東市,2013,4.506502191780822,76.31531506849315,24.73109589041096,26.404191780821918,6.899999999999999,4.248465753424657,98.82761643835615,0.0,2347.3499999999995,14.266666666666666,31.793333333333333,0
10013010,屏東縣,屏東市,2014,4.60450602739726,74.90369863013699,24.742027397260273,26.702739726027396,8.2,3.9559726027397257,98.86775342465754,0.0,2351.3399999999997,14.126666666666667,32.550000000000004,0
10013010,屏東縣,屏東市,2015,4.826878630136986,76.4053698630137,25.042383561643835,26.851780821917806,8.25,4.020767123287671,98.91446575342465,0.0,2460.9699999999993,14.633333333333333,32.629999999999995,0
10013010,屏東縣,屏東市,2016,4.549348087431693,80.35639344262295,24.89396174863388,26.187732240437157,7.32,4.160218579234973,98.855956284153,0.0,2413.39,12.64,31.816666666666666,0
10013010,屏東縣,屏東市,2017,4.766560547945205,77.22868493150685,25.089013698630136,26.629452054794527,6.259999999999998,3.9845479452054797,98.88594520547944,0.0,2477.99,15.64,32.303333333333335,0
10013010,屏東縣,屏東市,2018,4.710832054794521,76.18778082191783,25.189397260273974,27.111835616438356,9.2,3.692109589041096,98.81027397260274,0.0,2514.63,13.766666666666666,33.71,0
10013010,屏東縣,屏東市,2019,4.581201369863014,77.44616438356164,25.446027397260274,27.001561643835622,5.379999999999999,3.605671232876712,98.82471232876713,0.0,2608.2999999999993,17.540000000000003,32.086666666666666,0
10013010,屏東縣,屏東市,2020,4.872314207650273,75.8127868852459,25.45543715846994,27.179781420765032,6.759999999999998,3.970901639344262,98.90786885245902,0.0,2618.8899999999994,14.6,32.93666666666667,0
10013010,屏東縣,屏東市,2021,4.837761095890412,74.72443835616438,25.38728767123288,27.316109589041098,10.639999999999997,4.013534246575342,98.8467397260274,0.0,2586.8599999999997,14.770000000000001,33.23333333333334,0
10013010,屏東縣,屏東市,2022,4.783987123287671,75.3121917808219,25.602493150684932,27.37306849315068,6.73,3.8783013698630135,98.80835616438357,0.0,2665.41,15.496666666666664,33.28666666666667,0
10013010,屏東縣,屏東市,2023,4.72831890410959,74.39994520547945,25.772109589041094,27.7586301369863,7.419999999999998,3.907890410958904,98.85238356164382,0.0,2727.3199999999997,15.366666666666667,34.39,0
10013010,屏東縣,屏東市,2024,4.696710109289618,76.29510928961749,25.822377049180332,27.49273224043716,7.93,3.9270491803278693,98.84366120218581,0.0,2753.1899999999996,15.62,33.43666666666667,0
10013010,屏東縣,屏東市,2025,4.7404302395209585,77.61509589041096,25.177315068493147,26.67964383561644,9.010000000000002,4.000602739726028,98.83950684931509,0.0,2510.2200000000003,15.323333333333332,32.85999999999999,0
10013020,屏東縣,潮州鎮,2013,4.506502191780822,76.31531506849315,24.73109589041096,26.404191780821918,6.899999999999999,4.248465753424657,98.82761643835615,0.0,2347.3499999999995,14.266666666666666,31.793333333333333,0
10013020,屏東縣,潮州鎮,2014,4.60450602739726,74.90369863013699,24.742027397260273,26.702739726027396,8.2,3.9559726027397257,98.86775342465754,0.0,2351.3399999999997,14.126666666666667,32.550000000000004,0
10013020,屏東縣,潮州鎮,2015,4.826878630136986,76.4053698630137,25.042383561643835,26.851780821917806,8.25,4.020767123287671,98.91446575342465,0.0,2460.9699999999993,14.633333333333333,32.629999999999995,0
10013020,屏東縣,潮州鎮,2016,4.549348087431693,80.35639344262295,24.89396174863388,26.187732240437157,7.32,4.160218579234973,98.855956284153,0.0,2413.39,12.64,31.816666666666666,0
10013020,屏東縣,潮州鎮,2017,4.766560547945205,77.22868493150685,25.089013698630136,26.629452054794527,6.259999999999998,3.9845479452054797,98.88594520547944,0.0,2477.99,15.64,32.303333333333335,0
10013020,屏東縣,潮州鎮,2018,4.710832054794521,76.18778082191783,25.189397260273974,27.111835616438356,9.2,3.692109589041096,98.81027397260274,0.0,2514.63,13.766666666666666,33.71,0
10013020,屏東縣,潮州鎮,2019,4.581201369863014,77.44616438356164,25.446027397260274,27.001561643835622,5.379999999999999,3.605671232876712,98.82471232876713,0.0,2608.2999999999993,17.540000000000003,32.086666666666666,0
10013020,屏東縣,潮州鎮,2020,4.872314207650273,75.8127868852459,25.45543715846994,27.179781420765032,6.759999999999998,3.970901639344262,98.90786885245902,0.0,2618.8899999999994,14.6,32.93666666666667,0
10013020,屏東縣,潮州鎮,2021,4.837761095890412,74.72443835616438,25.38728767123288,27.316109589041098,10.639999999999997,4.013534246575342,98.8467397260274,0.0,2586.8599999999997,14.770000000000001,33.23333333333334,0
10013020,屏東縣,潮州鎮,2022,4.783987123287671,75.3121917808219,25.602493150684932,27.37306849315068,6.73,3.8783013698630135,98.80835616438357,0.0,2665.41,15.496666666666664,33.28666666666667,0
10013020,屏東縣,潮州鎮,2023,4.72831890410959,74.39994520547945,25.772109589041094,27.7586301369863,7.419999999999998,3.907890410958904,98.85238356164382,0.0,2727.3199999999997,15.366666666666667,34.39,0
10013020,屏東縣,潮州鎮,2024,4.696710109289618,76.29510928961749,25.822377049180332,27.49273224043716,7.93,3.9270491803278693,98.84366120218581,0.0,2753.1899999999996,15.62,33.43666666666667,0
10013020,屏東縣,潮州鎮,2025,4.7404302395209585,77.61509589041096,25.177315068493147,26.67964383561644,9.010000000000002,4.000602739726028,98.83950684931509,0.0,2510.2200000000003,15.323333333333332,32.85999999999999,0
10013030,屏東縣,東港鎮,2013,4.506502191780822,76.31531506849315,24.73109589041096,26.404191780821918,6.899999999999999,4.248465753424657,98.82761643835615,0.0,2347.3499999999995,14.266666666666666,31.793333333333333,0
10013030,屏東縣,東港鎮,2014,4.60450602739726,74.90369863013699,24.742027397260273,26.702739726027396,8.2,3.9559726027397257,98.86775342465754,0.0,2351.3399999999997,14.126666666666667,32.550000000000004,0
10013030,屏東縣,東港鎮,2015,4.826878630136986,76.4053698630137,25.042383561643835,26.851780821917806,8.25,4.020767123287671,98.91446575342465,0.0,2460.9699999999993,14.633333333333333,32.629999999999995,0
10013030,屏東縣,東港鎮,2016,4.549348087431693,80.35639344262295,24.89396174863388,26.187732240437157,7.32,4.160218579234973,98.855956284153,0.0,2413.39,12.64,31.816666666666666,0
10013030,屏東縣,東港鎮,2017,4.766560547945205,77.22868493150685,25.089013698630136,26.629452054794527,6.259999999999998,3.9845479452054797,98.88594520547944,0.0,2477.99,15.64,32.303333333333335,0
10013030,屏東縣,東港鎮,2018,4.710832054794521,76.18778082191783,25.189397260273974,27.111835616438356,9.2,3.692109589041096,98.81027397260274,0.0,2514.63,13.766666666666666,33.71,0
10013030,屏東縣,東港鎮,2019,4.581201369863014,77.44616438356164,25.446027397260274,27.001561643835622,5.379999999999999,3.605671232876712,98.82471232876713,0.0,2608.2999999999993,17.540000000000003,32.086666666666666,0
10013030,屏東縣,東港鎮,2020,4.872314207650273,75.8127868852459,25.45543715846994,27.179781420765032,6.759999999999998,3.970901639344262,98.90786885245902,0.0,2618.8899999999994,14.6,32.93666666666667,0
10013030,屏東縣,東港鎮,2021,4.837761095890412,74.72443835616438,25.38728767123288,27.316109589041098,10.639999999999997,4.013534246575342,98.8467397260274,0.0,2586.8599999999997,14.770000000000001,33.23333333333334,0
10013030,屏東縣,東港鎮,2022,4.783987123287671,75.3121917808219,25.602493150684932,27.37306849315068,6.73,3.8783013698630135,98.80835616438357,0.0,2665.41,15.496666666666664,33.28666666666667,0
10013030,屏東縣,東港鎮,2023,4.72831890410959,74.39994520547945,25.772109589041094,27.7586301369863,7.419999999999998,3.907890410958904,98.85238356164382,0.0,2727.3199999999997,15.366666666666667,34.39,0
10013030,屏東縣,東港鎮,2024,4.696710109289618,76.29510928961749,25.822377049180332,27.49273224043716,7.93,3.9270491803278693,98.84366120218581,0.0,2753.1899999999996,15.62,33.43666666666667,0
10013030,屏東縣,東港鎮,2025,4.7404302395209585,77.61509589041096,25.177315068493147,26.67964383561644,9.010000000000002,4.000602739726028,98.83950684931509,0.0,2510.2200000000003,15.323333333333332,32.85999999999999,0
10013040,屏東縣,恆春鎮,2013,4.577836712328766,79.21687671232877,26.06556164383562,27.184986301369864,5.289999999999999,6.85054794520548,100.93002739726028,0.0,2834.4300000000003,18.94333333333333,30.526666666666667,0
10013040,屏東縣,恆春鎮,2014,4.723653150684932,78.60723287671233,25.92709589041096,27.106082191780825,5.93,6.418164383561644,100.97339726027397,0.0,2783.8900000000003,18.05,30.83666666666667,0
10013040,屏東縣,恆春鎮,2015,4.9445643835616435,79.17046575342466,26.22509589041096,27.14430136986301,6.609999999999999,6.241671232876713,101.0183287671233,0.0,2892.66,18.473333333333333,31.05,0
10013040,屏東縣,恆春鎮,2016,4.6433333333333335,80.9392349726776,26.46098360655738,27.464999999999996,5.629999999999999,6.462896174863388,100.95251366120219,0.0,2986.92,17.746666666666666,30.996666666666666,0
10013040,屏東縣,恆春鎮,2017,4.7481109589041095,79.05561643835615,26.453698630136987,27.43846575342466,5.5,6.554547945205479,100.98320547945204,0.0,2976.1000000000004,19.473333333333333,30.840000000000003,0
10013040,屏東縣,恆春鎮,2018,4.74289506849315,79.06123287671234,26.34367123287671,27.483890410958907,5.68,6.190191780821917,100.9083287671233,0.0,2935.94,18.196666666666665,30.77,0
10013040,屏東縣,恆春鎮,2019,4.644462465753424,79.48794520547943,26.708986301369865,27.562082191780817,4.890000000000001,6.028383561643836,100.92038356164385,0.0,3069.2799999999997,21.286666666666665,30.786666666666665,0
10013040,屏東縣,恆春鎮,2020,4.918936065573771,78.41262295081967,26.7357650273224,27.845546448087436,5.419999999999998,6.574590163934427,101.0060655737705,0.0,3087.4900000000007,18.59,30.91,0
10013040,屏東縣,恆春鎮,2021,4.827013424657535,78.71912328767124,26.466794520547943,27.53942465753425,6.140000000000001,6.559150684931506,100.94819178082193,0.0,2980.88,18.94666666666667,31.03,0
10013040,屏東縣,恆春鎮,2022,4.7565410958904115,78.92624657534247,26.75191780821918,27.7606301369863,5.16,6.529424657534247,100.90317808219177,0.0,3084.95,19.636666666666667,31.383333333333336,0
10013040,屏東縣,恆春鎮,2023,4.77400794520548,79.12306849315068,26.689945205479447,27.61350684931507,5.289999999999999,6.336520547945205,100.9513698630137,0.0,3062.3299999999995,18.91333333333333,31.276666666666667,0
10013040,屏東縣,恆春鎮,2024,4.692551092896175,79.80707650273224,26.975191256830605,27.880382513661196,5.77,6.254945355191257,100.93948087431694,0.0,3175.1200000000003,19.69333333333333,31.67,0
10013040,屏東縣,恆春鎮,2025,4.774912574850299,79.98679452054796,26.474657534246575,27.53041095890411,5.939999999999998,6.595863013698631,100.93761643835617,0.0,2983.7499999999995,19.21,30.76,0
10013050,屏東縣,萬丹鄉,2013,4.506502191780822,76.31531506849315,24.73109589041096,26.404191780821918,6.899999999999999,4.248465753424657,98.82761643835615,0.0,2347.3499999999995,14.266666666666666,31.793333333333333,0
10013050,屏東縣,萬丹鄉,2014,4.60450602739726,74.90369863013699,24.742027397260273,26.702739726027396,8.2,3.9559726027397257,98.86775342465754,0.0,2351.3399999999997,14.126666666666667,32.550000000000004,0
10013050,屏東縣,萬丹鄉,2015,4.826878630136986,76.4053698630137,25.042383561643835,26.851780821917806,8.25,4.020767123287671,98.91446575342465,0.0,2460.9699999999993,14.633333333333333,32.629999999999995,0
10013050,屏東縣,萬丹鄉,2016,4.549348087431693,80.35639344262295,24.89396174863388,26.187732240437157,7.32,4.160218579234973,98.855956284153,0.0,2413.39,12.64,31.816666666666666,0
10013050,屏東縣,萬丹鄉,2017,4.766560547945205,77.22868493150685,25.089013698630136,26.629452054794527,6.259999999999998,3.9845479452054797,98.88594520547944,0.0,2477.99,15.64,32.303333333333335,0
10013050,屏東縣,萬丹鄉,2018,4.710832054794521,76.18778082191783,25.189397260273974,27.111835616438356,9.2,3.692109589041096,98.81027397260274,0.0,2514.63,13.766666666666666,33.71,0
10013050,屏東縣,萬丹鄉,2019,4.581201369863014,77.44616438356164,25.446027397260274,27.001561643835622,5.379999999999999,3.605671232876712,98.82471232876713,0.0,2608.2999999999993,17.540000000000003,32.086666666666666,0
10013050,屏東縣,萬丹鄉,2020,4.872314207650273,75.8127868852459,25.45543715846994,27.179781420765032,6.759999999999998,3.970901639344262,98.90786885245902,0.0,2618.8899999999994,14.6,32.93666666666667,0
10013050,屏東縣,萬丹鄉,2021,4.837761095890412,74.72443835616438,25.38728767123288,27.316109589041098,10.639999999999997,4.013534246575342,98.8467397260274,0.0,2586.8599999999997,14.770000000000001,33.23333333333334,0
10013050,屏東縣,萬丹鄉,2022,4.783987123287671,75.3121917808219,25.602493150684932,27.37306849315068,6.73,3.8783013698630135,98.80835616438357,0.0,2665.41,15.496666666666664,33.28666666666667,0
10013050,屏東縣,萬丹鄉,2023,4.72831890410959,74.39994520547945,25.772109589041094,27.7586301369863,7.419999999999998,3.907890410958904,98.85238356164382,0.0,2727.3199999999997,15.366666666666667,34.39,0
10013050,屏東縣,萬丹鄉,2024,4.696710109289618,76.29510928961749,25.822377049180332,27.49273224043716,7.93,3.9270491803278693,98.84366120218581,0.0,2753.1899999999996,15.62,33.43666666666667,0
10013050,屏東縣,萬丹鄉,2025,4.7404302395209585,77.61509589041096,25.177315068493147,26.67964383561644,9.010000000000002,4.000602739726028,98.83950684931509,0.0,2510.2200000000003,15.323333333333332,32.85999999999999,0
10013060,屏東縣,長治鄉,2013,4.506502191780822,76.31531506849315,24.73109589041096,26.404191780821918,6.899999999999999,4.248465753424657,98.82761643835615,0.0,2347.3499999999995,14.266666666666666,31.793333333333333,0
10013060,屏東縣,長治鄉,2014,4.60450602739726,74.90369863013699,24.742027397260273,26.702739726027396,8.2,3.9559726027397257,98.86775342465754,0.0,2351.3399999999997,14.126666666666667,32.550000000000004,0
10013060,屏東縣,長治鄉,2015,4.826878630136986,76.4053698630137,25.042383561643835,26.851780821917806,8.25,4.020767123287671,98.91446575342465,0.0,2460.9699999999993,14.633333333333333,32.629999999999995,0
10013060,屏東縣,長治鄉,2016,4.549348087431693,80.35639344262295,24.89396174863388,26.187732240437157,7.32,4.160218579234973,98.855956284153,0.0,2413.39,12.64,31.816666666666666,0
10013060,屏東縣,長治鄉,2017,4.766560547945205,77.22868493150685,25.089013698630136,26.629452054794527,6.259999999999998,3.9845479452054797,98.88594520547944,0.0,2477.99,15.64,32.303333333333335,0
10013060,屏東縣,長治鄉,2018,4.710832054794521,76.18778082191783,25.189397260273974,27.111835616438356,9.2,3.692109589041096,98.81027397260274,0.0,2514.63,13.766666666666666,33.71,0
10013060,屏東縣,長治鄉,2019,4.581201369863014,77.44616438356164,25.446027397260274,27.001561643835622,5.379999999999999,3.605671232876712,98.82471232876713,0.0,2608.2999999999993,17.540000000000003,32.086666666666666,0
10013060,屏東縣,長治鄉,2020,4.872314207650273,75.8127868852459,25.45543715846994,27.179781420765032,6.759999999999998,3.970901639344262,98.90786885245902,0.0,2618.8899999999994,14.6,32.93666666666667,0
10013060,屏東縣,長治鄉,2021,4.837761095890412,74.72443835616438,25.38728767123288,27.316109589041098,10.639999999999997,4.013534246575342,98.8467397260274,0.0,2586.8599999999997,14.770000000000001,33.23333333333334,0
10013060,屏東縣,長治鄉,2022,4.783987123287671,75.3121917808219,25.602493150684932,27.37306849315068,6.73,3.8783013698630135,98.80835616438357,0.0,2665.41,15.496666666666664,33.28666666666667,0
10013060,屏東縣,長治鄉,2023,4.72831890410959,74.39994520547945,25.772109589041094,27.7586301369863,7.419999999999998,3.907890410958904,98.85238356164382,0.0,2727.3199999999997,15.366666666666667,34.39,0
10013060,屏東縣,長治鄉,2024,4.696710109289618,76.29510928961749,25.822377049180332,27.49273224043716,7.93,3.9270491803278693,98.84366120218581,0.0,2753.1899999999996,15.62,33.43666666666667,0
10013060,屏東縣,長治鄉,2025,4.7404302395209585,77.61509589041096,25.177315068493147,26.67964383561644,9.010000000000002,4.000602739726028,98.83950684931509,0.0,2510.2200000000003,15.323333333333332,32.85999999999999,0
10013070,屏東縣,麟洛鄉,2013,4.506502191780822,76.31531506849315,24.73109589041096,26.404191780821918,6.899999999999999,4.248465753424657,98.82761643835615,0.0,2347.3499999999995,14.266666666666666,31.793333333333333,0
10013070,屏東縣,麟洛鄉,2014,4.60450602739726,74.90369863013699,24.742027397260273,26.702739726027396,8.2,3.9559726027397257,98.86775342465754,0.0,2351.3399999999997,14.126666666666667,32.550000000000004,0
10013070,屏東縣,麟洛鄉,2015,4.826878630136986,76.4053698630137,25.042383561643835,26.851780821917806,8.25,4.020767123287671,98.91446575342465,0.0,2460.9699999999993,14.633333333333333,32.629999999999995,0
10013070,屏東縣,麟洛鄉,2016,4.549348087431693,80.35639344262295,24.89396174863388,26.187732240437157,7.32,4.160218579234973,98.855956284153,0.0,2413.39,12.64,31.816666666666666,0
10013070,屏東縣,麟洛鄉,2017,4.766560547945205,77.22868493150685,25.089013698630136,26.629452054794527,6.259999999999998,3.9845479452054797,98.88594520547944,0.0,2477.99,15.64,32.303333333333335,0
10013070,屏東縣,麟洛鄉,2018,4.710832054794521,76.18778082191783,25.189397260273974,27.111835616438356,9.2,3.692109589041096,98.81027397260274,0.0,2514.63,13.766666666666666,33.71,0
10013070,屏東縣,麟洛鄉,2019,4.581201369863014,77.44616438356164,25.446027397260274,27.001561643835622,5.379999999999999,3.605671232876712,98.82471232876713,0.0,2608.2999999999993,17.540000000000003,32.086666666666666,0
10013070,屏東縣,麟洛鄉,2020,4.872314207650273,75.8127868852459,25.45543715846994,27.179781420765032,6.759999999999998,3.970901639344262,98.90786885245902,0.0,2618.8899999999994,14.6,32.93666666666667,0
10013070,屏東縣,麟洛鄉,2021,4.837761095890412,74.72443835616438,25.38728767123288,27.316109589041098,10.639999999999997,4.013534246575342,98.8467397260274,0.0,2586.8599999999997,14.770000000000001,33.23333333333334,0
10013070,屏東縣,麟洛鄉,2022,4.783987123287671,75.3121917808219,25.602493150684932,27.37306849315068,6.73,3.8783013698630135,98.80835616438357,0.0,2665.41,15.496666666666664,33.28666666666667,0
10013070,屏東縣,麟洛鄉,2023,4.72831890410959,74.39994520547945,25.772109589041094,27.7586301369863,7.419999999999998,3.907890410958904,98.85238356164382,0.0,2727.3199999999997,15.366666666666667,34.39,0
10013070,屏東縣,麟洛鄉,2024,4.696710109289618,76.29510928961749,25.822377049180332,27.49273224043716,7.93,3.9270491803278693,98.84366120218581,0.0,2753.1899999999996,15.62,33.43666666666667,0
10013070,屏東縣,麟洛鄉,2025,4.7404302395209585,77.61509589041096,25.177315068493147,26.67964383561644,9.010000000000002,4.000602739726028,98.83950684931509,0.0,2510.2200000000003,15.323333333333332,32.85999999999999,0
10013080,屏東縣,九如鄉,2013,4.506502191780822,76.31531506849315,24.73109589041096,26.404191780821918,6.899999999999999,4.248465753424657,98.82761643835615,0.0,2347.3499999999995,14.266666666666666,31.793333333333333,0
10013080,屏東縣,九如鄉,2014,4.60450602739726,74.90369863013699,24.742027397260273,26.702739726027396,8.2,3.9559726027397257,98.86775342465754,0.0,2351.3399999999997,14.126666666666667,32.550000000000004,0
10013080,屏東縣,九如鄉,2015,4.826878630136986,76.4053698630137,25.042383561643835,26.851780821917806,8.25,4.020767123287671,98.91446575342465,0.0,2460.9699999999993,14.633333333333333,32.629999999999995,0
10013080,屏東縣,九如鄉,2016,4.549348087431693,80.35639344262295,24.89396174863388,26.187732240437157,7.32,4.160218579234973,98.855956284153,0.0,2413.39,12.64,31.816666666666666,0
10013080,屏東縣,九如鄉,2017,4.766560547945205,77.22868493150685,25.089013698630136,26.629452054794527,6.259999999999998,3.9845479452054797,98.88594520547944,0.0,2477.99,15.64,32.303333333333335,0
10013080,屏東縣,九如鄉,2018,4.710832054794521,76.18778082191783,25.189397260273974,27.111835616438356,9.2,3.692109589041096,98.81027397260274,0.0,2514.63,13.766666666666666,33.71,0
10013080,屏東縣,九如鄉,2019,4.581201369863014,77.44616438356164,25.446027397260274,27.001561643835622,5.379999999999999,3.605671232876712,98.82471232876713,0.0,2608.2999999999993,17.540000000000003,32.086666666666666,0
10013080,屏東縣,九如鄉,2020,4.872314207650273,75.8127868852459,25.45543715846994,27.179781420765032,6.759999999999998,3.970901639344262,98.90786885245902,0.0,2618.8899999999994,14.6,32.93666666666667,0
10013080,屏東縣,九如鄉,2021,4.837761095890412,74.72443835616438,25.38728767123288,27.316109589041098,10.639999999999997,4.013534246575342,98.8467397260274,0.0,2586.8599999999997,14.770000000000001,33.23333333333334,0
10013080,屏東縣,九如鄉,2022,4.783987123287671,75.3121917808219,25.602493150684932,27.37306849315068,6.73,3.8783013698630135,98.80835616438357,0.0,2665.41,15.496666666666664,33.28666666666667,0
10013080,屏東縣,九如鄉,2023,4.72831890410959,74.39994520547945,25.772109589041094,27.7586301369863,7.419999999999998,3.907890410958904,98.85238356164382,0.0,2727.3199999999997,15.366666666666667,34.39,0
10013080,屏東縣,九如鄉,2024,4.696710109289618,76.29510928961749,25.822377049180332,27.49273224043716,7.93,3.9270491803278693,98.84366120218581,0.0,2753.1899999999996,15.62,33.43666666666667,0
10013080,屏東縣,九如鄉,2025,4.7404302395209585,77.61509589041096,25.177315068493147,26.67964383561644,9.010000000000002,4.000602739726028,98.83950684931509,0.0,2510.2200000000003,15.323333333333332,32.85999999999999,0
10013090,屏東縣,里港鄉,2013,4.506502191780822,77.00191780821918,22.44906849315069,23.386246575342465,8.11,2.234,95.45865753424657,58.59000000000013,1572.9999999999998,9.229999999999999,31.993333333333336,0
10013090,屏東縣,里港鄉,2014,4.60450602739726,75.62843835616438,22.51624657534246,23.707917808219182,10.86,2.182109589041096,95.4964109589041,95.25000000000011,1634.18,8.963333333333333,33.013333333333335,0
10013090,屏東縣,里港鄉,2015,4.826878630136986,77.61441095890412,22.770246575342465,23.83309589041096,9.139999999999997,2.327561643835616,95.54660273972601,48.050000000000026,1679.69,9.666666666666666,33.67666666666667,0
10013090,屏東縣,里港鄉,2016,4.549348087431693,82.81467213114753,22.409945355191258,22.91571038251366,9.079999999999998,2.3801092896174865,95.49289617486339,71.8900000000001,1576.1299999999994,6.033333333333334,31.543333333333337,0
10013090,屏東縣,里港鄉,2017,4.766560547945205,78.63378082191781,22.83846575342466,23.69312328767123,7.109999999999999,2.0507397260273974,95.52219178082191,1.1199999999999761,1657.66,10.85,32.526666666666664,0
10013090,屏東縣,里港鄉,2018,4.710832054794521,77.36331506849314,23.012630136986303,24.178849315068494,10.670000000000002,2.1617260273972607,95.44745205479452,19.480000000000054,1739.5899999999997,8.656666666666666,35.153333333333336,0
10013090,屏東縣,里港鄉,2019,4.581201369863014,78.9982191780822,23.140383561643834,24.032438356164384,6.010000000000002,2.063260273972603,95.47161643835616,0.0,1766.7399999999996,12.94,32.1,0
10013090,屏東縣,里港鄉,2020,4.872314207650273,77.05483606557378,23.16486338797814,24.187377049180327,8.240000000000002,2.1056830601092895,95.5472950819672,0.0,1780.5399999999995,8.606666666666667,33.38666666666666,0
10013090,屏東縣,里港鄉,2021,4.837761095890412,74.73199999999999,23.244383561643833,24.45424657534247,12.280000000000001,2.2199178082191784,95.48873972602739,46.810000000000045,1851.5099999999998,10.073333333333332,35.449999999999996,0
10013090,屏東縣,里港鄉,2022,4.783987123287671,75.0147123287671,23.50958904109589,24.672931506849313,8.440000000000001,2.0816986301369864,95.45216438356162,0.0,1901.5,10.406666666666666,34.15,0
10013090,屏東縣,里港鄉,2023,4.72831890410959,73.25139726027396,23.845835616438354,25.25860273972603,9.25,2.2580821917808223,95.49610958904108,0.0,2024.23,10.783333333333333,36.083333333333336,0
10013090,屏東縣,里港鄉,2024,4.696710109289618,75.48464480874316,23.785409836065572,24.903087431693987,9.96,2.2965846994535526,95.48797814207651,0.0,2007.6599999999996,10.583333333333334,35.18666666666667,0
10013090,屏東縣,里港鄉,2025,4.7404302395209585,78.26090410958903,22.987671232876714,23.806958904109592,10.219999999999999,2.163534246575342,95.47753424657535,55.600000000000065,1766.6,10.01,33.516666666666666,0
10013100,屏東縣,鹽埔鄉,2013,4.506502191780822,76.31531506849315,24.73109589041096,26.404191780821918,6.899999999999999,4.248465753424657,98.82761643835615,0.0,2347.3499999999995,14.266666666666666,31.793333333333333,0
10013100,屏東縣,鹽埔鄉,2014,4.60450602739726,74.90369863013699,24.742027397260273,26.702739726027396,8.2,3.9559726027397257,98.86775342465754,0.0,2351.3399999999997,14.126666666666667,32.550000000000004,0
10013100,屏東縣,鹽埔鄉,2015,4.826878630136986,76.4053698630137,25.042383561643835,26.851780821917806,8.25,4.020767123287671,98.91446575342465,0.0,2460.9699999999993,14.633333333333333,32.629999999999995,0
10013100,屏東縣,鹽埔鄉,2016,4.549348087431693,80.35639344262295,24.89396174863388,26.187732240437157,7.32,4.160218579234973,98.855956284153,0.0,2413.39,12.64,31.816666666666666,0
10013100,屏東縣,鹽埔鄉,2017,4.766560547945205,77.22868493150685,25.089013698630136,26.629452054794527,6.259999999999998,3.9845479452054797,98.88594520547944,0.0,2477.99,15.64,32.303333333333335,0
10013100,屏東縣,鹽埔鄉,2018,4.710832054794521,76.18778082191783,25.189397260273974,27.111835616438356,9.2,3.692109589041096,98.81027397260274,0.0,2514.63,13.766666666666666,33.71,0
10013100,屏東縣,鹽埔鄉,2019,4.581201369863014,77.44616438356164,25.446027397260274,27.001561643835622,5.379999999999999,3.605671232876712,98.82471232876713,0.0,2608.2999999999993,17.540000000000003,32.086666666666666,0
10013100,屏東縣,鹽埔鄉,2020,4.872314207650273,75.8127868852459,25.45543715846994,27.179781420765032,6.759999999999998,3.970901639344262,98.90786885245902,0.0,2618.8899999999994,14.6,32.93666666666667,0
10013100,屏東縣,鹽埔鄉,2021,4.837761095890412,74.72443835616438,25.38728767123288,27.316109589041098,10.639999999999997,4.013534246575342,98.8467397260274,0.0,2586.8599999999997,14.770000000000001,33.23333333333334,0
10013100,屏東縣,鹽埔鄉,2022,4.783987123287671,75.3121917808219,25.602493150684932,27.37306849315068,6.73,3.8783013698630135,98.80835616438357,0.0,2665.41,15.496666666666664,33.28666666666667,0
10013100,屏東縣,鹽埔鄉,2023,4.72831890410959,74.39994520547945,25.772109589041094,27.7586301369863,7.419999999999998,3.907890410958904,98.85238356164382,0.0,2727.3199999999997,15.366666666666667,34.39,0
10013100,屏東縣,鹽埔鄉,2024,4.696710109289618,76.29510928961749,25.822377049180332,27.49273224043716,7.93,3.9270491803278693,98.84366120218581,0.0,2753.1899999999996,15.62,33.43666666666667,0
10013100,屏東縣,鹽埔鄉,2025,4.7404302395209585,77.61509589041096,25.177315068493147,26.67964383561644,9.010000000000002,4.000602739726028,98.83950684931509,0.0,2510.2200000000003,15.323333333333332,32.85999999999999,0
10013110,屏東縣,高樹鄉,2013,4.506502191780822,77.00191780821918,22.44906849315069,23.386246575342465,8.11,2.234,95.45865753424657,58.59000000000013,1572.9999999999998,9.229999999999999,31.993333333333336,0
10013110,屏東縣,高樹鄉,2014,4.60450602739726,75.62843835616438,22.51624657534246,23.707917808219182,10.86,2.182109589041096,95.4964109589041,95.25000000000011,1634.18,8.963333333333333,33.013333333333335,0
10013110,屏東縣,高樹鄉,2015,4.826878630136986,77.61441095890412,22.770246575342465,23.83309589041096,9.139999999999997,2.327561643835616,95.54660273972601,48.050000000000026,1679.69,9.666666666666666,33.67666666666667,0
10013110,屏東縣,高樹鄉,2016,4.549348087431693,82.81467213114753,22.409945355191258,22.91571038251366,9.079999999999998,2.3801092896174865,95.49289617486339,71.8900000000001,1576.1299999999994,6.033333333333334,31.543333333333337,0
10013110,屏東縣,高樹鄉,2017,4.766560547945205,78.63378082191781,22.83846575342466,23.69312328767123,7.109999999999999,2.0507397260273974,95.52219178082191,1.1199999999999761,1657.66,10.85,32.526666666666664,0
10013110,屏東縣,高樹鄉,2018,4.710832054794521,77.36331506849314,23.012630136986303,24.178849315068494,10.670000000000002,2.1617260273972607,95.44745205479452,19.480000000000054,1739.5899999999997,8.656666666666666,35.153333333333336,0
10013110,屏東縣,高樹鄉,2019,4.581201369863014,78.9982191780822,23.140383561643834,24.032438356164384,6.010000000000002,2.063260273972603,95.47161643835616,0.0,1766.7399999999996,12.94,32.1,0
10013110,屏東縣,高樹鄉,2020,4.872314207650273,77.05483606557378,23.16486338797814,24.187377049180327,8.240000000000002,2.1056830601092895,95.5472950819672,0.0,1780.5399999999995,8.606666666666667,33.38666666666666,0
10013110,屏東縣,高樹鄉,2021,4.837761095890412,74.73199999999999,23.244383561643833,24.45424657534247,12.280000000000001,2.2199178082191784,95.48873972602739,46.810000000000045,1851.5099999999998,10.073333333333332,35.449999999999996,0
10013110,屏東縣,高樹鄉,2022,4.783987123287671,75.0147123287671,23.50958904109589,24.672931506849313,8.440000000000001,2.0816986301369864,95.45216438356162,0.0,1901.5,10.406666666666666,34.15,0
10013110,屏東縣,高樹鄉,2023,4.72831890410959,73.25139726027396,23.845835616438354,25.25860273972603,9.25,2.2580821917808223,95.49610958904108,0.0,2024.23,10.783333333333333,36.083333333333336,0
10013110,屏東縣,高樹鄉,2024,4.696710109289618,75.48464480874316,23.785409836065572,24.903087431693987,9.96,2.2965846994535526,95.48797814207651,0.0,2007.6599999999996,10.583333333333334,35.18666666666667,0
10013110,屏東縣,高樹鄉,2025,4.7404302395209585,78.26090410958903,22.987671232876714,23.806958904109592,10.219999999999999,2.163534246575342,95.47753424657535,55.600000000000065,1766.6,10.01,33.516666666666666,0
10013120,屏東縣,萬巒鄉,2013,4.506502191780822,76.31531506849315,24.73109589041096,26.404191780821918,6.899999999999999,4.248465753424657,98.82761643835615,0.0,2347.3499999999995,14.266666666666666,31.793333333333333,0
10013120,屏東縣,萬巒鄉,2014,4.60450602739726,74.90369863013699,24.742027397260273,26.702739726027396,8.2,3.9559726027397257,98.86775342465754,0.0,2351.3399999999997,14.126666666666667,32.550000000000004,0
10013120,屏東縣,萬巒鄉,2015,4.826878630136986,76.4053698630137,25.042383561643835,26.851780821917806,8.25,4.020767123287671,98.91446575342465,0.0,2460.9699999999993,14.633333333333333,32.629999999999995,0
10013120,屏東縣,萬巒鄉,2016,4.549348087431693,80.35639344262295,24.89396174863388,26.187732240437157,7.32,4.160218579234973,98.855956284153,0.0,2413.39,12.64,31.816666666666666,0
10013120,屏東縣,萬巒鄉,2017,4.766560547945205,77.22868493150685,25.089013698630136,26.629452054794527,6.259999999999998,3.9845479452054797,98.88594520547944,0.0,2477.99,15.64,32.303333333333335,0
10013120,屏東縣,萬巒鄉,2018,4.710832054794521,76.18778082191783,25.189397260273974,27.111835616438356,9.2,3.692109589041096,98.81027397260274,0.0,2514.63,13.766666666666666,33.71,0
10013120,屏東縣,萬巒鄉,2019,4.581201369863014,77.44616438356164,25.446027397260274,27.001561643835622,5.379999999999999,3.605671232876712,98.82471232876713,0.0,2608.2999999999993,17.540000000000003,32.086666666666666,0
10013120,屏東縣,萬巒鄉,2020,4.872314207650273,75.8127868852459,25.45543715846994,27.179781420765032,6.759999999999998,3.970901639344262,98.90786885245902,0.0,2618.8899999999994,14.6,32.93666666666667,0
10013120,屏東縣,萬巒鄉,2021,4.837761095890412,74.72443835616438,25.38728767123288,27.316109589041098,10.639999999999997,4.013534246575342,98.8467397260274,0.0,2586.8599999999997,14.770000000000001,33.23333333333334,0
10013120,屏東縣,萬巒鄉,2022,4.783987123287671,75.3121917808219,25.602493150684932,27.37306849315068,6.73,3.8783013698630135,98.80835616438357,0.0,2665.41,15.496666666666664,33.28666666666667,0
10013120,屏東縣,萬巒鄉,2023,4.72831890410959,74.39994520547945,25.772109589041094,27.7586301369863,7.419999999999998,3.907890410958904,98.85238356164382,0.0,2727.3199999999997,15.366666666666667,34.39,0
10013120,屏東縣,萬巒鄉,2024,4.696710109289618,76.29510928961749,25.822377049180332,27.49273224043716,7.93,3.9270491803278693,98.84366120218581,0.0,2753.1899999999996,15.62,33.43666666666667,0
10013120,屏東縣,萬巒鄉,2025,4.7404302395209585,77.61509589041096,25.177315068493147,26.67964383561644,9.010000000000002,4.000602739726028,98.83950684931509,0.0,2510.2200000000003,15.323333333333332,32.85999999999999,0
10013130,屏東縣,內埔鄉,2013,4.506502191780822,76.31531506849315,24.73109589041096,26.404191780821918,6.899999999999999,4.248465753424657,98.82761643835615,0.0,2347.3499999999995,14.266666666666666,31.793333333333333,0
10013130,屏東縣,內埔鄉,2014,4.60450602739726,74.90369863013699,24.742027397260273,26.702739726027396,8.2,3.9559726027397257,98.86775342465754,0.0,2351.3399999999997,14.126666666666667,32.550000000000004,0
10013130,屏東縣,內埔鄉,2015,4.826878630136986,76.4053698630137,25.042383561643835,26.851780821917806,8.25,4.020767123287671,98.91446575342465,0.0,2460.9699999999993,14.633333333333333,32.629999999999995,0
10013130,屏東縣,內埔鄉,2016,4.549348087431693,80.35639344262295,24.89396174863388,26.187732240437157,7.32,4.160218579234973,98.855956284153,0.0,2413.39,12.64,31.816666666666666,0
10013130,屏東縣,內埔鄉,2017,4.766560547945205,77.22868493150685,25.089013698630136,26.629452054794527,6.259999999999998,3.9845479452054797,98.88594520547944,0.0,2477.99,15.64,32.303333333333335,0
10013130,屏東縣,內埔鄉,2018,4.710832054794521,76.18778082191783,25.189397260273974,27.111835616438356,9.2,3.692109589041096,98.81027397260274,0.0,2514.63,13.766666666666666,33.71,0
10013130,屏東縣,內埔鄉,2019,4.581201369863014,77.44616438356164,25.446027397260274,27.001561643835622,5.379999999999999,3.605671232876712,98.82471232876713,0.0,2608.2999999999993,17.540000000000003,32.086666666666666,0
10013130,屏東縣,內埔鄉,2020,4.872314207650273,75.8127868852459,25.45543715846994,27.179781420765032,6.759999999999998,3.970901639344262,98.90786885245902,0.0,2618.8899999999994,14.6,32.93666666666667,0
10013130,屏東縣,內埔鄉,2021,4.837761095890412,74.72443835616438,25.38728767123288,27.316109589041098,10.639999999999997,4.013534246575342,98.8467397260274,0.0,2586.8599999999997,14.770000000000001,33.23333333333334,0
10013130,屏東縣,內埔鄉,2022,4.783987123287671,75.3121917808219,25.602493150684932,27.37306849315068,6.73,3.8783013698630135,98.80835616438357,0.0,2665.41,15.496666666666664,33.28666666666667,0
10013130,屏東縣,內埔鄉,2023,4.72831890410959,74.39994520547945,25.772109589041094,27.7586301369863,7.419999999999998,3.907890410958904,98.85238356164382,0.0,2727.3199999999997,15.366666666666667,34.39,0
10013130,屏東縣,內埔鄉,2024,4.696710109289618,76.29510928961749,25.822377049180332,27.49273224043716,7.93,3.9270491803278693,98.84366120218581,0.0,2753.1899999999996,15.62,33.43666666666667,0
10013130,屏東縣,內埔鄉,2025,4.7404302395209585,77.61509589041096,25.177315068493147,26.67964383561644,9.010000000000002,4.000602739726028,98.83950684931509,0.0,2510.2200000000003,15.323333333333332,32.85999999999999,0
10013140,屏東縣,竹田鄉,2013,4.506502191780822,76.31531506849315,24.73109589041096,26.404191780821918,6.899999999999999,4.248465753424657,98.82761643835615,0.0,2347.3499999999995,14.266666666666666,31.793333333333333,0
10013140,屏東縣,竹田鄉,2014,4.60450602739726,74.90369863013699,24.742027397260273,26.702739726027396,8.2,3.9559726027397257,98.86775342465754,0.0,2351.3399999999997,14.126666666666667,32.550000000000004,0
10013140,屏東縣,竹田鄉,2015,4.826878630136986,76.4053698630137,25.042383561643835,26.851780821917806,8.25,4.020767123287671,98.91446575342465,0.0,2460.9699999999993,14.633333333333333,32.629999999999995,0
10013140,屏東縣,竹田鄉,2016,4.549348087431693,80.35639344262295,24.89396174863388,26.187732240437157,7.32,4.160218579234973,98.855956284153,0.0,2413.39,12.64,31.816666666666666,0
10013140,屏東縣,竹田鄉,2017,4.766560547945205,77.22868493150685,25.089013698630136,26.629452054794527,6.259999999999998,3.9845479452054797,98.88594520547944,0.0,2477.99,15.64,32.303333333333335,0
10013140,屏東縣,竹田鄉,2018,4.710832054794521,76.18778082191783,25.189397260273974,27.111835616438356,9.2,3.692109589041096,98.81027397260274,0.0,2514.63,13.766666666666666,33.71,0
10013140,屏東縣,竹田鄉,2019,4.581201369863014,77.44616438356164,25.446027397260274,27.001561643835622,5.379999999999999,3.605671232876712,98.82471232876713,0.0,2608.2999999999993,17.540000000000003,32.086666666666666,0
10013140,屏東縣,竹田鄉,2020,4.872314207650273,75.8127868852459,25.45543715846994,27.179781420765032,6.759999999999998,3.970901639344262,98.90786885245902,0.0,2618.8899999999994,14.6,32.93666666666667,0
10013140,屏東縣,竹田鄉,2021,4.837761095890412,74.72443835616438,25.38728767123288,27.316109589041098,10.639999999999997,4.013534246575342,98.8467397260274,0.0,2586.8599999999997,14.770000000000001,33.23333333333334,0
10013140,屏東縣,竹田鄉,2022,4.783987123287671,75.3121917808219,25.602493150684932,27.37306849315068,6.73,3.8783013698630135,98.80835616438357,0.0,2665.41,15.496666666666664,33.28666666666667,0
10013140,屏東縣,竹田鄉,2023,4.72831890410959,74.39994520547945,25.772109589041094,27.7586301369863,7.419999999999998,3.907890410958904,98.85238356164382,0.0,2727.3199999999997,15.366666666666667,34.39,0
10013140,屏東縣,竹田鄉,2024,4.696710109289618,76.29510928961749,25.822377049180332,27.49273224043716,7.93,3.9270491803278693,98.84366120218581,0.0,2753.1899999999996,15.62,33.43666666666667,0
10013140,屏東縣,竹田鄉,2025,4.7404302395209585,77.61509589041096,25.177315068493147,26.67964383561644,9.010000000000002,4.000602739726028,98.83950684931509,0.0,2510.2200000000003,15.323333333333332,32.85999999999999,0
10013150,屏東縣,新埤鄉,2013,4.506502191780822,76.31531506849315,24.73109589041096,26.404191780821918,6.899999999999999,4.248465753424657,98.82761643835615,0.0,2347.3499999999995,14.266666666666666,31.793333333333333,0
10013150,屏東縣,新埤鄉,2014,4.60450602739726,74.90369863013699,24.742027397260273,26.702739726027396,8.2,3.9559726027397257,98.86775342465754,0.0,2351.3399999999997,14.126666666666667,32.550000000000004,0
10013150,屏東縣,新埤鄉,2015,4.826878630136986,76.4053698630137,25.042383561643835,26.851780821917806,8.25,4.020767123287671,98.91446575342465,0.0,2460.9699999999993,14.633333333333333,32.629999999999995,0
10013150,屏東縣,新埤鄉,2016,4.549348087431693,80.35639344262295,24.89396174863388,26.187732240437157,7.32,4.160218579234973,98.855956284153,0.0,2413.39,12.64,31.816666666666666,0
10013150,屏東縣,新埤鄉,2017,4.766560547945205,77.22868493150685,25.089013698630136,26.629452054794527,6.259999999999998,3.9845479452054797,98.88594520547944,0.0,2477.99,15.64,32.303333333333335,0
10013150,屏東縣,新埤鄉,2018,4.710832054794521,76.18778082191783,25.189397260273974,27.111835616438356,9.2,3.692109589041096,98.81027397260274,0.0,2514.63,13.766666666666666,33.71,0
10013150,屏東縣,新埤鄉,2019,4.581201369863014,77.44616438356164,25.446027397260274,27.001561643835622,5.379999999999999,3.605671232876712,98.82471232876713,0.0,2608.2999999999993,17.540000000000003,32.086666666666666,0
10013150,屏東縣,新埤鄉,2020,4.872314207650273,75.8127868852459,25.45543715846994,27.179781420765032,6.759999999999998,3.970901639344262,98.90786885245902,0.0,2618.8899999999994,14.6,32.93666666666667,0
10013150,屏東縣,新埤鄉,2021,4.837761095890412,74.72443835616438,25.38728767123288,27.316109589041098,10.639999999999997,4.013534246575342,98.8467397260274,0.0,2586.8599999999997,14.770000000000001,33.23333333333334,0
10013150,屏東縣,新埤鄉,2022,4.783987123287671,75.3121917808219,25.602493150684932,27.37306849315068,6.73,3.8783013698630135,98.80835616438357,0.0,2665.41,15.496666666666664,33.28666666666667,0
10013150,屏東縣,新埤鄉,2023,4.72831890410959,74.39994520547945,25.772109589041094,27.7586301369863,7.419999999999998,3.907890410958904,98.85238356164382,0.0,2727.3199999999997,15.366666666666667,34.39,0
10013150,屏東縣,新埤鄉,2024,4.696710109289618,76.29510928961749,25.822377049180332,27.49273224043716,7.93,3.9270491803278693,98.84366120218581,0.0,2753.1899999999996,15.62,33.43666666666667,0
10013150,屏東縣,新埤鄉,2025,4.7404302395209585,77.61509589041096,25.177315068493147,26.67964383561644,9.010000000000002,4.000602739726028,98.83950684931509,0.0,2510.2200000000003,15.323333333333332,32.85999999999999,0
10013160,屏東縣,枋寮鄉,2013,4.506502191780822,76.31531506849315,24.73109589041096,26.404191780821918,6.899999999999999,4.248465753424657,98.82761643835615,0.0,2347.3499999999995,14.266666666666666,31.793333333333333,0
10013160,屏東縣,枋寮鄉,2014,4.60450602739726,74.90369863013699,24.742027397260273,26.702739726027396,8.2,3.9559726027397257,98.86775342465754,0.0,2351.3399999999997,14.126666666666667,32.550000000000004,0
10013160,屏東縣,枋寮鄉,2015,4.826878630136986,76.4053698630137,25.042383561643835,26.851780821917806,8.25,4.020767123287671,98.91446575342465,0.0,2460.9699999999993,14.633333333333333,32.629999999999995,0
10013160,屏東縣,枋寮鄉,2016,4.549348087431693,80.35639344262295,24.89396174863388,26.187732240437157,7.32,4.160218579234973,98.855956284153,0.0,2413.39,12.64,31.816666666666666,0
10013160,屏東縣,枋寮鄉,2017,4.766560547945205,77.22868493150685,25.089013698630136,26.629452054794527,6.259999999999998,3.9845479452054797,98.88594520547944,0.0,2477.99,15.64,32.303333333333335,0
10013160,屏東縣,枋寮鄉,2018,4.710832054794521,76.18778082191783,25.189397260273974,27.111835616438356,9.2,3.692109589041096,98.81027397260274,0.0,2514.63,13.766666666666666,33.71,0
10013160,屏東縣,枋寮鄉,2019,4.581201369863014,77.44616438356164,25.446027397260274,27.001561643835622,5.379999999999999,3.605671232876712,98.82471232876713,0.0,2608.2999999999993,17.540000000000003,32.086666666666666,0
10013160,屏東縣,枋寮鄉,2020,4.872314207650273,75.8127868852459,25.45543715846994,27.179781420765032,6.759999999999998,3.970901639344262,98.90786885245902,0.0,2618.8899999999994,14.6,32.93666666666667,0
10013160,屏東縣,枋寮鄉,2021,4.837761095890412,74.72443835616438,25.38728767123288,27.316109589041098,10.639999999999997,4.013534246575342,98.8467397260274,0.0,2586.8599999999997,14.770000000000001,33.23333333333334,0
10013160,屏東縣,枋寮鄉,2022,4.783987123287671,75.3121917808219,25.602493150684932,27.37306849315068,6.73,3.8783013698630135,98.80835616438357,0.0,2665.41,15.496666666666664,33.28666666666667,0
10013160,屏東縣,枋寮鄉,2023,4.72831890410959,74.39994520547945,25.772109589041094,27.7586301369863,7.419999999999998,3.907890410958904,98.85238356164382,0.0,2727.3199999999997,15.366666666666667,34.39,0
10013160,屏東縣,枋寮鄉,2024,4.696710109289618,76.29510928961749,25.822377049180332,27.49273224043716,7.93,3.9270491803278693,98.84366120218581,0.0,2753.1899999999996,15.62,33.43666666666667,0
10013160,屏東縣,枋寮鄉,2025,4.7404302395209585,77.61509589041096,25.177315068493147,26.67964383561644,9.010000000000002,4.000602739726028,98.83950684931509,0.0,2510.2200000000003,15.323333333333332,32.85999999999999,0
10013170,屏東縣,新園鄉,2013,4.506502191780822,76.31531506849315,24.73109589041096,26.404191780821918,6.899999999999999,4.248465753424657,98.82761643835615,0.0,2347.3499999999995,14.266666666666666,31.793333333333333,0
10013170,屏東縣,新園鄉,2014,4.60450602739726,74.90369863013699,24.742027397260273,26.702739726027396,8.2,3.9559726027397257,98.86775342465754,0.0,2351.3399999999997,14.126666666666667,32.550000000000004,0
10013170,屏東縣,新園鄉,2015,4.826878630136986,76.4053698630137,25.042383561643835,26.851780821917806,8.25,4.020767123287671,98.91446575342465,0.0,2460.9699999999993,14.633333333333333,32.629999999999995,0
10013170,屏東縣,新園鄉,2016,4.549348087431693,80.35639344262295,24.89396174863388,26.187732240437157,7.32,4.160218579234973,98.855956284153,0.0,2413.39,12.64,31.816666666666666,0
10013170,屏東縣,新園鄉,2017,4.766560547945205,77.22868493150685,25.089013698630136,26.629452054794527,6.259999999999998,3.9845479452054797,98.88594520547944,0.0,2477.99,15.64,32.303333333333335,0
10013170,屏東縣,新園鄉,2018,4.710832054794521,76.18778082191783,25.189397260273974,27.111835616438356,9.2,3.692109589041096,98.81027397260274,0.0,2514.63,13.766666666666666,33.71,0
10013170,屏東縣,新園鄉,2019,4.581201369863014,77.44616438356164,25.446027397260274,27.001561643835622,5.379999999999999,3.605671232876712,98.82471232876713,0.0,2608.2999999999993,17.540000000000003,32.086666666666666,0
10013170,屏東縣,新園鄉,2020,4.872314207650273,75.8127868852459,25.45543715846994,27.179781420765032,6.759999999999998,3.970901639344262,98.90786885245902,0.0,2618.8899999999994,14.6,32.93666666666667,0
10013170,屏東縣,新園鄉,2021,4.837761095890412,74.72443835616438,25.38728767123288,27.316109589041098,10.639999999999997,4.013534246575342,98.8467397260274,0.0,2586.8599999999997,14.770000000000001,33.23333333333334,0
10013170,屏東縣,新園鄉,2022,4.783987123287671,75.3121917808219,25.602493150684932,27.37306849315068,6.73,3.8783013698630135,98.80835616438357,0.0,2665.41,15.496666666666664,33.28666666666667,0
10013170,屏東縣,新園鄉,2023,4.72831890410959,74.39994520547945,25.772109589041094,27.7586301369863,7.419999999999998,3.907890410958904,98.85238356164382,0.0,2727.3199999999997,15.366666666666667,34.39,0
10013170,屏東縣,新園鄉,2024,4.696710109289618,76.29510928961749,25.822377049180332,27.49273224043716,7.93,3.9270491803278693,98.84366120218581,0.0,2753.1899999999996,15.62,33.43666666666667,0
10013170,屏東縣,新園鄉,2025,4.7404302395209585,77.61509589041096,25.177315068493147,26.67964383561644,9.010000000000002,4.000602739726028,98.83950684931509,0.0,2510.2200000000003,15.323333333333332,32.85999999999999,0
10013180,屏東縣,崁頂鄉,2013,4.506502191780822,76.31531506849315,24.73109589041096,26.404191780821918,6.899999999999999,4.248465753424657,98.82761643835615,0.0,2347.3499999999995,14.266666666666666,31.793333333333333,0
10013180,屏東縣,崁頂鄉,2014,4.60450602739726,74.90369863013699,24.742027397260273,26.702739726027396,8.2,3.9559726027397257,98.86775342465754,0.0,2351.3399999999997,14.126666666666667,32.550000000000004,0
10013180,屏東縣,崁頂鄉,2015,4.826878630136986,76.4053698630137,25.042383561643835,26.851780821917806,8.25,4.020767123287671,98.91446575342465,0.0,2460.9699999999993,14.633333333333333,32.629999999999995,0
10013180,屏東縣,崁頂鄉,2016,4.549348087431693,80.35639344262295,24.89396174863388,26.187732240437157,7.32,4.160218579234973,98.855956284153,0.0,2413.39,12.64,31.816666666666666,0
10013180,屏東縣,崁頂鄉,2017,4.766560547945205,77.22868493150685,25.089013698630136,26.629452054794527,6.259999999999998,3.9845479452054797,98.88594520547944,0.0,2477.99,15.64,32.303333333333335,0
10013180,屏東縣,崁頂鄉,2018,4.710832054794521,76.18778082191783,25.189397260273974,27.111835616438356,9.2,3.692109589041096,98.81027397260274,0.0,2514.63,13.766666666666666,33.71,0
10013180,屏東縣,崁頂鄉,2019,4.581201369863014,77.44616438356164,25.446027397260274,27.001561643835622,5.379999999999999,3.605671232876712,98.82471232876713,0.0,2608.2999999999993,17.540000000000003,32.086666666666666,0
10013180,屏東縣,崁頂鄉,2020,4.872314207650273,75.8127868852459,25.45543715846994,27.179781420765032,6.759999999999998,3.970901639344262,98.90786885245902,0.0,2618.8899999999994,14.6,32.93666666666667,0
10013180,屏東縣,崁頂鄉,2021,4.837761095890412,74.72443835616438,25.38728767123288,27.316109589041098,10.639999999999997,4.013534246575342,98.8467397260274,0.0,2586.8599999999997,14.770000000000001,33.23333333333334,0
10013180,屏東縣,崁頂鄉,2022,4.783987123287671,75.3121917808219,25.602493150684932,27.37306849315068,6.73,3.8783013698630135,98.80835616438357,0.0,2665.41,15.496666666666664,33.28666666666667,0
10013180,屏東縣,崁頂鄉,2023,4.72831890410959,74.39994520547945,25.772109589041094,27.7586301369863,7.419999999999998,3.907890410958904,98.85238356164382,0.0,2727.3199999999997,15.366666666666667,34.39,0
10013180,屏東縣,崁頂鄉,2024,4.696710109289618,76.29510928961749,25.822377049180332,27.49273224043716,7.93,3.9270491803278693,98.84366120218581,0.0,2753.1899999999996,15.62,33.43666666666667,0
10013180,屏東縣,崁頂鄉,2025,4.7404302395209585,77.61509589041096,25.177315068493147,26.67964383561644,9.010000000000002,4.000602739726028,98.83950684931509,0.0,2510.2200000000003,15.323333333333332,32.85999999999999,0
10013190,屏東縣,林邊鄉,2013,4.506502191780822,76.31531506849315,24.73109589041096,26.404191780821918,6.899999999999999,4.248465753424657,98.82761643835615,0.0,2347.3499999999995,14.266666666666666,31.793333333333333,0
10013190,屏東縣,林邊鄉,2014,4.60450602739726,74.90369863013699,24.742027397260273,26.702739726027396,8.2,3.9559726027397257,98.86775342465754,0.0,2351.3399999999997,14.126666666666667,32.550000000000004,0
10013190,屏東縣,林邊鄉,2015,4.826878630136986,76.4053698630137,25.042383561643835,26.851780821917806,8.25,4.020767123287671,98.91446575342465,0.0,2460.9699999999993,14.633333333333333,32.629999999999995,0
10013190,屏東縣,林邊鄉,2016,4.549348087431693,80.35639344262295,24.89396174863388,26.187732240437157,7.32,4.160218579234973,98.855956284153,0.0,2413.39,12.64,31.816666666666666,0
10013190,屏東縣,林邊鄉,2017,4.766560547945205,77.22868493150685,25.089013698630136,26.629452054794527,6.259999999999998,3.9845479452054797,98.88594520547944,0.0,2477.99,15.64,32.303333333333335,0
10013190,屏東縣,林邊鄉,2018,4.710832054794521,76.18778082191783,25.189397260273974,27.111835616438356,9.2,3.692109589041096,98.81027397260274,0.0,2514.63,13.766666666666666,33.71,0
10013190,屏東縣,林邊鄉,2019,4.581201369863014,77.44616438356164,25.446027397260274,27.001561643835622,5.379999999999999,3.605671232876712,98.82471232876713,0.0,2608.2999999999993,17.540000000000003,32.086666666666666,0
10013190,屏東縣,林邊鄉,2020,4.872314207650273,75.8127868852459,25.45543715846994,27.179781420765032,6.759999999999998,3.970901639344262,98.90786885245902,0.0,2618.8899999999994,14.6,32.93666666666667,0
10013190,屏東縣,林邊鄉,2021,4.837761095890412,74.72443835616438,25.38728767123288,27.316109589041098,10.639999999999997,4.013534246575342,98.8467397260274,0.0,2586.8599999999997,14.770000000000001,33.23333333333334,0
10013190,屏東縣,林邊鄉,2022,4.783987123287671,75.3121917808219,25.602493150684932,27.37306849315068,6.73,3.8783013698630135,98.80835616438357,0.0,2665.41,15.496666666666664,33.28666666666667,0
10013190,屏東縣,林邊鄉,2023,4.72831890410959,74.39994520547945,25.772109589041094,27.7586301369863,7.419999999999998,3.907890410958904,98.85238356164382,0.0,2727.3199999999997,15.366666666666667,34.39,0
10013190,屏東縣,林邊鄉,2024,4.696710109289618,76.29510928961749,25.822377049180332,27.49273224043716,7.93,3.9270491803278693,98.84366120218581,0.0,2753.1899999999996,15.62,33.43666666666667,0
10013190,屏東縣,林邊鄉,2025,4.7404302395209585,77.61509589041096,25.177315068493147,26.67964383561644,9.010000000000002,4.000602739726028,98.83950684931509,0.0,2510.2200000000003,15.323333333333332,32.85999999999999,0
10013200,屏東縣,南州鄉,2013,4.506502191780822,76.31531506849315,24.73109589041096,26.404191780821918,6.899999999999999,4.248465753424657,98.82761643835615,0.0,2347.3499999999995,14.266666666666666,31.793333333333333,0
10013200,屏東縣,南州鄉,2014,4.60450602739726,74.90369863013699,24.742027397260273,26.702739726027396,8.2,3.9559726027397257,98.86775342465754,0.0,2351.3399999999997,14.126666666666667,32.550000000000004,0
10013200,屏東縣,南州鄉,2015,4.826878630136986,76.4053698630137,25.042383561643835,26.851780821917806,8.25,4.020767123287671,98.91446575342465,0.0,2460.9699999999993,14.633333333333333,32.629999999999995,0
10013200,屏東縣,南州鄉,2016,4.549348087431693,80.35639344262295,24.89396174863388,26.187732240437157,7.32,4.160218579234973,98.855956284153,0.0,2413.39,12.64,31.816666666666666,0
10013200,屏東縣,南州鄉,2017,4.766560547945205,77.22868493150685,25.089013698630136,26.629452054794527,6.259999999999998,3.9845479452054797,98.88594520547944,0.0,2477.99,15.64,32.303333333333335,0
10013200,屏東縣,南州鄉,2018,4.710832054794521,76.18778082191783,25.189397260273974,27.111835616438356,9.2,3.692109589041096,98.81027397260274,0.0,2514.63,13.766666666666666,33.71,0
10013200,屏東縣,南州鄉,2019,4.581201369863014,77.44616438356164,25.446027397260274,27.001561643835622,5.379999999999999,3.605671232876712,98.82471232876713,0.0,2608.2999999999993,17.540000000000003,32.086666666666666,0
10013200,屏東縣,南州鄉,2020,4.872314207650273,75.8127868852459,25.45543715846994,27.179781420765032,6.759999999999998,3.970901639344262,98.90786885245902,0.0,2618.8899999999994,14.6,32.93666666666667,0
10013200,屏東縣,南州鄉,2021,4.837761095890412,74.72443835616438,25.38728767123288,27.316109589041098,10.639999999999997,4.013534246575342,98.8467397260274,0.0,2586.8599999999997,14.770000000000001,33.23333333333334,0
10013200,屏東縣,南州鄉,2022,4.783987123287671,75.3121917808219,25.602493150684932,27.37306849315068,6.73,3.8783013698630135,98.80835616438357,0.0,2665.41,15.496666666666664,33.28666666666667,0
10013200,屏東縣,南州鄉,2023,4.72831890410959,74.39994520547945,25.772109589041094,27.7586301369863,7.419999999999998,3.907890410958904,98.85238356164382,0.0,2727.3199999999997,15.366666666666667,34.39,0
10013200,屏東縣,南州鄉,2024,4.696710109289618,76.29510928961749,25.822377049180332,27.49273224043716,7.93,3.9270491803278693,98.84366120218581,0.0,2753.1899999999996,15.62,33.43666666666667,0
10013200,屏東縣,南州鄉,2025,4.7404302395209585,77.61509589041096,25.177315068493147,26.67964383561644,9.010000000000002,4.000602739726028,98.83950684931509,0.0,2510.2200000000003,15.323333333333332,32.85999999999999,0
10013210,屏東縣,佳冬鄉,2013,4.506502191780822,76.31531506849315,24.73109589041096,26.404191780821918,6.899999999999999,4.248465753424657,98.82761643835615,0.0,2347.3499999999995,14.266666666666666,31.793333333333333,0
10013210,屏東縣,佳冬鄉,2014,4.60450602739726,74.90369863013699,24.742027397260273,26.702739726027396,8.2,3.9559726027397257,98.86775342465754,0.0,2351.3399999999997,14.126666666666667,32.550000000000004,0
10013210,屏東縣,佳冬鄉,2015,4.826878630136986,76.4053698630137,25.042383561643835,26.851780821917806,8.25,4.020767123287671,98.91446575342465,0.0,2460.9699999999993,14.633333333333333,32.629999999999995,0
10013210,屏東縣,佳冬鄉,2016,4.549348087431693,80.35639344262295,24.89396174863388,26.187732240437157,7.32,4.160218579234973,98.855956284153,0.0,2413.39,12.64,31.816666666666666,0
10013210,屏東縣,佳冬鄉,2017,4.766560547945205,77.22868493150685,25.089013698630136,26.629452054794527,6.259999999999998,3.9845479452054797,98.88594520547944,0.0,2477.99,15.64,32.303333333333335,0
10013210,屏東縣,佳冬鄉,2018,4.710832054794521,76.18778082191783,25.189397260273974,27.111835616438356,9.2,3.692109589041096,98.81027397260274,0.0,2514.63,13.766666666666666,33.71,0
10013210,屏東縣,佳冬鄉,2019,4.581201369863014,77.44616438356164,25.446027397260274,27.001561643835622,5.379999999999999,3.605671232876712,98.82471232876713,0.0,2608.2999999999993,17.540000000000003,32.086666666666666,0
10013210,屏東縣,佳冬鄉,2020,4.872314207650273,75.8127868852459,25.45543715846994,27.179781420765032,6.759999999999998,3.970901639344262,98.90786885245902,0.0,2618.8899999999994,14.6,32.93666666666667,0
10013210,屏東縣,佳冬鄉,2021,4.837761095890412,74.72443835616438,25.38728767123288,27.316109589041098,10.639999999999997,4.013534246575342,98.8467397260274,0.0,2586.8599999999997,14.770000000000001,33.23333333333334,0
10013210,屏東縣,佳冬鄉,2022,4.783987123287671,75.3121917808219,25.602493150684932,27.37306849315068,6.73,3.8783013698630135,98.80835616438357,0.0,2665.41,15.496666666666664,33.28666666666667,0
10013210,屏東縣,佳冬鄉,2023,4.72831890410959,74.39994520547945,25.772109589041094,27.7586301369863,7.419999999999998,3.907890410958904,98.85238356164382,0.0,2727.3199999999997,15.366666666666667,34.39,0
10013210,屏東縣,佳冬鄉,2024,4.696710109289618,76.29510928961749,25.822377049180332,27.49273224043716,7.93,3.9270491803278693,98.84366120218581,0.0,2753.1899999999996,15.62,33.43666666666667,0
10013210,屏東縣,佳冬鄉,2025,4.7404302395209585,77.61509589041096,25.177315068493147,26.67964383561644,9.010000000000002,4.000602739726028,98.83950684931509,0.0,2510.2200000000003,15.323333333333332,32.85999999999999,0
10013220,屏東縣,琉球鄉,2013,4.506502191780822,76.31531506849315,24.73109589041096,26.404191780821918,6.899999999999999,4.248465753424657,98.82761643835615,0.0,2347.3499999999995,14.266666666666666,31.793333333333333,0
10013220,屏東縣,琉球鄉,2014,4.60450602739726,74.90369863013699,24.742027397260273,26.702739726027396,8.2,3.9559726027397257,98.86775342465754,0.0,2351.3399999999997,14.126666666666667,32.550000000000004,0
10013220,屏東縣,琉球鄉,2015,4.826878630136986,76.4053698630137,25.042383561643835,26.851780821917806,8.25,4.020767123287671,98.91446575342465,0.0,2460.9699999999993,14.633333333333333,32.629999999999995,0
10013220,屏東縣,琉球鄉,2016,4.549348087431693,80.35639344262295,24.89396174863388,26.187732240437157,7.32,4.160218579234973,98.855956284153,0.0,2413.39,12.64,31.816666666666666,0
10013220,屏東縣,琉球鄉,2017,4.766560547945205,77.22868493150685,25.089013698630136,26.629452054794527,6.259999999999998,3.9845479452054797,98.88594520547944,0.0,2477.99,15.64,32.303333333333335,0
10013220,屏東縣,琉球鄉,2018,4.710832054794521,76.18778082191783,25.189397260273974,27.111835616438356,9.2,3.692109589041096,98.81027397260274,0.0,2514.63,13.766666666666666,33.71,0
10013220,屏東縣,琉球鄉,2019,4.581201369863014,77.44616438356164,25.446027397260274,27.001561643835622,5.379999999999999,3.605671232876712,98.82471232876713,0.0,2608.2999999999993,17.540000000000003,32.086666666666666,0
10013220,屏東縣,琉球鄉,2020,4.872314207650273,75.8127868852459,25.45543715846994,27.179781420765032,6.759999999999998,3.970901639344262,98.90786885245902,0.0,2618.8899999999994,14.6,32.93666666666667,0
10013220,屏東縣,琉球鄉,2021,4.837761095890412,74.72443835616438,25.38728767123288,27.316109589041098,10.639999999999997,4.013534246575342,98.8467397260274,0.0,2586.8599999999997,14.770000000000001,33.23333333333334,0
10013220,屏東縣,琉球鄉,2022,4.783987123287671,75.3121917808219,25.602493150684932,27.37306849315068,6.73,3.8783013698630135,98.80835616438357,0.0,2665.41,15.496666666666664,33.28666666666667,0
10013220,屏東縣,琉球鄉,2023,4.72831890410959,74.39994520547945,25.772109589041094,27.7586301369863,7.419999999999998,3.907890410958904,98.85238356164382,0.0,2727.3199999999997,15.366666666666667,34.39,0
10013220,屏東縣,琉球鄉,2024,4.696710109289618,76.29510928961749,25.822377049180332,27.49273224043716,7.93,3.9270491803278693,98.84366120218581,0.0,2753.1899999999996,15.62,33.43666666666667,0
10013220,屏東縣,琉球鄉,2025,4.7404302395209585,77.61509589041096,25.177315068493147,26.67964383561644,9.010000000000002,4.000602739726028,98.83950684931509,0.0,2510.2200000000003,15.323333333333332,32.85999999999999,0
10013230,屏東縣,車城鄉,2013,4.506502191780822,79.21687671232877,26.06556164383562,27.184986301369864,5.289999999999999,6.85054794520548,100.93002739726028,0.0,2834.4300000000003,18.94333333333333,30.526666666666667,0
10013230,屏東縣,車城鄉,2014,4.60450602739726,78.60723287671233,25.92709589041096,27.106082191780825,5.93,6.418164383561644,100.97339726027397,0.0,2783.8900000000003,18.05,30.83666666666667,0
10013230,屏東縣,車城鄉,2015,4.826878630136986,79.17046575342466,26.22509589041096,27.14430136986301,6.609999999999999,6.241671232876713,101.0183287671233,0.0,2892.66,18.473333333333333,31.05,0
10013230,屏東縣,車城鄉,2016,4.549348087431693,80.9392349726776,26.46098360655738,27.464999999999996,5.629999999999999,6.462896174863388,100.95251366120219,0.0,2986.92,17.746666666666666,30.996666666666666,0
10013230,屏東縣,車城鄉,2017,4.766560547945205,79.05561643835615,26.453698630136987,27.43846575342466,5.5,6.554547945205479,100.98320547945204,0.0,2976.1000000000004,19.473333333333333,30.840000000000003,0
10013230,屏東縣,車城鄉,2018,4.710832054794521,79.06123287671234,26.34367123287671,27.483890410958907,5.68,6.190191780821917,100.9083287671233,0.0,2935.94,18.196666666666665,30.77,0
10013230,屏東縣,車城鄉,2019,4.581201369863014,79.48794520547943,26.708986301369865,27.562082191780817,4.890000000000001,6.028383561643836,100.92038356164385,0.0,3069.2799999999997,21.286666666666665,30.786666666666665,0
10013230,屏東縣,車城鄉,2020,4.872314207650273,78.41262295081967,26.7357650273224,27.845546448087436,5.419999999999998,6.574590163934427,101.0060655737705,0.0,3087.4900000000007,18.59,30.91,0
10013230,屏東縣,車城鄉,2021,4.837761095890412,78.71912328767124,26.466794520547943,27.53942465753425,6.140000000000001,6.559150684931506,100.94819178082193,0.0,2980.88,18.94666666666667,31.03,0
10013230,屏東縣,車城鄉,2022,4.783987123287671,78.92624657534247,26.75191780821918,27.7606301369863,5.16,6.529424657534247,100.90317808219177,0.0,3084.95,19.636666666666667,31.383333333333336,0
10013230,屏東縣,車城鄉,2023,4.72831890410959,79.12306849315068,26.689945205479447,27.61350684931507,5.289999999999999,6.336520547945205,100.9513698630137,0.0,3062.3299999999995,18.91333333333333,31.276666666666667,0
10013230,屏東縣,車城鄉,2024,4.696710109289618,79.80707650273224,26.975191256830605,27.880382513661196,5.77,6.254945355191257,100.93948087431694,0.0,3175.1200000000003,19.69333333333333,31.67,0
10013230,屏東縣,車城鄉,2025,4.7404302395209585,79.98679452054796,26.474657534246575,27.53041095890411,5.939999999999998,6.595863013698631,100.93761643835617,0.0,2983.7499999999995,19.21,30.76,0
10013240,屏東縣,滿州鄉,2013,4.506502191780822,79.21687671232877,26.06556164383562,27.184986301369864,5.289999999999999,6.85054794520548,100.93002739726028,0.0,2834.4300000000003,18.94333333333333,30.526666666666667,0
10013240,屏東縣,滿州鄉,2014,4.60450602739726,78.60723287671233,25.92709589041096,27.106082191780825,5.93,6.418164383561644,100.97339726027397,0.0,2783.8900000000003,18.05,30.83666666666667,0
10013240,屏東縣,滿州鄉,2015,4.826878630136986,79.17046575342466,26.22509589041096,27.14430136986301,6.609999999999999,6.241671232876713,101.0183287671233,0.0,2892.66,18.473333333333333,31.05,0
10013240,屏東縣,滿州鄉,2016,4.549348087431693,80.9392349726776,26.46098360655738,27.464999999999996,5.629999999999999,6.462896174863388,100.95251366120219,0.0,2986.92,17.746666666666666,30.996666666666666,0
10013240,屏東縣,滿州鄉,2017,4.766560547945205,79.05561643835615,26.453698630136987,27.43846575342466,5.5,6.554547945205479,100.98320547945204,0.0,2976.1000000000004,19.473333333333333,30.840000000000003,0
10013240,屏東縣,滿州鄉,2018,4.710832054794521,79.06123287671234,26.34367123287671,27.483890410958907,5.68,6.190191780821917,100.9083287671233,0.0,2935.94,18.196666666666665,30.77,0
10013240,屏東縣,滿州鄉,2019,4.581201369863014,79.48794520547943,26.708986301369865,27.562082191780817,4.890000000000001,6.028383561643836,100.92038356164385,0.0,3069.2799999999997,21.286666666666665,30.786666666666665,0
10013240,屏東縣,滿州鄉,2020,4.872314207650273,78.41262295081967,26.7357650273224,27.845546448087436,5.419999999999998,6.574590163934427,101.0060655737705,0.0,3087.4900000000007,18.59,30.91,0
10013240,屏東縣,滿州鄉,2021,4.837761095890412,78.71912328767124,26.466794520547943,27.53942465753425,6.140000000000001,6.559150684931506,100.94819178082193,0.0,2980.88,18.94666666666667,31.03,0
10013240,屏東縣,滿州鄉,2022,4.783987123287671,78.92624657534247,26.75191780821918,27.7606301369863,5.16,6.529424657534247,100.90317808219177,0.0,3084.95,19.636666666666667,31.383333333333336,0
10013240,屏東縣,滿州鄉,2023,4.72831890410959,79.12306849315068,26.689945205479447,27.61350684931507,5.289999999999999,6.336520547945205,100.9513698630137,0.0,3062.3299999999995,18.91333333333333,31.276666666666667,0
10013240,屏東縣,滿州鄉,2024,4.696710109289618,79.80707650273224,26.975191256830605,27.880382513661196,5.77,6.254945355191257,100.93948087431694,0.0,3175.1200000000003,19.69333333333333,31.67,0
10013240,屏東縣,滿州鄉,2025,4.7404302395209585,79.98679452054796,26.474657534246575,27.53041095890411,5.939999999999998,6.595863013698631,100.93761643835617,0.0,2983.7499999999995,19.21,30.76,0
10013250,屏東縣,枋山鄉,2013,4.506502191780822,76.31531506849315,24.73109589041096,26.404191780821918,6.899999999999999,4.248465753424657,98.82761643835615,0.0,2347.3499999999995,14.266666666666666,31.793333333333333,0
10013250,屏東縣,枋山鄉,2014,4.60450602739726,74.90369863013699,24.742027397260273,26.702739726027396,8.2,3.9559726027397257,98.86775342465754,0.0,2351.3399999999997,14.126666666666667,32.550000000000004,0
10013250,屏東縣,枋山鄉,2015,4.826878630136986,76.4053698630137,25.042383561643835,26.851780821917806,8.25,4.020767123287671,98.91446575342465,0.0,2460.9699999999993,14.633333333333333,32.629999999999995,0
10013250,屏東縣,枋山鄉,2016,4.549348087431693,80.35639344262295,24.89396174863388,26.187732240437157,7.32,4.160218579234973,98.855956284153,0.0,2413.39,12.64,31.816666666666666,0
10013250,屏東縣,枋山鄉,2017,4.766560547945205,77.22868493150685,25.089013698630136,26.629452054794527,6.259999999999998,3.9845479452054797,98.88594520547944,0.0,2477.99,15.64,32.303333333333335,0
10013250,屏東縣,枋山鄉,2018,4.710832054794521,76.18778082191783,25.189397260273974,27.111835616438356,9.2,3.692109589041096,98.81027397260274,0.0,2514.63,13.766666666666666,33.71,0
10013250,屏東縣,枋山鄉,2019,4.581201369863014,77.44616438356164,25.446027397260274,27.001561643835622,5.379999999999999,3.605671232876712,98.82471232876713,0.0,2608.2999999999993,17.540000000000003,32.086666666666666,0
10013250,屏東縣,枋山鄉,2020,4.872314207650273,75.8127868852459,25.45543715846994,27.179781420765032,6.759999999999998,3.970901639344262,98.90786885245902,0.0,2618.8899999999994,14.6,32.93666666666667,0
10013250,屏東縣,枋山鄉,2021,4.837761095890412,74.72443835616438,25.38728767123288,27.316109589041098,10.639999999999997,4.013534246575342,98.8467397260274,0.0,2586.8599999999997,14.770000000000001,33.23333333333334,0
10013250,屏東縣,枋山鄉,2022,4.783987123287671,75.3121917808219,25.602493150684932,27.37306849315068,6.73,3.8783013698630135,98.80835616438357,0.0,2665.41,15.496666666666664,33.28666666666667,0
10013250,屏東縣,枋山鄉,2023,4.72831890410959,74.39994520547945,25.772109589041094,27.7586301369863,7.419999999999998,3.907890410958904,98.85238356164382,0.0,2727.3199999999997,15.366666666666667,34.39,0
10013250,屏東縣,枋山鄉,2024,4.696710109289618,76.29510928961749,25.822377049180332,27.49273224043716,7.93,3.9270491803278693,98.84366120218581,0.0,2753.1899999999996,15.62,33.43666666666667,0
10013250,屏東縣,枋山鄉,2025,4.7404302395209585,77.61509589041096,25.177315068493147,26.67964383561644,9.010000000000002,4.000602739726028,98.83950684931509,0.0,2510.2200000000003,15.323333333333332,32.85999999999999,0
10013260,屏東縣,三地門鄉,2013,4.506502191780822,77.00191780821918,22.44906849315069,23.386246575342465,8.11,2.234,95.45865753424657,58.59000000000013,1572.9999999999998,9.229999999999999,31.993333333333336,0
10013260,屏東縣,三地門鄉,2014,4.60450602739726,75.62843835616438,22.51624657534246,23.707917808219182,10.86,2.182109589041096,95.4964109589041,95.25000000000011,1634.18,8.963333333333333,33.013333333333335,0
10013260,屏東縣,三地門鄉,2015,4.826878630136986,77.61441095890412,22.770246575342465,23.83309589041096,9.139999999999997,2.327561643835616,95.54660273972601,48.050000000000026,1679.69,9.666666666666666,33.67666666666667,0
10013260,屏東縣,三地門鄉,2016,4.549348087431693,82.81467213114753,22.409945355191258,22.91571038251366,9.079999999999998,2.3801092896174865,95.49289617486339,71.8900000000001,1576.1299999999994,6.033333333333334,31.543333333333337,0
10013260,屏東縣,三地門鄉,2017,4.766560547945205,78.63378082191781,22.83846575342466,23.69312328767123,7.109999999999999,2.0507397260273974,95.52219178082191,1.1199999999999761,1657.66,10.85,32.526666666666664,0
10013260,屏東縣,三地門鄉,2018,4.710832054794521,77.36331506849314,23.012630136986303,24.178849315068494,10.670000000000002,2.1617260273972607,95.44745205479452,19.480000000000054,1739.5899999999997,8.656666666666666,35.153333333333336,0
10013260,屏東縣,三地門鄉,2019,4.581201369863014,78.9982191780822,23.140383561643834,24.032438356164384,6.010000000000002,2.063260273972603,95.47161643835616,0.0,1766.7399999999996,12.94,32.1,0
10013260,屏東縣,三地門鄉,2020,4.872314207650273,77.05483606557378,23.16486338797814,24.187377049180327,8.240000000000002,2.1056830601092895,95.5472950819672,0.0,1780.5399999999995,8.606666666666667,33.38666666666666,0
10013260,屏東縣,三地門鄉,2021,4.837761095890412,74.73199999999999,23.244383561643833,24.45424657534247,12.280000000000001,2.2199178082191784,95.48873972602739,46.810000000000045,1851.5099999999998,10.073333333333332,35.449999999999996,0
10013260,屏東縣,三地門鄉,2022,4.783987123287671,75.0147123287671,23.50958904109589,24.672931506849313,8.440000000000001,2.0816986301369864,95.45216438356162,0.0,1901.5,10.406666666666666,34.15,0
10013260,屏東縣,三地門鄉,2023,4.72831890410959,73.25139726027396,23.845835616438354,25.25860273972603,9.25,2.2580821917808223,95.49610958904108,0.0,2024.23,10.783333333333333,36.083333333333336,0
10013260,屏東縣,三地門鄉,2024,4.696710109289618,75.48464480874316,23.785409836065572,24.903087431693987,9.96,2.2965846994535526,95.48797814207651,0.0,2007.6599999999996,10.583333333333334,35.18666666666667,0
10013260,屏東縣,三地門鄉,2025,4.7404302395209585,78.26090410958903,22.987671232876714,23.806958904109592,10.219999999999999,2.163534246575342,95.47753424657535,55.600000000000065,1766.6,10.01,33.516666666666666,0
10013270,屏東縣,霧臺鄉,2013,4.506502191780822,77.00191780821918,22.44906849315069,23.386246575342465,8.11,2.234,95.45865753424657,58.59000000000013,1572.9999999999998,9.229999999999999,31.993333333333336,0
10013270,屏東縣,霧臺鄉,2014,4.60450602739726,75.62843835616438,22.51624657534246,23.707917808219182,10.86,2.182109589041096,95.4964109589041,95.25000000000011,1634.18,8.963333333333333,33.013333333333335,0
10013270,屏東縣,霧臺鄉,2015,4.826878630136986,77.61441095890412,22.770246575342465,23.83309589041096,9.139999999999997,2.327561643835616,95.54660273972601,48.050000000000026,1679.69,9.666666666666666,33.67666666666667,0
10013270,屏東縣,霧臺鄉,2016,4.549348087431693,82.81467213114753,22.409945355191258,22.91571038251366,9.079999999999998,2.3801092896174865,95.49289617486339,71.8900000000001,1576.1299999999994,6.033333333333334,31.543333333333337,0
10013270,屏東縣,霧臺鄉,2017,4.766560547945205,78.63378082191781,22.83846575342466,23.69312328767123,7.109999999999999,2.0507397260273974,95.52219178082191,1.1199999999999761,1657.66,10.85,32.526666666666664,0
10013270,屏東縣,霧臺鄉,2018,4.710832054794521,77.36331506849314,23.012630136986303,24.178849315068494,10.670000000000002,2.1617260273972607,95.44745205479452,19.480000000000054,1739.5899999999997,8.656666666666666,35.153333333333336,0
10013270,屏東縣,霧臺鄉,2019,4.581201369863014,78.9982191780822,23.140383561643834,24.032438356164384,6.010000000000002,2.063260273972603,95.47161643835616,0.0,1766.7399999999996,12.94,32.1,0
10013270,屏東縣,霧臺鄉,2020,4.872314207650273,77.05483606557378,23.16486338797814,24.187377049180327,8.240000000000002,2.1056830601092895,95.5472950819672,0.0,1780.5399999999995,8.606666666666667,33.38666666666666,0
10013270,屏東縣,霧臺鄉,2021,4.837761095890412,74.73199999999999,23.244383561643833,24.45424657534247,12.280000000000001,2.2199178082191784,95.48873972602739,46.810000000000045,1851.5099999999998,10.073333333333332,35.449999999999996,0
10013270,屏東縣,霧臺鄉,2022,4.783987123287671,75.0147123287671,23.50958904109589,24.672931506849313,8.440000000000001,2.0816986301369864,95.45216438356162,0.0,1901.5,10.406666666666666,34.15,0
10013270,屏東縣,霧臺鄉,2023,4.72831890410959,73.25139726027396,23.845835616438354,25.25860273972603,9.25,2.2580821917808223,95.49610958904108,0.0,2024.23,10.783333333333333,36.083333333333336,0
10013270,屏東縣,霧臺鄉,2024,4.696710109289618,75.48464480874316,23.785409836065572,24.903087431693987,9.96,2.2965846994535526,95.48797814207651,0.0,2007.6599999999996,10.583333333333334,35.18666666666667,0
10013270,屏東縣,霧臺鄉,2025,4.7404302395209585,78.26090410958903,22.987671232876714,23.806958904109592,10.219999999999999,2.163534246575342,95.47753424657535,55.600000000000065,1766.6,10.01,33.516666666666666,0
10013280,屏東縣,瑪家鄉,2013,4.506502191780822,76.31531506849315,24.73109589041096,26.404191780821918,6.899999999999999,4.248465753424657,98.82761643835615,0.0,2347.3499999999995,14.266666666666666,31.793333333333333,0
10013280,屏東縣,瑪家鄉,2014,4.60450602739726,74.90369863013699,24.742027397260273,26.702739726027396,8.2,3.9559726027397257,98.86775342465754,0.0,2351.3399999999997,14.126666666666667,32.550000000000004,0
10013280,屏東縣,瑪家鄉,2015,4.826878630136986,76.4053698630137,25.042383561643835,26.851780821917806,8.25,4.020767123287671,98.91446575342465,0.0,2460.9699999999993,14.633333333333333,32.629999999999995,0
10013280,屏東縣,瑪家鄉,2016,4.549348087431693,80.35639344262295,24.89396174863388,26.187732240437157,7.32,4.160218579234973,98.855956284153,0.0,2413.39,12.64,31.816666666666666,0
10013280,屏東縣,瑪家鄉,2017,4.766560547945205,77.22868493150685,25.089013698630136,26.629452054794527,6.259999999999998,3.9845479452054797,98.88594520547944,0.0,2477.99,15.64,32.303333333333335,0
10013280,屏東縣,瑪家鄉,2018,4.710832054794521,76.18778082191783,25.189397260273974,27.111835616438356,9.2,3.692109589041096,98.81027397260274,0.0,2514.63,13.766666666666666,33.71,0
10013280,屏東縣,瑪家鄉,2019,4.581201369863014,77.44616438356164,25.446027397260274,27.001561643835622,5.379999999999999,3.605671232876712,98.82471232876713,0.0,2608.2999999999993,17.540000000000003,32.086666666666666,0
10013280,屏東縣,瑪家鄉,2020,4.872314207650273,75.8127868852459,25.45543715846994,27.179781420765032,6.759999999999998,3.970901639344262,98.90786885245902,0.0,2618.8899999999994,14.6,32.93666666666667,0
10013280,屏東縣,瑪家鄉,2021,4.837761095890412,74.72443835616438,25.38728767123288,27.316109589041098,10.639999999999997,4.013534246575342,98.8467397260274,0.0,2586.8599999999997,14.770000000000001,33.23333333333334,0
10013280,屏東縣,瑪家鄉,2022,4.783987123287671,75.3121917808219,25.602493150684932,27.37306849315068,6.73,3.8783013698630135,98.80835616438357,0.0,2665.41,15.496666666666664,33.28666666666667,0
10013280,屏東縣,瑪家鄉,2023,4.72831890410959,74.39994520547945,25.772109589041094,27.7586301369863,7.419999999999998,3.907890410958904,98.85238356164382,0.0,2727.3199999999997,15.366666666666667,34.39,0
10013280,屏東縣,瑪家鄉,2024,4.696710109289618,76.29510928961749,25.822377049180332,27.49273224043716,7.93,3.9270491803278693,98.84366120218581,0.0,2753.1899999999996,15.62,33.43666666666667,0
10013280,屏東縣,瑪家鄉,2025,4.7404302395209585,77.61509589041096,25.177315068493147,26.67964383561644,9.010000000000002,4.000602739726028,98.83950684931509,0.0,2510.2200000000003,15.323333333333332,32.85999999999999,0
10013290,屏東縣,泰武鄉,2013,4.506502191780822,76.31531506849315,24.73109589041096,26.404191780821918,6.899999999999999,4.248465753424657,98.82761643835615,0.0,2347.3499999999995,14.266666666666666,31.793333333333333,0
10013290,屏東縣,泰武鄉,2014,4.60450602739726,74.90369863013699,24.742027397260273,26.702739726027396,8.2,3.9559726027397257,98.86775342465754,0.0,2351.3399999999997,14.126666666666667,32.550000000000004,0
10013290,屏東縣,泰武鄉,2015,4.826878630136986,76.4053698630137,25.042383561643835,26.851780821917806,8.25,4.020767123287671,98.91446575342465,0.0,2460.9699999999993,14.633333333333333,32.629999999999995,0
10013290,屏東縣,泰武鄉,2016,4.549348087431693,80.35639344262295,24.89396174863388,26.187732240437157,7.32,4.160218579234973,98.855956284153,0.0,2413.39,12.64,31.816666666666666,0
10013290,屏東縣,泰武鄉,2017,4.766560547945205,77.22868493150685,25.089013698630136,26.629452054794527,6.259999999999998,3.9845479452054797,98.88594520547944,0.0,2477.99,15.64,32.303333333333335,0
10013290,屏東縣,泰武鄉,2018,4.710832054794521,76.18778082191783,25.189397260273974,27.111835616438356,9.2,3.692109589041096,98.81027397260274,0.0,2514.63,13.766666666666666,33.71,0
10013290,屏東縣,泰武鄉,2019,4.581201369863014,77.44616438356164,25.446027397260274,27.001561643835622,5.379999999999999,3.605671232876712,98.82471232876713,0.0,2608.2999999999993,17.540000000000003,32.086666666666666,0
10013290,屏東縣,泰武鄉,2020,4.872314207650273,75.8127868852459,25.45543715846994,27.179781420765032,6.759999999999998,3.970901639344262,98.90786885245902,0.0,2618.8899999999994,14.6,32.93666666666667,0
10013290,屏東縣,泰武鄉,2021,4.837761095890412,74.72443835616438,25.38728767123288,27.316109589041098,10.639999999999997,4.013534246575342,98.8467397260274,0.0,2586.8599999999997,14.770000000000001,33.23333333333334,0
10013290,屏東縣,泰武鄉,2022,4.783987123287671,75.3121917808219,25.602493150684932,27.37306849315068,6.73,3.8783013698630135,98.80835616438357,0.0,2665.41,15.496666666666664,33.28666666666667,0
10013290,屏東縣,泰武鄉,2023,4.72831890410959,74.39994520547945,25.772109589041094,27.7586301369863,7.419999999999998,3.907890410958904,98.85238356164382,0.0,2727.3199999999997,15.366666666666667,34.39,0
10013290,屏東縣,泰武鄉,2024,4.696710109289618,76.29510928961749,25.822377049180332,27.49273224043716,7.93,3.9270491803278693,98.84366120218581,0.0,2753.1899999999996,15.62,33.43666666666667,0
10013290,屏東縣,泰武鄉,2025,4.7404302395209585,77.61509589041096,25.177315068493147,26.67964383561644,9.010000000000002,4.000602739726028,98.83950684931509,0.0,2510.2200000000003,15.323333333333332,32.85999999999999,0
10013300,屏東縣,來義鄉,2013,4.506502191780822,76.31531506849315,24.73109589041096,26.404191780821918,6.899999999999999,4.248465753424657,98.82761643835615,0.0,2347.3499999999995,14.266666666666666,31.793333333333333,0
10013300,屏東縣,來義鄉,2014,4.60450602739726,74.90369863013699,24.742027397260273,26.702739726027396,8.2,3.9559726027397257,98.86775342465754,0.0,2351.3399999999997,14.126666666666667,32.550000000000004,0
10013300,屏東縣,來義鄉,2015,4.826878630136986,76.4053698630137,25.042383561643835,26.851780821917806,8.25,4.020767123287671,98.91446575342465,0.0,2460.9699999999993,14.633333333333333,32.629999999999995,0
10013300,屏東縣,來義鄉,2016,4.549348087431693,80.35639344262295,24.89396174863388,26.187732240437157,7.32,4.160218579234973,98.855956284153,0.0,2413.39,12.64,31.816666666666666,0
10013300,屏東縣,來義鄉,2017,4.766560547945205,77.22868493150685,25.089013698630136,26.629452054794527,6.259999999999998,3.9845479452054797,98.88594520547944,0.0,2477.99,15.64,32.303333333333335,0
10013300,屏東縣,來義鄉,2018,4.710832054794521,76.18778082191783,25.189397260273974,27.111835616438356,9.2,3.692109589041096,98.81027397260274,0.0,2514.63,13.766666666666666,33.71,0
10013300,屏東縣,來義鄉,2019,4.581201369863014,77.44616438356164,25.446027397260274,27.001561643835622,5.379999999999999,3.605671232876712,98.82471232876713,0.0,2608.2999999999993,17.540000000000003,32.086666666666666,0
10013300,屏東縣,來義鄉,2020,4.872314207650273,75.8127868852459,25.45543715846994,27.179781420765032,6.759999999999998,3.970901639344262,98.90786885245902,0.0,2618.8899999999994,14.6,32.93666666666667,0
10013300,屏東縣,來義鄉,2021,4.837761095890412,74.72443835616438,25.38728767123288,27.316109589041098,10.639999999999997,4.013534246575342,98.8467397260274,0.0,2586.8599999999997,14.770000000000001,33.23333333333334,0
10013300,屏東縣,來義鄉,2022,4.783987123287671,75.3121917808219,25.602493150684932,27.37306849315068,6.73,3.8783013698630135,98.80835616438357,0.0,2665.41,15.496666666666664,33.28666666666667,0
10013300,屏東縣,來義鄉,2023,4.72831890410959,74.39994520547945,25.772109589041094,27.7586301369863,7.419999999999998,3.907890410958904,98.85238356164382,0.0,2727.3199999999997,15.366666666666667,34.39,0
10013300,屏東縣,來義鄉,2024,4.696710109289618,76.29510928961749,25.822377049180332,27.49273224043716,7.93,3.9270491803278693,98.84366120218581,0.0,2753.1899999999996,15.62,33.43666666666667,0
10013300,屏東縣,來義鄉,2025,4.7404302395209585,77.61509589041096,25.177315068493147,26.67964383561644,9.010000000000002,4.000602739726028,98.83950684931509,0.0,2510.2200000000003,15.323333333333332,32.85999999999999,0
10013310,屏東縣,春日鄉,2013,4.506502191780822,76.31531506849315,24.73109589041096,26.404191780821918,6.899999999999999,4.248465753424657,98.82761643835615,0.0,2347.3499999999995,14.266666666666666,31.793333333333333,0
10013310,屏東縣,春日鄉,2014,4.60450602739726,74.90369863013699,24.742027397260273,26.702739726027396,8.2,3.9559726027397257,98.86775342465754,0.0,2351.3399999999997,14.126666666666667,32.550000000000004,0
10013310,屏東縣,春日鄉,2015,4.826878630136986,76.4053698630137,25.042383561643835,26.851780821917806,8.25,4.020767123287671,98.91446575342465,0.0,2460.9699999999993,14.633333333333333,32.629999999999995,0
10013310,屏東縣,春日鄉,2016,4.549348087431693,80.35639344262295,24.89396174863388,26.187732240437157,7.32,4.160218579234973,98.855956284153,0.0,2413.39,12.64,31.816666666666666,0
10013310,屏東縣,春日鄉,2017,4.766560547945205,77.22868493150685,25.089013698630136,26.629452054794527,6.259999999999998,3.9845479452054797,98.88594520547944,0.0,2477.99,15.64,32.303333333333335,0
10013310,屏東縣,春日鄉,2018,4.710832054794521,76.18778082191783,25.189397260273974,27.111835616438356,9.2,3.692109589041096,98.81027397260274,0.0,2514.63,13.766666666666666,33.71,0
10013310,屏東縣,春日鄉,2019,4.581201369863014,77.44616438356164,25.446027397260274,27.001561643835622,5.379999999999999,3.605671232876712,98.82471232876713,0.0,2608.2999999999993,17.540000000000003,32.086666666666666,0
10013310,屏東縣,春日鄉,2020,4.872314207650273,75.8127868852459,25.45543715846994,27.179781420765032,6.759999999999998,3.970901639344262,98.90786885245902,0.0,2618.8899999999994,14.6,32.93666666666667,0
10013310,屏東縣,春日鄉,2021,4.837761095890412,74.72443835616438,25.38728767123288,27.316109589041098,10.639999999999997,4.013534246575342,98.8467397260274,0.0,2586.8599999999997,14.770000000000001,33.23333333333334,0
10013310,屏東縣,春日鄉,2022,4.783987123287671,75.3121917808219,25.602493150684932,27.37306849315068,6.73,3.8783013698630135,98.80835616438357,0.0,2665.41,15.496666666666664,33.28666666666667,0
10013310,屏東縣,春日鄉,2023,4.72831890410959,74.39994520547945,25.772109589041094,27.7586301369863,7.419999999999998,3.907890410958904,98.85238356164382,0.0,2727.3199999999997,15.366666666666667,34.39,0
10013310,屏東縣,春日鄉,2024,4.696710109289618,76.29510928961749,25.822377049180332,27.49273224043716,7.93,3.9270491803278693,98.84366120218581,0.0,2753.1899999999996,15.62,33.43666666666667,0
10013310,屏東縣,春日鄉,2025,4.7404302395209585,77.61509589041096,25.177315068493147,26.67964383561644,9.010000000000002,4.000602739726028,98.83950684931509,0.0,2510.2200000000003,15.323333333333332,32.85999999999999,0
10013320,屏東縣,獅子鄉,2013,4.506502191780822,76.31531506849315,24.73109589041096,26.404191780821918,6.899999999999999,4.248465753424657,98.82761643835615,0.0,2347.3499999999995,14.266666666666666,31.793333333333333,0
10013320,屏東縣,獅子鄉,2014,4.60450602739726,74.90369863013699,24.742027397260273,26.702739726027396,8.2,3.9559726027397257,98.86775342465754,0.0,2351.3399999999997,14.126666666666667,32.550000000000004,0
10013320,屏東縣,獅子鄉,2015,4.826878630136986,76.4053698630137,25.042383561643835,26.851780821917806,8.25,4.020767123287671,98.91446575342465,0.0,2460.9699999999993,14.633333333333333,32.629999999999995,0
10013320,屏東縣,獅子鄉,2016,4.549348087431693,80.35639344262295,24.89396174863388,26.187732240437157,7.32,4.160218579234973,98.855956284153,0.0,2413.39,12.64,31.816666666666666,0
10013320,屏東縣,獅子鄉,2017,4.766560547945205,77.22868493150685,25.089013698630136,26.629452054794527,6.259999999999998,3.9845479452054797,98.88594520547944,0.0,2477.99,15.64,32.303333333333335,0
10013320,屏東縣,獅子鄉,2018,4.710832054794521,76.18778082191783,25.189397260273974,27.111835616438356,9.2,3.692109589041096,98.81027397260274,0.0,2514.63,13.766666666666666,33.71,0
10013320,屏東縣,獅子鄉,2019,4.581201369863014,77.44616438356164,25.446027397260274,27.001561643835622,5.379999999999999,3.605671232876712,98.82471232876713,0.0,2608.2999999999993,17.540000000000003,32.086666666666666,0
10013320,屏東縣,獅子鄉,2020,4.872314207650273,75.8127868852459,25.45543715846994,27.179781420765032,6.759999999999998,3.970901639344262,98.90786885245902,0.0,2618.8899999999994,14.6,32.93666666666667,0
10013320,屏東縣,獅子鄉,2021,4.837761095890412,74.72443835616438,25.38728767123288,27.316109589041098,10.639999999999997,4.013534246575342,98.8467397260274,0.0,2586.8599999999997,14.770000000000001,33.23333333333334,0
10013320,屏東縣,獅子鄉,2022,4.783987123287671,75.3121917808219,25.602493150684932,27.37306849315068,6.73,3.8783013698630135,98.80835616438357,0.0,2665.41,15.496666666666664,33.28666666666667,0
10013320,屏東縣,獅子鄉,2023,4.72831890410959,74.39994520547945,25.772109589041094,27.7586301369863,7.419999999999998,3.907890410958904,98.85238356164382,0.0,2727.3199999999997,15.366666666666667,34.39,0
10013320,屏東縣,獅子鄉,2024,4.696710109289618,76.29510928961749,25.822377049180332,27.49273224043716,7.93,3.9270491803278693,98.84366120218581,0.0,2753.1899999999996,15.62,33.43666666666667,0
10013320,屏東縣,獅子鄉,2025,4.7404302395209585,77.61509589041096,25.177315068493147,26.67964383561644,9.010000000000002,4.000602739726028,98.83950684931509,0.0,2510.2200000000003,15.323333333333332,32.85999999999999,0
10013330,屏東縣,牡丹鄉,2013,4.506502191780822,79.21687671232877,26.06556164383562,27.184986301369864,5.289999999999999,6.85054794520548,100.93002739726028,0.0,2834.4300000000003,18.94333333333333,30.526666666666667,0
10013330,屏東縣,牡丹鄉,2014,4.60450602739726,78.60723287671233,25.92709589041096,27.106082191780825,5.93,6.418164383561644,100.97339726027397,0.0,2783.8900000000003,18.05,30.83666666666667,0
10013330,屏東縣,牡丹鄉,2015,4.826878630136986,79.17046575342466,26.22509589041096,27.14430136986301,6.609999999999999,6.241671232876713,101.0183287671233,0.0,2892.66,18.473333333333333,31.05,0
10013330,屏東縣,牡丹鄉,2016,4.549348087431693,80.9392349726776,26.46098360655738,27.464999999999996,5.629999999999999,6.462896174863388,100.95251366120219,0.0,2986.92,17.746666666666666,30.996666666666666,0
10013330,屏東縣,牡丹鄉,2017,4.766560547945205,79.05561643835615,26.453698630136987,27.43846575342466,5.5,6.554547945205479,100.98320547945204,0.0,2976.1000000000004,19.473333333333333,30.840000000000003,0
10013330,屏東縣,牡丹鄉,2018,4.710832054794521,79.06123287671234,26.34367123287671,27.483890410958907,5.68,6.190191780821917,100.9083287671233,0.0,2935.94,18.196666666666665,30.77,0
10013330,屏東縣,牡丹鄉,2019,4.581201369863014,79.48794520547943,26.708986301369865,27.562082191780817,4.890000000000001,6.028383561643836,100.92038356164385,0.0,3069.2799999999997,21.286666666666665,30.786666666666665,0
10013330,屏東縣,牡丹鄉,2020,4.872314207650273,78.41262295081967,26.7357650273224,27.845546448087436,5.419999999999998,6.574590163934427,101.0060655737705,0.0,3087.4900000000007,18.59,30.91,0
10013330,屏東縣,牡丹鄉,2021,4.837761095890412,78.71912328767124,26.466794520547943,27.53942465753425,6.140000000000001,6.559150684931506,100.94819178082193,0.0,2980.88,18.94666666666667,31.03,0
10013330,屏東縣,牡丹鄉,2022,4.783987123287671,78.92624657534247,26.75191780821918,27.7606301369863,5.16,6.529424657534247,100.90317808219177,0.0,3084.95,19.636666666666667,31.383333333333336,0
10013330,屏東縣,牡丹鄉,2023,4.72831890410959,79.12306849315068,26.689945205479447,27.61350684931507,5.289999999999999,6.336520547945205,100.9513698630137,0.0,3062.3299999999995,18.91333333333333,31.276666666666667,0
10013330,屏東縣,牡丹鄉,2024,4.696710109289618,79.80707650273224,26.975191256830605,27.880382513661196,5.77,6.254945355191257,100.93948087431694,0.0,3175.1200000000003,19.69333333333333,31.67,0
10013330,屏東縣,牡丹鄉,2025,4.7404302395209585,79.98679452054796,26.474657534246575,27.53041095890411,5.939999999999998,6.595863013698631,100.93761643835617,0.0,2983.7499999999995,19.21,30.76,0
10014010,臺東縣,臺東市,2013,4.136195890410959,83.22358904109589,21.807945205479452,22.7987397260274,6.829999999999998,4.301397260273973,94.71830136986301,77.19000000000007,1357.5899999999997,11.823333333333332,29.936666666666667,0
10014010,臺東縣,臺東市,2014,4.248344931506849,81.90742465753425,21.85254794520548,22.838931506849313,8.48,4.183780821917809,94.74057534246575,146.02000000000007,1442.6999999999998,10.946666666666667,30.823333333333334,0
10014010,臺東縣,臺東市,2015,4.433690136986302,81.47849315068493,22.35158904109589,23.06265753424658,8.169999999999998,4.370273972602741,94.7697808219178,83.65000000000009,1562.4799999999996,11.863333333333335,31.11,0
10014010,臺東縣,臺東市,2016,4.2164770491803285,83.92196721311475,22.37046448087432,23.091120218579235,7.779999999999998,4.308469945355191,94.73571038251366,54.23000000000004,1544.0199999999995,10.753333333333332,31.406666666666666,0
10014010,臺東縣,臺東市,2017,4.235341917808219,82.77526027397259,22.30268493150685,23.2068493150685,6.739999999999998,4.283178082191781,94.77405479452054,40.88000000000007,1501.8599999999997,12.676666666666668,30.61,0
10014010,臺東縣,臺東市,2018,4.364412054794521,81.90572602739725,22.40479452054794,23.392109589041095,7.609999999999999,4.100465753424658,94.6981095890411,60.130000000000024,1558.3799999999994,11.19,32.39666666666667,0
10014010,臺東縣,臺東市,2019,4.276251232876712,82.32394520547946,22.73534246575343,23.44008219178082,6.18,4.403342465753425,94.69501369863013,0.0,1618.8999999999996,14.526666666666666,31.30333333333333,0
10014010,臺東縣,臺東市,2020,4.388987158469945,81.77128415300548,22.634043715846992,23.578333333333333,6.879999999999999,4.421338797814208,94.7954644808743,0.0,1586.2599999999993,11.393333333333333,32.306666666666665,0
10014010,臺東縣,臺東市,2021,4.510069863013698,80.77545205479453,22.610027397260275,23.56556164383562,8.389999999999997,4.259890410958905,94.72860273972603,63.86000000000007,1637.0199999999995,11.979999999999999,32.13,0
10014010,臺東縣,臺東市,2022,4.397543561643836,81.69605479452053,22.700904109589036,23.744575342465755,7.600000000000001,4.280164383561644,94.71479452054795,9.57000000000005,1615.8999999999999,12.906666666666666,32.00666666666667,0
10014010,臺東縣,臺東市,2023,4.302865205479451,80.56621917808219,22.893561643835614,23.907561643835617,7.41,4.186356164383562,94.74827397260273,13.020000000000053,1689.6699999999998,11.733333333333334,33.00333333333333,0
10014010,臺東縣,臺東市,2024,4.320450546448087,80.58928961748634,23.179125683060107,24.055382513661204,8.02,4.282513661202185,94.73639344262297,16.430000000000145,1802.1899999999998,12.836666666666666,32.73,0
10014010,臺東縣,臺東市,2025,4.332799101796407,83.27202739726029,22.398986301369863,23.297780821917815,7.900000000000002,4.18,94.7365205479452,97.0,1593.1299999999999,12.673333333333332,31.656666666666666,0
10014020,臺東縣,成功鎮,2013,3.8099021917808225,83.22358904109589,21.807945205479452,22.7987397260274,6.829999999999998,4.301397260273973,94.71830136986301,77.19000000000007,1357.5899999999997,11.823333333333332,29.936666666666667,0
10014020,臺東縣,成功鎮,2014,3.8691054794520543,81.90742465753425,21.85254794520548,22.838931506849313,8.48,4.183780821917809,94.74057534246575,146.02000000000007,1442.6999999999998,10.946666666666667,30.823333333333334,0
10014020,臺東縣,成功鎮,2015,3.9793805479452056,81.47849315068493,22.35158904109589,23.06265753424658,8.169999999999998,4.370273972602741,94.7697808219178,83.65000000000009,1562.4799999999996,11.863333333333335,31.11,0
10014020,臺東縣,成功鎮,2016,3.8879912568306008,83.92196721311475,22.37046448087432,23.091120218579235,7.779999999999998,4.308469945355191,94.73571038251366,54.23000000000004,1544.0199999999995,10.753333333333332,31.406666666666666,0
10014020,臺東縣,成功鎮,2017,3.952169315068493,82.77526027397259,22.30268493150685,23.2068493150685,6.739999999999998,4.283178082191781,94.77405479452054,40.88000000000007,1501.8599999999997,12.676666666666668,30.61,0
10014020,臺東縣,成功鎮,2018,4.065741095890411,81.90572602739725,22.40479452054794,23.392109589041095,7.609999999999999,4.100465753424658,94.6981095890411,60.130000000000024,1558.3799999999994,11.19,32.39666666666667,0
10014020,臺東縣,成功鎮,2019,3.9398958904109587,82.32394520547946,22.73534246575343,23.44008219178082,6.18,4.403342465753425,94.69501369863013,0.0,1618.8999999999996,14.526666666666666,31.30333333333333,0
10014020,臺東縣,成功鎮,2020,4.058899180327869,81.77128415300548,22.634043715846992,23.578333333333333,6.879999999999999,4.421338797814208,94.7954644808743,0.0,1586.2599999999993,11.393333333333333,32.306666666666665,0
10014020,臺東縣,成功鎮,2021,4.281669315068494,80.77545205479453,22.610027397260275,23.56556164383562,8.389999999999997,4.259890410958905,94.72860273972603,63.86000000000007,1637.0199999999995,11.979999999999999,32.13,0
10014020,臺東縣,成功鎮,2022,4.087057808219178,81.69605479452053,22.700904109589036,23.744575342465755,7.600000000000001,4.280164383561644,94.71479452054795,9.57000000000005,1615.8999999999999,12.906666666666666,32.00666666666667,0
10014020,臺東縣,成功鎮,2023,4.066307945205479,80.56621917808219,22.893561643835614,23.907561643835617,7.41,4.186356164383562,94.74827397260273,13.020000000000053,1689.6699999999998,11.733333333333334,33.00333333333333,0
10014020,臺東縣,成功鎮,2024,3.984555737704918,80.58928961748634,23.179125683060107,24.055382513661204,8.02,4.282513661202185,94.73639344262297,16.430000000000145,1802.1899999999998,12.836666666666666,32.73,0
10014020,臺東縣,成功鎮,2025,4.086611676646707,83.27202739726029,22.398986301369863,23.297780821917815,7.900000000000002,4.18,94.7365205479452,97.0,1593.1299999999999,12.673333333333332,31.656666666666666,0
10014030,臺東縣,關山鎮,2013,3.8099021917808225,83.22358904109589,21.807945205479452,22.7987397260274,6.829999999999998,4.301397260273973,94.71830136986301,77.19000000000007,1357.5899999999997,11.823333333333332,29.936666666666667,0
10014030,臺東縣,關山鎮,2014,3.8691054794520543,81.90742465753425,21.85254794520548,22.838931506849313,8.48,4.183780821917809,94.74057534246575,146.02000000000007,1442.6999999999998,10.946666666666667,30.823333333333334,0
10014030,臺東縣,關山鎮,2015,3.9793805479452056,81.47849315068493,22.35158904109589,23.06265753424658,8.169999999999998,4.370273972602741,94.7697808219178,83.65000000000009,1562.4799999999996,11.863333333333335,31.11,0
10014030,臺東縣,關山鎮,2016,3.8879912568306008,83.92196721311475,22.37046448087432,23.091120218579235,7.779999999999998,4.308469945355191,94.73571038251366,54.23000000000004,1544.0199999999995,10.753333333333332,31.406666666666666,0
10014030,臺東縣,關山鎮,2017,3.952169315068493,82.77526027397259,22.30268493150685,23.2068493150685,6.739999999999998,4.283178082191781,94.77405479452054,40.88000000000007,1501.8599999999997,12.676666666666668,30.61,0
10014030,臺東縣,關山鎮,2018,4.065741095890411,81.90572602739725,22.40479452054794,23.392109589041095,7.609999999999999,4.100465753424658,94.6981095890411,60.130000000000024,1558.3799999999994,11.19,32.39666666666667,0
10014030,臺東縣,關山鎮,2019,3.9398958904109587,82.32394520547946,22.73534246575343,23.44008219178082,6.18,4.403342465753425,94.69501369863013,0.0,1618.8999999999996,14.526666666666666,31.30333333333333,0
10014030,臺東縣,關山鎮,2020,4.058899180327869,81.77128415300548,22.634043715846992,23.578333333333333,6.879999999999999,4.421338797814208,94.7954644808743,0.0,1586.2599999999993,11.393333333333333,32.306666666666665,0
10014030,臺東縣,關山鎮,2021,4.281669315068494,80.77545205479453,22.610027397260275,23.56556164383562,8.389999999999997,4.259890410958905,94.72860273972603,63.86000000000007,1637.0199999999995,11.979999999999999,32.13,0
10014030,臺東縣,關山鎮,2022,4.087057808219178,81.69605479452053,22.700904109589036,23.744575342465755,7.600000000000001,4.280164383561644,94.71479452054795,9.57000000000005,1615.8999999999999,12.906666666666666,32.00666666666667,0
10014030,臺東縣,關山鎮,2023,4.066307945205479,80.56621917808219,22.893561643835614,23.907561643835617,7.41,4.186356164383562,94.74827397260273,13.020000000000053,1689.6699999999998,11.733333333333334,33.00333333333333,0
10014030,臺東縣,關山鎮,2024,3.984555737704918,80.58928961748634,23.179125683060107,24.055382513661204,8.02,4.282513661202185,94.73639344262297,16.430000000000145,1802.1899999999998,12.836666666666666,32.73,0
10014030,臺東縣,關山鎮,2025,4.086611676646707,83.27202739726029,22.398986301369863,23.297780821917815,7.900000000000002,4.18,94.7365205479452,97.0,1593.1299999999999,12.673333333333332,31.656666666666666,0
10014040,臺東縣,卑南鄉,2013,4.136195890410959,83.22358904109589,21.807945205479452,22.7987397260274,6.829999999999998,4.301397260273973,94.71830136986301,77.19000000000007,1357.5899999999997,11.823333333333332,29.936666666666667,0
10014040,臺東縣,卑南鄉,2014,4.248344931506849,81.90742465753425,21.85254794520548,22.838931506849313,8.48,4.183780821917809,94.74057534246575,146.02000000000007,1442.6999999999998,10.946666666666667,30.823333333333334,0
10014040,臺東縣,卑南鄉,2015,4.433690136986302,81.47849315068493,22.35158904109589,23.06265753424658,8.169999999999998,4.370273972602741,94.7697808219178,83.65000000000009,1562.4799999999996,11.863333333333335,31.11,0
10014040,臺東縣,卑南鄉,2016,4.2164770491803285,83.92196721311475,22.37046448087432,23.091120218579235,7.779999999999998,4.308469945355191,94.73571038251366,54.23000000000004,1544.0199999999995,10.753333333333332,31.406666666666666,0
10014040,臺東縣,卑南鄉,2017,4.235341917808219,82.77526027397259,22.30268493150685,23.2068493150685,6.739999999999998,4.283178082191781,94.77405479452054,40.88000000000007,1501.8599999999997,12.676666666666668,30.61,0
10014040,臺東縣,卑南鄉,2018,4.364412054794521,81.90572602739725,22.40479452054794,23.392109589041095,7.609999999999999,4.100465753424658,94.6981095890411,60.130000000000024,1558.3799999999994,11.19,32.39666666666667,0
10014040,臺東縣,卑南鄉,2019,4.276251232876712,82.32394520547946,22.73534246575343,23.44008219178082,6.18,4.403342465753425,94.69501369863013,0.0,1618.8999999999996,14.526666666666666,31.30333333333333,0
10014040,臺東縣,卑南鄉,2020,4.388987158469945,81.77128415300548,22.634043715846992,23.578333333333333,6.879999999999999,4.421338797814208,94.7954644808743,0.0,1586.2599999999993,11.393333333333333,32.306666666666665,0
10014040,臺東縣,卑南鄉,2021,4.510069863013698,80.77545205479453,22.610027397260275,23.56556164383562,8.389999999999997,4.259890410958905,94.72860273972603,63.86000000000007,1637.0199999999995,11.979999999999999,32.13,0
10014040,臺東縣,卑南鄉,2022,4.397543561643836,81.69605479452053,22.700904109589036,23.744575342465755,7.600000000000001,4.280164383561644,94.71479452054795,9.57000000000005,1615.8999999999999,12.906666666666666,32.00666666666667,0
10014040,臺東縣,卑南鄉,2023,4.302865205479451,80.56621917808219,22.893561643835614,23.907561643835617,7.41,4.186356164383562,94.74827397260273,13.020000000000053,1689.6699999999998,11.733333333333334,33.00333333333333,0
10014040,臺東縣,卑南鄉,2024,4.320450546448087,80.58928961748634,23.179125683060107,24.055382513661204,8.02,4.282513661202185,94.73639344262297,16.430000000000145,1802.1899999999998,12.836666666666666,32.73,0
10014040,臺東縣,卑南鄉,2025,4.332799101796407,83.27202739726029,22.398986301369863,23.297780821917815,7.900000000000002,4.18,94.7365205479452,97.0,1593.1299999999999,12.673333333333332,31.656666666666666,0
10014050,臺東縣,鹿野鄉,2013,4.136195890410959,83.22358904109589,21.807945205479452,22.7987397260274,6.829999999999998,4.301397260273973,94.71830136986301,77.19000000000007,1357.5899999999997,11.823333333333332,29.936666666666667,0
10014050,臺東縣,鹿野鄉,2014,4.248344931506849,81.90742465753425,21.85254794520548,22.838931506849313,8.48,4.183780821917809,94.74057534246575,146.02000000000007,1442.6999999999998,10.946666666666667,30.823333333333334,0
10014050,臺東縣,鹿野鄉,2015,4.433690136986302,81.47849315068493,22.35158904109589,23.06265753424658,8.169999999999998,4.370273972602741,94.7697808219178,83.65000000000009,1562.4799999999996,11.863333333333335,31.11,0
10014050,臺東縣,鹿野鄉,2016,4.2164770491803285,83.92196721311475,22.37046448087432,23.091120218579235,7.779999999999998,4.308469945355191,94.73571038251366,54.23000000000004,1544.0199999999995,10.753333333333332,31.406666666666666,0
10014050,臺東縣,鹿野鄉,2017,4.235341917808219,82.77526027397259,22.30268493150685,23.2068493150685,6.739999999999998,4.283178082191781,94.77405479452054,40.88000000000007,1501.8599999999997,12.676666666666668,30.61,0
10014050,臺東縣,鹿野鄉,2018,4.364412054794521,81.90572602739725,22.40479452054794,23.392109589041095,7.609999999999999,4.100465753424658,94.6981095890411,60.130000000000024,1558.3799999999994,11.19,32.39666666666667,0
10014050,臺東縣,鹿野鄉,2019,4.276251232876712,82.32394520547946,22.73534246575343,23.44008219178082,6.18,4.403342465753425,94.69501369863013,0.0,1618.8999999999996,14.526666666666666,31.30333333333333,0
10014050,臺東縣,鹿野鄉,2020,4.388987158469945,81.77128415300548,22.634043715846992,23.578333333333333,6.879999999999999,4.421338797814208,94.7954644808743,0.0,1586.2599999999993,11.393333333333333,32.306666666666665,0
10014050,臺東縣,鹿野鄉,2021,4.510069863013698,80.77545205479453,22.610027397260275,23.56556164383562,8.389999999999997,4.259890410958905,94.72860273972603,63.86000000000007,1637.0199999999995,11.979999999999999,32.13,0
10014050,臺東縣,鹿野鄉,2022,4.397543561643836,81.69605479452053,22.700904109589036,23.744575342465755,7.600000000000001,4.280164383561644,94.71479452054795,9.57000000000005,1615.8999999999999,12.906666666666666,32.00666666666667,0
10014050,臺東縣,鹿野鄉,2023,4.302865205479451,80.56621917808219,22.893561643835614,23.907561643835617,7.41,4.186356164383562,94.74827397260273,13.020000000000053,1689.6699999999998,11.733333333333334,33.00333333333333,0
10014050,臺東縣,鹿野鄉,2024,4.320450546448087,80.58928961748634,23.179125683060107,24.055382513661204,8.02,4.282513661202185,94.73639344262297,16.430000000000145,1802.1899999999998,12.836666666666666,32.73,0
10014050,臺東縣,鹿野鄉,2025,4.332799101796407,83.27202739726029,22.398986301369863,23.297780821917815,7.900000000000002,4.18,94.7365205479452,97.0,1593.1299999999999,12.673333333333332,31.656666666666666,0
10014060,臺東縣,池上鄉,2013,3.8099021917808225,83.22358904109589,21.807945205479452,22.7987397260274,6.829999999999998,4.301397260273973,94.71830136986301,77.19000000000007,1357.5899999999997,11.823333333333332,29.936666666666667,0
10014060,臺東縣,池上鄉,2014,3.8691054794520543,81.90742465753425,21.85254794520548,22.838931506849313,8.48,4.183780821917809,94.74057534246575,146.02000000000007,1442.6999999999998,10.946666666666667,30.823333333333334,0
10014060,臺東縣,池上鄉,2015,3.9793805479452056,81.47849315068493,22.35158904109589,23.06265753424658,8.169999999999998,4.370273972602741,94.7697808219178,83.65000000000009,1562.4799999999996,11.863333333333335,31.11,0
10014060,臺東縣,池上鄉,2016,3.8879912568306008,83.92196721311475,22.37046448087432,23.091120218579235,7.779999999999998,4.308469945355191,94.73571038251366,54.23000000000004,1544.0199999999995,10.753333333333332,31.406666666666666,0
10014060,臺東縣,池上鄉,2017,3.952169315068493,82.77526027397259,22.30268493150685,23.2068493150685,6.739999999999998,4.283178082191781,94.77405479452054,40.88000000000007,1501.8599999999997,12.676666666666668,30.61,0
10014060,臺東縣,池上鄉,2018,4.065741095890411,81.90572602739725,22.40479452054794,23.392109589041095,7.609999999999999,4.100465753424658,94.6981095890411,60.130000000000024,1558.3799999999994,11.19,32.39666666666667,0
10014060,臺東縣,池上鄉,2019,3.9398958904109587,82.32394520547946,22.73534246575343,23.44008219178082,6.18,4.403342465753425,94.69501369863013,0.0,1618.8999999999996,14.526666666666666,31.30333333333333,0
10014060,臺東縣,池上鄉,2020,4.058899180327869,81.77128415300548,22.634043715846992,23.578333333333333,6.879999999999999,4.421338797814208,94.7954644808743,0.0,1586.2599999999993,11.393333333333333,32.306666666666665,0
10014060,臺東縣,池上鄉,2021,4.281669315068494,80.77545205479453,22.610027397260275,23.56556164383562,8.389999999999997,4.259890410958905,94.72860273972603,63.86000000000007,1637.0199999999995,11.979999999999999,32.13,0
10014060,臺東縣,池上鄉,2022,4.087057808219178,81.69605479452053,22.700904109589036,23.744575342465755,7.600000000000001,4.280164383561644,94.71479452054795,9.57000000000005,1615.8999999999999,12.906666666666666,32.00666666666667,0
10014060,臺東縣,池上鄉,2023,4.066307945205479,80.56621917808219,22.893561643835614,23.907561643835617,7.41,4.186356164383562,94.74827397260273,13.020000000000053,1689.6699999999998,11.733333333333334,33.00333333333333,0
10014060,臺東縣,池上鄉,2024,3.984555737704918,80.58928961748634,23.179125683060107,24.055382513661204,8.02,4.282513661202185,94.73639344262297,16.430000000000145,1802.1899999999998,12.836666666666666,32.73,0
10014060,臺東縣,池上鄉,2025,4.086611676646707,83.27202739726029,22.398986301369863,23.297780821917815,7.900000000000002,4.18,94.7365205479452,97.0,1593.1299999999999,12.673333333333332,31.656666666666666,0
10014070,臺東縣,東河鄉,2013,4.136195890410959,83.22358904109589,21.807945205479452,22.7987397260274,6.829999999999998,4.301397260273973,94.71830136986301,77.19000000000007,1357.5899999999997,11.823333333333332,29.936666666666667,0
10014070,臺東縣,東河鄉,2014,4.248344931506849,81.90742465753425,21.85254794520548,22.838931506849313,8.48,4.183780821917809,94.74057534246575,146.02000000000007,1442.6999999999998,10.946666666666667,30.823333333333334,0
10014070,臺東縣,東河鄉,2015,4.433690136986302,81.47849315068493,22.35158904109589,23.06265753424658,8.169999999999998,4.370273972602741,94.7697808219178,83.65000000000009,1562.4799999999996,11.863333333333335,31.11,0
10014070,臺東縣,東河鄉,2016,4.2164770491803285,83.92196721311475,22.37046448087432,23.091120218579235,7.779999999999998,4.308469945355191,94.73571038251366,54.23000000000004,1544.0199999999995,10.753333333333332,31.406666666666666,0
10014070,臺東縣,東河鄉,2017,4.235341917808219,82.77526027397259,22.30268493150685,23.2068493150685,6.739999999999998,4.283178082191781,94.77405479452054,40.88000000000007,1501.8599999999997,12.676666666666668,30.61,0
10014070,臺東縣,東河鄉,2018,4.364412054794521,81.90572602739725,22.40479452054794,23.392109589041095,7.609999999999999,4.100465753424658,94.6981095890411,60.130000000000024,1558.3799999999994,11.19,32.39666666666667,0
10014070,臺東縣,東河鄉,2019,4.276251232876712,82.32394520547946,22.73534246575343,23.44008219178082,6.18,4.403342465753425,94.69501369863013,0.0,1618.8999999999996,14.526666666666666,31.30333333333333,0
10014070,臺東縣,東河鄉,2020,4.388987158469945,81.77128415300548,22.634043715846992,23.578333333333333,6.879999999999999,4.421338797814208,94.7954644808743,0.0,1586.2599999999993,11.393333333333333,32.306666666666665,0
10014070,臺東縣,東河鄉,2021,4.510069863013698,80.77545205479453,22.610027397260275,23.56556164383562,8.389999999999997,4.259890410958905,94.72860273972603,63.86000000000007,1637.0199999999995,11.979999999999999,32.13,0
10014070,臺東縣,東河鄉,2022,4.397543561643836,81.69605479452053,22.700904109589036,23.744575342465755,7.600000000000001,4.280164383561644,94.71479452054795,9.57000000000005,1615.8999999999999,12.906666666666666,32.00666666666667,0
10014070,臺東縣,東河鄉,2023,4.302865205479451,80.56621917808219,22.893561643835614,23.907561643835617,7.41,4.186356164383562,94.74827397260273,13.020000000000053,1689.6699999999998,11.733333333333334,33.00333333333333,0
10014070,臺東縣,東河鄉,2024,4.320450546448087,80.58928961748634,23.179125683060107,24.055382513661204,8.02,4.282513661202185,94.73639344262297,16.430000000000145,1802.1899999999998,12.836666666666666,32.73,0
10014070,臺東縣,東河鄉,2025,4.332799101796407,83.27202739726029,22.398986301369863,23.297780821917815,7.900000000000002,4.18,94.7365205479452,97.0,1593.1299999999999,12.673333333333332,31.656666666666666,0
10014080,臺東縣,長濱鄉,2013,3.8099021917808225,84.680301369863,18.912657534246573,19.880684931506845,9.09,2.282246575342466,90.0328219178082,448.5,672.1199999999999,6.27,29.593333333333334,0
10014080,臺東縣,長濱鄉,2014,3.8691054794520543,82.8491780821918,19.114602739726028,20.177698630136987,11.0,2.149561643835616,90.04780821917808,531.6400000000001,828.9699999999997,5.266666666666667,29.790000000000003,0
10014080,臺東縣,長濱鄉,2015,3.9793805479452056,82.56654794520549,19.609260273972602,20.456904109589043,10.280000000000001,2.268547945205479,90.08728767123287,396.4900000000001,874.37,6.803333333333334,30.333333333333332,0
10014080,臺東縣,長濱鄉,2016,3.8879912568306008,85.82434426229507,19.551803278688528,20.332704918032785,9.870000000000001,2.302841530054645,90.05953551912569,455.4900000000001,913.6499999999997,4.556666666666667,30.53,0
10014080,臺東縣,長濱鄉,2017,3.952169315068493,84.91953424657534,19.425671232876713,20.395589041095892,8.779999999999998,2.254273972602739,90.09739726027397,423.89,834.7599999999998,7.343333333333334,29.209999999999997,0
10014080,臺東縣,長濱鄉,2018,4.065741095890411,83.46076712328765,19.621287671232874,20.678794520547942,9.780000000000001,2.1169589041095893,90.01810958904107,365.6000000000001,847.8699999999998,5.613333333333333,31.393333333333334,0
10014080,臺東縣,長濱鄉,2019,3.9398958904109587,83.73602739726027,19.909753424657534,20.747808219178083,7.719999999999999,2.2300273972602738,90.03128767123287,246.9700000000001,834.5299999999999,9.01,30.183333333333334,0
10014080,臺東縣,長濱鄉,2020,4.058899180327869,82.72448087431694,19.843060109289617,20.828825136612025,8.55,2.218852459016394,90.12103825136613,283.79000000000013,848.55,5.323333333333333,30.69666666666667,0
10014080,臺東縣,長濱鄉,2021,4.281669315068494,81.40958904109588,19.86024657534247,20.915671232876715,11.32,2.146739726027397,90.05589041095891,392.54000000000013,962.03,6.083333333333333,31.846666666666668,0
10014080,臺東縣,長濱鄉,2022,4.087057808219178,82.92627397260274,19.87846575342466,20.95030136986301,9.659999999999998,2.2483561643835617,90.04383561643836,337.2800000000002,913.4199999999998,6.45,31.71666666666667,0
10014080,臺東縣,長濱鄉,2023,4.066307945205479,81.41742465753426,20.153205479452055,21.310410958904104,9.379999999999999,2.290246575342466,90.07967123287672,283.82000000000016,960.2399999999999,6.646666666666667,31.95,0
10014080,臺東縣,長濱鄉,2024,3.984555737704918,80.76461748633879,20.56513661202186,21.597978142076503,10.360000000000001,2.3179234972677594,90.0681693989071,281.4000000000001,1110.44,7.733333333333334,32.11333333333334,0
10014080,臺東縣,長濱鄉,2025,4.086611676646707,84.60087671232877,19.571890410958904,20.471315068493148,9.889999999999999,2.193205479452055,90.06646575342464,428.4300000000001,892.67,6.9799999999999995,30.353333333333335,0
10014090,臺東縣,太麻里鄉,2013,4.506502191780822,81.5571506849315,24.532547945205483,26.16460273972603,5.48,6.838931506849315,98.89646575342465,0.0,2274.8799999999997,16.24,30.76,0
10014090,臺東縣,太麻里鄉,2014,4.60450602739726,80.59972602739727,24.423068493150684,26.06978082191781,6.59,6.5808767123287675,98.92435616438354,0.0,2234.9199999999996,15.199999999999998,31.189999999999998,0
10014090,臺東縣,太麻里鄉,2015,4.826878630136986,81.07405479452055,24.81282191780822,26.16438356164383,6.740000000000002,6.634493150684932,98.96186301369863,0.0,2377.1800000000003,15.806666666666667,31.036666666666665,0
10014090,臺東縣,太麻里鄉,2016,4.549348087431693,82.50786885245901,25.03131147540984,26.354945355191255,6.25,6.613551912568307,98.91024590163934,0.0,2463.6599999999994,14.883333333333333,31.276666666666667,0
10014090,臺東縣,太麻里鄉,2017,4.766560547945205,81.31282191780824,24.92956164383562,26.43164383561644,5.420000000000002,6.68331506849315,98.95268493150684,0.0,2419.79,16.993333333333336,31.19333333333333,0
10014090,臺東縣,太麻里鄉,2018,4.710832054794521,81.24057534246576,24.847753424657537,26.532164383561643,6.300000000000001,6.447835616438356,98.87265753424657,0.0,2389.93,15.63,31.080000000000002,0
10014090,臺東縣,太麻里鄉,2019,4.581201369863014,81.3201095890411,25.30331506849315,26.619452054794518,4.91,6.819424657534247,98.86967123287671,0.0,2556.209999999999,18.706666666666667,30.59,0
10014090,臺東縣,太麻里鄉,2020,4.872314207650273,80.85371584699455,25.21636612021858,26.823142076502734,5.48,6.93549180327869,98.96939890710381,0.0,2531.3899999999994,15.62,31.16333333333333,0
10014090,臺東縣,太麻里鄉,2021,4.837761095890412,80.72698630136986,25.05180821917809,26.664958904109586,6.48,6.798931506849315,98.90583561643835,0.0,2464.41,16.22666666666667,31.39,0
10014090,臺東縣,太麻里鄉,2022,4.783987123287671,81.32854794520547,25.21712328767123,26.868849315068495,5.68,6.652465753424658,98.8784109589041,0.0,2524.7500000000005,16.84,31.666666666666668,0
10014090,臺東縣,太麻里鄉,2023,4.72831890410959,80.88394520547945,25.257863013698632,26.865945205479452,5.390000000000001,6.598986301369863,98.91463013698629,0.0,2539.62,16.073333333333334,31.790000000000003,0
10014090,臺東縣,太麻里鄉,2024,4.696710109289618,81.16196721311476,25.57360655737705,26.998278688524586,6.16,6.501912568306012,98.90453551912567,0.0,2662.1400000000003,17.036666666666665,31.53333333333333,0
10014090,臺東縣,太麻里鄉,2025,4.7404302395209585,81.92717808219179,25.043369863013694,26.626520547945205,6.490000000000002,6.676246575342465,98.90684931506847,0.0,2461.33,16.953333333333333,31.516666666666666,0
10014100,臺東縣,大武鄉,2013,4.506502191780822,76.31531506849315,24.73109589041096,26.404191780821918,6.899999999999999,4.248465753424657,98.82761643835615,0.0,2347.3499999999995,14.266666666666666,31.793333333333333,0
10014100,臺東縣,大武鄉,2014,4.60450602739726,74.90369863013699,24.742027397260273,26.702739726027396,8.2,3.9559726027397257,98.86775342465754,0.0,2351.3399999999997,14.126666666666667,32.550000000000004,0
10014100,臺東縣,大武鄉,2015,4.826878630136986,76.4053698630137,25.042383561643835,26.851780821917806,8.25,4.020767123287671,98.91446575342465,0.0,2460.9699999999993,14.633333333333333,32.629999999999995,0
10014100,臺東縣,大武鄉,2016,4.549348087431693,80.35639344262295,24.89396174863388,26.187732240437157,7.32,4.160218579234973,98.855956284153,0.0,2413.39,12.64,31.816666666666666,0
10014100,臺東縣,大武鄉,2017,4.766560547945205,77.22868493150685,25.089013698630136,26.629452054794527,6.259999999999998,3.9845479452054797,98.88594520547944,0.0,2477.99,15.64,32.303333333333335,0
10014100,臺東縣,大武鄉,2018,4.710832054794521,76.18778082191783,25.189397260273974,27.111835616438356,9.2,3.692109589041096,98.81027397260274,0.0,2514.63,13.766666666666666,33.71,0
10014100,臺東縣,大武鄉,2019,4.581201369863014,77.44616438356164,25.446027397260274,27.001561643835622,5.379999999999999,3.605671232876712,98.82471232876713,0.0,2608.2999999999993,17.540000000000003,32.086666666666666,0
10014100,臺東縣,大武鄉,2020,4.872314207650273,75.8127868852459,25.45543715846994,27.179781420765032,6.759999999999998,3.970901639344262,98.90786885245902,0.0,2618.8899999999994,14.6,32.93666666666667,0
10014100,臺東縣,大武鄉,2021,4.837761095890412,74.72443835616438,25.38728767123288,27.316109589041098,10.639999999999997,4.013534246575342,98.8467397260274,0.0,2586.8599999999997,14.770000000000001,33.23333333333334,0
10014100,臺東縣,大武鄉,2022,4.783987123287671,75.3121917808219,25.602493150684932,27.37306849315068,6.73,3.8783013698630135,98.80835616438357,0.0,2665.41,15.496666666666664,33.28666666666667,0
10014100,臺東縣,大武鄉,2023,4.72831890410959,74.39994520547945,25.772109589041094,27.7586301369863,7.419999999999998,3.907890410958904,98.85238356164382,0.0,2727.3199999999997,15.366666666666667,34.39,0
10014100,臺東縣,大武鄉,2024,4.696710109289618,76.29510928961749,25.822377049180332,27.49273224043716,7.93,3.9270491803278693,98.84366120218581,0.0,2753.1899999999996,15.62,33.43666666666667,0
10014100,臺東縣,大武鄉,2025,4.7404302395209585,77.61509589041096,25.177315068493147,26.67964383561644,9.010000000000002,4.000602739726028,98.83950684931509,0.0,2510.2200000000003,15.323333333333332,32.85999999999999,0
10014110,臺東縣,綠島鄉,2013,4.136195890410959,81.5571506849315,24.532547945205483,26.16460273972603,5.48,6.838931506849315,98.89646575342465,0.0,2274.8799999999997,16.24,30.76,0
10014110,臺東縣,綠島鄉,2014,4.248344931506849,80.59972602739727,24.423068493150684,26.06978082191781,6.59,6.5808767123287675,98.92435616438354,0.0,2234.9199999999996,15.199999999999998,31.189999999999998,0
10014110,臺東縣,綠島鄉,2015,4.433690136986302,81.07405479452055,24.81282191780822,26.16438356164383,6.740000000000002,6.634493150684932,98.96186301369863,0.0,2377.1800000000003,15.806666666666667,31.036666666666665,0
10014110,臺東縣,綠島鄉,2016,4.2164770491803285,82.50786885245901,25.03131147540984,26.354945355191255,6.25,6.613551912568307,98.91024590163934,0.0,2463.6599999999994,14.883333333333333,31.276666666666667,0
10014110,臺東縣,綠島鄉,2017,4.235341917808219,81.31282191780824,24.92956164383562,26.43164383561644,5.420000000000002,6.68331506849315,98.95268493150684,0.0,2419.79,16.993333333333336,31.19333333333333,0
10014110,臺東縣,綠島鄉,2018,4.364412054794521,81.24057534246576,24.847753424657537,26.532164383561643,6.300000000000001,6.447835616438356,98.87265753424657,0.0,2389.93,15.63,31.080000000000002,0
10014110,臺東縣,綠島鄉,2019,4.276251232876712,81.3201095890411,25.30331506849315,26.619452054794518,4.91,6.819424657534247,98.86967123287671,0.0,2556.209999999999,18.706666666666667,30.59,0
10014110,臺東縣,綠島鄉,2020,4.388987158469945,80.85371584699455,25.21636612021858,26.823142076502734,5.48,6.93549180327869,98.96939890710381,0.0,2531.3899999999994,15.62,31.16333333333333,0
10014110,臺東縣,綠島鄉,2021,4.510069863013698,80.72698630136986,25.05180821917809,26.664958904109586,6.48,6.798931506849315,98.90583561643835,0.0,2464.41,16.22666666666667,31.39,0
10014110,臺東縣,綠島鄉,2022,4.397543561643836,81.32854794520547,25.21712328767123,26.868849315068495,5.68,6.652465753424658,98.8784109589041,0.0,2524.7500000000005,16.84,31.666666666666668,0
10014110,臺東縣,綠島鄉,2023,4.302865205479451,80.88394520547945,25.257863013698632,26.865945205479452,5.390000000000001,6.598986301369863,98.91463013698629,0.0,2539.62,16.073333333333334,31.790000000000003,0
10014110,臺東縣,綠島鄉,2024,4.320450546448087,81.16196721311476,25.57360655737705,26.998278688524586,6.16,6.501912568306012,98.90453551912567,0.0,2662.1400000000003,17.036666666666665,31.53333333333333,0
10014110,臺東縣,綠島鄉,2025,4.332799101796407,81.92717808219179,25.043369863013694,26.626520547945205,6.490000000000002,6.676246575342465,98.90684931506847,0.0,2461.33,16.953333333333333,31.516666666666666,0
10014120,臺東縣,海端鄉,2013,3.8099021917808225,83.22358904109589,21.807945205479452,22.7987397260274,6.829999999999998,4.301397260273973,94.71830136986301,77.19000000000007,1357.5899999999997,11.823333333333332,29.936666666666667,0
10014120,臺東縣,海端鄉,2014,3.8691054794520543,81.90742465753425,21.85254794520548,22.838931506849313,8.48,4.183780821917809,94.74057534246575,146.02000000000007,1442.6999999999998,10.946666666666667,30.823333333333334,0
10014120,臺東縣,海端鄉,2015,3.9793805479452056,81.47849315068493,22.35158904109589,23.06265753424658,8.169999999999998,4.370273972602741,94.7697808219178,83.65000000000009,1562.4799999999996,11.863333333333335,31.11,0
10014120,臺東縣,海端鄉,2016,3.8879912568306008,83.92196721311475,22.37046448087432,23.091120218579235,7.779999999999998,4.308469945355191,94.73571038251366,54.23000000000004,1544.0199999999995,10.753333333333332,31.406666666666666,0
10014120,臺東縣,海端鄉,2017,3.952169315068493,82.77526027397259,22.30268493150685,23.2068493150685,6.739999999999998,4.283178082191781,94.77405479452054,40.88000000000007,1501.8599999999997,12.676666666666668,30.61,0
10014120,臺東縣,海端鄉,2018,4.065741095890411,81.90572602739725,22.40479452054794,23.392109589041095,7.609999999999999,4.100465753424658,94.6981095890411,60.130000000000024,1558.3799999999994,11.19,32.39666666666667,0
10014120,臺東縣,海端鄉,2019,3.9398958904109587,82.32394520547946,22.73534246575343,23.44008219178082,6.18,4.403342465753425,94.69501369863013,0.0,1618.8999999999996,14.526666666666666,31.30333333333333,0
10014120,臺東縣,海端鄉,2020,4.058899180327869,81.77128415300548,22.634043715846992,23.578333333333333,6.879999999999999,4.421338797814208,94.7954644808743,0.0,1586.2599999999993,11.393333333333333,32.306666666666665,0
10014120,臺東縣,海端鄉,2021,4.281669315068494,80.77545205479453,22.610027397260275,23.56556164383562,8.389999999999997,4.259890410958905,94.72860273972603,63.86000000000007,1637.0199999999995,11.979999999999999,32.13,0
10014120,臺東縣,海端鄉,2022,4.087057808219178,81.69605479452053,22.700904109589036,23.744575342465755,7.600000000000001,4.280164383561644,94.71479452054795,9.57000000000005,1615.8999999999999,12.906666666666666,32.00666666666667,0
10014120,臺東縣,海端鄉,2023,4.066307945205479,80.56621917808219,22.893561643835614,23.907561643835617,7.41,4.186356164383562,94.74827397260273,13.020000000000053,1689.6699999999998,11.733333333333334,33.00333333333333,0
10014120,臺東縣,海端鄉,2024,3.984555737704918,80.58928961748634,23.179125683060107,24.055382513661204,8.02,4.282513661202185,94.73639344262297,16.430000000000145,1802.1899999999998,12.836666666666666,32.73,0
10014120,臺東縣,海端鄉,2025,4.086611676646707,83.27202739726029,22.398986301369863,23.297780821917815,7.900000000000002,4.18,94.7365205479452,97.0,1593.1299999999999,12.673333333333332,31.656666666666666,0
10014130,臺東縣,延平鄉,2013,4.506502191780822,83.22358904109589,21.807945205479452,22.7987397260274,6.829999999999998,4.301397260273973,94.71830136986301,77.19000000000007,1357.5899999999997,11.823333333333332,29.936666666666667,0
10014130,臺東縣,延平鄉,2014,4.60450602739726,81.90742465753425,21.85254794520548,22.838931506849313,8.48,4.183780821917809,94.74057534246575,146.02000000000007,1442.6999999999998,10.946666666666667,30.823333333333334,0
10014130,臺東縣,延平鄉,2015,4.826878630136986,81.47849315068493,22.35158904109589,23.06265753424658,8.169999999999998,4.370273972602741,94.7697808219178,83.65000000000009,1562.4799999999996,11.863333333333335,31.11,0
10014130,臺東縣,延平鄉,2016,4.549348087431693,83.92196721311475,22.37046448087432,23.091120218579235,7.779999999999998,4.308469945355191,94.73571038251366,54.23000000000004,1544.0199999999995,10.753333333333332,31.406666666666666,0
10014130,臺東縣,延平鄉,2017,4.766560547945205,82.77526027397259,22.30268493150685,23.2068493150685,6.739999999999998,4.283178082191781,94.77405479452054,40.88000000000007,1501.8599999999997,12.676666666666668,30.61,0
10014130,臺東縣,延平鄉,2018,4.710832054794521,81.90572602739725,22.40479452054794,23.392109589041095,7.609999999999999,4.100465753424658,94.6981095890411,60.130000000000024,1558.3799999999994,11.19,32.39666666666667,0
10014130,臺東縣,延平鄉,2019,4.581201369863014,82.32394520547946,22.73534246575343,23.44008219178082,6.18,4.403342465753425,94.69501369863013,0.0,1618.8999999999996,14.526666666666666,31.30333333333333,0
10014130,臺東縣,延平鄉,2020,4.872314207650273,81.77128415300548,22.634043715846992,23.578333333333333,6.879999999999999,4.421338797814208,94.7954644808743,0.0,1586.2599999999993,11.393333333333333,32.306666666666665,0
10014130,臺東縣,延平鄉,2021,4.837761095890412,80.77545205479453,22.610027397260275,23.56556164383562,8.389999999999997,4.259890410958905,94.72860273972603,63.86000000000007,1637.0199999999995,11.979999999999999,32.13,0
10014130,臺東縣,延平鄉,2022,4.783987123287671,81.69605479452053,22.700904109589036,23.744575342465755,7.600000000000001,4.280164383561644,94.71479452054795,9.57000000000005,1615.8999999999999,12.906666666666666,32.00666666666667,0
10014130,臺東縣,延平鄉,2023,4.72831890410959,80.56621917808219,22.893561643835614,23.907561643835617,7.41,4.186356164383562,94.74827397260273,13.020000000000053,1689.6699999999998,11.733333333333334,33.00333333333333,0
10014130,臺東縣,延平鄉,2024,4.696710109289618,80.58928961748634,23.179125683060107,24.055382513661204,8.02,4.282513661202185,94.73639344262297,16.430000000000145,1802.1899999999998,12.836666666666666,32.73,0
10014130,臺東縣,延平鄉,2025,4.7404302395209585,83.27202739726029,22.398986301369863,23.297780821917815,7.900000000000002,4.18,94.7365205479452,97.0,1593.1299999999999,12.673333333333332,31.656666666666666,0
10014140,臺東縣,金峰鄉,2013,4.506502191780822,76.31531506849315,24.73109589041096,26.404191780821918,6.899999999999999,4.248465753424657,98.82761643835615,0.0,2347.3499999999995,14.266666666666666,31.793333333333333,0
10014140,臺東縣,金峰鄉,2014,4.60450602739726,74.90369863013699,24.742027397260273,26.702739726027396,8.2,3.9559726027397257,98.86775342465754,0.0,2351.3399999999997,14.126666666666667,32.550000000000004,0
10014140,臺東縣,金峰鄉,2015,4.826878630136986,76.4053698630137,25.042383561643835,26.851780821917806,8.25,4.020767123287671,98.91446575342465,0.0,2460.9699999999993,14.633333333333333,32.629999999999995,0
10014140,臺東縣,金峰鄉,2016,4.549348087431693,80.35639344262295,24.89396174863388,26.187732240437157,7.32,4.160218579234973,98.855956284153,0.0,2413.39,12.64,31.816666666666666,0
10014140,臺東縣,金峰鄉,2017,4.766560547945205,77.22868493150685,25.089013698630136,26.629452054794527,6.259999999999998,3.9845479452054797,98.88594520547944,0.0,2477.99,15.64,32.303333333333335,0
10014140,臺東縣,金峰鄉,2018,4.710832054794521,76.18778082191783,25.189397260273974,27.111835616438356,9.2,3.692109589041096,98.81027397260274,0.0,2514.63,13.766666666666666,33.71,0
10014140,臺東縣,金峰鄉,2019,4.581201369863014,77.44616438356164,25.446027397260274,27.001561643835622,5.379999999999999,3.605671232876712,98.82471232876713,0.0,2608.2999999999993,17.540000000000003,32.086666666666666,0
10014140,臺東縣,金峰鄉,2020,4.872314207650273,75.8127868852459,25.45543715846994,27.179781420765032,6.759999999999998,3.970901639344262,98.90786885245902,0.0,2618.8899999999994,14.6,32.93666666666667,0
10014140,臺東縣,金峰鄉,2021,4.837761095890412,74.72443835616438,25.38728767123288,27.316109589041098,10.639999999999997,4.013534246575342,98.8467397260274,0.0,2586.8599999999997,14.770000000000001,33.23333333333334,0
10014140,臺東縣,金峰鄉,2022,4.783987123287671,75.3121917808219,25.602493150684932,27.37306849315068,6.73,3.8783013698630135,98.80835616438357,0.0,2665.41,15.496666666666664,33.28666666666667,0
10014140,臺東縣,金峰鄉,2023,4.72831890410959,74.39994520547945,25.772109589041094,27.7586301369863,7.419999999999998,3.907890410958904,98.85238356164382,0.0,2727.3199999999997,15.366666666666667,34.39,0
10014140,臺東縣,金峰鄉,2024,4.696710109289618,76.29510928961749,25.822377049180332,27.49273224043716,7.93,3.9270491803278693,98.84366120218581,0.0,2753.1899999999996,15.62,33.43666666666667,0
10014140,臺東縣,金峰鄉,2025,4.7404302395209585,77.61509589041096,25.177315068493147,26.67964383561644,9.010000000000002,4.000602739726028,98.83950684931509,0.0,2510.2200000000003,15.323333333333332,32.85999999999999,0
10014150,臺東縣,達仁鄉,2013,4.506502191780822,76.31531506849315,24.73109589041096,26.404191780821918,6.899999999999999,4.248465753424657,98.82761643835615,0.0,2347.3499999999995,14.266666666666666,31.793333333333333,0
10014150,臺東縣,達仁鄉,2014,4.60450602739726,74.90369863013699,24.742027397260273,26.702739726027396,8.2,3.9559726027397257,98.86775342465754,0.0,2351.3399999999997,14.126666666666667,32.550000000000004,0
10014150,臺東縣,達仁鄉,2015,4.826878630136986,76.4053698630137,25.042383561643835,26.851780821917806,8.25,4.020767123287671,98.91446575342465,0.0,2460.9699999999993,14.633333333333333,32.629999999999995,0
10014150,臺東縣,達仁鄉,2016,4.549348087431693,80.35639344262295,24.89396174863388,26.187732240437157,7.32,4.160218579234973,98.855956284153,0.0,2413.39,12.64,31.816666666666666,0
10014150,臺東縣,達仁鄉,2017,4.766560547945205,77.22868493150685,25.089013698630136,26.629452054794527,6.259999999999998,3.9845479452054797,98.88594520547944,0.0,2477.99,15.64,32.303333333333335,0
10014150,臺東縣,達仁鄉,2018,4.710832054794521,76.18778082191783,25.189397260273974,27.111835616438356,9.2,3.692109589041096,98.81027397260274,0.0,2514.63,13.766666666666666,33.71,0
10014150,臺東縣,達仁鄉,2019,4.581201369863014,77.44616438356164,25.446027397260274,27.001561643835622,5.379999999999999,3.605671232876712,98.82471232876713,0.0,2608.2999999999993,17.540000000000003,32.086666666666666,0
10014150,臺東縣,達仁鄉,2020,4.872314207650273,75.8127868852459,25.45543715846994,27.179781420765032,6.759999999999998,3.970901639344262,98.90786885245902,0.0,2618.8899999999994,14.6,32.93666666666667,0
10014150,臺東縣,達仁鄉,2021,4.837761095890412,74.72443835616438,25.38728767123288,27.316109589041098,10.639999999999997,4.013534246575342,98.8467397260274,0.0,2586.8599999999997,14.770000000000001,33.23333333333334,0
10014150,臺東縣,達仁鄉,2022,4.783987123287671,75.3121917808219,25.602493150684932,27.37306849315068,6.73,3.8783013698630135,98.80835616438357,0.0,2665.41,15.496666666666664,33.28666666666667,0
10014150,臺東縣,達仁鄉,2023,4.72831890410959,74.39994520547945,25.772109589041094,27.7586301369863,7.419999999999998,3.907890410958904,98.85238356164382,0.0,2727.3199999999997,15.366666666666667,34.39,0
10014150,臺東縣,達仁鄉,2024,4.696710109289618,76.29510928961749,25.822377049180332,27.49273224043716,7.93,3.9270491803278693,98.84366120218581,0.0,2753.1899999999996,15.62,33.43666666666667,0
10014150,臺東縣,達仁鄉,2025,4.7404302395209585,77.61509589041096,25.177315068493147,26.67964383561644,9.010000000000002,4.000602739726028,98.83950684931509,0.0,2510.2200000000003,15.323333333333332,32.85999999999999,0
10014160,臺東縣,蘭嶼鄉,2013,4.136195890410959,81.22189041095889,25.78520547945205,27.14967123287671,4.940000000000001,7.672739726027398,100.73989041095892,0.0,2732.099999999999,18.676666666666666,30.19666666666667,0
10014160,臺東縣,蘭嶼鄉,2014,4.248344931506849,80.45739726027396,25.59972602739726,26.922,6.0,7.3218356164383565,100.7817808219178,0.0,2664.3999999999996,17.523333333333333,30.463333333333335,0
10014160,臺東縣,蘭嶼鄉,2015,4.433690136986302,80.93975342465755,25.957534246575346,27.00410958904109,6.16,7.176301369863014,100.81830136986304,0.0,2794.9999999999995,18.083333333333332,30.69333333333333,0
10014160,臺東縣,蘭嶼鄉,2016,4.2164770491803285,82.2793169398907,26.246065573770494,27.383715846994534,5.5,7.3279781420765016,100.7608469945355,0.0,2908.26,17.083333333333332,30.923333333333336,0
10014160,臺東縣,蘭嶼鄉,2017,4.235341917808219,80.82021917808218,26.15512328767123,27.352027397260272,4.899999999999999,7.421013698630137,100.79326027397259,0.0,2867.12,19.203333333333333,30.583333333333332,0
10014160,臺東縣,蘭嶼鄉,2018,4.364412054794521,81.19980821917807,25.977123287671237,27.32509589041096,5.600000000000001,7.213534246575342,100.71917808219177,0.0,2802.1499999999996,18.013333333333335,30.55666666666666,0
10014160,臺東縣,蘭嶼鄉,2019,4.276251232876712,81.45767123287672,26.40035616438357,27.40435616438356,4.75,7.366657534246574,100.7221095890411,0.0,2956.63,20.833333333333332,30.44666666666667,0
10014160,臺東縣,蘭嶼鄉,2020,4.388987158469945,80.60814207650274,26.38060109289617,27.71407103825137,4.960000000000001,7.63603825136612,100.81601092896175,0.0,2957.4999999999995,17.79,30.51,0
10014160,臺東縣,蘭嶼鄉,2021,4.510069863013698,80.91180821917808,26.156191780821917,27.445643835616444,5.649999999999999,7.536328767123289,100.75487671232877,0.0,2867.5099999999993,18.47,30.75333333333333,0
10014160,臺東縣,蘭嶼鄉,2022,4.397543561643836,81.1575616438356,26.413479452054794,27.718986301369863,4.890000000000001,7.428630136986301,100.71323287671231,0.0,2961.4199999999996,18.936666666666667,31.30666666666667,0
10014160,臺東縣,蘭嶼鄉,2023,4.302865205479451,81.19515068493149,26.340849315068493,27.538712328767122,4.510000000000002,7.401287671232876,100.75876712328768,0.0,2934.9099999999994,18.37,31.05666666666667,0
10014160,臺東縣,蘭嶼鄉,2024,4.320450546448087,81.54912568306011,26.67923497267759,27.751912568306008,5.399999999999999,7.207868852459016,100.7486338797814,0.0,3066.7999999999997,19.14666666666667,31.093333333333334,0
10014160,臺東縣,蘭嶼鄉,2025,4.332799101796407,81.82090410958904,26.19887671232877,27.54317808219178,5.760000000000002,7.515041095890411,100.75005479452057,0.0,2883.09,18.976666666666667,30.310000000000002,0
10015010,花蓮縣,花蓮市,2013,3.8099021917808225,80.81263013698631,24.74704109589041,26.41301369863013,5.029999999999998,6.186876712328767,100.50117808219176,0.0,2353.17,15.323333333333332,31.586666666666662,0
10015010,花蓮縣,花蓮市,2014,3.8691054794520543,80.66583561643834,24.617315068493156,26.22805479452055,6.469999999999999,5.957561643835616,100.53243835616438,0.0,2305.8199999999997,14.386666666666665,31.99666666666667,0
10015010,花蓮縣,花蓮市,2015,3.9793805479452056,81.50542465753423,25.075369863013698,26.353041095890408,6.110000000000003,6.068164383561644,100.54476712328766,0.0,2473.01,15.236666666666666,31.953333333333333,0
10015010,花蓮縣,花蓮市,2016,3.8879912568306008,82.37319672131147,25.283196721311473,26.75535519125683,6.079999999999998,6.052540983606558,100.50368852459016,0.0,2555.85,13.563333333333333,32.07,0
10015010,花蓮縣,花蓮市,2017,3.952169315068493,81.03939726027399,25.207506849315067,26.802684931506853,5.399999999999999,6.086246575342464,100.55745205479452,0.0,2521.24,16.150000000000002,32.01333333333333,0
10015010,花蓮縣,花蓮市,2018,4.065741095890411,81.18421917808219,25.049452054794525,26.628767123287677,5.98,6.049643835616438,100.47879452054795,0.0,2463.5499999999997,15.076666666666668,31.116666666666664,0
10015010,花蓮縣,花蓮市,2019,3.9398958904109587,81.28734246575343,25.51542465753424,26.819178082191787,4.66,5.915369863013699,100.45967123287673,0.0,2633.6299999999997,18.24,32.53333333333333,0
10015010,花蓮縣,花蓮市,2020,4.058899180327869,80.65207650273223,25.48642076502732,27.05674863387978,5.029999999999998,6.0734972677595644,100.57262295081968,0.0,2630.2299999999996,14.603333333333333,32.22,0
10015010,花蓮縣,花蓮市,2021,4.281669315068494,80.3204109589041,25.36945205479452,26.852082191780827,6.16,5.7459999999999996,100.50726027397259,0.0,2580.35,15.62,32.449999999999996,0
10015010,花蓮縣,花蓮市,2022,4.087057808219178,81.19958904109588,25.42994520547946,27.06350684931507,5.5,6.2042465753424665,100.4883287671233,0.0,2602.4300000000003,15.536666666666667,32.14,0
10015010,花蓮縣,花蓮市,2023,4.066307945205479,80.62484931506849,25.430684931506846,26.910767123287677,5.129999999999999,5.815506849315068,100.52824657534248,0.0,2602.7,15.046666666666667,33.07333333333333,0
10015010,花蓮縣,花蓮市,2024,3.984555737704918,81.37210382513662,25.78868852459016,27.16412568306011,5.810000000000002,6.074562841530055,100.49224043715849,0.0,2740.8599999999997,16.13,32.910000000000004,0
10015010,花蓮縣,花蓮市,2025,4.086611676646707,80.98547945205478,25.419616438356158,27.00558904109589,6.109999999999999,5.810136986301369,100.5088493150685,0.0,2598.66,15.719999999999999,31.810000000000002,0
10015020,花蓮縣,鳳林鎮,2013,3.8099021917808225,84.680301369863,18.912657534246573,19.880684931506845,9.09,2.282246575342466,90.0328219178082,448.5,672.1199999999999,6.27,29.593333333333334,0
10015020,花蓮縣,鳳林鎮,2014,3.8691054794520543,82.8491780821918,19.114602739726028,20.177698630136987,11.0,2.149561643835616,90.04780821917808,531.6400000000001,828.9699999999997,5.266666666666667,29.790000000000003,0
10015020,花蓮縣,鳳林鎮,2015,3.9793805479452056,82.56654794520549,19.609260273972602,20.456904109589043,10.280000000000001,2.268547945205479,90.08728767123287,396.4900000000001,874.37,6.803333333333334,30.333333333333332,0
10015020,花蓮縣,鳳林鎮,2016,3.8879912568306008,85.82434426229507,19.551803278688528,20.332704918032785,9.870000000000001,2.302841530054645,90.05953551912569,455.4900000000001,913.6499999999997,4.556666666666667,30.53,0
10015020,花蓮縣,鳳林鎮,2017,3.952169315068493,84.91953424657534,19.425671232876713,20.395589041095892,8.779999999999998,2.254273972602739,90.09739726027397,423.89,834.7599999999998,7.343333333333334,29.209999999999997,0
10015020,花蓮縣,鳳林鎮,2018,4.065741095890411,83.46076712328765,19.621287671232874,20.678794520547942,9.780000000000001,2.1169589041095893,90.01810958904107,365.6000000000001,847.8699999999998,5.613333333333333,31.393333333333334,0
10015020,花蓮縣,鳳林鎮,2019,3.9398958904109587,83.73602739726027,19.909753424657534,20.747808219178083,7.719999999999999,2.2300273972602738,90.03128767123287,246.9700000000001,834.5299999999999,9.01,30.183333333333334,0
10015020,花蓮縣,鳳林鎮,2020,4.058899180327869,82.72448087431694,19.843060109289617,20.828825136612025,8.55,2.218852459016394,90.12103825136613,283.79000000000013,848.55,5.323333333333333,30.69666666666667,0
10015020,花蓮縣,鳳林鎮,2021,4.281669315068494,81.40958904109588,19.86024657534247,20.915671232876715,11.32,2.146739726027397,90.05589041095891,392.54000000000013,962.03,6.083333333333333,31.846666666666668,0
10015020,花蓮縣,鳳林鎮,2022,4.087057808219178,82.92627397260274,19.87846575342466,20.95030136986301,9.659999999999998,2.2483561643835617,90.04383561643836,337.2800000000002,913.4199999999998,6.45,31.71666666666667,0
10015020,花蓮縣,鳳林鎮,2023,4.066307945205479,81.41742465753426,20.153205479452055,21.310410958904104,9.379999999999999,2.290246575342466,90.07967123287672,283.82000000000016,960.2399999999999,6.646666666666667,31.95,0
10015020,花蓮縣,鳳林鎮,2024,3.984555737704918,80.76461748633879,20.56513661202186,21.597978142076503,10.360000000000001,2.3179234972677594,90.0681693989071,281.4000000000001,1110.44,7.733333333333334,32.11333333333334,0
10015020,花蓮縣,鳳林鎮,2025,4.086611676646707,84.60087671232877,19.571890410958904,20.471315068493148,9.889999999999999,2.193205479452055,90.06646575342464,428.4300000000001,892.67,6.9799999999999995,30.353333333333335,0
10015030,花蓮縣,玉里鎮,2013,3.8099021917808225,84.680301369863,18.912657534246573,19.880684931506845,9.09,2.282246575342466,90.0328219178082,448.5,672.1199999999999,6.27,29.593333333333334,0
10015030,花蓮縣,玉里鎮,2014,3.8691054794520543,82.8491780821918,19.114602739726028,20.177698630136987,11.0,2.149561643835616,90.04780821917808,531.6400000000001,828.9699999999997,5.266666666666667,29.790000000000003,0
10015030,花蓮縣,玉里鎮,2015,3.9793805479452056,82.56654794520549,19.609260273972602,20.456904109589043,10.280000000000001,2.268547945205479,90.08728767123287,396.4900000000001,874.37,6.803333333333334,30.333333333333332,0
10015030,花蓮縣,玉里鎮,2016,3.8879912568306008,85.82434426229507,19.551803278688528,20.332704918032785,9.870000000000001,2.302841530054645,90.05953551912569,455.4900000000001,913.6499999999997,4.556666666666667,30.53,0
10015030,花蓮縣,玉里鎮,2017,3.952169315068493,84.91953424657534,19.425671232876713,20.395589041095892,8.779999999999998,2.254273972602739,90.09739726027397,423.89,834.7599999999998,7.343333333333334,29.209999999999997,0
10015030,花蓮縣,玉里鎮,2018,4.065741095890411,83.46076712328765,19.621287671232874,20.678794520547942,9.780000000000001,2.1169589041095893,90.01810958904107,365.6000000000001,847.8699999999998,5.613333333333333,31.393333333333334,0
10015030,花蓮縣,玉里鎮,2019,3.9398958904109587,83.73602739726027,19.909753424657534,20.747808219178083,7.719999999999999,2.2300273972602738,90.03128767123287,246.9700000000001,834.5299999999999,9.01,30.183333333333334,0
10015030,花蓮縣,玉里鎮,2020,4.058899180327869,82.72448087431694,19.843060109289617,20.828825136612025,8.55,2.218852459016394,90.12103825136613,283.79000000000013,848.55,5.323333333333333,30.69666666666667,0
10015030,花蓮縣,玉里鎮,2021,4.281669315068494,81.40958904109588,19.86024657534247,20.915671232876715,11.32,2.146739726027397,90.05589041095891,392.54000000000013,962.03,6.083333333333333,31.846666666666668,0
10015030,花蓮縣,玉里鎮,2022,4.087057808219178,82.92627397260274,19.87846575342466,20.95030136986301,9.659999999999998,2.2483561643835617,90.04383561643836,337.2800000000002,913.4199999999998,6.45,31.71666666666667,0
10015030,花蓮縣,玉里鎮,2023,4.066307945205479,81.41742465753426,20.153205479452055,21.310410958904104,9.379999999999999,2.290246575342466,90.07967123287672,283.82000000000016,960.2399999999999,6.646666666666667,31.95,0
10015030,花蓮縣,玉里鎮,2024,3.984555737704918,80.76461748633879,20.56513661202186,21.597978142076503,10.360000000000001,2.3179234972677594,90.0681693989071,281.4000000000001,1110.44,7.733333333333334,32.11333333333334,0
10015030,花蓮縣,玉里鎮,2025,4.086611676646707,84.60087671232877,19.571890410958904,20.471315068493148,9.889999999999999,2.193205479452055,90.06646575342464,428.4300000000001,892.67,6.9799999999999995,30.353333333333335,0
10015040,花蓮縣,新城鄉,2013,3.7659084931506848,80.81263013698631,24.74704109589041,26.41301369863013,5.029999999999998,6.186876712328767,100.50117808219176,0.0,2353.17,15.323333333333332,31.586666666666662,0
10015040,花蓮縣,新城鄉,2014,3.8430613698630145,80.66583561643834,24.617315068493156,26.22805479452055,6.469999999999999,5.957561643835616,100.53243835616438,0.0,2305.8199999999997,14.386666666666665,31.99666666666667,0
10015040,花蓮縣,新城鄉,2015,3.919658082191781,81.50542465753423,25.075369863013698,26.353041095890408,6.110000000000003,6.068164383561644,100.54476712328766,0.0,2473.01,15.236666666666666,31.953333333333333,0
10015040,花蓮縣,新城鄉,2016,3.7904614754098365,82.37319672131147,25.283196721311473,26.75535519125683,6.079999999999998,6.052540983606558,100.50368852459016,0.0,2555.85,13.563333333333333,32.07,0
10015040,花蓮縣,新城鄉,2017,3.8297947945205473,81.03939726027399,25.207506849315067,26.802684931506853,5.399999999999999,6.086246575342464,100.55745205479452,0.0,2521.24,16.150000000000002,32.01333333333333,0
10015040,花蓮縣,新城鄉,2018,3.9874175342465747,81.18421917808219,25.049452054794525,26.628767123287677,5.98,6.049643835616438,100.47879452054795,0.0,2463.5499999999997,15.076666666666668,31.116666666666664,0
10015040,花蓮縣,新城鄉,2019,3.826375342465753,81.28734246575343,25.51542465753424,26.819178082191787,4.66,5.915369863013699,100.45967123287673,0.0,2633.6299999999997,18.24,32.53333333333333,0
10015040,花蓮縣,新城鄉,2020,3.9260226775956277,80.65207650273223,25.48642076502732,27.05674863387978,5.029999999999998,6.0734972677595644,100.57262295081968,0.0,2630.2299999999996,14.603333333333333,32.22,0
10015040,花蓮縣,新城鄉,2021,4.163436986301369,80.3204109589041,25.36945205479452,26.852082191780827,6.16,5.7459999999999996,100.50726027397259,0.0,2580.35,15.62,32.449999999999996,0
10015040,花蓮縣,新城鄉,2022,3.828847671232877,81.19958904109588,25.42994520547946,27.06350684931507,5.5,6.2042465753424665,100.4883287671233,0.0,2602.4300000000003,15.536666666666667,32.14,0
10015040,花蓮縣,新城鄉,2023,3.9763550684931515,80.62484931506849,25.430684931506846,26.910767123287677,5.129999999999999,5.815506849315068,100.52824657534248,0.0,2602.7,15.046666666666667,33.07333333333333,0
10015040,花蓮縣,新城鄉,2024,3.833393169398907,81.37210382513662,25.78868852459016,27.16412568306011,5.810000000000002,6.074562841530055,100.49224043715849,0.0,2740.8599999999997,16.13,32.910000000000004,0
10015040,花蓮縣,新城鄉,2025,4.008978143712575,80.98547945205478,25.419616438356158,27.00558904109589,6.109999999999999,5.810136986301369,100.5088493150685,0.0,2598.66,15.719999999999999,31.810000000000002,0
10015050,花蓮縣,吉安鄉,2013,3.8099021917808225,80.81263013698631,24.74704109589041,26.41301369863013,5.029999999999998,6.186876712328767,100.50117808219176,0.0,2353.17,15.323333333333332,31.586666666666662,0
10015050,花蓮縣,吉安鄉,2014,3.8691054794520543,80.66583561643834,24.617315068493156,26.22805479452055,6.469999999999999,5.957561643835616,100.53243835616438,0.0,2305.8199999999997,14.386666666666665,31.99666666666667,0
10015050,花蓮縣,吉安鄉,2015,3.9793805479452056,81.50542465753423,25.075369863013698,26.353041095890408,6.110000000000003,6.068164383561644,100.54476712328766,0.0,2473.01,15.236666666666666,31.953333333333333,0
10015050,花蓮縣,吉安鄉,2016,3.8879912568306008,82.37319672131147,25.283196721311473,26.75535519125683,6.079999999999998,6.052540983606558,100.50368852459016,0.0,2555.85,13.563333333333333,32.07,0
10015050,花蓮縣,吉安鄉,2017,3.952169315068493,81.03939726027399,25.207506849315067,26.802684931506853,5.399999999999999,6.086246575342464,100.55745205479452,0.0,2521.24,16.150000000000002,32.01333333333333,0
10015050,花蓮縣,吉安鄉,2018,4.065741095890411,81.18421917808219,25.049452054794525,26.628767123287677,5.98,6.049643835616438,100.47879452054795,0.0,2463.5499999999997,15.076666666666668,31.116666666666664,0
10015050,花蓮縣,吉安鄉,2019,3.9398958904109587,81.28734246575343,25.51542465753424,26.819178082191787,4.66,5.915369863013699,100.45967123287673,0.0,2633.6299999999997,18.24,32.53333333333333,0
10015050,花蓮縣,吉安鄉,2020,4.058899180327869,80.65207650273223,25.48642076502732,27.05674863387978,5.029999999999998,6.0734972677595644,100.57262295081968,0.0,2630.2299999999996,14.603333333333333,32.22,0
10015050,花蓮縣,吉安鄉,2021,4.281669315068494,80.3204109589041,25.36945205479452,26.852082191780827,6.16,5.7459999999999996,100.50726027397259,0.0,2580.35,15.62,32.449999999999996,0
10015050,花蓮縣,吉安鄉,2022,4.087057808219178,81.19958904109588,25.42994520547946,27.06350684931507,5.5,6.2042465753424665,100.4883287671233,0.0,2602.4300000000003,15.536666666666667,32.14,0
10015050,花蓮縣,吉安鄉,2023,4.066307945205479,80.62484931506849,25.430684931506846,26.910767123287677,5.129999999999999,5.815506849315068,100.52824657534248,0.0,2602.7,15.046666666666667,33.07333333333333,0
10015050,花蓮縣,吉安鄉,2024,3.984555737704918,81.37210382513662,25.78868852459016,27.16412568306011,5.810000000000002,6.074562841530055,100.49224043715849,0.0,2740.8599999999997,16.13,32.910000000000004,0
10015050,花蓮縣,吉安鄉,2025,4.086611676646707,80.98547945205478,25.419616438356158,27.00558904109589,6.109999999999999,5.810136986301369,100.5088493150685,0.0,2598.66,15.719999999999999,31.810000000000002,0
10015060,花蓮縣,壽豐鄉,2013,3.8099021917808225,84.79134246575343,16.775205479452055,17.073178082191784,10.770000000000001,1.6574794520547946,86.95128767123288,909.3700000000001,352.81999999999994,1.5999999999999999,28.37,62
10015060,花蓮縣,壽豐鄉,2014,3.8691054794520543,83.63350684931507,16.91676712328767,17.31104109589041,12.850000000000001,1.5065753424657533,86.96783561643836,958.3000000000001,453.4199999999998,0.5166666666666666,28.50666666666667,90
10015060,花蓮縣,壽豐鄉,2015,3.9793805479452056,83.65953424657535,17.39553424657534,17.66654794520548,11.669999999999998,1.623150684931507,87.01591780821919,750.2200000000003,420.09000000000003,2.4600000000000004,28.666666666666668,0
10015060,花蓮縣,壽豐鄉,2016,3.8879912568306008,86.87497267759562,17.391775956284153,17.57863387978142,11.639999999999999,1.6457377049180326,86.98871584699454,840.7300000000002,508.3199999999998,-1.4033333333333335,29.88333333333333,91
10015060,花蓮縣,壽豐鄉,2017,3.952169315068493,85.62208219178082,17.30167123287671,17.623479452054795,10.339999999999998,1.6195068493150686,87.01923287671232,818.5600000000002,454.16999999999985,2.61,28.473333333333333,28
10015060,花蓮縣,壽豐鄉,2018,4.065741095890411,84.47572602739727,17.461178082191783,17.81090410958904,10.889999999999999,1.4777534246575343,86.93994520547945,777.4100000000002,471.2399999999999,1.0066666666666666,29.936666666666667,59
10015060,花蓮縣,壽豐鄉,2019,3.9398958904109587,85.04457534246575,17.67019178082192,17.92690410958904,8.92,1.6516438356164385,86.97052054794521,610.5600000000002,380.67999999999995,4.583333333333333,27.95,0
10015060,花蓮縣,壽豐鄉,2020,4.058899180327869,83.8541256830601,17.583579234972678,17.926557377049182,9.43,1.6166120218579234,87.0429781420765,715.69,453.4799999999999,-0.85,29.3,92
10015060,花蓮縣,壽豐鄉,2021,4.281669315068494,82.53632876712328,17.62934246575342,18.00731506849315,12.53,1.5383835616438355,86.98282191780822,768.3100000000002,523.5199999999998,1.4833333333333334,30.14,59
10015060,花蓮縣,壽豐鄉,2022,4.087057808219178,84.21824657534246,17.60717808219178,17.96380821917808,10.919999999999998,1.6194520547945206,86.96969863013697,683.5600000000001,430.67999999999984,1.4533333333333331,30.0,31
10015060,花蓮縣,壽豐鄉,2023,4.066307945205479,81.82473972602739,18.021068493150683,18.48846575342466,11.049999999999999,1.6322465753424658,87.00750684931506,658.3500000000001,556.5399999999998,1.3166666666666667,30.403333333333332,62
10015060,花蓮縣,壽豐鄉,2024,3.984555737704918,82.35008196721311,18.366338797814205,18.73890710382514,11.610000000000001,1.618306010928962,87.00398907103826,635.61,659.8899999999999,3.393333333333333,30.173333333333332,31
10015060,花蓮縣,壽豐鄉,2025,4.086611676646707,85.57331506849314,17.38715068493151,17.61328767123288,11.549999999999999,1.6406575342465755,86.99345205479452,829.8499999999999,496.6599999999999,2.5433333333333334,27.900000000000002,31
10015070,花蓮縣,光復鄉,2013,3.8099021917808225,84.680301369863,18.912657534246573,19.880684931506845,9.09,2.282246575342466,90.0328219178082,448.5,672.1199999999999,6.27,29.593333333333334,0
10015070,花蓮縣,光復鄉,2014,3.8691054794520543,82.8491780821918,19.114602739726028,20.177698630136987,11.0,2.149561643835616,90.04780821917808,531.6400000000001,828.9699999999997,5.266666666666667,29.790000000000003,0
10015070,花蓮縣,光復鄉,2015,3.9793805479452056,82.56654794520549,19.609260273972602,20.456904109589043,10.280000000000001,2.268547945205479,90.08728767123287,396.4900000000001,874.37,6.803333333333334,30.333333333333332,0
10015070,花蓮縣,光復鄉,2016,3.8879912568306008,85.82434426229507,19.551803278688528,20.332704918032785,9.870000000000001,2.302841530054645,90.05953551912569,455.4900000000001,913.6499999999997,4.556666666666667,30.53,0
10015070,花蓮縣,光復鄉,2017,3.952169315068493,84.91953424657534,19.425671232876713,20.395589041095892,8.779999999999998,2.254273972602739,90.09739726027397,423.89,834.7599999999998,7.343333333333334,29.209999999999997,0
10015070,花蓮縣,光復鄉,2018,4.065741095890411,83.46076712328765,19.621287671232874,20.678794520547942,9.780000000000001,2.1169589041095893,90.01810958904107,365.6000000000001,847.8699999999998,5.613333333333333,31.393333333333334,0
10015070,花蓮縣,光復鄉,2019,3.9398958904109587,83.73602739726027,19.909753424657534,20.747808219178083,7.719999999999999,2.2300273972602738,90.03128767123287,246.9700000000001,834.5299999999999,9.01,30.183333333333334,0
10015070,花蓮縣,光復鄉,2020,4.058899180327869,82.72448087431694,19.843060109289617,20.828825136612025,8.55,2.218852459016394,90.12103825136613,283.79000000000013,848.55,5.323333333333333,30.69666666666667,0
10015070,花蓮縣,光復鄉,2021,4.281669315068494,81.40958904109588,19.86024657534247,20.915671232876715,11.32,2.146739726027397,90.05589041095891,392.54000000000013,962.03,6.083333333333333,31.846666666666668,0
10015070,花蓮縣,光復鄉,2022,4.087057808219178,82.92627397260274,19.87846575342466,20.95030136986301,9.659999999999998,2.2483561643835617,90.04383561643836,337.2800000000002,913.4199999999998,6.45,31.71666666666667,0
10015070,花蓮縣,光復鄉,2023,4.066307945205479,81.41742465753426,20.153205479452055,21.310410958904104,9.379999999999999,2.290246575342466,90.07967123287672,283.82000000000016,960.2399999999999,6.646666666666667,31.95,0
10015070,花蓮縣,光復鄉,2024,3.984555737704918,80.76461748633879,20.56513661202186,21.597978142076503,10.360000000000001,2.3179234972677594,90.0681693989071,281.4000000000001,1110.44,7.733333333333334,32.11333333333334,0
10015070,花蓮縣,光復鄉,2025,4.086611676646707,84.60087671232877,19.571890410958904,20.471315068493148,9.889999999999999,2.193205479452055,90.06646575342464,428.4300000000001,892.67,6.9799999999999995,30.353333333333335,0
10015080,花蓮縣,豐濱鄉,2013,3.8099021917808225,84.680301369863,18.912657534246573,19.880684931506845,9.09,2.282246575342466,90.0328219178082,448.5,672.1199999999999,6.27,29.593333333333334,0
10015080,花蓮縣,豐濱鄉,2014,3.8691054794520543,82.8491780821918,19.114602739726028,20.177698630136987,11.0,2.149561643835616,90.04780821917808,531.6400000000001,828.9699999999997,5.266666666666667,29.790000000000003,0
10015080,花蓮縣,豐濱鄉,2015,3.9793805479452056,82.56654794520549,19.609260273972602,20.456904109589043,10.280000000000001,2.268547945205479,90.08728767123287,396.4900000000001,874.37,6.803333333333334,30.333333333333332,0
10015080,花蓮縣,豐濱鄉,2016,3.8879912568306008,85.82434426229507,19.551803278688528,20.332704918032785,9.870000000000001,2.302841530054645,90.05953551912569,455.4900000000001,913.6499999999997,4.556666666666667,30.53,0
10015080,花蓮縣,豐濱鄉,2017,3.952169315068493,84.91953424657534,19.425671232876713,20.395589041095892,8.779999999999998,2.254273972602739,90.09739726027397,423.89,834.7599999999998,7.343333333333334,29.209999999999997,0
10015080,花蓮縣,豐濱鄉,2018,4.065741095890411,83.46076712328765,19.621287671232874,20.678794520547942,9.780000000000001,2.1169589041095893,90.01810958904107,365.6000000000001,847.8699999999998,5.613333333333333,31.393333333333334,0
10015080,花蓮縣,豐濱鄉,2019,3.9398958904109587,83.73602739726027,19.909753424657534,20.747808219178083,7.719999999999999,2.2300273972602738,90.03128767123287,246.9700000000001,834.5299999999999,9.01,30.183333333333334,0
10015080,花蓮縣,豐濱鄉,2020,4.058899180327869,82.72448087431694,19.843060109289617,20.828825136612025,8.55,2.218852459016394,90.12103825136613,283.79000000000013,848.55,5.323333333333333,30.69666666666667,0
10015080,花蓮縣,豐濱鄉,2021,4.281669315068494,81.40958904109588,19.86024657534247,20.915671232876715,11.32,2.146739726027397,90.05589041095891,392.54000000000013,962.03,6.083333333333333,31.846666666666668,0
10015080,花蓮縣,豐濱鄉,2022,4.087057808219178,82.92627397260274,19.87846575342466,20.95030136986301,9.659999999999998,2.2483561643835617,90.04383561643836,337.2800000000002,913.4199999999998,6.45,31.71666666666667,0
10015080,花蓮縣,豐濱鄉,2023,4.066307945205479,81.41742465753426,20.153205479452055,21.310410958904104,9.379999999999999,2.290246575342466,90.07967123287672,283.82000000000016,960.2399999999999,6.646666666666667,31.95,0
10015080,花蓮縣,豐濱鄉,2024,3.984555737704918,80.76461748633879,20.56513661202186,21.597978142076503,10.360000000000001,2.3179234972677594,90.0681693989071,281.4000000000001,1110.44,7.733333333333334,32.11333333333334,0
10015080,花蓮縣,豐濱鄉,2025,4.086611676646707,84.60087671232877,19.571890410958904,20.471315068493148,9.889999999999999,2.193205479452055,90.06646575342464,428.4300000000001,892.67,6.9799999999999995,30.353333333333335,0
10015090,花蓮縣,瑞穗鄉,2013,3.8099021917808225,84.680301369863,18.912657534246573,19.880684931506845,9.09,2.282246575342466,90.0328219178082,448.5,672.1199999999999,6.27,29.593333333333334,0
10015090,花蓮縣,瑞穗鄉,2014,3.8691054794520543,82.8491780821918,19.114602739726028,20.177698630136987,11.0,2.149561643835616,90.04780821917808,531.6400000000001,828.9699999999997,5.266666666666667,29.790000000000003,0
10015090,花蓮縣,瑞穗鄉,2015,3.9793805479452056,82.56654794520549,19.609260273972602,20.456904109589043,10.280000000000001,2.268547945205479,90.08728767123287,396.4900000000001,874.37,6.803333333333334,30.333333333333332,0
10015090,花蓮縣,瑞穗鄉,2016,3.8879912568306008,85.82434426229507,19.551803278688528,20.332704918032785,9.870000000000001,2.302841530054645,90.05953551912569,455.4900000000001,913.6499999999997,4.556666666666667,30.53,0
10015090,花蓮縣,瑞穗鄉,2017,3.952169315068493,84.91953424657534,19.425671232876713,20.395589041095892,8.779999999999998,2.254273972602739,90.09739726027397,423.89,834.7599999999998,7.343333333333334,29.209999999999997,0
10015090,花蓮縣,瑞穗鄉,2018,4.065741095890411,83.46076712328765,19.621287671232874,20.678794520547942,9.780000000000001,2.1169589041095893,90.01810958904107,365.6000000000001,847.8699999999998,5.613333333333333,31.393333333333334,0
10015090,花蓮縣,瑞穗鄉,2019,3.9398958904109587,83.73602739726027,19.909753424657534,20.747808219178083,7.719999999999999,2.2300273972602738,90.03128767123287,246.9700000000001,834.5299999999999,9.01,30.183333333333334,0
10015090,花蓮縣,瑞穗鄉,2020,4.058899180327869,82.72448087431694,19.843060109289617,20.828825136612025,8.55,2.218852459016394,90.12103825136613,283.79000000000013,848.55,5.323333333333333,30.69666666666667,0
10015090,花蓮縣,瑞穗鄉,2021,4.281669315068494,81.40958904109588,19.86024657534247,20.915671232876715,11.32,2.146739726027397,90.05589041095891,392.54000000000013,962.03,6.083333333333333,31.846666666666668,0
10015090,花蓮縣,瑞穗鄉,2022,4.087057808219178,82.92627397260274,19.87846575342466,20.95030136986301,9.659999999999998,2.2483561643835617,90.04383561643836,337.2800000000002,913.4199999999998,6.45,31.71666666666667,0
10015090,花蓮縣,瑞穗鄉,2023,4.066307945205479,81.41742465753426,20.153205479452055,21.310410958904104,9.379999999999999,2.290246575342466,90.07967123287672,283.82000000000016,960.2399999999999,6.646666666666667,31.95,0
10015090,花蓮縣,瑞穗鄉,2024,3.984555737704918,80.76461748633879,20.56513661202186,21.597978142076503,10.360000000000001,2.3179234972677594,90.0681693989071,281.4000000000001,1110.44,7.733333333333334,32.11333333333334,0
10015090,花蓮縣,瑞穗鄉,2025,4.086611676646707,84.60087671232877,19.571890410958904,20.471315068493148,9.889999999999999,2.193205479452055,90.06646575342464,428.4300000000001,892.67,6.9799999999999995,30.353333333333335,0
10015100,花蓮縣,富里鄉,2013,3.8099021917808225,83.22358904109589,21.807945205479452,22.7987397260274,6.829999999999998,4.301397260273973,94.71830136986301,77.19000000000007,1357.5899999999997,11.823333333333332,29.936666666666667,0
10015100,花蓮縣,富里鄉,2014,3.8691054794520543,81.90742465753425,21.85254794520548,22.838931506849313,8.48,4.183780821917809,94.74057534246575,146.02000000000007,1442.6999999999998,10.946666666666667,30.823333333333334,0
10015100,花蓮縣,富里鄉,2015,3.9793805479452056,81.47849315068493,22.35158904109589,23.06265753424658,8.169999999999998,4.370273972602741,94.7697808219178,83.65000000000009,1562.4799999999996,11.863333333333335,31.11,0
10015100,花蓮縣,富里鄉,2016,3.8879912568306008,83.92196721311475,22.37046448087432,23.091120218579235,7.779999999999998,4.308469945355191,94.73571038251366,54.23000000000004,1544.0199999999995,10.753333333333332,31.406666666666666,0
10015100,花蓮縣,富里鄉,2017,3.952169315068493,82.77526027397259,22.30268493150685,23.2068493150685,6.739999999999998,4.283178082191781,94.77405479452054,40.88000000000007,1501.8599999999997,12.676666666666668,30.61,0
10015100,花蓮縣,富里鄉,2018,4.065741095890411,81.90572602739725,22.40479452054794,23.392109589041095,7.609999999999999,4.100465753424658,94.6981095890411,60.130000000000024,1558.3799999999994,11.19,32.39666666666667,0
10015100,花蓮縣,富里鄉,2019,3.9398958904109587,82.32394520547946,22.73534246575343,23.44008219178082,6.18,4.403342465753425,94.69501369863013,0.0,1618.8999999999996,14.526666666666666,31.30333333333333,0
10015100,花蓮縣,富里鄉,2020,4.058899180327869,81.77128415300548,22.634043715846992,23.578333333333333,6.879999999999999,4.421338797814208,94.7954644808743,0.0,1586.2599999999993,11.393333333333333,32.306666666666665,0
10015100,花蓮縣,富里鄉,2021,4.281669315068494,80.77545205479453,22.610027397260275,23.56556164383562,8.389999999999997,4.259890410958905,94.72860273972603,63.86000000000007,1637.0199999999995,11.979999999999999,32.13,0
10015100,花蓮縣,富里鄉,2022,4.087057808219178,81.69605479452053,22.700904109589036,23.744575342465755,7.600000000000001,4.280164383561644,94.71479452054795,9.57000000000005,1615.8999999999999,12.906666666666666,32.00666666666667,0
10015100,花蓮縣,富里鄉,2023,4.066307945205479,80.56621917808219,22.893561643835614,23.907561643835617,7.41,4.186356164383562,94.74827397260273,13.020000000000053,1689.6699999999998,11.733333333333334,33.00333333333333,0
10015100,花蓮縣,富里鄉,2024,3.984555737704918,80.58928961748634,23.179125683060107,24.055382513661204,8.02,4.282513661202185,94.73639344262297,16.430000000000145,1802.1899999999998,12.836666666666666,32.73,0
10015100,花蓮縣,富里鄉,2025,4.086611676646707,83.27202739726029,22.398986301369863,23.297780821917815,7.900000000000002,4.18,94.7365205479452,97.0,1593.1299999999999,12.673333333333332,31.656666666666666,0
10015110,花蓮縣,秀林鄉,2013,3.7659084931506848,84.79134246575343,16.775205479452055,17.073178082191784,10.770000000000001,1.6574794520547946,86.95128767123288,909.3700000000001,352.81999999999994,1.5999999999999999,28.37,62
10015110,花蓮縣,秀林鄉,2014,3.8430613698630145,83.63350684931507,16.91676712328767,17.31104109589041,12.850000000000001,1.5065753424657533,86.96783561643836,958.3000000000001,453.4199999999998,0.5166666666666666,28.50666666666667,90
10015110,花蓮縣,秀林鄉,2015,3.919658082191781,83.65953424657535,17.39553424657534,17.66654794520548,11.669999999999998,1.623150684931507,87.01591780821919,750.2200000000003,420.09000000000003,2.4600000000000004,28.666666666666668,0
10015110,花蓮縣,秀林鄉,2016,3.7904614754098365,86.87497267759562,17.391775956284153,17.57863387978142,11.639999999999999,1.6457377049180326,86.98871584699454,840.7300000000002,508.3199999999998,-1.4033333333333335,29.88333333333333,91
10015110,花蓮縣,秀林鄉,2017,3.8297947945205473,85.62208219178082,17.30167123287671,17.623479452054795,10.339999999999998,1.6195068493150686,87.01923287671232,818.5600000000002,454.16999999999985,2.61,28.473333333333333,28
10015110,花蓮縣,秀林鄉,2018,3.9874175342465747,84.47572602739727,17.461178082191783,17.81090410958904,10.889999999999999,1.4777534246575343,86.93994520547945,777.4100000000002,471.2399999999999,1.0066666666666666,29.936666666666667,59
10015110,花蓮縣,秀林鄉,2019,3.826375342465753,85.04457534246575,17.67019178082192,17.92690410958904,8.92,1.6516438356164385,86.97052054794521,610.5600000000002,380.67999999999995,4.583333333333333,27.95,0
10015110,花蓮縣,秀林鄉,2020,3.9260226775956277,83.8541256830601,17.583579234972678,17.926557377049182,9.43,1.6166120218579234,87.0429781420765,715.69,453.4799999999999,-0.85,29.3,92
10015110,花蓮縣,秀林鄉,2021,4.163436986301369,82.53632876712328,17.62934246575342,18.00731506849315,12.53,1.5383835616438355,86.98282191780822,768.3100000000002,523.5199999999998,1.4833333333333334,30.14,59
10015110,花蓮縣,秀林鄉,2022,3.828847671232877,84.21824657534246,17.60717808219178,17.96380821917808,10.919999999999998,1.6194520547945206,86.96969863013697,683.5600000000001,430.67999999999984,1.4533333333333331,30.0,31
10015110,花蓮縣,秀林鄉,2023,3.9763550684931515,81.82473972602739,18.021068493150683,18.48846575342466,11.049999999999999,1.6322465753424658,87.00750684931506,658.3500000000001,556.5399999999998,1.3166666666666667,30.403333333333332,62
10015110,花蓮縣,秀林鄉,2024,3.833393169398907,82.35008196721311,18.366338797814205,18.73890710382514,11.610000000000001,1.618306010928962,87.00398907103826,635.61,659.8899999999999,3.393333333333333,30.173333333333332,31
10015110,花蓮縣,秀林鄉,2025,4.008978143712575,85.57331506849314,17.38715068493151,17.61328767123288,11.549999999999999,1.6406575342465755,86.99345205479452,829.8499999999999,496.6599999999999,2.5433333333333334,27.900000000000002,31
10015120,花蓮縣,萬榮鄉,2013,3.8099021917808225,84.680301369863,18.912657534246573,19.880684931506845,9.09,2.282246575342466,90.0328219178082,448.5,672.1199999999999,6.27,29.593333333333334,0
10015120,花蓮縣,萬榮鄉,2014,3.8691054794520543,82.8491780821918,19.114602739726028,20.177698630136987,11.0,2.149561643835616,90.04780821917808,531.6400000000001,828.9699999999997,5.266666666666667,29.790000000000003,0
10015120,花蓮縣,萬榮鄉,2015,3.9793805479452056,82.56654794520549,19.609260273972602,20.456904109589043,10.280000000000001,2.268547945205479,90.08728767123287,396.4900000000001,874.37,6.803333333333334,30.333333333333332,0
10015120,花蓮縣,萬榮鄉,2016,3.8879912568306008,85.82434426229507,19.551803278688528,20.332704918032785,9.870000000000001,2.302841530054645,90.05953551912569,455.4900000000001,913.6499999999997,4.556666666666667,30.53,0
10015120,花蓮縣,萬榮鄉,2017,3.952169315068493,84.91953424657534,19.425671232876713,20.395589041095892,8.779999999999998,2.254273972602739,90.09739726027397,423.89,834.7599999999998,7.343333333333334,29.209999999999997,0
10015120,花蓮縣,萬榮鄉,2018,4.065741095890411,83.46076712328765,19.621287671232874,20.678794520547942,9.780000000000001,2.1169589041095893,90.01810958904107,365.6000000000001,847.8699999999998,5.613333333333333,31.393333333333334,0
10015120,花蓮縣,萬榮鄉,2019,3.9398958904109587,83.73602739726027,19.909753424657534,20.747808219178083,7.719999999999999,2.2300273972602738,90.03128767123287,246.9700000000001,834.5299999999999,9.01,30.183333333333334,0
10015120,花蓮縣,萬榮鄉,2020,4.058899180327869,82.72448087431694,19.843060109289617,20.828825136612025,8.55,2.218852459016394,90.12103825136613,283.79000000000013,848.55,5.323333333333333,30.69666666666667,0
10015120,花蓮縣,萬榮鄉,2021,4.281669315068494,81.40958904109588,19.86024657534247,20.915671232876715,11.32,2.146739726027397,90.05589041095891,392.54000000000013,962.03,6.083333333333333,31.846666666666668,0
10015120,花蓮縣,萬榮鄉,2022,4.087057808219178,82.92627397260274,19.87846575342466,20.95030136986301,9.659999999999998,2.2483561643835617,90.04383561643836,337.2800000000002,913.4199999999998,6.45,31.71666666666667,0
10015120,花蓮縣,萬榮鄉,2023,4.066307945205479,81.41742465753426,20.153205479452055,21.310410958904104,9.379999999999999,2.290246575342466,90.07967123287672,283.82000000000016,960.2399999999999,6.646666666666667,31.95,0
10015120,花蓮縣,萬榮鄉,2024,3.984555737704918,80.76461748633879,20.56513661202186,21.597978142076503,10.360000000000001,2.3179234972677594,90.0681693989071,281.4000000000001,1110.44,7.733333333333334,32.11333333333334,0
10015120,花蓮縣,萬榮鄉,2025,4.086611676646707,84.60087671232877,19.571890410958904,20.471315068493148,9.889999999999999,2.193205479452055,90.06646575342464,428.4300000000001,892.67,6.9799999999999995,30.353333333333335,0
10015130,花蓮縣,卓溪鄉,2013,3.8099021917808225,84.680301369863,18.912657534246573,19.880684931506845,9.09,2.282246575342466,90.0328219178082,448.5,672.1199999999999,6.27,29.593333333333334,0
10015130,花蓮縣,卓溪鄉,2014,3.8691054794520543,82.8491780821918,19.114602739726028,20.177698630136987,11.0,2.149561643835616,90.04780821917808,531.6400000000001,828.9699999999997,5.266666666666667,29.790000000000003,0
10015130,花蓮縣,卓溪鄉,2015,3.9793805479452056,82.56654794520549,19.609260273972602,20.456904109589043,10.280000000000001,2.268547945205479,90.08728767123287,396.4900000000001,874.37,6.803333333333334,30.333333333333332,0
10015130,花蓮縣,卓溪鄉,2016,3.8879912568306008,85.82434426229507,19.551803278688528,20.332704918032785,9.870000000000001,2.302841530054645,90.05953551912569,455.4900000000001,913.6499999999997,4.556666666666667,30.53,0
10015130,花蓮縣,卓溪鄉,2017,3.952169315068493,84.91953424657534,19.425671232876713,20.395589041095892,8.779999999999998,2.254273972602739,90.09739726027397,423.89,834.7599999999998,7.343333333333334,29.209999999999997,0
10015130,花蓮縣,卓溪鄉,2018,4.065741095890411,83.46076712328765,19.621287671232874,20.678794520547942,9.780000000000001,2.1169589041095893,90.01810958904107,365.6000000000001,847.8699999999998,5.613333333333333,31.393333333333334,0
10015130,花蓮縣,卓溪鄉,2019,3.9398958904109587,83.73602739726027,19.909753424657534,20.747808219178083,7.719999999999999,2.2300273972602738,90.03128767123287,246.9700000000001,834.5299999999999,9.01,30.183333333333334,0
10015130,花蓮縣,卓溪鄉,2020,4.058899180327869,82.72448087431694,19.843060109289617,20.828825136612025,8.55,2.218852459016394,90.12103825136613,283.79000000000013,848.55,5.323333333333333,30.69666666666667,0
10015130,花蓮縣,卓溪鄉,2021,4.281669315068494,81.40958904109588,19.86024657534247,20.915671232876715,11.32,2.146739726027397,90.05589041095891,392.54000000000013,962.03,6.083333333333333,31.846666666666668,0
10015130,花蓮縣,卓溪鄉,2022,4.087057808219178,82.92627397260274,19.87846575342466,20.95030136986301,9.659999999999998,2.2483561643835617,90.04383561643836,337.2800000000002,913.4199999999998,6.45,31.71666666666667,0
10015130,花蓮縣,卓溪鄉,2023,4.066307945205479,81.41742465753426,20.153205479452055,21.310410958904104,9.379999999999999,2.290246575342466,90.07967123287672,283.82000000000016,960.2399999999999,6.646666666666667,31.95,0
10015130,花蓮縣,卓溪鄉,2024,3.984555737704918,80.76461748633879,20.56513661202186,21.597978142076503,10.360000000000001,2.3179234972677594,90.0681693989071,281.4000000000001,1110.44,7.733333333333334,32.11333333333334,0
10015130,花蓮縣,卓溪鄉,2025,4.086611676646707,84.60087671232877,19.571890410958904,20.471315068493148,9.889999999999999,2.193205479452055,90.06646575342464,428.4300000000001,892.67,6.9799999999999995,30.353333333333335,0
10016010,澎湖縣,馬公市,2013,4.212605479452055,84.26942465753424,23.51975342465753,24.579808219178084,8.739999999999998,6.8972054794520545,101.27202739726027,31.31000000000005,1936.5199999999995,14.01,29.340000000000003,0
10016010,澎湖縣,馬公市,2014,4.468684657534247,84.6106301369863,23.566794520547948,24.63430136986301,8.21,6.30041095890411,101.29698630136987,28.48000000000007,1950.8599999999997,13.923333333333332,29.39,0
10016010,澎湖縣,馬公市,2015,4.400397808219178,85.73928767123287,23.74523287671233,24.612191780821913,7.68,6.5874794520547955,101.32701369863014,24.749999999999996,2012.2599999999998,14.153333333333334,29.01,0
10016010,澎湖縣,馬公市,2016,4.121736065573771,86.35636612021858,24.002841530054642,24.96245901639344,8.23,6.618715846994537,101.26560109289618,44.34000000000002,2131.5799999999995,12.9,29.790000000000003,0
10016010,澎湖縣,馬公市,2017,4.3647936986301366,84.68016438356165,24.017150684931508,25.031397260273977,8.010000000000002,6.798821917808218,101.31608219178081,9.240000000000052,2096.0,15.166666666666666,29.596666666666668,0
10016010,澎湖縣,馬公市,2018,4.516305753424657,84.31786301369864,23.892109589041098,24.97142465753425,8.7,6.594876712328768,101.23824657534249,33.03999999999999,2074.16,13.916666666666666,29.03,0
10016010,澎湖縣,馬公市,2019,4.25239205479452,85.49493150684931,24.261123287671232,25.25397260273973,6.52,6.84758904109589,101.24175342465753,0.0,2175.81,16.903333333333332,29.593333333333334,0
10016010,澎湖縣,馬公市,2020,4.500112295081967,84.31775956284154,24.2935519125683,25.32653005464481,7.720000000000002,7.039754098360655,101.33672131147543,0.0,2193.64,13.94,29.72,0
10016010,澎湖縣,馬公市,2021,4.680697808219179,84.89868493150685,24.048684931506845,25.068082191780817,9.049999999999997,6.605013698630136,101.27950684931508,53.63000000000001,2151.9,14.56,29.353333333333335,0
10016010,澎湖縣,馬公市,2022,4.361352876712329,85.3637808219178,23.923424657534245,24.995369863013696,8.620000000000001,7.58758904109589,101.25830136986303,27.440000000000012,2079.99,14.023333333333333,29.796666666666667,0
10016010,澎湖縣,馬公市,2023,4.458282739726028,85.3584109589041,24.034301369863016,24.969068493150687,8.369999999999997,6.852657534246575,101.28512328767123,24.67000000000001,2117.6899999999996,13.633333333333333,29.863333333333333,0
10016010,澎湖縣,馬公市,2024,4.315372677595629,85.86114754098362,24.408661202185797,25.404016393442625,8.05,6.930792349726778,101.26622950819673,0.0,2235.77,14.196666666666667,30.03333333333333,0
10016010,澎湖縣,馬公市,2025,4.556770658682634,84.97695890410958,23.977945205479454,24.975534246575343,9.32,6.896520547945205,101.27260273972603,73.40000000000003,2145.85,14.126666666666667,29.539999999999996,0
10016020,澎湖縣,湖西鄉,2013,4.212605479452055,84.26942465753424,23.51975342465753,24.579808219178084,8.739999999999998,6.8972054794520545,101.27202739726027,31.31000000000005,1936.5199999999995,14.01,29.340000000000003,0
10016020,澎湖縣,湖西鄉,2014,4.468684657534247,84.6106301369863,23.566794520547948,24.63430136986301,8.21,6.30041095890411,101.29698630136987,28.48000000000007,1950.8599999999997,13.923333333333332,29.39,0
10016020,澎湖縣,湖西鄉,2015,4.400397808219178,85.73928767123287,23.74523287671233,24.612191780821913,7.68,6.5874794520547955,101.32701369863014,24.749999999999996,2012.2599999999998,14.153333333333334,29.01,0
10016020,澎湖縣,湖西鄉,2016,4.121736065573771,86.35636612021858,24.002841530054642,24.96245901639344,8.23,6.618715846994537,101.26560109289618,44.34000000000002,2131.5799999999995,12.9,29.790000000000003,0
10016020,澎湖縣,湖西鄉,2017,4.3647936986301366,84.68016438356165,24.017150684931508,25.031397260273977,8.010000000000002,6.798821917808218,101.31608219178081,9.240000000000052,2096.0,15.166666666666666,29.596666666666668,0
10016020,澎湖縣,湖西鄉,2018,4.516305753424657,84.31786301369864,23.892109589041098,24.97142465753425,8.7,6.594876712328768,101.23824657534249,33.03999999999999,2074.16,13.916666666666666,29.03,0
10016020,澎湖縣,湖西鄉,2019,4.25239205479452,85.49493150684931,24.261123287671232,25.25397260273973,6.52,6.84758904109589,101.24175342465753,0.0,2175.81,16.903333333333332,29.593333333333334,0
10016020,澎湖縣,湖西鄉,2020,4.500112295081967,84.31775956284154,24.2935519125683,25.32653005464481,7.720000000000002,7.039754098360655,101.33672131147543,0.0,2193.64,13.94,29.72,0
10016020,澎湖縣,湖西鄉,2021,4.680697808219179,84.89868493150685,24.048684931506845,25.068082191780817,9.049999999999997,6.605013698630136,101.27950684931508,53.63000000000001,2151.9,14.56,29.353333333333335,0
10016020,澎湖縣,湖西鄉,2022,4.361352876712329,85.3637808219178,23.923424657534245,24.995369863013696,8.620000000000001,7.58758904109589,101.25830136986303,27.440000000000012,2079.99,14.023333333333333,29.796666666666667,0
10016020,澎湖縣,湖西鄉,2023,4.458282739726028,85.3584109589041,24.034301369863016,24.969068493150687,8.369999999999997,6.852657534246575,101.28512328767123,24.67000000000001,2117.6899999999996,13.633333333333333,29.863333333333333,0
10016020,澎湖縣,湖西鄉,2024,4.315372677595629,85.86114754098362,24.408661202185797,25.404016393442625,8.05,6.930792349726778,101.26622950819673,0.0,2235.77,14.196666666666667,30.03333333333333,0
10016020,澎湖縣,湖西鄉,2025,4.556770658682634,84.97695890410958,23.977945205479454,24.975534246575343,9.32,6.896520547945205,101.27260273972603,73.40000000000003,2145.85,14.126666666666667,29.539999999999996,0
10016030,澎湖縣,白沙鄉,2013,4.212605479452055,84.26942465753424,23.51975342465753,24.579808219178084,8.739999999999998,6.8972054794520545,101.27202739726027,31.31000000000005,1936.5199999999995,14.01,29.340000000000003,0
10016030,澎湖縣,白沙鄉,2014,4.468684657534247,84.6106301369863,23.566794520547948,24.63430136986301,8.21,6.30041095890411,101.29698630136987,28.48000000000007,1950.8599999999997,13.923333333333332,29.39,0
10016030,澎湖縣,白沙鄉,2015,4.400397808219178,85.73928767123287,23.74523287671233,24.612191780821913,7.68,6.5874794520547955,101.32701369863014,24.749999999999996,2012.2599999999998,14.153333333333334,29.01,0
10016030,澎湖縣,白沙鄉,2016,4.121736065573771,86.35636612021858,24.002841530054642,24.96245901639344,8.23,6.618715846994537,101.26560109289618,44.34000000000002,2131.5799999999995,12.9,29.790000000000003,0
10016030,澎湖縣,白沙鄉,2017,4.3647936986301366,84.68016438356165,24.017150684931508,25.031397260273977,8.010000000000002,6.798821917808218,101.31608219178081,9.240000000000052,2096.0,15.166666666666666,29.596666666666668,0
10016030,澎湖縣,白沙鄉,2018,4.516305753424657,84.31786301369864,23.892109589041098,24.97142465753425,8.7,6.594876712328768,101.23824657534249,33.03999999999999,2074.16,13.916666666666666,29.03,0
10016030,澎湖縣,白沙鄉,2019,4.25239205479452,85.49493150684931,24.261123287671232,25.25397260273973,6.52,6.84758904109589,101.24175342465753,0.0,2175.81,16.903333333333332,29.593333333333334,0
10016030,澎湖縣,白沙鄉,2020,4.500112295081967,84.31775956284154,24.2935519125683,25.32653005464481,7.720000000000002,7.039754098360655,101.33672131147543,0.0,2193.64,13.94,29.72,0
10016030,澎湖縣,白沙鄉,2021,4.680697808219179,84.89868493150685,24.048684931506845,25.068082191780817,9.049999999999997,6.605013698630136,101.27950684931508,53.63000000000001,2151.9,14.56,29.353333333333335,0
10016030,澎湖縣,白沙鄉,2022,4.361352876712329,85.3637808219178,23.923424657534245,24.995369863013696,8.620000000000001,7.58758904109589,101.25830136986303,27.440000000000012,2079.99,14.023333333333333,29.796666666666667,0
10016030,澎湖縣,白沙鄉,2023,4.458282739726028,85.3584109589041,24.034301369863016,24.969068493150687,8.369999999999997,6.852657534246575,101.28512328767123,24.67000000000001,2117.6899999999996,13.633333333333333,29.863333333333333,0
10016030,澎湖縣,白沙鄉,2024,4.315372677595629,85.86114754098362,24.408661202185797,25.404016393442625,8.05,6.930792349726778,101.26622950819673,0.0,2235.77,14.196666666666667,30.03333333333333,0
10016030,澎湖縣,白沙鄉,2025,4.556770658682634,84.97695890410958,23.977945205479454,24.975534246575343,9.32,6.896520547945205,101.27260273972603,73.40000000000003,2145.85,14.126666666666667,29.539999999999996,0
10016040,澎湖縣,西嶼鄉,2013,4.212605479452055,84.26942465753424,23.51975342465753,24.579808219178084,8.739999999999998,6.8972054794520545,101.27202739726027,31.31000000000005,1936.5199999999995,14.01,29.340000000000003,0
10016040,澎湖縣,西嶼鄉,2014,4.468684657534247,84.6106301369863,23.566794520547948,24.63430136986301,8.21,6.30041095890411,101.29698630136987,28.48000000000007,1950.8599999999997,13.923333333333332,29.39,0
10016040,澎湖縣,西嶼鄉,2015,4.400397808219178,85.73928767123287,23.74523287671233,24.612191780821913,7.68,6.5874794520547955,101.32701369863014,24.749999999999996,2012.2599999999998,14.153333333333334,29.01,0
10016040,澎湖縣,西嶼鄉,2016,4.121736065573771,86.35636612021858,24.002841530054642,24.96245901639344,8.23,6.618715846994537,101.26560109289618,44.34000000000002,2131.5799999999995,12.9,29.790000000000003,0
10016040,澎湖縣,西嶼鄉,2017,4.3647936986301366,84.68016438356165,24.017150684931508,25.031397260273977,8.010000000000002,6.798821917808218,101.31608219178081,9.240000000000052,2096.0,15.166666666666666,29.596666666666668,0
10016040,澎湖縣,西嶼鄉,2018,4.516305753424657,84.31786301369864,23.892109589041098,24.97142465753425,8.7,6.594876712328768,101.23824657534249,33.03999999999999,2074.16,13.916666666666666,29.03,0
10016040,澎湖縣,西嶼鄉,2019,4.25239205479452,85.49493150684931,24.261123287671232,25.25397260273973,6.52,6.84758904109589,101.24175342465753,0.0,2175.81,16.903333333333332,29.593333333333334,0
10016040,澎湖縣,西嶼鄉,2020,4.500112295081967,84.31775956284154,24.2935519125683,25.32653005464481,7.720000000000002,7.039754098360655,101.33672131147543,0.0,2193.64,13.94,29.72,0
10016040,澎湖縣,西嶼鄉,2021,4.680697808219179,84.89868493150685,24.048684931506845,25.068082191780817,9.049999999999997,6.605013698630136,101.27950684931508,53.63000000000001,2151.9,14.56,29.353333333333335,0
10016040,澎湖縣,西嶼鄉,2022,4.361352876712329,85.3637808219178,23.923424657534245,24.995369863013696,8.620000000000001,7.58758904109589,101.25830136986303,27.440000000000012,2079.99,14.023333333333333,29.796666666666667,0
10016040,澎湖縣,西嶼鄉,2023,4.458282739726028,85.3584109589041,24.034301369863016,24.969068493150687,8.369999999999997,6.852657534246575,101.28512328767123,24.67000000000001,2117.6899999999996,13.633333333333333,29.863333333333333,0
10016040,澎湖縣,西嶼鄉,2024,4.315372677595629,85.86114754098362,24.408661202185797,25.404016393442625,8.05,6.930792349726778,101.26622950819673,0.0,2235.77,14.196666666666667,30.03333333333333,0
10016040,澎湖縣,西嶼鄉,2025,4.556770658682634,84.97695890410958,23.977945205479454,24.975534246575343,9.32,6.896520547945205,101.27260273972603,73.40000000000003,2145.85,14.126666666666667,29.539999999999996,0
10016050,澎湖縣,望安鄉,2013,4.212605479452055,84.26942465753424,23.51975342465753,24.579808219178084,8.739999999999998,6.8972054794520545,101.27202739726027,31.31000000000005,1936.5199999999995,14.01,29.340000000000003,0
10016050,澎湖縣,望安鄉,2014,4.468684657534247,84.6106301369863,23.566794520547948,24.63430136986301,8.21,6.30041095890411,101.29698630136987,28.48000000000007,1950.8599999999997,13.923333333333332,29.39,0
10016050,澎湖縣,望安鄉,2015,4.400397808219178,85.73928767123287,23.74523287671233,24.612191780821913,7.68,6.5874794520547955,101.32701369863014,24.749999999999996,2012.2599999999998,14.153333333333334,29.01,0
10016050,澎湖縣,望安鄉,2016,4.121736065573771,86.35636612021858,24.002841530054642,24.96245901639344,8.23,6.618715846994537,101.26560109289618,44.34000000000002,2131.5799999999995,12.9,29.790000000000003,0
10016050,澎湖縣,望安鄉,2017,4.3647936986301366,84.68016438356165,24.017150684931508,25.031397260273977,8.010000000000002,6.798821917808218,101.31608219178081,9.240000000000052,2096.0,15.166666666666666,29.596666666666668,0
10016050,澎湖縣,望安鄉,2018,4.516305753424657,84.31786301369864,23.892109589041098,24.97142465753425,8.7,6.594876712328768,101.23824657534249,33.03999999999999,2074.16,13.916666666666666,29.03,0
10016050,澎湖縣,望安鄉,2019,4.25239205479452,85.49493150684931,24.261123287671232,25.25397260273973,6.52,6.84758904109589,101.24175342465753,0.0,2175.81,16.903333333333332,29.593333333333334,0
10016050,澎湖縣,望安鄉,2020,4.500112295081967,84.31775956284154,24.2935519125683,25.32653005464481,7.720000000000002,7.039754098360655,101.33672131147543,0.0,2193.64,13.94,29.72,0
10016050,澎湖縣,望安鄉,2021,4.680697808219179,84.89868493150685,24.048684931506845,25.068082191780817,9.049999999999997,6.605013698630136,101.27950684931508,53.63000000000001,2151.9,14.56,29.353333333333335,0
10016050,澎湖縣,望安鄉,2022,4.361352876712329,85.3637808219178,23.923424657534245,24.995369863013696,8.620000000000001,7.58758904109589,101.25830136986303,27.440000000000012,2079.99,14.023333333333333,29.796666666666667,0
10016050,澎湖縣,望安鄉,2023,4.458282739726028,85.3584109589041,24.034301369863016,24.969068493150687,8.369999999999997,6.852657534246575,101.28512328767123,24.67000000000001,2117.6899999999996,13.633333333333333,29.863333333333333,0
10016050,澎湖縣,望安鄉,2024,4.315372677595629,85.86114754098362,24.408661202185797,25.404016393442625,8.05,6.930792349726778,101.26622950819673,0.0,2235.77,14.196666666666667,30.03333333333333,0
10016050,澎湖縣,望安鄉,2025,4.556770658682634,84.97695890410958,23.977945205479454,24.975534246575343,9.32,6.896520547945205,101.27260273972603,73.40000000000003,2145.85,14.126666666666667,29.539999999999996,0
10016060,澎湖縣,七美鄉,2013,4.212605479452055,82.94635616438356,24.299589041095892,25.43734246575342,7.079999999999998,6.347972602739727,101.25802739726028,0.0,2189.8499999999995,15.583333333333334,29.583333333333332,0
10016060,澎湖縣,七美鄉,2014,4.468684657534247,83.00435616438357,24.332547945205484,25.50542465753425,7.059999999999999,5.805698630136986,101.28545205479453,0.0,2201.8799999999997,15.273333333333332,29.786666666666665,0
10016060,澎湖縣,七美鄉,2015,4.400397808219178,84.17657534246575,24.551178082191782,25.50767123287671,7.16,6.0607123287671225,101.32131506849315,0.0,2281.6799999999994,15.666666666666666,29.813333333333333,0
10016060,澎湖縣,七美鄉,2016,4.121736065573771,84.96707650273224,24.76882513661202,25.810491803278687,7.02,6.129207650273224,101.25562841530056,0.0,2367.5899999999992,14.183333333333332,30.096666666666668,0
10016060,澎湖縣,七美鄉,2017,4.3647936986301366,83.49317808219179,24.770520547945203,25.857835616438354,7.050000000000001,6.206767123287672,101.30287671232878,0.0,2361.7399999999993,16.486666666666668,29.99,0
10016060,澎湖縣,七美鄉,2018,4.516305753424657,83.27449315068493,24.564657534246578,25.721068493150685,7.349999999999998,6.010082191780823,101.2251506849315,0.0,2286.6,15.383333333333333,29.570000000000004,0
10016060,澎湖縣,七美鄉,2019,4.25239205479452,84.27701369863014,25.001041095890415,26.065095890410955,5.739999999999998,6.193780821917808,101.23271232876714,0.0,2445.879999999999,18.486666666666668,29.84,0
10016060,澎湖縣,七美鄉,2020,4.500112295081967,82.92693989071037,25.0631693989071,26.16415300546448,7.040000000000003,6.386092896174863,101.32426229508197,0.0,2475.3199999999997,15.286666666666667,30.176666666666666,0
10016060,澎湖縣,七美鄉,2021,4.680697808219179,83.28498630136987,24.798876712328763,25.935643835616442,7.669999999999998,6.014739726027398,101.26876712328769,7.75,2379.8399999999997,15.969999999999999,29.80666666666667,0
10016060,澎湖縣,七美鄉,2022,4.361352876712329,84.22394520547945,24.754465753424654,25.927863013698627,7.130000000000003,6.838575342465753,101.2384109589041,0.0,2355.88,15.686666666666667,30.063333333333333,0
10016060,澎湖縣,七美鄉,2023,4.458282739726028,84.31024657534248,24.779479452054794,25.811232876712328,7.030000000000001,6.316356164383563,101.27191780821917,0.0,2365.0099999999998,15.243333333333334,29.983333333333334,0
10016060,澎湖縣,七美鄉,2024,4.315372677595629,84.71355191256829,25.174672131147542,26.22710382513661,7.009999999999998,6.379262295081967,101.25289617486338,0.0,2516.1299999999997,15.776666666666666,30.423333333333332,0
10016060,澎湖縣,七美鄉,2025,4.556770658682634,84.10369863013699,24.683726027397263,25.81545205479452,7.73,6.327808219178082,101.25945205479451,0.8400000000000318,2330.8999999999996,15.543333333333331,29.866666666666664,0
10017010,基隆市,中正區,2013,3.6402991780821923,82.94372602739726,22.790931506849315,23.76158904109589,9.310000000000002,5.5551232876712335,100.18435616438359,81.22000000000003,1720.4099999999994,11.44,31.400000000000002,0
10017010,基隆市,中正區,2014,3.770857808219178,81.98052054794522,22.841260273972605,23.811013698630138,9.79,5.142301369863015,100.20800000000001,121.71999999999997,1779.2800000000002,10.656666666666666,31.573333333333334,0
10017010,基隆市,中正區,2015,3.6822969863013704,83.70978082191782,23.099342465753427,23.928301369863014,9.399999999999999,5.028821917808219,100.225698630137,75.86000000000008,1827.6199999999994,11.729999999999999,31.426666666666666,0
10017010,基隆市,中正區,2016,3.6687904371584694,84.889043715847,23.35016393442623,24.203661202185796,10.18,5.223551912568306,100.18576502732238,103.04000000000002,1951.4000000000003,9.229999999999999,31.643333333333334,0
10017010,基隆市,中正區,2017,3.775852054794521,83.10449315068493,23.326356164383558,24.265068493150686,8.990000000000002,5.282383561643836,100.24054794520549,24.079999999999984,1858.7,12.373333333333335,31.773333333333337,0
10017010,基隆市,中正區,2018,3.990993150684931,82.80358904109589,23.294931506849313,24.263287671232877,9.739999999999998,5.374164383561643,100.15254794520548,80.4500000000001,1903.5999999999997,11.536666666666667,31.74666666666667,0
10017010,基隆市,中正區,2019,3.712860821917808,83.70024657534246,23.459397260273967,24.31586301369863,8.05,5.170712328767124,100.15438356164383,0.0,1883.1799999999998,14.43,31.843333333333334,0
10017010,基隆市,中正區,2020,3.7910860655737704,82.72655737704919,23.514016393442624,24.415573770491804,9.330000000000002,5.245,100.25428961748632,9.920000000000009,1918.2499999999998,10.33,31.863333333333333,0
10017010,基隆市,中正區,2021,4.064644657534247,81.97679452054794,23.626684931506848,24.536849315068494,9.600000000000001,5.134575342465753,100.18136986301369,62.930000000000035,2007.17,11.969999999999999,32.42666666666667,0
10017010,基隆市,中正區,2022,3.5752767123287668,83.154301369863,23.50476712328767,24.47717808219178,9.850000000000001,5.513315068493151,100.17608219178081,43.01000000000003,1942.75,11.616666666666667,32.516666666666666,0
10017010,基隆市,中正區,2023,3.906078356164384,81.42060273972604,23.735561643835617,24.567205479452053,9.760000000000002,5.193835616438356,100.20547945205482,20.460000000000004,2004.4399999999998,11.569999999999999,33.10666666666667,0
10017010,基隆市,中正區,2024,3.7497833333333337,82.62128415300546,23.934344262295085,24.73303278688525,10.009999999999998,5.004644808743169,100.17546448087433,21.39000000000004,2083.5599999999995,11.79,32.38666666666666,0
10017010,基隆市,中正區,2025,4.213502994011975,82.86284931506847,23.726739726027397,24.493452054794517,9.950000000000003,5.26786301369863,100.18008219178081,79.77000000000005,2060.53,11.973333333333334,31.513333333333335,0
10017020,基隆市,七堵區,2013,3.6402991780821923,82.94372602739726,22.790931506849315,23.76158904109589,9.310000000000002,5.5551232876712335,100.18435616438359,81.22000000000003,1720.4099999999994,11.44,31.400000000000002,0
10017020,基隆市,七堵區,2014,3.770857808219178,81.98052054794522,22.841260273972605,23.811013698630138,9.79,5.142301369863015,100.20800000000001,121.71999999999997,1779.2800000000002,10.656666666666666,31.573333333333334,0
10017020,基隆市,七堵區,2015,3.6822969863013704,83.70978082191782,23.099342465753427,23.928301369863014,9.399999999999999,5.028821917808219,100.225698630137,75.86000000000008,1827.6199999999994,11.729999999999999,31.426666666666666,0
10017020,基隆市,七堵區,2016,3.6687904371584694,84.889043715847,23.35016393442623,24.203661202185796,10.18,5.223551912568306,100.18576502732238,103.04000000000002,1951.4000000000003,9.229999999999999,31.643333333333334,0
10017020,基隆市,七堵區,2017,3.775852054794521,83.10449315068493,23.326356164383558,24.265068493150686,8.990000000000002,5.282383561643836,100.24054794520549,24.079999999999984,1858.7,12.373333333333335,31.773333333333337,0
10017020,基隆市,七堵區,2018,3.990993150684931,82.80358904109589,23.294931506849313,24.263287671232877,9.739999999999998,5.374164383561643,100.15254794520548,80.4500000000001,1903.5999999999997,11.536666666666667,31.74666666666667,0
10017020,基隆市,七堵區,2019,3.712860821917808,83.70024657534246,23.459397260273967,24.31586301369863,8.05,5.170712328767124,100.15438356164383,0.0,1883.1799999999998,14.43,31.843333333333334,0
10017020,基隆市,七堵區,2020,3.7910860655737704,82.72655737704919,23.514016393442624,24.415573770491804,9.330000000000002,5.245,100.25428961748632,9.920000000000009,1918.2499999999998,10.33,31.863333333333333,0
10017020,基隆市,七堵區,2021,4.064644657534247,81.97679452054794,23.626684931506848,24.536849315068494,9.600000000000001,5.134575342465753,100.18136986301369,62.930000000000035,2007.17,11.969999999999999,32.42666666666667,0
10017020,基隆市,七堵區,2022,3.5752767123287668,83.154301369863,23.50476712328767,24.47717808219178,9.850000000000001,5.513315068493151,100.17608219178081,43.01000000000003,1942.75,11.616666666666667,32.516666666666666,0
10017020,基隆市,七堵區,2023,3.906078356164384,81.42060273972604,23.735561643835617,24.567205479452053,9.760000000000002,5.193835616438356,100.20547945205482,20.460000000000004,2004.4399999999998,11.569999999999999,33.10666666666667,0
10017020,基隆市,七堵區,2024,3.7497833333333337,82.62128415300546,23.934344262295085,24.73303278688525,10.009999999999998,5.004644808743169,100.17546448087433,21.39000000000004,2083.5599999999995,11.79,32.38666666666666,0
10017020,基隆市,七堵區,2025,4.213502994011975,82.86284931506847,23.726739726027397,24.493452054794517,9.950000000000003,5.26786301369863,100.18008219178081,79.77000000000005,2060.53,11.973333333333334,31.513333333333335,0
10017030,基隆市,暖暖區,2013,3.6402991780821923,82.94372602739726,22.790931506849315,23.76158904109589,9.310000000000002,5.5551232876712335,100.18435616438359,81.22000000000003,1720.4099999999994,11.44,31.400000000000002,0
10017030,基隆市,暖暖區,2014,3.770857808219178,81.98052054794522,22.841260273972605,23.811013698630138,9.79,5.142301369863015,100.20800000000001,121.71999999999997,1779.2800000000002,10.656666666666666,31.573333333333334,0
10017030,基隆市,暖暖區,2015,3.6822969863013704,83.70978082191782,23.099342465753427,23.928301369863014,9.399999999999999,5.028821917808219,100.225698630137,75.86000000000008,1827.6199999999994,11.729999999999999,31.426666666666666,0
10017030,基隆市,暖暖區,2016,3.6687904371584694,84.889043715847,23.35016393442623,24.203661202185796,10.18,5.223551912568306,100.18576502732238,103.04000000000002,1951.4000000000003,9.229999999999999,31.643333333333334,0
10017030,基隆市,暖暖區,2017,3.775852054794521,83.10449315068493,23.326356164383558,24.265068493150686,8.990000000000002,5.282383561643836,100.24054794520549,24.079999999999984,1858.7,12.373333333333335,31.773333333333337,0
10017030,基隆市,暖暖區,2018,3.990993150684931,82.80358904109589,23.294931506849313,24.263287671232877,9.739999999999998,5.374164383561643,100.15254794520548,80.4500000000001,1903.5999999999997,11.536666666666667,31.74666666666667,0
10017030,基隆市,暖暖區,2019,3.712860821917808,83.70024657534246,23.459397260273967,24.31586301369863,8.05,5.170712328767124,100.15438356164383,0.0,1883.1799999999998,14.43,31.843333333333334,0
10017030,基隆市,暖暖區,2020,3.7910860655737704,82.72655737704919,23.514016393442624,24.415573770491804,9.330000000000002,5.245,100.25428961748632,9.920000000000009,1918.2499999999998,10.33,31.863333333333333,0
10017030,基隆市,暖暖區,2021,4.064644657534247,81.97679452054794,23.626684931506848,24.536849315068494,9.600000000000001,5.134575342465753,100.18136986301369,62.930000000000035,2007.17,11.969999999999999,32.42666666666667,0
10017030,基隆市,暖暖區,2022,3.5752767123287668,83.154301369863,23.50476712328767,24.47717808219178,9.850000000000001,5.513315068493151,100.17608219178081,43.01000000000003,1942.75,11.616666666666667,32.516666666666666,0
10017030,基隆市,暖暖區,2023,3.906078356164384,81.42060273972604,23.735561643835617,24.567205479452053,9.760000000000002,5.193835616438356,100.20547945205482,20.460000000000004,2004.4399999999998,11.569999999999999,33.10666666666667,0
10017030,基隆市,暖暖區,2024,3.7497833333333337,82.62128415300546,23.934344262295085,24.73303278688525,10.009999999999998,5.004644808743169,100.17546448087433,21.39000000000004,2083.5599999999995,11.79,32.38666666666666,0
10017030,基隆市,暖暖區,2025,4.213502994011975,82.86284931506847,23.726739726027397,24.493452054794517,9.950000000000003,5.26786301369863,100.18008219178081,79.77000000000005,2060.53,11.973333333333334,31.513333333333335,0
10017040,基隆市,仁愛區,2013,3.6402991780821923,82.94372602739726,22.790931506849315,23.76158904109589,9.310000000000002,5.5551232876712335,100.18435616438359,81.22000000000003,1720.4099999999994,11.44,31.400000000000002,0
10017040,基隆市,仁愛區,2014,3.770857808219178,81.98052054794522,22.841260273972605,23.811013698630138,9.79,5.142301369863015,100.20800000000001,121.71999999999997,1779.2800000000002,10.656666666666666,31.573333333333334,0
10017040,基隆市,仁愛區,2015,3.6822969863013704,83.70978082191782,23.099342465753427,23.928301369863014,9.399999999999999,5.028821917808219,100.225698630137,75.86000000000008,1827.6199999999994,11.729999999999999,31.426666666666666,0
10017040,基隆市,仁愛區,2016,3.6687904371584694,84.889043715847,23.35016393442623,24.203661202185796,10.18,5.223551912568306,100.18576502732238,103.04000000000002,1951.4000000000003,9.229999999999999,31.643333333333334,0
10017040,基隆市,仁愛區,2017,3.775852054794521,83.10449315068493,23.326356164383558,24.265068493150686,8.990000000000002,5.282383561643836,100.24054794520549,24.079999999999984,1858.7,12.373333333333335,31.773333333333337,0
10017040,基隆市,仁愛區,2018,3.990993150684931,82.80358904109589,23.294931506849313,24.263287671232877,9.739999999999998,5.374164383561643,100.15254794520548,80.4500000000001,1903.5999999999997,11.536666666666667,31.74666666666667,0
10017040,基隆市,仁愛區,2019,3.712860821917808,83.70024657534246,23.459397260273967,24.31586301369863,8.05,5.170712328767124,100.15438356164383,0.0,1883.1799999999998,14.43,31.843333333333334,0
10017040,基隆市,仁愛區,2020,3.7910860655737704,82.72655737704919,23.514016393442624,24.415573770491804,9.330000000000002,5.245,100.25428961748632,9.920000000000009,1918.2499999999998,10.33,31.863333333333333,0
10017040,基隆市,仁愛區,2021,4.064644657534247,81.97679452054794,23.626684931506848,24.536849315068494,9.600000000000001,5.134575342465753,100.18136986301369,62.930000000000035,2007.17,11.969999999999999,32.42666666666667,0
10017040,基隆市,仁愛區,2022,3.5752767123287668,83.154301369863,23.50476712328767,24.47717808219178,9.850000000000001,5.513315068493151,100.17608219178081,43.01000000000003,1942.75,11.616666666666667,32.516666666666666,0
10017040,基隆市,仁愛區,2023,3.906078356164384,81.42060273972604,23.735561643835617,24.567205479452053,9.760000000000002,5.193835616438356,100.20547945205482,20.460000000000004,2004.4399999999998,11.569999999999999,33.10666666666667,0
10017040,基隆市,仁愛區,2024,3.7497833333333337,82.62128415300546,23.934344262295085,24.73303278688525,10.009999999999998,5.004644808743169,100.17546448087433,21.39000000000004,2083.5599999999995,11.79,32.38666666666666,0
10017040,基隆市,仁愛區,2025,4.213502994011975,82.86284931506847,23.726739726027397,24.493452054794517,9.950000000000003,5.26786301369863,100.18008219178081,79.77000000000005,2060.53,11.973333333333334,31.513333333333335,0
10017050,基隆市,中山區,2013,3.6402991780821923,82.94372602739726,22.790931506849315,23.76158904109589,9.310000000000002,5.5551232876712335,100.18435616438359,81.22000000000003,1720.4099999999994,11.44,31.400000000000002,0
10017050,基隆市,中山區,2014,3.770857808219178,81.98052054794522,22.841260273972605,23.811013698630138,9.79,5.142301369863015,100.20800000000001,121.71999999999997,1779.2800000000002,10.656666666666666,31.573333333333334,0
10017050,基隆市,中山區,2015,3.6822969863013704,83.70978082191782,23.099342465753427,23.928301369863014,9.399999999999999,5.028821917808219,100.225698630137,75.86000000000008,1827.6199999999994,11.729999999999999,31.426666666666666,0
10017050,基隆市,中山區,2016,3.6687904371584694,84.889043715847,23.35016393442623,24.203661202185796,10.18,5.223551912568306,100.18576502732238,103.04000000000002,1951.4000000000003,9.229999999999999,31.643333333333334,0
10017050,基隆市,中山區,2017,3.775852054794521,83.10449315068493,23.326356164383558,24.265068493150686,8.990000000000002,5.282383561643836,100.24054794520549,24.079999999999984,1858.7,12.373333333333335,31.773333333333337,0
10017050,基隆市,中山區,2018,3.990993150684931,82.80358904109589,23.294931506849313,24.263287671232877,9.739999999999998,5.374164383561643,100.15254794520548,80.4500000000001,1903.5999999999997,11.536666666666667,31.74666666666667,0
10017050,基隆市,中山區,2019,3.712860821917808,83.70024657534246,23.459397260273967,24.31586301369863,8.05,5.170712328767124,100.15438356164383,0.0,1883.1799999999998,14.43,31.843333333333334,0
10017050,基隆市,中山區,2020,3.7910860655737704,82.72655737704919,23.514016393442624,24.415573770491804,9.330000000000002,5.245,100.25428961748632,9.920000000000009,1918.2499999999998,10.33,31.863333333333333,0
10017050,基隆市,中山區,2021,4.064644657534247,81.97679452054794,23.626684931506848,24.536849315068494,9.600000000000001,5.134575342465753,100.18136986301369,62.930000000000035,2007.17,11.969999999999999,32.42666666666667,0
10017050,基隆市,中山區,2022,3.5752767123287668,83.154301369863,23.50476712328767,24.47717808219178,9.850000000000001,5.513315068493151,100.17608219178081,43.01000000000003,1942.75,11.616666666666667,32.516666666666666,0
10017050,基隆市,中山區,2023,3.906078356164384,81.42060273972604,23.735561643835617,24.567205479452053,9.760000000000002,5.193835616438356,100.20547945205482,20.460000000000004,2004.4399999999998,11.569999999999999,33.10666666666667,0
10017050,基隆市,中山區,2024,3.7497833333333337,82.62128415300546,23.934344262295085,24.73303278688525,10.009999999999998,5.004644808743169,100.17546448087433,21.39000000000004,2083.5599999999995,11.79,32.38666666666666,0
10017050,基隆市,中山區,2025,4.213502994011975,82.86284931506847,23.726739726027397,24.493452054794517,9.950000000000003,5.26786301369863,100.18008219178081,79.77000000000005,2060.53,11.973333333333334,31.513333333333335,0
10017060,基隆市,安樂區,2013,3.6402991780821923,82.94372602739726,22.790931506849315,23.76158904109589,9.310000000000002,5.5551232876712335,100.18435616438359,81.22000000000003,1720.4099999999994,11.44,31.400000000000002,0
10017060,基隆市,安樂區,2014,3.770857808219178,81.98052054794522,22.841260273972605,23.811013698630138,9.79,5.142301369863015,100.20800000000001,121.71999999999997,1779.2800000000002,10.656666666666666,31.573333333333334,0
10017060,基隆市,安樂區,2015,3.6822969863013704,83.70978082191782,23.099342465753427,23.928301369863014,9.399999999999999,5.028821917808219,100.225698630137,75.86000000000008,1827.6199999999994,11.729999999999999,31.426666666666666,0
10017060,基隆市,安樂區,2016,3.6687904371584694,84.889043715847,23.35016393442623,24.203661202185796,10.18,5.223551912568306,100.18576502732238,103.04000000000002,1951.4000000000003,9.229999999999999,31.643333333333334,0
10017060,基隆市,安樂區,2017,3.775852054794521,83.10449315068493,23.326356164383558,24.265068493150686,8.990000000000002,5.282383561643836,100.24054794520549,24.079999999999984,1858.7,12.373333333333335,31.773333333333337,0
10017060,基隆市,安樂區,2018,3.990993150684931,82.80358904109589,23.294931506849313,24.263287671232877,9.739999999999998,5.374164383561643,100.15254794520548,80.4500000000001,1903.5999999999997,11.536666666666667,31.74666666666667,0
10017060,基隆市,安樂區,2019,3.712860821917808,83.70024657534246,23.459397260273967,24.31586301369863,8.05,5.170712328767124,100.15438356164383,0.0,1883.1799999999998,14.43,31.843333333333334,0
10017060,基隆市,安樂區,2020,3.7910860655737704,82.72655737704919,23.514016393442624,24.415573770491804,9.330000000000002,5.245,100.25428961748632,9.920000000000009,1918.2499999999998,10.33,31.863333333333333,0
10017060,基隆市,安樂區,2021,4.064644657534247,81.97679452054794,23.626684931506848,24.536849315068494,9.600000000000001,5.134575342465753,100.18136986301369,62.930000000000035,2007.17,11.969999999999999,32.42666666666667,0
10017060,基隆市,安樂區,2022,3.5752767123287668,83.154301369863,23.50476712328767,24.47717808219178,9.850000000000001,5.513315068493151,100.17608219178081,43.01000000000003,1942.75,11.616666666666667,32.516666666666666,0
10017060,基隆市,安樂區,2023,3.906078356164384,81.42060273972604,23.735561643835617,24.567205479452053,9.760000000000002,5.193835616438356,100.20547945205482,20.460000000000004,2004.4399999999998,11.569999999999999,33.10666666666667,0
10017060,基隆市,安樂區,2024,3.7497833333333337,82.62128415300546,23.934344262295085,24.73303278688525,10.009999999999998,5.004644808743169,100.17546448087433,21.39000000000004,2083.5599999999995,11.79,32.38666666666666,0
10017060,基隆市,安樂區,2025,4.213502994011975,82.86284931506847,23.726739726027397,24.493452054794517,9.950000000000003,5.26786301369863,100.18008219178081,79.77000000000005,2060.53,11.973333333333334,31.513333333333335,0
10017070,基隆市,信義區,2013,3.6402991780821923,82.94372602739726,22.790931506849315,23.76158904109589,9.310000000000002,5.5551232876712335,100.18435616438359,81.22000000000003,1720.4099999999994,11.44,31.400000000000002,0
10017070,基隆市,信義區,2014,3.770857808219178,81.98052054794522,22.841260273972605,23.811013698630138,9.79,5.142301369863015,100.20800000000001,121.71999999999997,1779.2800000000002,10.656666666666666,31.573333333333334,0
10017070,基隆市,信義區,2015,3.6822969863013704,83.70978082191782,23.099342465753427,23.928301369863014,9.399999999999999,5.028821917808219,100.225698630137,75.86000000000008,1827.6199999999994,11.729999999999999,31.426666666666666,0
10017070,基隆市,信義區,2016,3.6687904371584694,84.889043715847,23.35016393442623,24.203661202185796,10.18,5.223551912568306,100.18576502732238,103.04000000000002,1951.4000000000003,9.229999999999999,31.643333333333334,0
10017070,基隆市,信義區,2017,3.775852054794521,83.10449315068493,23.326356164383558,24.265068493150686,8.990000000000002,5.282383561643836,100.24054794520549,24.079999999999984,1858.7,12.373333333333335,31.773333333333337,0
10017070,基隆市,信義區,2018,3.990993150684931,82.80358904109589,23.294931506849313,24.263287671232877,9.739999999999998,5.374164383561643,100.15254794520548,80.4500000000001,1903.5999999999997,11.536666666666667,31.74666666666667,0
10017070,基隆市,信義區,2019,3.712860821917808,83.70024657534246,23.459397260273967,24.31586301369863,8.05,5.170712328767124,100.15438356164383,0.0,1883.1799999999998,14.43,31.843333333333334,0
10017070,基隆市,信義區,2020,3.7910860655737704,82.72655737704919,23.514016393442624,24.415573770491804,9.330000000000002,5.245,100.25428961748632,9.920000000000009,1918.2499999999998,10.33,31.863333333333333,0
10017070,基隆市,信義區,2021,4.064644657534247,81.97679452054794,23.626684931506848,24.536849315068494,9.600000000000001,5.134575342465753,100.18136986301369,62.930000000000035,2007.17,11.969999999999999,32.42666666666667,0
10017070,基隆市,信義區,2022,3.5752767123287668,83.154301369863,23.50476712328767,24.47717808219178,9.850000000000001,5.513315068493151,100.17608219178081,43.01000000000003,1942.75,11.616666666666667,32.516666666666666,0
10017070,基隆市,信義區,2023,3.906078356164384,81.42060273972604,23.735561643835617,24.567205479452053,9.760000000000002,5.193835616438356,100.20547945205482,20.460000000000004,2004.4399999999998,11.569999999999999,33.10666666666667,0
10017070,基隆市,信義區,2024,3.7497833333333337,82.62128415300546,23.934344262295085,24.73303278688525,10.009999999999998,5.004644808743169,100.17546448087433,21.39000000000004,2083.5599999999995,11.79,32.38666666666666,0
10017070,基隆市,信義區,2025,4.213502994011975,82.86284931506847,23.726739726027397,24.493452054794517,9.950000000000003,5.26786301369863,100.18008219178081,79.77000000000005,2060.53,11.973333333333334,31.513333333333335,0
10018010,新竹市,東區,2013,4.009451780821918,84.34767123287672,21.20687671232877,21.507616438356163,12.930000000000001,4.877068493150685,98.75956164383561,327.97000000000014,1388.9799999999996,7.706666666666667,31.73333333333333,0
10018010,新竹市,東區,2014,4.184105479452055,83.20460273972603,21.357917808219177,21.70430136986301,13.760000000000002,4.534465753424658,98.77715068493151,400.63000000000005,1516.7699999999998,7.236666666666667,31.97,0
10018010,新竹市,東區,2015,4.192817260273972,83.90687671232877,21.729616438356164,22.02797260273973,12.919999999999998,4.829424657534247,98.79912328767124,282.6600000000001,1534.4699999999998,7.9799999999999995,31.92,0
10018010,新竹市,東區,2016,4.048986612021858,86.26136612021857,21.80743169398907,22.019672131147544,14.330000000000002,4.632950819672131,98.76065573770492,370.71000000000004,1654.4299999999996,5.3999999999999995,32.09,0
10018010,新竹市,東區,2017,4.27434191780822,84.56484931506851,21.783698630136985,22.102219178082194,12.780000000000001,4.831232876712329,98.81468493150685,312.3600000000002,1583.9099999999996,8.62,32.21,0
10018010,新竹市,東區,2018,4.392830136986301,84.44671232876713,21.743178082191783,22.111753424657536,13.31,4.726657534246576,98.72835616438354,269.60000000000014,1526.3599999999994,7.603333333333334,32.339999999999996,0
10018010,新竹市,東區,2019,4.1412726027397255,85.27024657534247,21.939342465753427,22.227013698630135,11.34,4.971095890410959,98.73764383561644,162.19000000000005,1490.55,10.94,31.316666666666666,0
10018010,新竹市,東區,2020,4.36221174863388,83.63368852459016,22.00185792349727,22.34811475409836,12.23,4.901584699453552,98.8343989071038,208.25000000000003,1563.1299999999999,6.47,32.519999999999996,0
10018010,新竹市,東區,2021,4.52884301369863,83.66668493150685,22.03630136986301,22.300684931506847,13.910000000000002,4.7984109589041095,98.76065753424659,262.1800000000001,1625.9299999999996,8.08,32.849999999999994,0
10018010,新竹市,東區,2022,4.2272967123287675,85.06613698630137,21.808657534246574,22.120438356164385,13.5,5.049287671232876,98.76928767123287,288.5400000000001,1569.1999999999996,8.393333333333333,33.58333333333333,0
10018010,新竹市,東區,2023,4.319684931506848,82.00008219178083,22.295999999999996,22.639753424657535,14.3,4.794657534246576,98.78309589041096,247.00000000000017,1705.5399999999997,7.16,34.19,0
10018010,新竹市,東區,2024,4.189450000000001,83.49806010928963,22.484071038251365,22.851775956284154,13.04,4.646284153005465,98.7587431693989,249.25000000000003,1780.6199999999997,8.27,32.53333333333333,0
10018010,新竹市,東區,2025,4.469936826347306,84.13117808219178,22.112794520547947,22.304356164383563,13.240000000000002,4.747315068493151,98.75687671232878,302.6600000000001,1694.33,8.103333333333333,32.48666666666667,0
10018020,新竹市,北區,2013,4.009451780821918,84.34767123287672,21.20687671232877,21.507616438356163,12.930000000000001,4.877068493150685,98.75956164383561,327.97000000000014,1388.9799999999996,7.706666666666667,31.73333333333333,0
10018020,新竹市,北區,2014,4.184105479452055,83.20460273972603,21.357917808219177,21.70430136986301,13.760000000000002,4.534465753424658,98.77715068493151,400.63000000000005,1516.7699999999998,7.236666666666667,31.97,0
10018020,新竹市,北區,2015,4.192817260273972,83.90687671232877,21.729616438356164,22.02797260273973,12.919999999999998,4.829424657534247,98.79912328767124,282.6600000000001,1534.4699999999998,7.9799999999999995,31.92,0
10018020,新竹市,北區,2016,4.048986612021858,86.26136612021857,21.80743169398907,22.019672131147544,14.330000000000002,4.632950819672131,98.76065573770492,370.71000000000004,1654.4299999999996,5.3999999999999995,32.09,0
10018020,新竹市,北區,2017,4.27434191780822,84.56484931506851,21.783698630136985,22.102219178082194,12.780000000000001,4.831232876712329,98.81468493150685,312.3600000000002,1583.9099999999996,8.62,32.21,0
10018020,新竹市,北區,2018,4.392830136986301,84.44671232876713,21.743178082191783,22.111753424657536,13.31,4.726657534246576,98.72835616438354,269.60000000000014,1526.3599999999994,7.603333333333334,32.339999999999996,0
10018020,新竹市,北區,2019,4.1412726027397255,85.27024657534247,21.939342465753427,22.227013698630135,11.34,4.971095890410959,98.73764383561644,162.19000000000005,1490.55,10.94,31.316666666666666,0
10018020,新竹市,北區,2020,4.36221174863388,83.63368852459016,22.00185792349727,22.34811475409836,12.23,4.901584699453552,98.8343989071038,208.25000000000003,1563.1299999999999,6.47,32.519999999999996,0
10018020,新竹市,北區,2021,4.52884301369863,83.66668493150685,22.03630136986301,22.300684931506847,13.910000000000002,4.7984109589041095,98.76065753424659,262.1800000000001,1625.9299999999996,8.08,32.849999999999994,0
10018020,新竹市,北區,2022,4.2272967123287675,85.06613698630137,21.808657534246574,22.120438356164385,13.5,5.049287671232876,98.76928767123287,288.5400000000001,1569.1999999999996,8.393333333333333,33.58333333333333,0
10018020,新竹市,北區,2023,4.319684931506848,82.00008219178083,22.295999999999996,22.639753424657535,14.3,4.794657534246576,98.78309589041096,247.00000000000017,1705.5399999999997,7.16,34.19,0
10018020,新竹市,北區,2024,4.189450000000001,83.49806010928963,22.484071038251365,22.851775956284154,13.04,4.646284153005465,98.7587431693989,249.25000000000003,1780.6199999999997,8.27,32.53333333333333,0
10018020,新竹市,北區,2025,4.469936826347306,84.13117808219178,22.112794520547947,22.304356164383563,13.240000000000002,4.747315068493151,98.75687671232878,302.6600000000001,1694.33,8.103333333333333,32.48666666666667,0
10018030,新竹市,香山區,2013,4.009451780821918,83.35512328767123,22.38876712328767,23.028410958904107,12.119999999999997,7.36613698630137,100.82857534246575,196.7300000000001,1689.13,10.949999999999998,29.86,0
10018030,新竹市,香山區,2014,4.184105479452055,83.22501369863014,22.51452054794521,23.19728767123288,12.440000000000001,6.918273972602739,100.84767123287672,239.49000000000007,1777.7899999999997,10.546666666666667,30.689999999999998,0
10018030,新竹市,香山區,2015,4.192817260273972,84.15780821917808,22.69282191780822,23.24791780821917,11.43,7.3576712328767115,100.86882191780822,160.4400000000001,1763.8199999999997,11.729999999999999,30.150000000000002,0
10018030,新竹市,香山區,2016,4.048986612021858,85.30945355191257,22.908415300546448,23.464918032786883,12.830000000000002,6.908770491803279,100.8246994535519,239.05000000000007,1925.7299999999998,8.886666666666667,30.830000000000002,0
10018030,新竹市,香山區,2017,4.27434191780822,83.4547123287671,23.01197260273973,23.683808219178083,12.0,7.3839726027397266,100.87857534246578,133.87,1853.74,12.226666666666667,30.503333333333334,0
10018030,新竹市,香山區,2018,4.392830136986301,83.44139726027397,22.934520547945205,23.6493698630137,12.649999999999999,7.086821917808218,100.79550684931507,172.27000000000004,1863.87,11.186666666666667,30.19666666666667,0
10018030,新竹市,香山區,2019,4.1412726027397255,84.23534246575343,23.135945205479455,23.755150684931504,10.469999999999999,7.515205479452055,100.79989041095888,51.199999999999974,1816.3199999999997,13.64,30.063333333333333,0
10018030,新竹市,香山區,2020,4.36221174863388,83.05587431693988,23.19035519125683,23.86620218579235,10.630000000000003,7.536994535519126,100.90010928961748,75.24,1865.11,10.323333333333332,30.41333333333333,0
10018030,新竹市,香山區,2021,4.52884301369863,83.63509589041097,23.04487671232877,23.52405479452055,12.470000000000002,7.187534246575342,100.82794520547947,160.5200000000001,1892.3999999999999,11.99,30.37,0
10018030,新竹市,香山區,2022,4.2272967123287675,84.00999999999999,22.861808219178087,23.44424657534247,12.75,7.808739726027397,100.83320547945206,137.47000000000003,1802.5299999999997,11.253333333333336,30.396666666666665,0
10018030,新竹市,香山區,2023,4.319684931506848,82.9426301369863,23.15295890410959,23.687479452054795,13.39,7.134164383561645,100.84882191780824,155.01000000000005,1926.3399999999997,10.636666666666667,31.14333333333333,0
10018030,新竹市,香山區,2024,4.189450000000001,83.96497267759563,23.396994535519124,24.094672131147536,12.510000000000002,7.298196721311475,100.82117486338798,117.5300000000001,1983.03,10.963333333333333,31.54666666666667,0
10018030,新竹市,香山區,2025,4.469936826347306,83.40460273972602,23.2013698630137,23.718849315068493,13.01,7.148027397260274,100.82578082191782,187.93000000000012,1976.9299999999996,11.43,30.85666666666667,0
10020010,嘉義市,東區,2013,4.261101095890411,77.53293150684931,21.000986301369863,21.325150684931508,9.570000000000002,2.316712328767123,93.72117808219177,183.52000000000004,1169.3799999999997,6.98,31.296666666666663,0
10020010,嘉義市,東區,2014,4.360468219178083,76.447698630137,21.0273698630137,21.520246575342465,11.790000000000001,2.340027397260274,93.76134246575343,275.52000000000004,1271.0099999999998,5.556666666666666,32.53333333333334,0
10020010,嘉義市,東區,2015,4.492699452054795,78.2701095890411,21.28994520547945,21.65750684931507,10.040000000000001,2.479534246575342,93.80906849315068,166.76000000000005,1258.0899999999997,7.153333333333333,32.79,0
10020010,嘉義市,東區,2016,4.239616120218579,83.50745901639343,20.995409836065576,20.97366120218579,10.809999999999999,2.3818032786885244,93.75715846994537,272.2600000000001,1258.78,2.9800000000000004,31.34,31
10020010,嘉義市,東區,2017,4.48226191780822,78.82317808219177,21.503479452054794,21.808383561643833,7.859999999999999,2.201917808219178,93.78306849315071,114.07000000000015,1283.3399999999997,8.563333333333333,31.840000000000003,0
10020010,嘉義市,東區,2018,4.518268493150686,78.37567123287671,21.525397260273973,21.991479452054797,10.530000000000001,2.3134520547945203,93.71413698630138,139.13,1316.4,5.843333333333334,33.64666666666667,0
10020010,嘉義市,東區,2019,4.362369589041095,79.58065753424655,21.690246575342467,21.9592602739726,7.059999999999999,2.3109315068493155,93.7374794520548,31.31000000000005,1268.7499999999998,10.409999999999998,32.14,0
10020010,嘉義市,東區,2020,4.662927595628416,77.23071038251366,21.749562841530054,22.122786885245905,9.139999999999997,2.2730327868852465,93.81311475409835,96.83999999999997,1359.3799999999997,4.3533333333333335,32.47666666666667,0
10020010,嘉義市,東區,2021,4.698947123287672,75.23772602739727,21.743835616438357,22.240630136986304,12.530000000000001,2.4081369863013697,93.75794520547946,160.08000000000013,1417.0799999999997,7.026666666666666,33.94,0
10020010,嘉義市,東區,2022,4.496051506849315,75.3934794520548,22.067123287671233,22.539397260273976,9.430000000000003,2.3230684931506844,93.72123287671234,137.61,1512.6099999999997,6.906666666666666,33.99,0
10020010,嘉義市,東區,2023,4.528795890410959,73.0497808219178,22.43994520547945,23.13621917808219,10.149999999999999,2.4242739726027396,93.76715068493151,48.98000000000006,1560.0599999999995,7.863333333333334,34.82333333333333,0
10020010,嘉義市,東區,2024,4.427984426229509,75.73502732240438,22.349617486338797,22.840054644808742,10.740000000000002,2.4553825136612017,93.7579781420765,111.9100000000001,1594.0699999999997,7.55,34.48,0
10020010,嘉義市,東區,2025,4.4936709580838325,78.86197260273971,21.503123287671233,21.697013698630137,10.3,2.2614246575342465,93.74682191780823,183.51000000000002,1352.6499999999999,7.283333333333332,31.80666666666666,0
10020020,嘉義市,西區,2013,4.261101095890411,77.53293150684931,21.000986301369863,21.325150684931508,9.570000000000002,2.316712328767123,93.72117808219177,183.52000000000004,1169.3799999999997,6.98,31.296666666666663,0
10020020,嘉義市,西區,2014,4.360468219178083,76.447698630137,21.0273698630137,21.520246575342465,11.790000000000001,2.340027397260274,93.76134246575343,275.52000000000004,1271.0099999999998,5.556666666666666,32.53333333333334,0
10020020,嘉義市,西區,2015,4.492699452054795,78.2701095890411,21.28994520547945,21.65750684931507,10.040000000000001,2.479534246575342,93.80906849315068,166.76000000000005,1258.0899999999997,7.153333333333333,32.79,0
10020020,嘉義市,西區,2016,4.239616120218579,83.50745901639343,20.995409836065576,20.97366120218579,10.809999999999999,2.3818032786885244,93.75715846994537,272.2600000000001,1258.78,2.9800000000000004,31.34,31
10020020,嘉義市,西區,2017,4.48226191780822,78.82317808219177,21.503479452054794,21.808383561643833,7.859999999999999,2.201917808219178,93.78306849315071,114.07000000000015,1283.3399999999997,8.563333333333333,31.840000000000003,0
10020020,嘉義市,西區,2018,4.518268493150686,78.37567123287671,21.525397260273973,21.991479452054797,10.530000000000001,2.3134520547945203,93.71413698630138,139.13,1316.4,5.843333333333334,33.64666666666667,0
10020020,嘉義市,西區,2019,4.362369589041095,79.58065753424655,21.690246575342467,21.9592602739726,7.059999999999999,2.3109315068493155,93.7374794520548,31.31000000000005,1268.7499999999998,10.409999999999998,32.14,0
10020020,嘉義市,西區,2020,4.662927595628416,77.23071038251366,21.749562841530054,22.122786885245905,9.139999999999997,2.2730327868852465,93.81311475409835,96.83999999999997,1359.3799999999997,4.3533333333333335,32.47666666666667,0
10020020,嘉義市,西區,2021,4.698947123287672,75.23772602739727,21.743835616438357,22.240630136986304,12.530000000000001,2.4081369863013697,93.75794520547946,160.08000000000013,1417.0799999999997,7.026666666666666,33.94,0
10020020,嘉義市,西區,2022,4.496051506849315,75.3934794520548,22.067123287671233,22.539397260273976,9.430000000000003,2.3230684931506844,93.72123287671234,137.61,1512.6099999999997,6.906666666666666,33.99,0
10020020,嘉義市,西區,2023,4.528795890410959,73.0497808219178,22.43994520547945,23.13621917808219,10.149999999999999,2.4242739726027396,93.76715068493151,48.98000000000006,1560.0599999999995,7.863333333333334,34.82333333333333,0
10020020,嘉義市,西區,2024,4.427984426229509,75.73502732240438,22.349617486338797,22.840054644808742,10.740000000000002,2.4553825136612017,93.7579781420765,111.9100000000001,1594.0699999999997,7.55,34.48,0
10020020,嘉義市,西區,2025,4.4936709580838325,78.86197260273971,21.503123287671233,21.697013698630137,10.3,2.2614246575342465,93.74682191780823,183.51000000000002,1352.6499999999999,7.283333333333332,31.80666666666666,0
63000010,臺北市,松山區,2013,3.6402991780821923,84.34767123287672,21.20687671232877,21.507616438356163,12.930000000000001,4.877068493150685,98.75956164383561,327.97000000000014,1388.9799999999996,7.706666666666667,31.73333333333333,0
63000010,臺北市,松山區,2014,3.770857808219178,83.20460273972603,21.357917808219177,21.70430136986301,13.760000000000002,4.534465753424658,98.77715068493151,400.63000000000005,1516.7699999999998,7.236666666666667,31.97,0
63000010,臺北市,松山區,2015,3.6822969863013704,83.90687671232877,21.729616438356164,22.02797260273973,12.919999999999998,4.829424657534247,98.79912328767124,282.6600000000001,1534.4699999999998,7.9799999999999995,31.92,0
63000010,臺北市,松山區,2016,3.6687904371584694,86.26136612021857,21.80743169398907,22.019672131147544,14.330000000000002,4.632950819672131,98.76065573770492,370.71000000000004,1654.4299999999996,5.3999999999999995,32.09,0
63000010,臺北市,松山區,2017,3.775852054794521,84.56484931506851,21.783698630136985,22.102219178082194,12.780000000000001,4.831232876712329,98.81468493150685,312.3600000000002,1583.9099999999996,8.62,32.21,0
63000010,臺北市,松山區,2018,3.990993150684931,84.44671232876713,21.743178082191783,22.111753424657536,13.31,4.726657534246576,98.72835616438354,269.60000000000014,1526.3599999999994,7.603333333333334,32.339999999999996,0
63000010,臺北市,松山區,2019,3.712860821917808,85.27024657534247,21.939342465753427,22.227013698630135,11.34,4.971095890410959,98.73764383561644,162.19000000000005,1490.55,10.94,31.316666666666666,0
63000010,臺北市,松山區,2020,3.7910860655737704,83.63368852459016,22.00185792349727,22.34811475409836,12.23,4.901584699453552,98.8343989071038,208.25000000000003,1563.1299999999999,6.47,32.519999999999996,0
63000010,臺北市,松山區,2021,4.064644657534247,83.66668493150685,22.03630136986301,22.300684931506847,13.910000000000002,4.7984109589041095,98.76065753424659,262.1800000000001,1625.9299999999996,8.08,32.849999999999994,0
63000010,臺北市,松山區,2022,3.5752767123287668,85.06613698630137,21.808657534246574,22.120438356164385,13.5,5.049287671232876,98.76928767123287,288.5400000000001,1569.1999999999996,8.393333333333333,33.58333333333333,0
63000010,臺北市,松山區,2023,3.906078356164384,82.00008219178083,22.295999999999996,22.639753424657535,14.3,4.794657534246576,98.78309589041096,247.00000000000017,1705.5399999999997,7.16,34.19,0
63000010,臺北市,松山區,2024,3.7497833333333337,83.49806010928963,22.484071038251365,22.851775956284154,13.04,4.646284153005465,98.7587431693989,249.25000000000003,1780.6199999999997,8.27,32.53333333333333,0
63000010,臺北市,松山區,2025,4.213502994011975,84.13117808219178,22.112794520547947,22.304356164383563,13.240000000000002,4.747315068493151,98.75687671232878,302.6600000000001,1694.33,8.103333333333333,32.48666666666667,0
63000020,臺北市,信義區,2013,3.6402991780821923,82.94372602739726,22.790931506849315,23.76158904109589,9.310000000000002,5.5551232876712335,100.18435616438359,81.22000000000003,1720.4099999999994,11.44,31.400000000000002,0
63000020,臺北市,信義區,2014,3.770857808219178,81.98052054794522,22.841260273972605,23.811013698630138,9.79,5.142301369863015,100.20800000000001,121.71999999999997,1779.2800000000002,10.656666666666666,31.573333333333334,0
63000020,臺北市,信義區,2015,3.6822969863013704,83.70978082191782,23.099342465753427,23.928301369863014,9.399999999999999,5.028821917808219,100.225698630137,75.86000000000008,1827.6199999999994,11.729999999999999,31.426666666666666,0
63000020,臺北市,信義區,2016,3.6687904371584694,84.889043715847,23.35016393442623,24.203661202185796,10.18,5.223551912568306,100.18576502732238,103.04000000000002,1951.4000000000003,9.229999999999999,31.643333333333334,0
63000020,臺北市,信義區,2017,3.775852054794521,83.10449315068493,23.326356164383558,24.265068493150686,8.990000000000002,5.282383561643836,100.24054794520549,24.079999999999984,1858.7,12.373333333333335,31.773333333333337,0
63000020,臺北市,信義區,2018,3.990993150684931,82.80358904109589,23.294931506849313,24.263287671232877,9.739999999999998,5.374164383561643,100.15254794520548,80.4500000000001,1903.5999999999997,11.536666666666667,31.74666666666667,0
63000020,臺北市,信義區,2019,3.712860821917808,83.70024657534246,23.459397260273967,24.31586301369863,8.05,5.170712328767124,100.15438356164383,0.0,1883.1799999999998,14.43,31.843333333333334,0
63000020,臺北市,信義區,2020,3.7910860655737704,82.72655737704919,23.514016393442624,24.415573770491804,9.330000000000002,5.245,100.25428961748632,9.920000000000009,1918.2499999999998,10.33,31.863333333333333,0
63000020,臺北市,信義區,2021,4.064644657534247,81.97679452054794,23.626684931506848,24.536849315068494,9.600000000000001,5.134575342465753,100.18136986301369,62.930000000000035,2007.17,11.969999999999999,32.42666666666667,0
63000020,臺北市,信義區,2022,3.5752767123287668,83.154301369863,23.50476712328767,24.47717808219178,9.850000000000001,5.513315068493151,100.17608219178081,43.01000000000003,1942.75,11.616666666666667,32.516666666666666,0
63000020,臺北市,信義區,2023,3.906078356164384,81.42060273972604,23.735561643835617,24.567205479452053,9.760000000000002,5.193835616438356,100.20547945205482,20.460000000000004,2004.4399999999998,11.569999999999999,33.10666666666667,0
63000020,臺北市,信義區,2024,3.7497833333333337,82.62128415300546,23.934344262295085,24.73303278688525,10.009999999999998,5.004644808743169,100.17546448087433,21.39000000000004,2083.5599999999995,11.79,32.38666666666666,0
63000020,臺北市,信義區,2025,4.213502994011975,82.86284931506847,23.726739726027397,24.493452054794517,9.950000000000003,5.26786301369863,100.18008219178081,79.77000000000005,2060.53,11.973333333333334,31.513333333333335,0
63000030,臺北市,大安區,2013,3.6402991780821923,84.34767123287672,21.20687671232877,21.507616438356163,12.930000000000001,4.877068493150685,98.75956164383561,327.97000000000014,1388.9799999999996,7.706666666666667,31.73333333333333,0
63000030,臺北市,大安區,2014,3.770857808219178,83.20460273972603,21.357917808219177,21.70430136986301,13.760000000000002,4.534465753424658,98.77715068493151,400.63000000000005,1516.7699999999998,7.236666666666667,31.97,0
63000030,臺北市,大安區,2015,3.6822969863013704,83.90687671232877,21.729616438356164,22.02797260273973,12.919999999999998,4.829424657534247,98.79912328767124,282.6600000000001,1534.4699999999998,7.9799999999999995,31.92,0
63000030,臺北市,大安區,2016,3.6687904371584694,86.26136612021857,21.80743169398907,22.019672131147544,14.330000000000002,4.632950819672131,98.76065573770492,370.71000000000004,1654.4299999999996,5.3999999999999995,32.09,0
63000030,臺北市,大安區,2017,3.775852054794521,84.56484931506851,21.783698630136985,22.102219178082194,12.780000000000001,4.831232876712329,98.81468493150685,312.3600000000002,1583.9099999999996,8.62,32.21,0
63000030,臺北市,大安區,2018,3.990993150684931,84.44671232876713,21.743178082191783,22.111753424657536,13.31,4.726657534246576,98.72835616438354,269.60000000000014,1526.3599999999994,7.603333333333334,32.339999999999996,0
63000030,臺北市,大安區,2019,3.712860821917808,85.27024657534247,21.939342465753427,22.227013698630135,11.34,4.971095890410959,98.73764383561644,162.19000000000005,1490.55,10.94,31.316666666666666,0
63000030,臺北市,大安區,2020,3.7910860655737704,83.63368852459016,22.00185792349727,22.34811475409836,12.23,4.901584699453552,98.8343989071038,208.25000000000003,1563.1299999999999,6.47,32.519999999999996,0
63000030,臺北市,大安區,2021,4.064644657534247,83.66668493150685,22.03630136986301,22.300684931506847,13.910000000000002,4.7984109589041095,98.76065753424659,262.1800000000001,1625.9299999999996,8.08,32.849999999999994,0
63000030,臺北市,大安區,2022,3.5752767123287668,85.06613698630137,21.808657534246574,22.120438356164385,13.5,5.049287671232876,98.76928767123287,288.5400000000001,1569.1999999999996,8.393333333333333,33.58333333333333,0
63000030,臺北市,大安區,2023,3.906078356164384,82.00008219178083,22.295999999999996,22.639753424657535,14.3,4.794657534246576,98.78309589041096,247.00000000000017,1705.5399999999997,7.16,34.19,0
63000030,臺北市,大安區,2024,3.7497833333333337,83.49806010928963,22.484071038251365,22.851775956284154,13.04,4.646284153005465,98.7587431693989,249.25000000000003,1780.6199999999997,8.27,32.53333333333333,0
63000030,臺北市,大安區,2025,4.213502994011975,84.13117808219178,22.112794520547947,22.304356164383563,13.240000000000002,4.747315068493151,98.75687671232878,302.6600000000001,1694.33,8.103333333333333,32.48666666666667,0
63000040,臺北市,中山區,2013,3.6402991780821923,84.34767123287672,21.20687671232877,21.507616438356163,12.930000000000001,4.877068493150685,98.75956164383561,327.97000000000014,1388.9799999999996,7.706666666666667,31.73333333333333,0
63000040,臺北市,中山區,2014,3.770857808219178,83.20460273972603,21.357917808219177,21.70430136986301,13.760000000000002,4.534465753424658,98.77715068493151,400.63000000000005,1516.7699999999998,7.236666666666667,31.97,0
63000040,臺北市,中山區,2015,3.6822969863013704,83.90687671232877,21.729616438356164,22.02797260273973,12.919999999999998,4.829424657534247,98.79912328767124,282.6600000000001,1534.4699999999998,7.9799999999999995,31.92,0
63000040,臺北市,中山區,2016,3.6687904371584694,86.26136612021857,21.80743169398907,22.019672131147544,14.330000000000002,4.632950819672131,98.76065573770492,370.71000000000004,1654.4299999999996,5.3999999999999995,32.09,0
63000040,臺北市,中山區,2017,3.775852054794521,84.56484931506851,21.783698630136985,22.102219178082194,12.780000000000001,4.831232876712329,98.81468493150685,312.3600000000002,1583.9099999999996,8.62,32.21,0
63000040,臺北市,中山區,2018,3.990993150684931,84.44671232876713,21.743178082191783,22.111753424657536,13.31,4.726657534246576,98.72835616438354,269.60000000000014,1526.3599999999994,7.603333333333334,32.339999999999996,0
63000040,臺北市,中山區,2019,3.712860821917808,85.27024657534247,21.939342465753427,22.227013698630135,11.34,4.971095890410959,98.73764383561644,162.19000000000005,1490.55,10.94,31.316666666666666,0
63000040,臺北市,中山區,2020,3.7910860655737704,83.63368852459016,22.00185792349727,22.34811475409836,12.23,4.901584699453552,98.8343989071038,208.25000000000003,1563.1299999999999,6.47,32.519999999999996,0
63000040,臺北市,中山區,2021,4.064644657534247,83.66668493150685,22.03630136986301,22.300684931506847,13.910000000000002,4.7984109589041095,98.76065753424659,262.1800000000001,1625.9299999999996,8.08,32.849999999999994,0
63000040,臺北市,中山區,2022,3.5752767123287668,85.06613698630137,21.808657534246574,22.120438356164385,13.5,5.049287671232876,98.76928767123287,288.5400000000001,1569.1999999999996,8.393333333333333,33.58333333333333,0
63000040,臺北市,中山區,2023,3.906078356164384,82.00008219178083,22.295999999999996,22.639753424657535,14.3,4.794657534246576,98.78309589041096,247.00000000000017,1705.5399999999997,7.16,34.19,0
63000040,臺北市,中山區,2024,3.7497833333333337,83.49806010928963,22.484071038251365,22.851775956284154,13.04,4.646284153005465,98.7587431693989,249.25000000000003,1780.6199999999997,8.27,32.53333333333333,0
63000040,臺北市,中山區,2025,4.213502994011975,84.13117808219178,22.112794520547947,22.304356164383563,13.240000000000002,4.747315068493151,98.75687671232878,302.6600000000001,1694.33,8.103333333333333,32.48666666666667,0
63000050,臺北市,中正區,2013,3.6402991780821923,84.34767123287672,21.20687671232877,21.507616438356163,12.930000000000001,4.877068493150685,98.75956164383561,327.97000000000014,1388.9799999999996,7.706666666666667,31.73333333333333,0
63000050,臺北市,中正區,2014,3.770857808219178,83.20460273972603,21.357917808219177,21.70430136986301,13.760000000000002,4.534465753424658,98.77715068493151,400.63000000000005,1516.7699999999998,7.236666666666667,31.97,0
63000050,臺北市,中正區,2015,3.6822969863013704,83.90687671232877,21.729616438356164,22.02797260273973,12.919999999999998,4.829424657534247,98.79912328767124,282.6600000000001,1534.4699999999998,7.9799999999999995,31.92,0
63000050,臺北市,中正區,2016,3.6687904371584694,86.26136612021857,21.80743169398907,22.019672131147544,14.330000000000002,4.632950819672131,98.76065573770492,370.71000000000004,1654.4299999999996,5.3999999999999995,32.09,0
63000050,臺北市,中正區,2017,3.775852054794521,84.56484931506851,21.783698630136985,22.102219178082194,12.780000000000001,4.831232876712329,98.81468493150685,312.3600000000002,1583.9099999999996,8.62,32.21,0
63000050,臺北市,中正區,2018,3.990993150684931,84.44671232876713,21.743178082191783,22.111753424657536,13.31,4.726657534246576,98.72835616438354,269.60000000000014,1526.3599999999994,7.603333333333334,32.339999999999996,0
63000050,臺北市,中正區,2019,3.712860821917808,85.27024657534247,21.939342465753427,22.227013698630135,11.34,4.971095890410959,98.73764383561644,162.19000000000005,1490.55,10.94,31.316666666666666,0
63000050,臺北市,中正區,2020,3.7910860655737704,83.63368852459016,22.00185792349727,22.34811475409836,12.23,4.901584699453552,98.8343989071038,208.25000000000003,1563.1299999999999,6.47,32.519999999999996,0
63000050,臺北市,中正區,2021,4.064644657534247,83.66668493150685,22.03630136986301,22.300684931506847,13.910000000000002,4.7984109589041095,98.76065753424659,262.1800000000001,1625.9299999999996,8.08,32.849999999999994,0
63000050,臺北市,中正區,2022,3.5752767123287668,85.06613698630137,21.808657534246574,22.120438356164385,13.5,5.049287671232876,98.76928767123287,288.5400000000001,1569.1999999999996,8.393333333333333,33.58333333333333,0
63000050,臺北市,中正區,2023,3.906078356164384,82.00008219178083,22.295999999999996,22.639753424657535,14.3,4.794657534246576,98.78309589041096,247.00000000000017,1705.5399999999997,7.16,34.19,0
63000050,臺北市,中正區,2024,3.7497833333333337,83.49806010928963,22.484071038251365,22.851775956284154,13.04,4.646284153005465,98.7587431693989,249.25000000000003,1780.6199999999997,8.27,32.53333333333333,0
63000050,臺北市,中正區,2025,4.213502994011975,84.13117808219178,22.112794520547947,22.304356164383563,13.240000000000002,4.747315068493151,98.75687671232878,302.6600000000001,1694.33,8.103333333333333,32.48666666666667,0
63000060,臺北市,大同區,2013,3.6402991780821923,84.34767123287672,21.20687671232877,21.507616438356163,12.930000000000001,4.877068493150685,98.75956164383561,327.97000000000014,1388.9799999999996,7.706666666666667,31.73333333333333,0
63000060,臺北市,大同區,2014,3.770857808219178,83.20460273972603,21.357917808219177,21.70430136986301,13.760000000000002,4.534465753424658,98.77715068493151,400.63000000000005,1516.7699999999998,7.236666666666667,31.97,0
63000060,臺北市,大同區,2015,3.6822969863013704,83.90687671232877,21.729616438356164,22.02797260273973,12.919999999999998,4.829424657534247,98.79912328767124,282.6600000000001,1534.4699999999998,7.9799999999999995,31.92,0
63000060,臺北市,大同區,2016,3.6687904371584694,86.26136612021857,21.80743169398907,22.019672131147544,14.330000000000002,4.632950819672131,98.76065573770492,370.71000000000004,1654.4299999999996,5.3999999999999995,32.09,0
63000060,臺北市,大同區,2017,3.775852054794521,84.56484931506851,21.783698630136985,22.102219178082194,12.780000000000001,4.831232876712329,98.81468493150685,312.3600000000002,1583.9099999999996,8.62,32.21,0
63000060,臺北市,大同區,2018,3.990993150684931,84.44671232876713,21.743178082191783,22.111753424657536,13.31,4.726657534246576,98.72835616438354,269.60000000000014,1526.3599999999994,7.603333333333334,32.339999999999996,0
63000060,臺北市,大同區,2019,3.712860821917808,85.27024657534247,21.939342465753427,22.227013698630135,11.34,4.971095890410959,98.73764383561644,162.19000000000005,1490.55,10.94,31.316666666666666,0
63000060,臺北市,大同區,2020,3.7910860655737704,83.63368852459016,22.00185792349727,22.34811475409836,12.23,4.901584699453552,98.8343989071038,208.25000000000003,1563.1299999999999,6.47,32.519999999999996,0
63000060,臺北市,大同區,2021,4.064644657534247,83.66668493150685,22.03630136986301,22.300684931506847,13.910000000000002,4.7984109589041095,98.76065753424659,262.1800000000001,1625.9299999999996,8.08,32.849999999999994,0
63000060,臺北市,大同區,2022,3.5752767123287668,85.06613698630137,21.808657534246574,22.120438356164385,13.5,5.049287671232876,98.76928767123287,288.5400000000001,1569.1999999999996,8.393333333333333,33.58333333333333,0
63000060,臺北市,大同區,2023,3.906078356164384,82.00008219178083,22.295999999999996,22.639753424657535,14.3,4.794657534246576,98.78309589041096,247.00000000000017,1705.5399999999997,7.16,34.19,0
63000060,臺北市,大同區,2024,3.7497833333333337,83.49806010928963,22.484071038251365,22.851775956284154,13.04,4.646284153005465,98.7587431693989,249.25000000000003,1780.6199999999997,8.27,32.53333333333333,0
63000060,臺北市,大同區,2025,4.213502994011975,84.13117808219178,22.112794520547947,22.304356164383563,13.240000000000002,4.747315068493151,98.75687671232878,302.6600000000001,1694.33,8.103333333333333,32.48666666666667,0
63000070,臺北市,萬華區,2013,3.6402991780821923,84.34767123287672,21.20687671232877,21.507616438356163,12.930000000000001,4.877068493150685,98.75956164383561,327.97000000000014,1388.9799999999996,7.706666666666667,31.73333333333333,0
63000070,臺北市,萬華區,2014,3.770857808219178,83.20460273972603,21.357917808219177,21.70430136986301,13.760000000000002,4.534465753424658,98.77715068493151,400.63000000000005,1516.7699999999998,7.236666666666667,31.97,0
63000070,臺北市,萬華區,2015,3.6822969863013704,83.90687671232877,21.729616438356164,22.02797260273973,12.919999999999998,4.829424657534247,98.79912328767124,282.6600000000001,1534.4699999999998,7.9799999999999995,31.92,0
63000070,臺北市,萬華區,2016,3.6687904371584694,86.26136612021857,21.80743169398907,22.019672131147544,14.330000000000002,4.632950819672131,98.76065573770492,370.71000000000004,1654.4299999999996,5.3999999999999995,32.09,0
63000070,臺北市,萬華區,2017,3.775852054794521,84.56484931506851,21.783698630136985,22.102219178082194,12.780000000000001,4.831232876712329,98.81468493150685,312.3600000000002,1583.9099999999996,8.62,32.21,0
63000070,臺北市,萬華區,2018,3.990993150684931,84.44671232876713,21.743178082191783,22.111753424657536,13.31,4.726657534246576,98.72835616438354,269.60000000000014,1526.3599999999994,7.603333333333334,32.339999999999996,0
63000070,臺北市,萬華區,2019,3.712860821917808,85.27024657534247,21.939342465753427,22.227013698630135,11.34,4.971095890410959,98.73764383561644,162.19000000000005,1490.55,10.94,31.316666666666666,0
63000070,臺北市,萬華區,2020,3.7910860655737704,83.63368852459016,22.00185792349727,22.34811475409836,12.23,4.901584699453552,98.8343989071038,208.25000000000003,1563.1299999999999,6.47,32.519999999999996,0
63000070,臺北市,萬華區,2021,4.064644657534247,83.66668493150685,22.03630136986301,22.300684931506847,13.910000000000002,4.7984109589041095,98.76065753424659,262.1800000000001,1625.9299999999996,8.08,32.849999999999994,0
63000070,臺北市,萬華區,2022,3.5752767123287668,85.06613698630137,21.808657534246574,22.120438356164385,13.5,5.049287671232876,98.76928767123287,288.5400000000001,1569.1999999999996,8.393333333333333,33.58333333333333,0
63000070,臺北市,萬華區,2023,3.906078356164384,82.00008219178083,22.295999999999996,22.639753424657535,14.3,4.794657534246576,98.78309589041096,247.00000000000017,1705.5399999999997,7.16,34.19,0
63000070,臺北市,萬華區,2024,3.7497833333333337,83.49806010928963,22.484071038251365,22.851775956284154,13.04,4.646284153005465,98.7587431693989,249.25000000000003,1780.6199999999997,8.27,32.53333333333333,0
63000070,臺北市,萬華區,2025,4.213502994011975,84.13117808219178,22.112794520547947,22.304356164383563,13.240000000000002,4.747315068493151,98.75687671232878,302.6600000000001,1694.33,8.103333333333333,32.48666666666667,0
63000080,臺北市,文山區,2013,3.7659084931506848,82.94372602739726,22.790931506849315,23.76158904109589,9.310000000000002,5.5551232876712335,100.18435616438359,81.22000000000003,1720.4099999999994,11.44,31.400000000000002,0
63000080,臺北市,文山區,2014,3.8430613698630145,81.98052054794522,22.841260273972605,23.811013698630138,9.79,5.142301369863015,100.20800000000001,121.71999999999997,1779.2800000000002,10.656666666666666,31.573333333333334,0
63000080,臺北市,文山區,2015,3.919658082191781,83.70978082191782,23.099342465753427,23.928301369863014,9.399999999999999,5.028821917808219,100.225698630137,75.86000000000008,1827.6199999999994,11.729999999999999,31.426666666666666,0
63000080,臺北市,文山區,2016,3.7904614754098365,84.889043715847,23.35016393442623,24.203661202185796,10.18,5.223551912568306,100.18576502732238,103.04000000000002,1951.4000000000003,9.229999999999999,31.643333333333334,0
63000080,臺北市,文山區,2017,3.8297947945205473,83.10449315068493,23.326356164383558,24.265068493150686,8.990000000000002,5.282383561643836,100.24054794520549,24.079999999999984,1858.7,12.373333333333335,31.773333333333337,0
63000080,臺北市,文山區,2018,3.9874175342465747,82.80358904109589,23.294931506849313,24.263287671232877,9.739999999999998,5.374164383561643,100.15254794520548,80.4500000000001,1903.5999999999997,11.536666666666667,31.74666666666667,0
63000080,臺北市,文山區,2019,3.826375342465753,83.70024657534246,23.459397260273967,24.31586301369863,8.05,5.170712328767124,100.15438356164383,0.0,1883.1799999999998,14.43,31.843333333333334,0
63000080,臺北市,文山區,2020,3.9260226775956277,82.72655737704919,23.514016393442624,24.415573770491804,9.330000000000002,5.245,100.25428961748632,9.920000000000009,1918.2499999999998,10.33,31.863333333333333,0
63000080,臺北市,文山區,2021,4.163436986301369,81.97679452054794,23.626684931506848,24.536849315068494,9.600000000000001,5.134575342465753,100.18136986301369,62.930000000000035,2007.17,11.969999999999999,32.42666666666667,0
63000080,臺北市,文山區,2022,3.828847671232877,83.154301369863,23.50476712328767,24.47717808219178,9.850000000000001,5.513315068493151,100.17608219178081,43.01000000000003,1942.75,11.616666666666667,32.516666666666666,0
63000080,臺北市,文山區,2023,3.9763550684931515,81.42060273972604,23.735561643835617,24.567205479452053,9.760000000000002,5.193835616438356,100.20547945205482,20.460000000000004,2004.4399999999998,11.569999999999999,33.10666666666667,0
63000080,臺北市,文山區,2024,3.833393169398907,82.62128415300546,23.934344262295085,24.73303278688525,10.009999999999998,5.004644808743169,100.17546448087433,21.39000000000004,2083.5599999999995,11.79,32.38666666666666,0
63000080,臺北市,文山區,2025,4.008978143712575,82.86284931506847,23.726739726027397,24.493452054794517,9.950000000000003,5.26786301369863,100.18008219178081,79.77000000000005,2060.53,11.973333333333334,31.513333333333335,0
63000090,臺北市,南港區,2013,3.6402991780821923,82.94372602739726,22.790931506849315,23.76158904109589,9.310000000000002,5.5551232876712335,100.18435616438359,81.22000000000003,1720.4099999999994,11.44,31.400000000000002,0
63000090,臺北市,南港區,2014,3.770857808219178,81.98052054794522,22.841260273972605,23.811013698630138,9.79,5.142301369863015,100.20800000000001,121.71999999999997,1779.2800000000002,10.656666666666666,31.573333333333334,0
63000090,臺北市,南港區,2015,3.6822969863013704,83.70978082191782,23.099342465753427,23.928301369863014,9.399999999999999,5.028821917808219,100.225698630137,75.86000000000008,1827.6199999999994,11.729999999999999,31.426666666666666,0
63000090,臺北市,南港區,2016,3.6687904371584694,84.889043715847,23.35016393442623,24.203661202185796,10.18,5.223551912568306,100.18576502732238,103.04000000000002,1951.4000000000003,9.229999999999999,31.643333333333334,0
63000090,臺北市,南港區,2017,3.775852054794521,83.10449315068493,23.326356164383558,24.265068493150686,8.990000000000002,5.282383561643836,100.24054794520549,24.079999999999984,1858.7,12.373333333333335,31.773333333333337,0
63000090,臺北市,南港區,2018,3.990993150684931,82.80358904109589,23.294931506849313,24.263287671232877,9.739999999999998,5.374164383561643,100.15254794520548,80.4500000000001,1903.5999999999997,11.536666666666667,31.74666666666667,0
63000090,臺北市,南港區,2019,3.712860821917808,83.70024657534246,23.459397260273967,24.31586301369863,8.05,5.170712328767124,100.15438356164383,0.0,1883.1799999999998,14.43,31.843333333333334,0
63000090,臺北市,南港區,2020,3.7910860655737704,82.72655737704919,23.514016393442624,24.415573770491804,9.330000000000002,5.245,100.25428961748632,9.920000000000009,1918.2499999999998,10.33,31.863333333333333,0
63000090,臺北市,南港區,2021,4.064644657534247,81.97679452054794,23.626684931506848,24.536849315068494,9.600000000000001,5.134575342465753,100.18136986301369,62.930000000000035,2007.17,11.969999999999999,32.42666666666667,0
63000090,臺北市,南港區,2022,3.5752767123287668,83.154301369863,23.50476712328767,24.47717808219178,9.850000000000001,5.513315068493151,100.17608219178081,43.01000000000003,1942.75,11.616666666666667,32.516666666666666,0
63000090,臺北市,南港區,2023,3.906078356164384,81.42060273972604,23.735561643835617,24.567205479452053,9.760000000000002,5.193835616438356,100.20547945205482,20.460000000000004,2004.4399999999998,11.569999999999999,33.10666666666667,0
63000090,臺北市,南港區,2024,3.7497833333333337,82.62128415300546,23.934344262295085,24.73303278688525,10.009999999999998,5.004644808743169,100.17546448087433,21.39000000000004,2083.5599999999995,11.79,32.38666666666666,0
63000090,臺北市,南港區,2025,4.213502994011975,82.86284931506847,23.726739726027397,24.493452054794517,9.950000000000003,5.26786301369863,100.18008219178081,79.77000000000005,2060.53,11.973333333333334,31.513333333333335,0
63000100,臺北市,內湖區,2013,3.6402991780821923,82.94372602739726,22.790931506849315,23.76158904109589,9.310000000000002,5.5551232876712335,100.18435616438359,81.22000000000003,1720.4099999999994,11.44,31.400000000000002,0
63000100,臺北市,內湖區,2014,3.770857808219178,81.98052054794522,22.841260273972605,23.811013698630138,9.79,5.142301369863015,100.20800000000001,121.71999999999997,1779.2800000000002,10.656666666666666,31.573333333333334,0
63000100,臺北市,內湖區,2015,3.6822969863013704,83.70978082191782,23.099342465753427,23.928301369863014,9.399999999999999,5.028821917808219,100.225698630137,75.86000000000008,1827.6199999999994,11.729999999999999,31.426666666666666,0
63000100,臺北市,內湖區,2016,3.6687904371584694,84.889043715847,23.35016393442623,24.203661202185796,10.18,5.223551912568306,100.18576502732238,103.04000000000002,1951.4000000000003,9.229999999999999,31.643333333333334,0
63000100,臺北市,內湖區,2017,3.775852054794521,83.10449315068493,23.326356164383558,24.265068493150686,8.990000000000002,5.282383561643836,100.24054794520549,24.079999999999984,1858.7,12.373333333333335,31.773333333333337,0
63000100,臺北市,內湖區,2018,3.990993150684931,82.80358904109589,23.294931506849313,24.263287671232877,9.739999999999998,5.374164383561643,100.15254794520548,80.4500000000001,1903.5999999999997,11.536666666666667,31.74666666666667,0
63000100,臺北市,內湖區,2019,3.712860821917808,83.70024657534246,23.459397260273967,24.31586301369863,8.05,5.170712328767124,100.15438356164383,0.0,1883.1799999999998,14.43,31.843333333333334,0
63000100,臺北市,內湖區,2020,3.7910860655737704,82.72655737704919,23.514016393442624,24.415573770491804,9.330000000000002,5.245,100.25428961748632,9.920000000000009,1918.2499999999998,10.33,31.863333333333333,0
63000100,臺北市,內湖區,2021,4.064644657534247,81.97679452054794,23.626684931506848,24.536849315068494,9.600000000000001,5.134575342465753,100.18136986301369,62.930000000000035,2007.17,11.969999999999999,32.42666666666667,0
63000100,臺北市,內湖區,2022,3.5752767123287668,83.154301369863,23.50476712328767,24.47717808219178,9.850000000000001,5.513315068493151,100.17608219178081,43.01000000000003,1942.75,11.616666666666667,32.516666666666666,0
63000100,臺北市,內湖區,2023,3.906078356164384,81.42060273972604,23.735561643835617,24.567205479452053,9.760000000000002,5.193835616438356,100.20547945205482,20.460000000000004,2004.4399999999998,11.569999999999999,33.10666666666667,0
63000100,臺北市,內湖區,2024,3.7497833333333337,82.62128415300546,23.934344262295085,24.73303278688525,10.009999999999998,5.004644808743169,100.17546448087433,21.39000000000004,2083.5599999999995,11.79,32.38666666666666,0
63000100,臺北市,內湖區,2025,4.213502994011975,82.86284931506847,23.726739726027397,24.493452054794517,9.950000000000003,5.26786301369863,100.18008219178081,79.77000000000005,2060.53,11.973333333333334,31.513333333333335,0
63000110,臺北市,士林區,2013,3.6402991780821923,84.34767123287672,21.20687671232877,21.507616438356163,12.930000000000001,4.877068493150685,98.75956164383561,327.97000000000014,1388.9799999999996,7.706666666666667,31.73333333333333,0
63000110,臺北市,士林區,2014,3.770857808219178,83.20460273972603,21.357917808219177,21.70430136986301,13.760000000000002,4.534465753424658,98.77715068493151,400.63000000000005,1516.7699999999998,7.236666666666667,31.97,0
63000110,臺北市,士林區,2015,3.6822969863013704,83.90687671232877,21.729616438356164,22.02797260273973,12.919999999999998,4.829424657534247,98.79912328767124,282.6600000000001,1534.4699999999998,7.9799999999999995,31.92,0
63000110,臺北市,士林區,2016,3.6687904371584694,86.26136612021857,21.80743169398907,22.019672131147544,14.330000000000002,4.632950819672131,98.76065573770492,370.71000000000004,1654.4299999999996,5.3999999999999995,32.09,0
63000110,臺北市,士林區,2017,3.775852054794521,84.56484931506851,21.783698630136985,22.102219178082194,12.780000000000001,4.831232876712329,98.81468493150685,312.3600000000002,1583.9099999999996,8.62,32.21,0
63000110,臺北市,士林區,2018,3.990993150684931,84.44671232876713,21.743178082191783,22.111753424657536,13.31,4.726657534246576,98.72835616438354,269.60000000000014,1526.3599999999994,7.603333333333334,32.339999999999996,0
63000110,臺北市,士林區,2019,3.712860821917808,85.27024657534247,21.939342465753427,22.227013698630135,11.34,4.971095890410959,98.73764383561644,162.19000000000005,1490.55,10.94,31.316666666666666,0
63000110,臺北市,士林區,2020,3.7910860655737704,83.63368852459016,22.00185792349727,22.34811475409836,12.23,4.901584699453552,98.8343989071038,208.25000000000003,1563.1299999999999,6.47,32.519999999999996,0
63000110,臺北市,士林區,2021,4.064644657534247,83.66668493150685,22.03630136986301,22.300684931506847,13.910000000000002,4.7984109589041095,98.76065753424659,262.1800000000001,1625.9299999999996,8.08,32.849999999999994,0
63000110,臺北市,士林區,2022,3.5752767123287668,85.06613698630137,21.808657534246574,22.120438356164385,13.5,5.049287671232876,98.76928767123287,288.5400000000001,1569.1999999999996,8.393333333333333,33.58333333333333,0
63000110,臺北市,士林區,2023,3.906078356164384,82.00008219178083,22.295999999999996,22.639753424657535,14.3,4.794657534246576,98.78309589041096,247.00000000000017,1705.5399999999997,7.16,34.19,0
63000110,臺北市,士林區,2024,3.7497833333333337,83.49806010928963,22.484071038251365,22.851775956284154,13.04,4.646284153005465,98.7587431693989,249.25000000000003,1780.6199999999997,8.27,32.53333333333333,0
63000110,臺北市,士林區,2025,4.213502994011975,84.13117808219178,22.112794520547947,22.304356164383563,13.240000000000002,4.747315068493151,98.75687671232878,302.6600000000001,1694.33,8.103333333333333,32.48666666666667,0
63000120,臺北市,北投區,2013,3.6402991780821923,84.34767123287672,21.20687671232877,21.507616438356163,12.930000000000001,4.877068493150685,98.75956164383561,327.97000000000014,1388.9799999999996,7.706666666666667,31.73333333333333,0
63000120,臺北市,北投區,2014,3.770857808219178,83.20460273972603,21.357917808219177,21.70430136986301,13.760000000000002,4.534465753424658,98.77715068493151,400.63000000000005,1516.7699999999998,7.236666666666667,31.97,0
63000120,臺北市,北投區,2015,3.6822969863013704,83.90687671232877,21.729616438356164,22.02797260273973,12.919999999999998,4.829424657534247,98.79912328767124,282.6600000000001,1534.4699999999998,7.9799999999999995,31.92,0
63000120,臺北市,北投區,2016,3.6687904371584694,86.26136612021857,21.80743169398907,22.019672131147544,14.330000000000002,4.632950819672131,98.76065573770492,370.71000000000004,1654.4299999999996,5.3999999999999995,32.09,0
63000120,臺北市,北投區,2017,3.775852054794521,84.56484931506851,21.783698630136985,22.102219178082194,12.780000000000001,4.831232876712329,98.81468493150685,312.3600000000002,1583.9099999999996,8.62,32.21,0
63000120,臺北市,北投區,2018,3.990993150684931,84.44671232876713,21.743178082191783,22.111753424657536,13.31,4.726657534246576,98.72835616438354,269.60000000000014,1526.3599999999994,7.603333333333334,32.339999999999996,0
63000120,臺北市,北投區,2019,3.712860821917808,85.27024657534247,21.939342465753427,22.227013698630135,11.34,4.971095890410959,98.73764383561644,162.19000000000005,1490.55,10.94,31.316666666666666,0
63000120,臺北市,北投區,2020,3.7910860655737704,83.63368852459016,22.00185792349727,22.34811475409836,12.23,4.901584699453552,98.8343989071038,208.25000000000003,1563.1299999999999,6.47,32.519999999999996,0
63000120,臺北市,北投區,2021,4.064644657534247,83.66668493150685,22.03630136986301,22.300684931506847,13.910000000000002,4.7984109589041095,98.76065753424659,262.1800000000001,1625.9299999999996,8.08,32.849999999999994,0
63000120,臺北市,北投區,2022,3.5752767123287668,85.06613698630137,21.808657534246574,22.120438356164385,13.5,5.049287671232876,98.76928767123287,288.5400000000001,1569.1999999999996,8.393333333333333,33.58333333333333,0
63000120,臺北市,北投區,2023,3.906078356164384,82.00008219178083,22.295999999999996,22.639753424657535,14.3,4.794657534246576,98.78309589041096,247.00000000000017,1705.5399999999997,7.16,34.19,0
63000120,臺北市,北投區,2024,3.7497833333333337,83.49806010928963,22.484071038251365,22.851775956284154,13.04,4.646284153005465,98.7587431693989,249.25000000000003,1780.6199999999997,8.27,32.53333333333333,0
63000120,臺北市,北投區,2025,4.213502994011975,84.13117808219178,22.112794520547947,22.304356164383563,13.240000000000002,4.747315068493151,98.75687671232878,302.6600000000001,1694.33,8.103333333333333,32.48666666666667,0
64000010,高雄市,鹽埕區,2013,4.506502191780822,78.7861095890411,25.646191780821916,26.821671232876717,5.66,5.208630136986301,101.22323287671233,0.0,2681.3599999999997,17.930000000000003,30.753333333333334,0
64000010,高雄市,鹽埕區,2014,4.60450602739726,78.29717808219178,25.624191780821917,26.866191780821918,6.620000000000001,4.802191780821919,101.25819178082192,0.0,2673.33,17.11,31.05666666666667,0
64000010,高雄市,鹽埕區,2015,4.826878630136986,79.87375342465754,25.8326301369863,26.85315068493151,7.07,4.9710684931506846,101.29652054794519,0.0,2749.4099999999994,17.826666666666668,30.62666666666667,0
64000010,高雄市,鹽埕區,2016,4.549348087431693,81.14590163934426,26.05502732240437,27.24633879781421,6.169999999999998,5.176366120218579,101.23650273224045,0.0,2838.3399999999997,15.636666666666665,30.94666666666667,0
64000010,高雄市,鹽埕區,2017,4.766560547945205,79.12153424657535,26.0787397260274,27.193479452054792,6.279999999999998,4.776027397260275,101.27301369863012,0.0,2839.2399999999993,18.23333333333333,30.96666666666667,0
64000010,高雄市,鹽埕區,2018,4.710832054794521,79.2304109589041,25.87367123287671,27.099506849315066,6.529999999999998,4.700684931506849,101.19709589041096,0.0,2764.3899999999994,16.96666666666667,30.86,0
64000010,高雄市,鹽埕區,2019,4.581201369863014,79.98402739726026,26.26221917808219,27.31315068493151,5.66,4.6258630136986305,101.20610958904109,0.0,2906.2099999999996,20.183333333333334,30.72,0
64000010,高雄市,鹽埕區,2020,4.872314207650273,78.2135519125683,26.390218579234975,27.545546448087432,6.579999999999998,4.809836065573769,101.29519125683058,0.0,2961.02,17.096666666666668,31.55333333333333,0
64000010,高雄市,鹽埕區,2021,4.837761095890412,78.27265753424658,26.13120547945206,27.293780821917814,6.82,4.874109589041096,101.23802739726027,0.0,2858.39,17.616666666666667,31.150000000000002,0
64000010,高雄市,鹽埕區,2022,4.783987123287671,79.21561643835615,26.27112328767123,27.387452054794522,5.830000000000002,4.914191780821918,101.19950684931507,0.0,2909.46,17.916666666666668,30.986666666666668,0
64000010,高雄市,鹽埕區,2023,4.72831890410959,79.37767123287672,26.221972602739722,27.208109589041094,6.050000000000001,4.8410958904109584,101.23706849315069,0.0,2891.5199999999995,17.89,31.553333333333338,0
64000010,高雄市,鹽埕區,2024,4.696710109289618,80.0714480874317,26.574890710382512,27.646475409836068,6.399999999999999,4.989836065573771,101.22448087431695,0.0,3028.6099999999997,17.686666666666667,31.80333333333333,0
64000010,高雄市,鹽埕區,2025,4.7404302395209585,80.04912328767122,26.036273972602743,27.270191780821914,6.539999999999999,4.946767123287671,101.22975342465752,0.0,2823.74,17.316666666666666,31.343333333333334,0
64000020,高雄市,鼓山區,2013,4.506502191780822,78.7861095890411,25.646191780821916,26.821671232876717,5.66,5.208630136986301,101.22323287671233,0.0,2681.3599999999997,17.930000000000003,30.753333333333334,0
64000020,高雄市,鼓山區,2014,4.60450602739726,78.29717808219178,25.624191780821917,26.866191780821918,6.620000000000001,4.802191780821919,101.25819178082192,0.0,2673.33,17.11,31.05666666666667,0
64000020,高雄市,鼓山區,2015,4.826878630136986,79.87375342465754,25.8326301369863,26.85315068493151,7.07,4.9710684931506846,101.29652054794519,0.0,2749.4099999999994,17.826666666666668,30.62666666666667,0
64000020,高雄市,鼓山區,2016,4.549348087431693,81.14590163934426,26.05502732240437,27.24633879781421,6.169999999999998,5.176366120218579,101.23650273224045,0.0,2838.3399999999997,15.636666666666665,30.94666666666667,0
64000020,高雄市,鼓山區,2017,4.766560547945205,79.12153424657535,26.0787397260274,27.193479452054792,6.279999999999998,4.776027397260275,101.27301369863012,0.0,2839.2399999999993,18.23333333333333,30.96666666666667,0
64000020,高雄市,鼓山區,2018,4.710832054794521,79.2304109589041,25.87367123287671,27.099506849315066,6.529999999999998,4.700684931506849,101.19709589041096,0.0,2764.3899999999994,16.96666666666667,30.86,0
64000020,高雄市,鼓山區,2019,4.581201369863014,79.98402739726026,26.26221917808219,27.31315068493151,5.66,4.6258630136986305,101.20610958904109,0.0,2906.2099999999996,20.183333333333334,30.72,0
64000020,高雄市,鼓山區,2020,4.872314207650273,78.2135519125683,26.390218579234975,27.545546448087432,6.579999999999998,4.809836065573769,101.29519125683058,0.0,2961.02,17.096666666666668,31.55333333333333,0
64000020,高雄市,鼓山區,2021,4.837761095890412,78.27265753424658,26.13120547945206,27.293780821917814,6.82,4.874109589041096,101.23802739726027,0.0,2858.39,17.616666666666667,31.150000000000002,0
64000020,高雄市,鼓山區,2022,4.783987123287671,79.21561643835615,26.27112328767123,27.387452054794522,5.830000000000002,4.914191780821918,101.19950684931507,0.0,2909.46,17.916666666666668,30.986666666666668,0
64000020,高雄市,鼓山區,2023,4.72831890410959,79.37767123287672,26.221972602739722,27.208109589041094,6.050000000000001,4.8410958904109584,101.23706849315069,0.0,2891.5199999999995,17.89,31.553333333333338,0
64000020,高雄市,鼓山區,2024,4.696710109289618,80.0714480874317,26.574890710382512,27.646475409836068,6.399999999999999,4.989836065573771,101.22448087431695,0.0,3028.6099999999997,17.686666666666667,31.80333333333333,0
64000020,高雄市,鼓山區,2025,4.7404302395209585,80.04912328767122,26.036273972602743,27.270191780821914,6.539999999999999,4.946767123287671,101.22975342465752,0.0,2823.74,17.316666666666666,31.343333333333334,0
64000030,高雄市,左營區,2013,4.506502191780822,78.7861095890411,25.646191780821916,26.821671232876717,5.66,5.208630136986301,101.22323287671233,0.0,2681.3599999999997,17.930000000000003,30.753333333333334,0
64000030,高雄市,左營區,2014,4.60450602739726,78.29717808219178,25.624191780821917,26.866191780821918,6.620000000000001,4.802191780821919,101.25819178082192,0.0,2673.33,17.11,31.05666666666667,0
64000030,高雄市,左營區,2015,4.826878630136986,79.87375342465754,25.8326301369863,26.85315068493151,7.07,4.9710684931506846,101.29652054794519,0.0,2749.4099999999994,17.826666666666668,30.62666666666667,0
64000030,高雄市,左營區,2016,4.549348087431693,81.14590163934426,26.05502732240437,27.24633879781421,6.169999999999998,5.176366120218579,101.23650273224045,0.0,2838.3399999999997,15.636666666666665,30.94666666666667,0
64000030,高雄市,左營區,2017,4.766560547945205,79.12153424657535,26.0787397260274,27.193479452054792,6.279999999999998,4.776027397260275,101.27301369863012,0.0,2839.2399999999993,18.23333333333333,30.96666666666667,0
64000030,高雄市,左營區,2018,4.710832054794521,79.2304109589041,25.87367123287671,27.099506849315066,6.529999999999998,4.700684931506849,101.19709589041096,0.0,2764.3899999999994,16.96666666666667,30.86,0
64000030,高雄市,左營區,2019,4.581201369863014,79.98402739726026,26.26221917808219,27.31315068493151,5.66,4.6258630136986305,101.20610958904109,0.0,2906.2099999999996,20.183333333333334,30.72,0
64000030,高雄市,左營區,2020,4.872314207650273,78.2135519125683,26.390218579234975,27.545546448087432,6.579999999999998,4.809836065573769,101.29519125683058,0.0,2961.02,17.096666666666668,31.55333333333333,0
64000030,高雄市,左營區,2021,4.837761095890412,78.27265753424658,26.13120547945206,27.293780821917814,6.82,4.874109589041096,101.23802739726027,0.0,2858.39,17.616666666666667,31.150000000000002,0
64000030,高雄市,左營區,2022,4.783987123287671,79.21561643835615,26.27112328767123,27.387452054794522,5.830000000000002,4.914191780821918,101.19950684931507,0.0,2909.46,17.916666666666668,30.986666666666668,0
64000030,高雄市,左營區,2023,4.72831890410959,79.37767123287672,26.221972602739722,27.208109589041094,6.050000000000001,4.8410958904109584,101.23706849315069,0.0,2891.5199999999995,17.89,31.553333333333338,0
64000030,高雄市,左營區,2024,4.696710109289618,80.0714480874317,26.574890710382512,27.646475409836068,6.399999999999999,4.989836065573771,101.22448087431695,0.0,3028.6099999999997,17.686666666666667,31.80333333333333,0
64000030,高雄市,左營區,2025,4.7404302395209585,80.04912328767122,26.036273972602743,27.270191780821914,6.539999999999999,4.946767123287671,101.22975342465752,0.0,2823.74,17.316666666666666,31.343333333333334,0
64000040,高雄市,楠梓區,2013,4.506502191780822,78.7861095890411,25.646191780821916,26.821671232876717,5.66,5.208630136986301,101.22323287671233,0.0,2681.3599999999997,17.930000000000003,30.753333333333334,0
64000040,高雄市,楠梓區,2014,4.60450602739726,78.29717808219178,25.624191780821917,26.866191780821918,6.620000000000001,4.802191780821919,101.25819178082192,0.0,2673.33,17.11,31.05666666666667,0
64000040,高雄市,楠梓區,2015,4.826878630136986,79.87375342465754,25.8326301369863,26.85315068493151,7.07,4.9710684931506846,101.29652054794519,0.0,2749.4099999999994,17.826666666666668,30.62666666666667,0
64000040,高雄市,楠梓區,2016,4.549348087431693,81.14590163934426,26.05502732240437,27.24633879781421,6.169999999999998,5.176366120218579,101.23650273224045,0.0,2838.3399999999997,15.636666666666665,30.94666666666667,0
64000040,高雄市,楠梓區,2017,4.766560547945205,79.12153424657535,26.0787397260274,27.193479452054792,6.279999999999998,4.776027397260275,101.27301369863012,0.0,2839.2399999999993,18.23333333333333,30.96666666666667,0
64000040,高雄市,楠梓區,2018,4.710832054794521,79.2304109589041,25.87367123287671,27.099506849315066,6.529999999999998,4.700684931506849,101.19709589041096,0.0,2764.3899999999994,16.96666666666667,30.86,0
64000040,高雄市,楠梓區,2019,4.581201369863014,79.98402739726026,26.26221917808219,27.31315068493151,5.66,4.6258630136986305,101.20610958904109,0.0,2906.2099999999996,20.183333333333334,30.72,0
64000040,高雄市,楠梓區,2020,4.872314207650273,78.2135519125683,26.390218579234975,27.545546448087432,6.579999999999998,4.809836065573769,101.29519125683058,0.0,2961.02,17.096666666666668,31.55333333333333,0
64000040,高雄市,楠梓區,2021,4.837761095890412,78.27265753424658,26.13120547945206,27.293780821917814,6.82,4.874109589041096,101.23802739726027,0.0,2858.39,17.616666666666667,31.150000000000002,0
64000040,高雄市,楠梓區,2022,4.783987123287671,79.21561643835615,26.27112328767123,27.387452054794522,5.830000000000002,4.914191780821918,101.19950684931507,0.0,2909.46,17.916666666666668,30.986666666666668,0
64000040,高雄市,楠梓區,2023,4.72831890410959,79.37767123287672,26.221972602739722,27.208109589041094,6.050000000000001,4.8410958904109584,101.23706849315069,0.0,2891.5199999999995,17.89,31.553333333333338,0
64000040,高雄市,楠梓區,2024,4.696710109289618,80.0714480874317,26.574890710382512,27.646475409836068,6.399999999999999,4.989836065573771,101.22448087431695,0.0,3028.6099999999997,17.686666666666667,31.80333333333333,0
64000040,高雄市,楠梓區,2025,4.7404302395209585,80.04912328767122,26.036273972602743,27.270191780821914,6.539999999999999,4.946767123287671,101.22975342465752,0.0,2823.74,17.316666666666666,31.343333333333334,0
64000050,高雄市,三民區,2013,4.506502191780822,76.31531506849315,24.73109589041096,26.404191780821918,6.899999999999999,4.248465753424657,98.82761643835615,0.0,2347.3499999999995,14.266666666666666,31.793333333333333,0
64000050,高雄市,三民區,2014,4.60450602739726,74.90369863013699,24.742027397260273,26.702739726027396,8.2,3.9559726027397257,98.86775342465754,0.0,2351.3399999999997,14.126666666666667,32.550000000000004,0
64000050,高雄市,三民區,2015,4.826878630136986,76.4053698630137,25.042383561643835,26.851780821917806,8.25,4.020767123287671,98.91446575342465,0.0,2460.9699999999993,14.633333333333333,32.629999999999995,0
64000050,高雄市,三民區,2016,4.549348087431693,80.35639344262295,24.89396174863388,26.187732240437157,7.32,4.160218579234973,98.855956284153,0.0,2413.39,12.64,31.816666666666666,0
64000050,高雄市,三民區,2017,4.766560547945205,77.22868493150685,25.089013698630136,26.629452054794527,6.259999999999998,3.9845479452054797,98.88594520547944,0.0,2477.99,15.64,32.303333333333335,0
64000050,高雄市,三民區,2018,4.710832054794521,76.18778082191783,25.189397260273974,27.111835616438356,9.2,3.692109589041096,98.81027397260274,0.0,2514.63,13.766666666666666,33.71,0
64000050,高雄市,三民區,2019,4.581201369863014,77.44616438356164,25.446027397260274,27.001561643835622,5.379999999999999,3.605671232876712,98.82471232876713,0.0,2608.2999999999993,17.540000000000003,32.086666666666666,0
64000050,高雄市,三民區,2020,4.872314207650273,75.8127868852459,25.45543715846994,27.179781420765032,6.759999999999998,3.970901639344262,98.90786885245902,0.0,2618.8899999999994,14.6,32.93666666666667,0
64000050,高雄市,三民區,2021,4.837761095890412,74.72443835616438,25.38728767123288,27.316109589041098,10.639999999999997,4.013534246575342,98.8467397260274,0.0,2586.8599999999997,14.770000000000001,33.23333333333334,0
64000050,高雄市,三民區,2022,4.783987123287671,75.3121917808219,25.602493150684932,27.37306849315068,6.73,3.8783013698630135,98.80835616438357,0.0,2665.41,15.496666666666664,33.28666666666667,0
64000050,高雄市,三民區,2023,4.72831890410959,74.39994520547945,25.772109589041094,27.7586301369863,7.419999999999998,3.907890410958904,98.85238356164382,0.0,2727.3199999999997,15.366666666666667,34.39,0
64000050,高雄市,三民區,2024,4.696710109289618,76.29510928961749,25.822377049180332,27.49273224043716,7.93,3.9270491803278693,98.84366120218581,0.0,2753.1899999999996,15.62,33.43666666666667,0
64000050,高雄市,三民區,2025,4.7404302395209585,77.61509589041096,25.177315068493147,26.67964383561644,9.010000000000002,4.000602739726028,98.83950684931509,0.0,2510.2200000000003,15.323333333333332,32.85999999999999,0
64000060,高雄市,新興區,2013,4.506502191780822,78.7861095890411,25.646191780821916,26.821671232876717,5.66,5.208630136986301,101.22323287671233,0.0,2681.3599999999997,17.930000000000003,30.753333333333334,0
64000060,高雄市,新興區,2014,4.60450602739726,78.29717808219178,25.624191780821917,26.866191780821918,6.620000000000001,4.802191780821919,101.25819178082192,0.0,2673.33,17.11,31.05666666666667,0
64000060,高雄市,新興區,2015,4.826878630136986,79.87375342465754,25.8326301369863,26.85315068493151,7.07,4.9710684931506846,101.29652054794519,0.0,2749.4099999999994,17.826666666666668,30.62666666666667,0
64000060,高雄市,新興區,2016,4.549348087431693,81.14590163934426,26.05502732240437,27.24633879781421,6.169999999999998,5.176366120218579,101.23650273224045,0.0,2838.3399999999997,15.636666666666665,30.94666666666667,0
64000060,高雄市,新興區,2017,4.766560547945205,79.12153424657535,26.0787397260274,27.193479452054792,6.279999999999998,4.776027397260275,101.27301369863012,0.0,2839.2399999999993,18.23333333333333,30.96666666666667,0
64000060,高雄市,新興區,2018,4.710832054794521,79.2304109589041,25.87367123287671,27.099506849315066,6.529999999999998,4.700684931506849,101.19709589041096,0.0,2764.3899999999994,16.96666666666667,30.86,0
64000060,高雄市,新興區,2019,4.581201369863014,79.98402739726026,26.26221917808219,27.31315068493151,5.66,4.6258630136986305,101.20610958904109,0.0,2906.2099999999996,20.183333333333334,30.72,0
64000060,高雄市,新興區,2020,4.872314207650273,78.2135519125683,26.390218579234975,27.545546448087432,6.579999999999998,4.809836065573769,101.29519125683058,0.0,2961.02,17.096666666666668,31.55333333333333,0
64000060,高雄市,新興區,2021,4.837761095890412,78.27265753424658,26.13120547945206,27.293780821917814,6.82,4.874109589041096,101.23802739726027,0.0,2858.39,17.616666666666667,31.150000000000002,0
64000060,高雄市,新興區,2022,4.783987123287671,79.21561643835615,26.27112328767123,27.387452054794522,5.830000000000002,4.914191780821918,101.19950684931507,0.0,2909.46,17.916666666666668,30.986666666666668,0
64000060,高雄市,新興區,2023,4.72831890410959,79.37767123287672,26.221972602739722,27.208109589041094,6.050000000000001,4.8410958904109584,101.23706849315069,0.0,2891.5199999999995,17.89,31.553333333333338,0
64000060,高雄市,新興區,2024,4.696710109289618,80.0714480874317,26.574890710382512,27.646475409836068,6.399999999999999,4.989836065573771,101.22448087431695,0.0,3028.6099999999997,17.686666666666667,31.80333333333333,0
64000060,高雄市,新興區,2025,4.7404302395209585,80.04912328767122,26.036273972602743,27.270191780821914,6.539999999999999,4.946767123287671,101.22975342465752,0.0,2823.74,17.316666666666666,31.343333333333334,0
64000070,高雄市,前金區,2013,4.506502191780822,78.7861095890411,25.646191780821916,26.821671232876717,5.66,5.208630136986301,101.22323287671233,0.0,2681.3599999999997,17.930000000000003,30.753333333333334,0
64000070,高雄市,前金區,2014,4.60450602739726,78.29717808219178,25.624191780821917,26.866191780821918,6.620000000000001,4.802191780821919,101.25819178082192,0.0,2673.33,17.11,31.05666666666667,0
64000070,高雄市,前金區,2015,4.826878630136986,79.87375342465754,25.8326301369863,26.85315068493151,7.07,4.9710684931506846,101.29652054794519,0.0,2749.4099999999994,17.826666666666668,30.62666666666667,0
64000070,高雄市,前金區,2016,4.549348087431693,81.14590163934426,26.05502732240437,27.24633879781421,6.169999999999998,5.176366120218579,101.23650273224045,0.0,2838.3399999999997,15.636666666666665,30.94666666666667,0
64000070,高雄市,前金區,2017,4.766560547945205,79.12153424657535,26.0787397260274,27.193479452054792,6.279999999999998,4.776027397260275,101.27301369863012,0.0,2839.2399999999993,18.23333333333333,30.96666666666667,0
64000070,高雄市,前金區,2018,4.710832054794521,79.2304109589041,25.87367123287671,27.099506849315066,6.529999999999998,4.700684931506849,101.19709589041096,0.0,2764.3899999999994,16.96666666666667,30.86,0
64000070,高雄市,前金區,2019,4.581201369863014,79.98402739726026,26.26221917808219,27.31315068493151,5.66,4.6258630136986305,101.20610958904109,0.0,2906.2099999999996,20.183333333333334,30.72,0
64000070,高雄市,前金區,2020,4.872314207650273,78.2135519125683,26.390218579234975,27.545546448087432,6.579999999999998,4.809836065573769,101.29519125683058,0.0,2961.02,17.096666666666668,31.55333333333333,0
64000070,高雄市,前金區,2021,4.837761095890412,78.27265753424658,26.13120547945206,27.293780821917814,6.82,4.874109589041096,101.23802739726027,0.0,2858.39,17.616666666666667,31.150000000000002,0
64000070,高雄市,前金區,2022,4.783987123287671,79.21561643835615,26.27112328767123,27.387452054794522,5.830000000000002,4.914191780821918,101.19950684931507,0.0,2909.46,17.916666666666668,30.986666666666668,0
64000070,高雄市,前金區,2023,4.72831890410959,79.37767123287672,26.221972602739722,27.208109589041094,6.050000000000001,4.8410958904109584,101.23706849315069,0.0,2891.5199999999995,17.89,31.553333333333338,0
64000070,高雄市,前金區,2024,4.696710109289618,80.0714480874317,26.574890710382512,27.646475409836068,6.399999999999999,4.989836065573771,101.22448087431695,0.0,3028.6099999999997,17.686666666666667,31.80333333333333,0
64000070,高雄市,前金區,2025,4.7404302395209585,80.04912328767122,26.036273972602743,27.270191780821914,6.539999999999999,4.946767123287671,101.22975342465752,0.0,2823.74,17.316666666666666,31.343333333333334,0
64000080,高雄市,苓雅區,2013,4.506502191780822,76.31531506849315,24.73109589041096,26.404191780821918,6.899999999999999,4.248465753424657,98.82761643835615,0.0,2347.3499999999995,14.266666666666666,31.793333333333333,0
64000080,高雄市,苓雅區,2014,4.60450602739726,74.90369863013699,24.742027397260273,26.702739726027396,8.2,3.9559726027397257,98.86775342465754,0.0,2351.3399999999997,14.126666666666667,32.550000000000004,0
64000080,高雄市,苓雅區,2015,4.826878630136986,76.4053698630137,25.042383561643835,26.851780821917806,8.25,4.020767123287671,98.91446575342465,0.0,2460.9699999999993,14.633333333333333,32.629999999999995,0
64000080,高雄市,苓雅區,2016,4.549348087431693,80.35639344262295,24.89396174863388,26.187732240437157,7.32,4.160218579234973,98.855956284153,0.0,2413.39,12.64,31.816666666666666,0
64000080,高雄市,苓雅區,2017,4.766560547945205,77.22868493150685,25.089013698630136,26.629452054794527,6.259999999999998,3.9845479452054797,98.88594520547944,0.0,2477.99,15.64,32.303333333333335,0
64000080,高雄市,苓雅區,2018,4.710832054794521,76.18778082191783,25.189397260273974,27.111835616438356,9.2,3.692109589041096,98.81027397260274,0.0,2514.63,13.766666666666666,33.71,0
64000080,高雄市,苓雅區,2019,4.581201369863014,77.44616438356164,25.446027397260274,27.001561643835622,5.379999999999999,3.605671232876712,98.82471232876713,0.0,2608.2999999999993,17.540000000000003,32.086666666666666,0
64000080,高雄市,苓雅區,2020,4.872314207650273,75.8127868852459,25.45543715846994,27.179781420765032,6.759999999999998,3.970901639344262,98.90786885245902,0.0,2618.8899999999994,14.6,32.93666666666667,0
64000080,高雄市,苓雅區,2021,4.837761095890412,74.72443835616438,25.38728767123288,27.316109589041098,10.639999999999997,4.013534246575342,98.8467397260274,0.0,2586.8599999999997,14.770000000000001,33.23333333333334,0
64000080,高雄市,苓雅區,2022,4.783987123287671,75.3121917808219,25.602493150684932,27.37306849315068,6.73,3.8783013698630135,98.80835616438357,0.0,2665.41,15.496666666666664,33.28666666666667,0
64000080,高雄市,苓雅區,2023,4.72831890410959,74.39994520547945,25.772109589041094,27.7586301369863,7.419999999999998,3.907890410958904,98.85238356164382,0.0,2727.3199999999997,15.366666666666667,34.39,0
64000080,高雄市,苓雅區,2024,4.696710109289618,76.29510928961749,25.822377049180332,27.49273224043716,7.93,3.9270491803278693,98.84366120218581,0.0,2753.1899999999996,15.62,33.43666666666667,0
64000080,高雄市,苓雅區,2025,4.7404302395209585,77.61509589041096,25.177315068493147,26.67964383561644,9.010000000000002,4.000602739726028,98.83950684931509,0.0,2510.2200000000003,15.323333333333332,32.85999999999999,0
64000090,高雄市,前鎮區,2013,4.506502191780822,76.31531506849315,24.73109589041096,26.404191780821918,6.899999999999999,4.248465753424657,98.82761643835615,0.0,2347.3499999999995,14.266666666666666,31.793333333333333,0
64000090,高雄市,前鎮區,2014,4.60450602739726,74.90369863013699,24.742027397260273,26.702739726027396,8.2,3.9559726027397257,98.86775342465754,0.0,2351.3399999999997,14.126666666666667,32.550000000000004,0
64000090,高雄市,前鎮區,2015,4.826878630136986,76.4053698630137,25.042383561643835,26.851780821917806,8.25,4.020767123287671,98.91446575342465,0.0,2460.9699999999993,14.633333333333333,32.629999999999995,0
64000090,高雄市,前鎮區,2016,4.549348087431693,80.35639344262295,24.89396174863388,26.187732240437157,7.32,4.160218579234973,98.855956284153,0.0,2413.39,12.64,31.816666666666666,0
64000090,高雄市,前鎮區,2017,4.766560547945205,77.22868493150685,25.089013698630136,26.629452054794527,6.259999999999998,3.9845479452054797,98.88594520547944,0.0,2477.99,15.64,32.303333333333335,0
64000090,高雄市,前鎮區,2018,4.710832054794521,76.18778082191783,25.189397260273974,27.111835616438356,9.2,3.692109589041096,98.81027397260274,0.0,2514.63,13.766666666666666,33.71,0
64000090,高雄市,前鎮區,2019,4.581201369863014,77.44616438356164,25.446027397260274,27.001561643835622,5.379999999999999,3.605671232876712,98.82471232876713,0.0,2608.2999999999993,17.540000000000003,32.086666666666666,0
64000090,高雄市,前鎮區,2020,4.872314207650273,75.8127868852459,25.45543715846994,27.179781420765032,6.759999999999998,3.970901639344262,98.90786885245902,0.0,2618.8899999999994,14.6,32.93666666666667,0
64000090,高雄市,前鎮區,2021,4.837761095890412,74.72443835616438,25.38728767123288,27.316109589041098,10.639999999999997,4.013534246575342,98.8467397260274,0.0,2586.8599999999997,14.770000000000001,33.23333333333334,0
64000090,高雄市,前鎮區,2022,4.783987123287671,75.3121917808219,25.602493150684932,27.37306849315068,6.73,3.8783013698630135,98.80835616438357,0.0,2665.41,15.496666666666664,33.28666666666667,0
64000090,高雄市,前鎮區,2023,4.72831890410959,74.39994520547945,25.772109589041094,27.7586301369863,7.419999999999998,3.907890410958904,98.85238356164382,0.0,2727.3199999999997,15.366666666666667,34.39,0
64000090,高雄市,前鎮區,2024,4.696710109289618,76.29510928961749,25.822377049180332,27.49273224043716,7.93,3.9270491803278693,98.84366120218581,0.0,2753.1899999999996,15.62,33.43666666666667,0
64000090,高雄市,前鎮區,2025,4.7404302395209585,77.61509589041096,25.177315068493147,26.67964383561644,9.010000000000002,4.000602739726028,98.83950684931509,0.0,2510.2200000000003,15.323333333333332,32.85999999999999,0
64000100,高雄市,旗津區,2013,4.498828767123288,80.17838356164383,26.04731506849315,27.09882191780822,5.370000000000001,6.471561643835616,101.2058630136986,0.0,2827.7699999999995,19.34,30.189999999999998,0
64000100,高雄市,旗津區,2014,4.688961917808219,79.67117808219179,25.976657534246574,27.106246575342468,6.240000000000002,5.965753424657534,101.24419178082191,0.0,2801.9799999999996,18.513333333333335,30.733333333333334,0
64000100,高雄市,旗津區,2015,4.760336438356165,80.50917808219178,26.23720547945205,27.14005479452055,6.27,5.890054794520547,101.288301369863,0.0,2897.0799999999995,19.063333333333333,30.436666666666667,0
64000100,高雄市,旗津區,2016,4.475819945355191,81.7755737704918,26.49087431693989,27.570737704918034,5.720000000000002,6.167185792349727,101.22404371584697,0.0,2997.8599999999997,17.183333333333334,30.653333333333332,0
64000100,高雄市,旗津區,2017,4.664930410958904,80.13884931506848,26.463698630136985,27.433780821917804,5.59,6.019369863013698,101.25813698630137,0.0,2979.7499999999995,19.49,30.566666666666666,0
64000100,高雄市,旗津區,2018,4.6807849315068495,80.20608219178082,26.294630136986303,27.404931506849312,5.960000000000001,5.705835616438357,101.18317808219179,0.0,2918.0399999999995,18.323333333333334,30.293333333333333,0
64000100,高雄市,旗津區,2019,4.6040854794520545,80.40742465753424,26.681506849315067,27.565808219178088,4.870000000000001,5.391013698630136,101.1945205479452,0.0,3059.25,21.49666666666667,30.436666666666667,0
64000100,高雄市,旗津區,2020,4.8262871584699445,79.25412568306011,26.75311475409836,27.793907103825134,5.870000000000001,5.936803278688524,101.28193989071039,0.0,3093.8399999999992,18.63,30.66,0
64000100,高雄市,旗津區,2021,4.853482191780823,79.76810958904109,26.48682191780822,27.577397260273976,5.52,6.046931506849315,101.22558904109589,0.0,2988.1899999999996,19.299999999999997,30.606666666666666,0
64000100,高雄市,旗津區,2022,4.669439178082191,79.97457534246574,26.726657534246574,27.709205479452063,5.289999999999999,5.981232876712329,101.18213698630136,0.0,3075.7299999999996,19.136666666666667,31.063333333333333,0
64000100,高雄市,旗津區,2023,4.722908219178083,80.47046575342465,26.61750684931507,27.466876712328766,5.41,5.849452054794521,101.2254794520548,0.0,3035.8899999999994,19.473333333333333,30.823333333333334,0
64000100,高雄市,旗津區,2024,4.621259016393442,80.9214480874317,26.988715846994538,27.944426229508196,5.759999999999998,5.869808743169399,101.20956284153004,0.0,3180.0699999999997,19.05333333333333,31.24333333333333,0
64000100,高雄市,旗津區,2025,4.776948502994012,81.1444109589041,26.44778082191781,27.579643835616437,6.25,6.110849315068493,101.21076712328767,0.0,2973.9399999999996,18.75333333333333,30.546666666666667,0
64000110,高雄市,小港區,2013,4.506502191780822,76.31531506849315,24.73109589041096,26.404191780821918,6.899999999999999,4.248465753424657,98.82761643835615,0.0,2347.3499999999995,14.266666666666666,31.793333333333333,0
64000110,高雄市,小港區,2014,4.60450602739726,74.90369863013699,24.742027397260273,26.702739726027396,8.2,3.9559726027397257,98.86775342465754,0.0,2351.3399999999997,14.126666666666667,32.550000000000004,0
64000110,高雄市,小港區,2015,4.826878630136986,76.4053698630137,25.042383561643835,26.851780821917806,8.25,4.020767123287671,98.91446575342465,0.0,2460.9699999999993,14.633333333333333,32.629999999999995,0
64000110,高雄市,小港區,2016,4.549348087431693,80.35639344262295,24.89396174863388,26.187732240437157,7.32,4.160218579234973,98.855956284153,0.0,2413.39,12.64,31.816666666666666,0
64000110,高雄市,小港區,2017,4.766560547945205,77.22868493150685,25.089013698630136,26.629452054794527,6.259999999999998,3.9845479452054797,98.88594520547944,0.0,2477.99,15.64,32.303333333333335,0
64000110,高雄市,小港區,2018,4.710832054794521,76.18778082191783,25.189397260273974,27.111835616438356,9.2,3.692109589041096,98.81027397260274,0.0,2514.63,13.766666666666666,33.71,0
64000110,高雄市,小港區,2019,4.581201369863014,77.44616438356164,25.446027397260274,27.001561643835622,5.379999999999999,3.605671232876712,98.82471232876713,0.0,2608.2999999999993,17.540000000000003,32.086666666666666,0
64000110,高雄市,小港區,2020,4.872314207650273,75.8127868852459,25.45543715846994,27.179781420765032,6.759999999999998,3.970901639344262,98.90786885245902,0.0,2618.8899999999994,14.6,32.93666666666667,0
64000110,高雄市,小港區,2021,4.837761095890412,74.72443835616438,25.38728767123288,27.316109589041098,10.639999999999997,4.013534246575342,98.8467397260274,0.0,2586.8599999999997,14.770000000000001,33.23333333333334,0
64000110,高雄市,小港區,2022,4.783987123287671,75.3121917808219,25.602493150684932,27.37306849315068,6.73,3.8783013698630135,98.80835616438357,0.0,2665.41,15.496666666666664,33.28666666666667,0
64000110,高雄市,小港區,2023,4.72831890410959,74.39994520547945,25.772109589041094,27.7586301369863,7.419999999999998,3.907890410958904,98.85238356164382,0.0,2727.3199999999997,15.366666666666667,34.39,0
64000110,高雄市,小港區,2024,4.696710109289618,76.29510928961749,25.822377049180332,27.49273224043716,7.93,3.9270491803278693,98.84366120218581,0.0,2753.1899999999996,15.62,33.43666666666667,0
64000110,高雄市,小港區,2025,4.7404302395209585,77.61509589041096,25.177315068493147,26.67964383561644,9.010000000000002,4.000602739726028,98.83950684931509,0.0,2510.2200000000003,15.323333333333332,32.85999999999999,0
64000120,高雄市,鳳山區,2013,4.506502191780822,76.31531506849315,24.73109589041096,26.404191780821918,6.899999999999999,4.248465753424657,98.82761643835615,0.0,2347.3499999999995,14.266666666666666,31.793333333333333,0
64000120,高雄市,鳳山區,2014,4.60450602739726,74.90369863013699,24.742027397260273,26.702739726027396,8.2,3.9559726027397257,98.86775342465754,0.0,2351.3399999999997,14.126666666666667,32.550000000000004,0
64000120,高雄市,鳳山區,2015,4.826878630136986,76.4053698630137,25.042383561643835,26.851780821917806,8.25,4.020767123287671,98.91446575342465,0.0,2460.9699999999993,14.633333333333333,32.629999999999995,0
64000120,高雄市,鳳山區,2016,4.549348087431693,80.35639344262295,24.89396174863388,26.187732240437157,7.32,4.160218579234973,98.855956284153,0.0,2413.39,12.64,31.816666666666666,0
64000120,高雄市,鳳山區,2017,4.766560547945205,77.22868493150685,25.089013698630136,26.629452054794527,6.259999999999998,3.9845479452054797,98.88594520547944,0.0,2477.99,15.64,32.303333333333335,0
64000120,高雄市,鳳山區,2018,4.710832054794521,76.18778082191783,25.189397260273974,27.111835616438356,9.2,3.692109589041096,98.81027397260274,0.0,2514.63,13.766666666666666,33.71,0
64000120,高雄市,鳳山區,2019,4.581201369863014,77.44616438356164,25.446027397260274,27.001561643835622,5.379999999999999,3.605671232876712,98.82471232876713,0.0,2608.2999999999993,17.540000000000003,32.086666666666666,0
64000120,高雄市,鳳山區,2020,4.872314207650273,75.8127868852459,25.45543715846994,27.179781420765032,6.759999999999998,3.970901639344262,98.90786885245902,0.0,2618.8899999999994,14.6,32.93666666666667,0
64000120,高雄市,鳳山區,2021,4.837761095890412,74.72443835616438,25.38728767123288,27.316109589041098,10.639999999999997,4.013534246575342,98.8467397260274,0.0,2586.8599999999997,14.770000000000001,33.23333333333334,0
64000120,高雄市,鳳山區,2022,4.783987123287671,75.3121917808219,25.602493150684932,27.37306849315068,6.73,3.8783013698630135,98.80835616438357,0.0,2665.41,15.496666666666664,33.28666666666667,0
64000120,高雄市,鳳山區,2023,4.72831890410959,74.39994520547945,25.772109589041094,27.7586301369863,7.419999999999998,3.907890410958904,98.85238356164382,0.0,2727.3199999999997,15.366666666666667,34.39,0
64000120,高雄市,鳳山區,2024,4.696710109289618,76.29510928961749,25.822377049180332,27.49273224043716,7.93,3.9270491803278693,98.84366120218581,0.0,2753.1899999999996,15.62,33.43666666666667,0
64000120,高雄市,鳳山區,2025,4.7404302395209585,77.61509589041096,25.177315068493147,26.67964383561644,9.010000000000002,4.000602739726028,98.83950684931509,0.0,2510.2200000000003,15.323333333333332,32.85999999999999,0
64000130,高雄市,林園區,2013,4.506502191780822,76.31531506849315,24.73109589041096,26.404191780821918,6.899999999999999,4.248465753424657,98.82761643835615,0.0,2347.3499999999995,14.266666666666666,31.793333333333333,0
64000130,高雄市,林園區,2014,4.60450602739726,74.90369863013699,24.742027397260273,26.702739726027396,8.2,3.9559726027397257,98.86775342465754,0.0,2351.3399999999997,14.126666666666667,32.550000000000004,0
64000130,高雄市,林園區,2015,4.826878630136986,76.4053698630137,25.042383561643835,26.851780821917806,8.25,4.020767123287671,98.91446575342465,0.0,2460.9699999999993,14.633333333333333,32.629999999999995,0
64000130,高雄市,林園區,2016,4.549348087431693,80.35639344262295,24.89396174863388,26.187732240437157,7.32,4.160218579234973,98.855956284153,0.0,2413.39,12.64,31.816666666666666,0
64000130,高雄市,林園區,2017,4.766560547945205,77.22868493150685,25.089013698630136,26.629452054794527,6.259999999999998,3.9845479452054797,98.88594520547944,0.0,2477.99,15.64,32.303333333333335,0
64000130,高雄市,林園區,2018,4.710832054794521,76.18778082191783,25.189397260273974,27.111835616438356,9.2,3.692109589041096,98.81027397260274,0.0,2514.63,13.766666666666666,33.71,0
64000130,高雄市,林園區,2019,4.581201369863014,77.44616438356164,25.446027397260274,27.001561643835622,5.379999999999999,3.605671232876712,98.82471232876713,0.0,2608.2999999999993,17.540000000000003,32.086666666666666,0
64000130,高雄市,林園區,2020,4.872314207650273,75.8127868852459,25.45543715846994,27.179781420765032,6.759999999999998,3.970901639344262,98.90786885245902,0.0,2618.8899999999994,14.6,32.93666666666667,0
64000130,高雄市,林園區,2021,4.837761095890412,74.72443835616438,25.38728767123288,27.316109589041098,10.639999999999997,4.013534246575342,98.8467397260274,0.0,2586.8599999999997,14.770000000000001,33.23333333333334,0
64000130,高雄市,林園區,2022,4.783987123287671,75.3121917808219,25.602493150684932,27.37306849315068,6.73,3.8783013698630135,98.80835616438357,0.0,2665.41,15.496666666666664,33.28666666666667,0
64000130,高雄市,林園區,2023,4.72831890410959,74.39994520547945,25.772109589041094,27.7586301369863,7.419999999999998,3.907890410958904,98.85238356164382,0.0,2727.3199999999997,15.366666666666667,34.39,0
64000130,高雄市,林園區,2024,4.696710109289618,76.29510928961749,25.822377049180332,27.49273224043716,7.93,3.9270491803278693,98.84366120218581,0.0,2753.1899999999996,15.62,33.43666666666667,0
64000130,高雄市,林園區,2025,4.7404302395209585,77.61509589041096,25.177315068493147,26.67964383561644,9.010000000000002,4.000602739726028,98.83950684931509,0.0,2510.2200000000003,15.323333333333332,32.85999999999999,0
64000140,高雄市,大寮區,2013,4.506502191780822,76.31531506849315,24.73109589041096,26.404191780821918,6.899999999999999,4.248465753424657,98.82761643835615,0.0,2347.3499999999995,14.266666666666666,31.793333333333333,0
64000140,高雄市,大寮區,2014,4.60450602739726,74.90369863013699,24.742027397260273,26.702739726027396,8.2,3.9559726027397257,98.86775342465754,0.0,2351.3399999999997,14.126666666666667,32.550000000000004,0
64000140,高雄市,大寮區,2015,4.826878630136986,76.4053698630137,25.042383561643835,26.851780821917806,8.25,4.020767123287671,98.91446575342465,0.0,2460.9699999999993,14.633333333333333,32.629999999999995,0
64000140,高雄市,大寮區,2016,4.549348087431693,80.35639344262295,24.89396174863388,26.187732240437157,7.32,4.160218579234973,98.855956284153,0.0,2413.39,12.64,31.816666666666666,0
64000140,高雄市,大寮區,2017,4.766560547945205,77.22868493150685,25.089013698630136,26.629452054794527,6.259999999999998,3.9845479452054797,98.88594520547944,0.0,2477.99,15.64,32.303333333333335,0
64000140,高雄市,大寮區,2018,4.710832054794521,76.18778082191783,25.189397260273974,27.111835616438356,9.2,3.692109589041096,98.81027397260274,0.0,2514.63,13.766666666666666,33.71,0
64000140,高雄市,大寮區,2019,4.581201369863014,77.44616438356164,25.446027397260274,27.001561643835622,5.379999999999999,3.605671232876712,98.82471232876713,0.0,2608.2999999999993,17.540000000000003,32.086666666666666,0
64000140,高雄市,大寮區,2020,4.872314207650273,75.8127868852459,25.45543715846994,27.179781420765032,6.759999999999998,3.970901639344262,98.90786885245902,0.0,2618.8899999999994,14.6,32.93666666666667,0
64000140,高雄市,大寮區,2021,4.837761095890412,74.72443835616438,25.38728767123288,27.316109589041098,10.639999999999997,4.013534246575342,98.8467397260274,0.0,2586.8599999999997,14.770000000000001,33.23333333333334,0
64000140,高雄市,大寮區,2022,4.783987123287671,75.3121917808219,25.602493150684932,27.37306849315068,6.73,3.8783013698630135,98.80835616438357,0.0,2665.41,15.496666666666664,33.28666666666667,0
64000140,高雄市,大寮區,2023,4.72831890410959,74.39994520547945,25.772109589041094,27.7586301369863,7.419999999999998,3.907890410958904,98.85238356164382,0.0,2727.3199999999997,15.366666666666667,34.39,0
64000140,高雄市,大寮區,2024,4.696710109289618,76.29510928961749,25.822377049180332,27.49273224043716,7.93,3.9270491803278693,98.84366120218581,0.0,2753.1899999999996,15.62,33.43666666666667,0
64000140,高雄市,大寮區,2025,4.7404302395209585,77.61509589041096,25.177315068493147,26.67964383561644,9.010000000000002,4.000602739726028,98.83950684931509,0.0,2510.2200000000003,15.323333333333332,32.85999999999999,0
64000150,高雄市,大樹區,2013,4.506502191780822,76.31531506849315,24.73109589041096,26.404191780821918,6.899999999999999,4.248465753424657,98.82761643835615,0.0,2347.3499999999995,14.266666666666666,31.793333333333333,0
64000150,高雄市,大樹區,2014,4.60450602739726,74.90369863013699,24.742027397260273,26.702739726027396,8.2,3.9559726027397257,98.86775342465754,0.0,2351.3399999999997,14.126666666666667,32.550000000000004,0
64000150,高雄市,大樹區,2015,4.826878630136986,76.4053698630137,25.042383561643835,26.851780821917806,8.25,4.020767123287671,98.91446575342465,0.0,2460.9699999999993,14.633333333333333,32.629999999999995,0
64000150,高雄市,大樹區,2016,4.549348087431693,80.35639344262295,24.89396174863388,26.187732240437157,7.32,4.160218579234973,98.855956284153,0.0,2413.39,12.64,31.816666666666666,0
64000150,高雄市,大樹區,2017,4.766560547945205,77.22868493150685,25.089013698630136,26.629452054794527,6.259999999999998,3.9845479452054797,98.88594520547944,0.0,2477.99,15.64,32.303333333333335,0
64000150,高雄市,大樹區,2018,4.710832054794521,76.18778082191783,25.189397260273974,27.111835616438356,9.2,3.692109589041096,98.81027397260274,0.0,2514.63,13.766666666666666,33.71,0
64000150,高雄市,大樹區,2019,4.581201369863014,77.44616438356164,25.446027397260274,27.001561643835622,5.379999999999999,3.605671232876712,98.82471232876713,0.0,2608.2999999999993,17.540000000000003,32.086666666666666,0
64000150,高雄市,大樹區,2020,4.872314207650273,75.8127868852459,25.45543715846994,27.179781420765032,6.759999999999998,3.970901639344262,98.90786885245902,0.0,2618.8899999999994,14.6,32.93666666666667,0
64000150,高雄市,大樹區,2021,4.837761095890412,74.72443835616438,25.38728767123288,27.316109589041098,10.639999999999997,4.013534246575342,98.8467397260274,0.0,2586.8599999999997,14.770000000000001,33.23333333333334,0
64000150,高雄市,大樹區,2022,4.783987123287671,75.3121917808219,25.602493150684932,27.37306849315068,6.73,3.8783013698630135,98.80835616438357,0.0,2665.41,15.496666666666664,33.28666666666667,0
64000150,高雄市,大樹區,2023,4.72831890410959,74.39994520547945,25.772109589041094,27.7586301369863,7.419999999999998,3.907890410958904,98.85238356164382,0.0,2727.3199999999997,15.366666666666667,34.39,0
64000150,高雄市,大樹區,2024,4.696710109289618,76.29510928961749,25.822377049180332,27.49273224043716,7.93,3.9270491803278693,98.84366120218581,0.0,2753.1899999999996,15.62,33.43666666666667,0
64000150,高雄市,大樹區,2025,4.7404302395209585,77.61509589041096,25.177315068493147,26.67964383561644,9.010000000000002,4.000602739726028,98.83950684931509,0.0,2510.2200000000003,15.323333333333332,32.85999999999999,0
64000160,高雄市,大社區,2013,4.506502191780822,76.31531506849315,24.73109589041096,26.404191780821918,6.899999999999999,4.248465753424657,98.82761643835615,0.0,2347.3499999999995,14.266666666666666,31.793333333333333,0
64000160,高雄市,大社區,2014,4.60450602739726,74.90369863013699,24.742027397260273,26.702739726027396,8.2,3.9559726027397257,98.86775342465754,0.0,2351.3399999999997,14.126666666666667,32.550000000000004,0
64000160,高雄市,大社區,2015,4.826878630136986,76.4053698630137,25.042383561643835,26.851780821917806,8.25,4.020767123287671,98.91446575342465,0.0,2460.9699999999993,14.633333333333333,32.629999999999995,0
64000160,高雄市,大社區,2016,4.549348087431693,80.35639344262295,24.89396174863388,26.187732240437157,7.32,4.160218579234973,98.855956284153,0.0,2413.39,12.64,31.816666666666666,0
64000160,高雄市,大社區,2017,4.766560547945205,77.22868493150685,25.089013698630136,26.629452054794527,6.259999999999998,3.9845479452054797,98.88594520547944,0.0,2477.99,15.64,32.303333333333335,0
64000160,高雄市,大社區,2018,4.710832054794521,76.18778082191783,25.189397260273974,27.111835616438356,9.2,3.692109589041096,98.81027397260274,0.0,2514.63,13.766666666666666,33.71,0
64000160,高雄市,大社區,2019,4.581201369863014,77.44616438356164,25.446027397260274,27.001561643835622,5.379999999999999,3.605671232876712,98.82471232876713,0.0,2608.2999999999993,17.540000000000003,32.086666666666666,0
64000160,高雄市,大社區,2020,4.872314207650273,75.8127868852459,25.45543715846994,27.179781420765032,6.759999999999998,3.970901639344262,98.90786885245902,0.0,2618.8899999999994,14.6,32.93666666666667,0
64000160,高雄市,大社區,2021,4.837761095890412,74.72443835616438,25.38728767123288,27.316109589041098,10.639999999999997,4.013534246575342,98.8467397260274,0.0,2586.8599999999997,14.770000000000001,33.23333333333334,0
64000160,高雄市,大社區,2022,4.783987123287671,75.3121917808219,25.602493150684932,27.37306849315068,6.73,3.8783013698630135,98.80835616438357,0.0,2665.41,15.496666666666664,33.28666666666667,0
64000160,高雄市,大社區,2023,4.72831890410959,74.39994520547945,25.772109589041094,27.7586301369863,7.419999999999998,3.907890410958904,98.85238356164382,0.0,2727.3199999999997,15.366666666666667,34.39,0
64000160,高雄市,大社區,2024,4.696710109289618,76.29510928961749,25.822377049180332,27.49273224043716,7.93,3.9270491803278693,98.84366120218581,0.0,2753.1899999999996,15.62,33.43666666666667,0
64000160,高雄市,大社區,2025,4.7404302395209585,77.61509589041096,25.177315068493147,26.67964383561644,9.010000000000002,4.000602739726028,98.83950684931509,0.0,2510.2200000000003,15.323333333333332,32.85999999999999,0
64000170,高雄市,仁武區,2013,4.506502191780822,76.31531506849315,24.73109589041096,26.404191780821918,6.899999999999999,4.248465753424657,98.82761643835615,0.0,2347.3499999999995,14.266666666666666,31.793333333333333,0
64000170,高雄市,仁武區,2014,4.60450602739726,74.90369863013699,24.742027397260273,26.702739726027396,8.2,3.9559726027397257,98.86775342465754,0.0,2351.3399999999997,14.126666666666667,32.550000000000004,0
64000170,高雄市,仁武區,2015,4.826878630136986,76.4053698630137,25.042383561643835,26.851780821917806,8.25,4.020767123287671,98.91446575342465,0.0,2460.9699999999993,14.633333333333333,32.629999999999995,0
64000170,高雄市,仁武區,2016,4.549348087431693,80.35639344262295,24.89396174863388,26.187732240437157,7.32,4.160218579234973,98.855956284153,0.0,2413.39,12.64,31.816666666666666,0
64000170,高雄市,仁武區,2017,4.766560547945205,77.22868493150685,25.089013698630136,26.629452054794527,6.259999999999998,3.9845479452054797,98.88594520547944,0.0,2477.99,15.64,32.303333333333335,0
64000170,高雄市,仁武區,2018,4.710832054794521,76.18778082191783,25.189397260273974,27.111835616438356,9.2,3.692109589041096,98.81027397260274,0.0,2514.63,13.766666666666666,33.71,0
64000170,高雄市,仁武區,2019,4.581201369863014,77.44616438356164,25.446027397260274,27.001561643835622,5.379999999999999,3.605671232876712,98.82471232876713,0.0,2608.2999999999993,17.540000000000003,32.086666666666666,0
64000170,高雄市,仁武區,2020,4.872314207650273,75.8127868852459,25.45543715846994,27.179781420765032,6.759999999999998,3.970901639344262,98.90786885245902,0.0,2618.8899999999994,14.6,32.93666666666667,0
64000170,高雄市,仁武區,2021,4.837761095890412,74.72443835616438,25.38728767123288,27.316109589041098,10.639999999999997,4.013534246575342,98.8467397260274,0.0,2586.8599999999997,14.770000000000001,33.23333333333334,0
64000170,高雄市,仁武區,2022,4.783987123287671,75.3121917808219,25.602493150684932,27.37306849315068,6.73,3.8783013698630135,98.80835616438357,0.0,2665.41,15.496666666666664,33.28666666666667,0
64000170,高雄市,仁武區,2023,4.72831890410959,74.39994520547945,25.772109589041094,27.7586301369863,7.419999999999998,3.907890410958904,98.85238356164382,0.0,2727.3199999999997,15.366666666666667,34.39,0
64000170,高雄市,仁武區,2024,4.696710109289618,76.29510928961749,25.822377049180332,27.49273224043716,7.93,3.9270491803278693,98.84366120218581,0.0,2753.1899999999996,15.62,33.43666666666667,0
64000170,高雄市,仁武區,2025,4.7404302395209585,77.61509589041096,25.177315068493147,26.67964383561644,9.010000000000002,4.000602739726028,98.83950684931509,0.0,2510.2200000000003,15.323333333333332,32.85999999999999,0
64000180,高雄市,鳥松區,2013,4.506502191780822,76.31531506849315,24.73109589041096,26.404191780821918,6.899999999999999,4.248465753424657,98.82761643835615,0.0,2347.3499999999995,14.266666666666666,31.793333333333333,0
64000180,高雄市,鳥松區,2014,4.60450602739726,74.90369863013699,24.742027397260273,26.702739726027396,8.2,3.9559726027397257,98.86775342465754,0.0,2351.3399999999997,14.126666666666667,32.550000000000004,0
64000180,高雄市,鳥松區,2015,4.826878630136986,76.4053698630137,25.042383561643835,26.851780821917806,8.25,4.020767123287671,98.91446575342465,0.0,2460.9699999999993,14.633333333333333,32.629999999999995,0
64000180,高雄市,鳥松區,2016,4.549348087431693,80.35639344262295,24.89396174863388,26.187732240437157,7.32,4.160218579234973,98.855956284153,0.0,2413.39,12.64,31.816666666666666,0
64000180,高雄市,鳥松區,2017,4.766560547945205,77.22868493150685,25.089013698630136,26.629452054794527,6.259999999999998,3.9845479452054797,98.88594520547944,0.0,2477.99,15.64,32.303333333333335,0
64000180,高雄市,鳥松區,2018,4.710832054794521,76.18778082191783,25.189397260273974,27.111835616438356,9.2,3.692109589041096,98.81027397260274,0.0,2514.63,13.766666666666666,33.71,0
64000180,高雄市,鳥松區,2019,4.581201369863014,77.44616438356164,25.446027397260274,27.001561643835622,5.379999999999999,3.605671232876712,98.82471232876713,0.0,2608.2999999999993,17.540000000000003,32.086666666666666,0
64000180,高雄市,鳥松區,2020,4.872314207650273,75.8127868852459,25.45543715846994,27.179781420765032,6.759999999999998,3.970901639344262,98.90786885245902,0.0,2618.8899999999994,14.6,32.93666666666667,0
64000180,高雄市,鳥松區,2021,4.837761095890412,74.72443835616438,25.38728767123288,27.316109589041098,10.639999999999997,4.013534246575342,98.8467397260274,0.0,2586.8599999999997,14.770000000000001,33.23333333333334,0
64000180,高雄市,鳥松區,2022,4.783987123287671,75.3121917808219,25.602493150684932,27.37306849315068,6.73,3.8783013698630135,98.80835616438357,0.0,2665.41,15.496666666666664,33.28666666666667,0
64000180,高雄市,鳥松區,2023,4.72831890410959,74.39994520547945,25.772109589041094,27.7586301369863,7.419999999999998,3.907890410958904,98.85238356164382,0.0,2727.3199999999997,15.366666666666667,34.39,0
64000180,高雄市,鳥松區,2024,4.696710109289618,76.29510928961749,25.822377049180332,27.49273224043716,7.93,3.9270491803278693,98.84366120218581,0.0,2753.1899999999996,15.62,33.43666666666667,0
64000180,高雄市,鳥松區,2025,4.7404302395209585,77.61509589041096,25.177315068493147,26.67964383561644,9.010000000000002,4.000602739726028,98.83950684931509,0.0,2510.2200000000003,15.323333333333332,32.85999999999999,0
64000190,高雄市,岡山區,2013,4.506502191780822,79.81465753424658,24.738986301369863,25.721972602739726,7.380000000000003,4.869863013698629,101.23309589041097,0.0,2350.23,15.613333333333332,31.223333333333333,0
64000190,高雄市,岡山區,2014,4.60450602739726,79.12695890410959,24.831041095890416,25.857068493150685,8.0,4.575534246575343,101.25967123287671,0.0,2383.8299999999995,14.94,32.303333333333335,0
64000190,高雄市,岡山區,2015,4.826878630136986,80.78572602739727,25.0814794520548,25.94071232876712,8.209999999999997,4.802164383561644,101.29717808219178,0.0,2475.24,15.776666666666666,31.64333333333333,0
64000190,高雄市,岡山區,2016,4.549348087431693,83.13628415300546,25.10661202185792,26.00822404371585,7.98,4.868360655737705,101.23819672131148,0.0,2491.22,13.233333333333334,31.506666666666664,0
64000190,高雄市,岡山區,2017,4.766560547945205,80.65219178082192,25.25468493150685,26.20317808219178,7.350000000000001,4.609260273972603,101.27789041095892,0.0,2538.4599999999996,16.563333333333333,31.736666666666668,0
64000190,高雄市,岡山區,2018,4.710832054794521,80.09139726027398,25.124356164383563,26.146219178082195,7.620000000000001,4.734164383561644,101.19764383561642,0.0,2490.89,14.700000000000001,32.089999999999996,0
64000190,高雄市,岡山區,2019,4.581201369863014,81.41301369863015,25.504219178082195,26.39917808219178,6.399999999999999,4.703589041095891,101.20265753424655,0.0,2629.54,18.353333333333335,31.593333333333337,0
64000190,高雄市,岡山區,2020,4.872314207650273,79.5060655737705,25.594972677595624,26.549043715846995,8.100000000000001,4.823114754098361,101.29510928961749,0.0,2669.9600000000005,14.773333333333333,32.12,0
64000190,高雄市,岡山區,2021,4.837761095890412,79.27361643835617,25.36958904109589,26.371287671232878,8.11,4.761123287671233,101.23961643835617,0.0,2580.4,15.926666666666668,32.13,0
64000190,高雄市,岡山區,2022,4.783987123287671,79.4843287671233,25.513205479452058,26.541424657534243,7.920000000000002,5.056246575342466,101.20350684931506,0.0,2632.8199999999997,15.756666666666666,32.39333333333334,0
64000190,高雄市,岡山區,2023,4.72831890410959,79.30293150684932,25.589561643835623,26.504109589041096,8.059999999999999,4.869205479452055,101.2369589041096,0.0,2660.6899999999996,15.386666666666668,32.89666666666667,0
64000190,高雄市,岡山區,2024,4.696710109289618,80.19877049180327,25.876038251366122,26.792404371584695,8.209999999999997,4.864043715846996,101.22609289617486,0.0,2772.83,15.579999999999998,33.38333333333333,0
64000190,高雄市,岡山區,2025,4.7404302395209585,81.15838356164384,25.200986301369866,26.155205479452054,8.189999999999998,4.752904109589041,101.2353698630137,0.0,2518.8599999999997,15.483333333333334,31.713333333333328,0
64000200,高雄市,橋頭區,2013,4.506502191780822,79.81465753424658,24.738986301369863,25.721972602739726,7.380000000000003,4.869863013698629,101.23309589041097,0.0,2350.23,15.613333333333332,31.223333333333333,0
64000200,高雄市,橋頭區,2014,4.60450602739726,79.12695890410959,24.831041095890416,25.857068493150685,8.0,4.575534246575343,101.25967123287671,0.0,2383.8299999999995,14.94,32.303333333333335,0
64000200,高雄市,橋頭區,2015,4.826878630136986,80.78572602739727,25.0814794520548,25.94071232876712,8.209999999999997,4.802164383561644,101.29717808219178,0.0,2475.24,15.776666666666666,31.64333333333333,0
64000200,高雄市,橋頭區,2016,4.549348087431693,83.13628415300546,25.10661202185792,26.00822404371585,7.98,4.868360655737705,101.23819672131148,0.0,2491.22,13.233333333333334,31.506666666666664,0
64000200,高雄市,橋頭區,2017,4.766560547945205,80.65219178082192,25.25468493150685,26.20317808219178,7.350000000000001,4.609260273972603,101.27789041095892,0.0,2538.4599999999996,16.563333333333333,31.736666666666668,0
64000200,高雄市,橋頭區,2018,4.710832054794521,80.09139726027398,25.124356164383563,26.146219178082195,7.620000000000001,4.734164383561644,101.19764383561642,0.0,2490.89,14.700000000000001,32.089999999999996,0
64000200,高雄市,橋頭區,2019,4.581201369863014,81.41301369863015,25.504219178082195,26.39917808219178,6.399999999999999,4.703589041095891,101.20265753424655,0.0,2629.54,18.353333333333335,31.593333333333337,0
64000200,高雄市,橋頭區,2020,4.872314207650273,79.5060655737705,25.594972677595624,26.549043715846995,8.100000000000001,4.823114754098361,101.29510928961749,0.0,2669.9600000000005,14.773333333333333,32.12,0
64000200,高雄市,橋頭區,2021,4.837761095890412,79.27361643835617,25.36958904109589,26.371287671232878,8.11,4.761123287671233,101.23961643835617,0.0,2580.4,15.926666666666668,32.13,0
64000200,高雄市,橋頭區,2022,4.783987123287671,79.4843287671233,25.513205479452058,26.541424657534243,7.920000000000002,5.056246575342466,101.20350684931506,0.0,2632.8199999999997,15.756666666666666,32.39333333333334,0
64000200,高雄市,橋頭區,2023,4.72831890410959,79.30293150684932,25.589561643835623,26.504109589041096,8.059999999999999,4.869205479452055,101.2369589041096,0.0,2660.6899999999996,15.386666666666668,32.89666666666667,0
64000200,高雄市,橋頭區,2024,4.696710109289618,80.19877049180327,25.876038251366122,26.792404371584695,8.209999999999997,4.864043715846996,101.22609289617486,0.0,2772.83,15.579999999999998,33.38333333333333,0
64000200,高雄市,橋頭區,2025,4.7404302395209585,81.15838356164384,25.200986301369866,26.155205479452054,8.189999999999998,4.752904109589041,101.2353698630137,0.0,2518.8599999999997,15.483333333333334,31.713333333333328,0
64000210,高雄市,燕巢區,2013,4.506502191780822,77.00191780821918,22.44906849315069,23.386246575342465,8.11,2.234,95.45865753424657,58.59000000000013,1572.9999999999998,9.229999999999999,31.993333333333336,0
64000210,高雄市,燕巢區,2014,4.60450602739726,75.62843835616438,22.51624657534246,23.707917808219182,10.86,2.182109589041096,95.4964109589041,95.25000000000011,1634.18,8.963333333333333,33.013333333333335,0
64000210,高雄市,燕巢區,2015,4.826878630136986,77.61441095890412,22.770246575342465,23.83309589041096,9.139999999999997,2.327561643835616,95.54660273972601,48.050000000000026,1679.69,9.666666666666666,33.67666666666667,0
64000210,高雄市,燕巢區,2016,4.549348087431693,82.81467213114753,22.409945355191258,22.91571038251366,9.079999999999998,2.3801092896174865,95.49289617486339,71.8900000000001,1576.1299999999994,6.033333333333334,31.543333333333337,0
64000210,高雄市,燕巢區,2017,4.766560547945205,78.63378082191781,22.83846575342466,23.69312328767123,7.109999999999999,2.0507397260273974,95.52219178082191,1.1199999999999761,1657.66,10.85,32.526666666666664,0
64000210,高雄市,燕巢區,2018,4.710832054794521,77.36331506849314,23.012630136986303,24.178849315068494,10.670000000000002,2.1617260273972607,95.44745205479452,19.480000000000054,1739.5899999999997,8.656666666666666,35.153333333333336,0
64000210,高雄市,燕巢區,2019,4.581201369863014,78.9982191780822,23.140383561643834,24.032438356164384,6.010000000000002,2.063260273972603,95.47161643835616,0.0,1766.7399999999996,12.94,32.1,0
64000210,高雄市,燕巢區,2020,4.872314207650273,77.05483606557378,23.16486338797814,24.187377049180327,8.240000000000002,2.1056830601092895,95.5472950819672,0.0,1780.5399999999995,8.606666666666667,33.38666666666666,0
64000210,高雄市,燕巢區,2021,4.837761095890412,74.73199999999999,23.244383561643833,24.45424657534247,12.280000000000001,2.2199178082191784,95.48873972602739,46.810000000000045,1851.5099999999998,10.073333333333332,35.449999999999996,0
64000210,高雄市,燕巢區,2022,4.783987123287671,75.0147123287671,23.50958904109589,24.672931506849313,8.440000000000001,2.0816986301369864,95.45216438356162,0.0,1901.5,10.406666666666666,34.15,0
64000210,高雄市,燕巢區,2023,4.72831890410959,73.25139726027396,23.845835616438354,25.25860273972603,9.25,2.2580821917808223,95.49610958904108,0.0,2024.23,10.783333333333333,36.083333333333336,0
64000210,高雄市,燕巢區,2024,4.696710109289618,75.48464480874316,23.785409836065572,24.903087431693987,9.96,2.2965846994535526,95.48797814207651,0.0,2007.6599999999996,10.583333333333334,35.18666666666667,0
64000210,高雄市,燕巢區,2025,4.7404302395209585,78.26090410958903,22.987671232876714,23.806958904109592,10.219999999999999,2.163534246575342,95.47753424657535,55.600000000000065,1766.6,10.01,33.516666666666666,0
64000220,高雄市,田寮區,2013,4.506502191780822,77.00191780821918,22.44906849315069,23.386246575342465,8.11,2.234,95.45865753424657,58.59000000000013,1572.9999999999998,9.229999999999999,31.993333333333336,0
64000220,高雄市,田寮區,2014,4.60450602739726,75.62843835616438,22.51624657534246,23.707917808219182,10.86,2.182109589041096,95.4964109589041,95.25000000000011,1634.18,8.963333333333333,33.013333333333335,0
64000220,高雄市,田寮區,2015,4.826878630136986,77.61441095890412,22.770246575342465,23.83309589041096,9.139999999999997,2.327561643835616,95.54660273972601,48.050000000000026,1679.69,9.666666666666666,33.67666666666667,0
64000220,高雄市,田寮區,2016,4.549348087431693,82.81467213114753,22.409945355191258,22.91571038251366,9.079999999999998,2.3801092896174865,95.49289617486339,71.8900000000001,1576.1299999999994,6.033333333333334,31.543333333333337,0
64000220,高雄市,田寮區,2017,4.766560547945205,78.63378082191781,22.83846575342466,23.69312328767123,7.109999999999999,2.0507397260273974,95.52219178082191,1.1199999999999761,1657.66,10.85,32.526666666666664,0
64000220,高雄市,田寮區,2018,4.710832054794521,77.36331506849314,23.012630136986303,24.178849315068494,10.670000000000002,2.1617260273972607,95.44745205479452,19.480000000000054,1739.5899999999997,8.656666666666666,35.153333333333336,0
64000220,高雄市,田寮區,2019,4.581201369863014,78.9982191780822,23.140383561643834,24.032438356164384,6.010000000000002,2.063260273972603,95.47161643835616,0.0,1766.7399999999996,12.94,32.1,0
64000220,高雄市,田寮區,2020,4.872314207650273,77.05483606557378,23.16486338797814,24.187377049180327,8.240000000000002,2.1056830601092895,95.5472950819672,0.0,1780.5399999999995,8.606666666666667,33.38666666666666,0
64000220,高雄市,田寮區,2021,4.837761095890412,74.73199999999999,23.244383561643833,24.45424657534247,12.280000000000001,2.2199178082191784,95.48873972602739,46.810000000000045,1851.5099999999998,10.073333333333332,35.449999999999996,0
64000220,高雄市,田寮區,2022,4.783987123287671,75.0147123287671,23.50958904109589,24.672931506849313,8.440000000000001,2.0816986301369864,95.45216438356162,0.0,1901.5,10.406666666666666,34.15,0
64000220,高雄市,田寮區,2023,4.72831890410959,73.25139726027396,23.845835616438354,25.25860273972603,9.25,2.2580821917808223,95.49610958904108,0.0,2024.23,10.783333333333333,36.083333333333336,0
64000220,高雄市,田寮區,2024,4.696710109289618,75.48464480874316,23.785409836065572,24.903087431693987,9.96,2.2965846994535526,95.48797814207651,0.0,2007.6599999999996,10.583333333333334,35.18666666666667,0
64000220,高雄市,田寮區,2025,4.7404302395209585,78.26090410958903,22.987671232876714,23.806958904109592,10.219999999999999,2.163534246575342,95.47753424657535,55.600000000000065,1766.6,10.01,33.516666666666666,0
64000230,高雄市,阿蓮區,2013,4.506502191780822,77.00191780821918,22.44906849315069,23.386246575342465,8.11,2.234,95.45865753424657,58.59000000000013,1572.9999999999998,9.229999999999999,31.993333333333336,0
64000230,高雄市,阿蓮區,2014,4.60450602739726,75.62843835616438,22.51624657534246,23.707917808219182,10.86,2.182109589041096,95.4964109589041,95.25000000000011,1634.18,8.963333333333333,33.013333333333335,0
64000230,高雄市,阿蓮區,2015,4.826878630136986,77.61441095890412,22.770246575342465,23.83309589041096,9.139999999999997,2.327561643835616,95.54660273972601,48.050000000000026,1679.69,9.666666666666666,33.67666666666667,0
64000230,高雄市,阿蓮區,2016,4.549348087431693,82.81467213114753,22.409945355191258,22.91571038251366,9.079999999999998,2.3801092896174865,95.49289617486339,71.8900000000001,1576.1299999999994,6.033333333333334,31.543333333333337,0
64000230,高雄市,阿蓮區,2017,4.766560547945205,78.63378082191781,22.83846575342466,23.69312328767123,7.109999999999999,2.0507397260273974,95.52219178082191,1.1199999999999761,1657.66,10.85,32.526666666666664,0
64000230,高雄市,阿蓮區,2018,4.710832054794521,77.36331506849314,23.012630136986303,24.178849315068494,10.670000000000002,2.1617260273972607,95.44745205479452,19.480000000000054,1739.5899999999997,8.656666666666666,35.153333333333336,0
64000230,高雄市,阿蓮區,2019,4.581201369863014,78.9982191780822,23.140383561643834,24.032438356164384,6.010000000000002,2.063260273972603,95.47161643835616,0.0,1766.7399999999996,12.94,32.1,0
64000230,高雄市,阿蓮區,2020,4.872314207650273,77.05483606557378,23.16486338797814,24.187377049180327,8.240000000000002,2.1056830601092895,95.5472950819672,0.0,1780.5399999999995,8.606666666666667,33.38666666666666,0
64000230,高雄市,阿蓮區,2021,4.837761095890412,74.73199999999999,23.244383561643833,24.45424657534247,12.280000000000001,2.2199178082191784,95.48873972602739,46.810000000000045,1851.5099999999998,10.073333333333332,35.449999999999996,0
64000230,高雄市,阿蓮區,2022,4.783987123287671,75.0147123287671,23.50958904109589,24.672931506849313,8.440000000000001,2.0816986301369864,95.45216438356162,0.0,1901.5,10.406666666666666,34.15,0
64000230,高雄市,阿蓮區,2023,4.72831890410959,73.25139726027396,23.845835616438354,25.25860273972603,9.25,2.2580821917808223,95.49610958904108,0.0,2024.23,10.783333333333333,36.083333333333336,0
64000230,高雄市,阿蓮區,2024,4.696710109289618,75.48464480874316,23.785409836065572,24.903087431693987,9.96,2.2965846994535526,95.48797814207651,0.0,2007.6599999999996,10.583333333333334,35.18666666666667,0
64000230,高雄市,阿蓮區,2025,4.7404302395209585,78.26090410958903,22.987671232876714,23.806958904109592,10.219999999999999,2.163534246575342,95.47753424657535,55.600000000000065,1766.6,10.01,33.516666666666666,0
64000240,高雄市,路竹區,2013,4.506502191780822,79.81465753424658,24.738986301369863,25.721972602739726,7.380000000000003,4.869863013698629,101.23309589041097,0.0,2350.23,15.613333333333332,31.223333333333333,0
64000240,高雄市,路竹區,2014,4.60450602739726,79.12695890410959,24.831041095890416,25.857068493150685,8.0,4.575534246575343,101.25967123287671,0.0,2383.8299999999995,14.94,32.303333333333335,0
64000240,高雄市,路竹區,2015,4.826878630136986,80.78572602739727,25.0814794520548,25.94071232876712,8.209999999999997,4.802164383561644,101.29717808219178,0.0,2475.24,15.776666666666666,31.64333333333333,0
64000240,高雄市,路竹區,2016,4.549348087431693,83.13628415300546,25.10661202185792,26.00822404371585,7.98,4.868360655737705,101.23819672131148,0.0,2491.22,13.233333333333334,31.506666666666664,0
64000240,高雄市,路竹區,2017,4.766560547945205,80.65219178082192,25.25468493150685,26.20317808219178,7.350000000000001,4.609260273972603,101.27789041095892,0.0,2538.4599999999996,16.563333333333333,31.736666666666668,0
64000240,高雄市,路竹區,2018,4.710832054794521,80.09139726027398,25.124356164383563,26.146219178082195,7.620000000000001,4.734164383561644,101.19764383561642,0.0,2490.89,14.700000000000001,32.089999999999996,0
64000240,高雄市,路竹區,2019,4.581201369863014,81.41301369863015,25.504219178082195,26.39917808219178,6.399999999999999,4.703589041095891,101.20265753424655,0.0,2629.54,18.353333333333335,31.593333333333337,0
64000240,高雄市,路竹區,2020,4.872314207650273,79.5060655737705,25.594972677595624,26.549043715846995,8.100000000000001,4.823114754098361,101.29510928961749,0.0,2669.9600000000005,14.773333333333333,32.12,0
64000240,高雄市,路竹區,2021,4.837761095890412,79.27361643835617,25.36958904109589,26.371287671232878,8.11,4.761123287671233,101.23961643835617,0.0,2580.4,15.926666666666668,32.13,0
64000240,高雄市,路竹區,2022,4.783987123287671,79.4843287671233,25.513205479452058,26.541424657534243,7.920000000000002,5.056246575342466,101.20350684931506,0.0,2632.8199999999997,15.756666666666666,32.39333333333334,0
64000240,高雄市,路竹區,2023,4.72831890410959,79.30293150684932,25.589561643835623,26.504109589041096,8.059999999999999,4.869205479452055,101.2369589041096,0.0,2660.6899999999996,15.386666666666668,32.89666666666667,0
64000240,高雄市,路竹區,2024,4.696710109289618,80.19877049180327,25.876038251366122,26.792404371584695,8.209999999999997,4.864043715846996,101.22609289617486,0.0,2772.83,15.579999999999998,33.38333333333333,0
64000240,高雄市,路竹區,2025,4.7404302395209585,81.15838356164384,25.200986301369866,26.155205479452054,8.189999999999998,4.752904109589041,101.2353698630137,0.0,2518.8599999999997,15.483333333333334,31.713333333333328,0
64000250,高雄市,湖內區,2013,4.506502191780822,79.81465753424658,24.738986301369863,25.721972602739726,7.380000000000003,4.869863013698629,101.23309589041097,0.0,2350.23,15.613333333333332,31.223333333333333,0
64000250,高雄市,湖內區,2014,4.60450602739726,79.12695890410959,24.831041095890416,25.857068493150685,8.0,4.575534246575343,101.25967123287671,0.0,2383.8299999999995,14.94,32.303333333333335,0
64000250,高雄市,湖內區,2015,4.826878630136986,80.78572602739727,25.0814794520548,25.94071232876712,8.209999999999997,4.802164383561644,101.29717808219178,0.0,2475.24,15.776666666666666,31.64333333333333,0
64000250,高雄市,湖內區,2016,4.549348087431693,83.13628415300546,25.10661202185792,26.00822404371585,7.98,4.868360655737705,101.23819672131148,0.0,2491.22,13.233333333333334,31.506666666666664,0
64000250,高雄市,湖內區,2017,4.766560547945205,80.65219178082192,25.25468493150685,26.20317808219178,7.350000000000001,4.609260273972603,101.27789041095892,0.0,2538.4599999999996,16.563333333333333,31.736666666666668,0
64000250,高雄市,湖內區,2018,4.710832054794521,80.09139726027398,25.124356164383563,26.146219178082195,7.620000000000001,4.734164383561644,101.19764383561642,0.0,2490.89,14.700000000000001,32.089999999999996,0
64000250,高雄市,湖內區,2019,4.581201369863014,81.41301369863015,25.504219178082195,26.39917808219178,6.399999999999999,4.703589041095891,101.20265753424655,0.0,2629.54,18.353333333333335,31.593333333333337,0
64000250,高雄市,湖內區,2020,4.872314207650273,79.5060655737705,25.594972677595624,26.549043715846995,8.100000000000001,4.823114754098361,101.29510928961749,0.0,2669.9600000000005,14.773333333333333,32.12,0
64000250,高雄市,湖內區,2021,4.837761095890412,79.27361643835617,25.36958904109589,26.371287671232878,8.11,4.761123287671233,101.23961643835617,0.0,2580.4,15.926666666666668,32.13,0
64000250,高雄市,湖內區,2022,4.783987123287671,79.4843287671233,25.513205479452058,26.541424657534243,7.920000000000002,5.056246575342466,101.20350684931506,0.0,2632.8199999999997,15.756666666666666,32.39333333333334,0
64000250,高雄市,湖內區,2023,4.72831890410959,79.30293150684932,25.589561643835623,26.504109589041096,8.059999999999999,4.869205479452055,101.2369589041096,0.0,2660.6899999999996,15.386666666666668,32.89666666666667,0
64000250,高雄市,湖內區,2024,4.696710109289618,80.19877049180327,25.876038251366122,26.792404371584695,8.209999999999997,4.864043715846996,101.22609289617486,0.0,2772.83,15.579999999999998,33.38333333333333,0
64000250,高雄市,湖內區,2025,4.7404302395209585,81.15838356164384,25.200986301369866,26.155205479452054,8.189999999999998,4.752904109589041,101.2353698630137,0.0,2518.8599999999997,15.483333333333334,31.713333333333328,0
64000260,高雄市,茄萣區,2013,4.506502191780822,79.81465753424658,24.738986301369863,25.721972602739726,7.380000000000003,4.869863013698629,101.23309589041097,0.0,2350.23,15.613333333333332,31.223333333333333,0
64000260,高雄市,茄萣區,2014,4.60450602739726,79.12695890410959,24.831041095890416,25.857068493150685,8.0,4.575534246575343,101.25967123287671,0.0,2383.8299999999995,14.94,32.303333333333335,0
64000260,高雄市,茄萣區,2015,4.826878630136986,80.78572602739727,25.0814794520548,25.94071232876712,8.209999999999997,4.802164383561644,101.29717808219178,0.0,2475.24,15.776666666666666,31.64333333333333,0
64000260,高雄市,茄萣區,2016,4.549348087431693,83.13628415300546,25.10661202185792,26.00822404371585,7.98,4.868360655737705,101.23819672131148,0.0,2491.22,13.233333333333334,31.506666666666664,0
64000260,高雄市,茄萣區,2017,4.766560547945205,80.65219178082192,25.25468493150685,26.20317808219178,7.350000000000001,4.609260273972603,101.27789041095892,0.0,2538.4599999999996,16.563333333333333,31.736666666666668,0
64000260,高雄市,茄萣區,2018,4.710832054794521,80.09139726027398,25.124356164383563,26.146219178082195,7.620000000000001,4.734164383561644,101.19764383561642,0.0,2490.89,14.700000000000001,32.089999999999996,0
64000260,高雄市,茄萣區,2019,4.581201369863014,81.41301369863015,25.504219178082195,26.39917808219178,6.399999999999999,4.703589041095891,101.20265753424655,0.0,2629.54,18.353333333333335,31.593333333333337,0
64000260,高雄市,茄萣區,2020,4.872314207650273,79.5060655737705,25.594972677595624,26.549043715846995,8.100000000000001,4.823114754098361,101.29510928961749,0.0,2669.9600000000005,14.773333333333333,32.12,0
64000260,高雄市,茄萣區,2021,4.837761095890412,79.27361643835617,25.36958904109589,26.371287671232878,8.11,4.761123287671233,101.23961643835617,0.0,2580.4,15.926666666666668,32.13,0
64000260,高雄市,茄萣區,2022,4.783987123287671,79.4843287671233,25.513205479452058,26.541424657534243,7.920000000000002,5.056246575342466,101.20350684931506,0.0,2632.8199999999997,15.756666666666666,32.39333333333334,0
64000260,高雄市,茄萣區,2023,4.72831890410959,79.30293150684932,25.589561643835623,26.504109589041096,8.059999999999999,4.869205479452055,101.2369589041096,0.0,2660.6899999999996,15.386666666666668,32.89666666666667,0
64000260,高雄市,茄萣區,2024,4.696710109289618,80.19877049180327,25.876038251366122,26.792404371584695,8.209999999999997,4.864043715846996,101.22609289617486,0.0,2772.83,15.579999999999998,33.38333333333333,0
64000260,高雄市,茄萣區,2025,4.7404302395209585,81.15838356164384,25.200986301369866,26.155205479452054,8.189999999999998,4.752904109589041,101.2353698630137,0.0,2518.8599999999997,15.483333333333334,31.713333333333328,0
64000270,高雄市,永安區,2013,4.506502191780822,79.81465753424658,24.738986301369863,25.721972602739726,7.380000000000003,4.869863013698629,101.23309589041097,0.0,2350.23,15.613333333333332,31.223333333333333,0
64000270,高雄市,永安區,2014,4.60450602739726,79.12695890410959,24.831041095890416,25.857068493150685,8.0,4.575534246575343,101.25967123287671,0.0,2383.8299999999995,14.94,32.303333333333335,0
64000270,高雄市,永安區,2015,4.826878630136986,80.78572602739727,25.0814794520548,25.94071232876712,8.209999999999997,4.802164383561644,101.29717808219178,0.0,2475.24,15.776666666666666,31.64333333333333,0
64000270,高雄市,永安區,2016,4.549348087431693,83.13628415300546,25.10661202185792,26.00822404371585,7.98,4.868360655737705,101.23819672131148,0.0,2491.22,13.233333333333334,31.506666666666664,0
64000270,高雄市,永安區,2017,4.766560547945205,80.65219178082192,25.25468493150685,26.20317808219178,7.350000000000001,4.609260273972603,101.27789041095892,0.0,2538.4599999999996,16.563333333333333,31.736666666666668,0
64000270,高雄市,永安區,2018,4.710832054794521,80.09139726027398,25.124356164383563,26.146219178082195,7.620000000000001,4.734164383561644,101.19764383561642,0.0,2490.89,14.700000000000001,32.089999999999996,0
64000270,高雄市,永安區,2019,4.581201369863014,81.41301369863015,25.504219178082195,26.39917808219178,6.399999999999999,4.703589041095891,101.20265753424655,0.0,2629.54,18.353333333333335,31.593333333333337,0
64000270,高雄市,永安區,2020,4.872314207650273,79.5060655737705,25.594972677595624,26.549043715846995,8.100000000000001,4.823114754098361,101.29510928961749,0.0,2669.9600000000005,14.773333333333333,32.12,0
64000270,高雄市,永安區,2021,4.837761095890412,79.27361643835617,25.36958904109589,26.371287671232878,8.11,4.761123287671233,101.23961643835617,0.0,2580.4,15.926666666666668,32.13,0
64000270,高雄市,永安區,2022,4.783987123287671,79.4843287671233,25.513205479452058,26.541424657534243,7.920000000000002,5.056246575342466,101.20350684931506,0.0,2632.8199999999997,15.756666666666666,32.39333333333334,0
64000270,高雄市,永安區,2023,4.72831890410959,79.30293150684932,25.589561643835623,26.504109589041096,8.059999999999999,4.869205479452055,101.2369589041096,0.0,2660.6899999999996,15.386666666666668,32.89666666666667,0
64000270,高雄市,永安區,2024,4.696710109289618,80.19877049180327,25.876038251366122,26.792404371584695,8.209999999999997,4.864043715846996,101.22609289617486,0.0,2772.83,15.579999999999998,33.38333333333333,0
64000270,高雄市,永安區,2025,4.7404302395209585,81.15838356164384,25.200986301369866,26.155205479452054,8.189999999999998,4.752904109589041,101.2353698630137,0.0,2518.8599999999997,15.483333333333334,31.713333333333328,0
64000280,高雄市,彌陀區,2013,4.506502191780822,79.81465753424658,24.738986301369863,25.721972602739726,7.380000000000003,4.869863013698629,101.23309589041097,0.0,2350.23,15.613333333333332,31.223333333333333,0
64000280,高雄市,彌陀區,2014,4.60450602739726,79.12695890410959,24.831041095890416,25.857068493150685,8.0,4.575534246575343,101.25967123287671,0.0,2383.8299999999995,14.94,32.303333333333335,0
64000280,高雄市,彌陀區,2015,4.826878630136986,80.78572602739727,25.0814794520548,25.94071232876712,8.209999999999997,4.802164383561644,101.29717808219178,0.0,2475.24,15.776666666666666,31.64333333333333,0
64000280,高雄市,彌陀區,2016,4.549348087431693,83.13628415300546,25.10661202185792,26.00822404371585,7.98,4.868360655737705,101.23819672131148,0.0,2491.22,13.233333333333334,31.506666666666664,0
64000280,高雄市,彌陀區,2017,4.766560547945205,80.65219178082192,25.25468493150685,26.20317808219178,7.350000000000001,4.609260273972603,101.27789041095892,0.0,2538.4599999999996,16.563333333333333,31.736666666666668,0
64000280,高雄市,彌陀區,2018,4.710832054794521,80.09139726027398,25.124356164383563,26.146219178082195,7.620000000000001,4.734164383561644,101.19764383561642,0.0,2490.89,14.700000000000001,32.089999999999996,0
64000280,高雄市,彌陀區,2019,4.581201369863014,81.41301369863015,25.504219178082195,26.39917808219178,6.399999999999999,4.703589041095891,101.20265753424655,0.0,2629.54,18.353333333333335,31.593333333333337,0
64000280,高雄市,彌陀區,2020,4.872314207650273,79.5060655737705,25.594972677595624,26.549043715846995,8.100000000000001,4.823114754098361,101.29510928961749,0.0,2669.9600000000005,14.773333333333333,32.12,0
64000280,高雄市,彌陀區,2021,4.837761095890412,79.27361643835617,25.36958904109589,26.371287671232878,8.11,4.761123287671233,101.23961643835617,0.0,2580.4,15.926666666666668,32.13,0
64000280,高雄市,彌陀區,2022,4.783987123287671,79.4843287671233,25.513205479452058,26.541424657534243,7.920000000000002,5.056246575342466,101.20350684931506,0.0,2632.8199999999997,15.756666666666666,32.39333333333334,0
64000280,高雄市,彌陀區,2023,4.72831890410959,79.30293150684932,25.589561643835623,26.504109589041096,8.059999999999999,4.869205479452055,101.2369589041096,0.0,2660.6899999999996,15.386666666666668,32.89666666666667,0
64000280,高雄市,彌陀區,2024,4.696710109289618,80.19877049180327,25.876038251366122,26.792404371584695,8.209999999999997,4.864043715846996,101.22609289617486,0.0,2772.83,15.579999999999998,33.38333333333333,0
64000280,高雄市,彌陀區,2025,4.7404302395209585,81.15838356164384,25.200986301369866,26.155205479452054,8.189999999999998,4.752904109589041,101.2353698630137,0.0,2518.8599999999997,15.483333333333334,31.713333333333328,0
64000290,高雄市,梓官區,2013,4.506502191780822,78.7861095890411,25.646191780821916,26.821671232876717,5.66,5.208630136986301,101.22323287671233,0.0,2681.3599999999997,17.930000000000003,30.753333333333334,0
64000290,高雄市,梓官區,2014,4.60450602739726,78.29717808219178,25.624191780821917,26.866191780821918,6.620000000000001,4.802191780821919,101.25819178082192,0.0,2673.33,17.11,31.05666666666667,0
64000290,高雄市,梓官區,2015,4.826878630136986,79.87375342465754,25.8326301369863,26.85315068493151,7.07,4.9710684931506846,101.29652054794519,0.0,2749.4099999999994,17.826666666666668,30.62666666666667,0
64000290,高雄市,梓官區,2016,4.549348087431693,81.14590163934426,26.05502732240437,27.24633879781421,6.169999999999998,5.176366120218579,101.23650273224045,0.0,2838.3399999999997,15.636666666666665,30.94666666666667,0
64000290,高雄市,梓官區,2017,4.766560547945205,79.12153424657535,26.0787397260274,27.193479452054792,6.279999999999998,4.776027397260275,101.27301369863012,0.0,2839.2399999999993,18.23333333333333,30.96666666666667,0
64000290,高雄市,梓官區,2018,4.710832054794521,79.2304109589041,25.87367123287671,27.099506849315066,6.529999999999998,4.700684931506849,101.19709589041096,0.0,2764.3899999999994,16.96666666666667,30.86,0
64000290,高雄市,梓官區,2019,4.581201369863014,79.98402739726026,26.26221917808219,27.31315068493151,5.66,4.6258630136986305,101.20610958904109,0.0,2906.2099999999996,20.183333333333334,30.72,0
64000290,高雄市,梓官區,2020,4.872314207650273,78.2135519125683,26.390218579234975,27.545546448087432,6.579999999999998,4.809836065573769,101.29519125683058,0.0,2961.02,17.096666666666668,31.55333333333333,0
64000290,高雄市,梓官區,2021,4.837761095890412,78.27265753424658,26.13120547945206,27.293780821917814,6.82,4.874109589041096,101.23802739726027,0.0,2858.39,17.616666666666667,31.150000000000002,0
64000290,高雄市,梓官區,2022,4.783987123287671,79.21561643835615,26.27112328767123,27.387452054794522,5.830000000000002,4.914191780821918,101.19950684931507,0.0,2909.46,17.916666666666668,30.986666666666668,0
64000290,高雄市,梓官區,2023,4.72831890410959,79.37767123287672,26.221972602739722,27.208109589041094,6.050000000000001,4.8410958904109584,101.23706849315069,0.0,2891.5199999999995,17.89,31.553333333333338,0
64000290,高雄市,梓官區,2024,4.696710109289618,80.0714480874317,26.574890710382512,27.646475409836068,6.399999999999999,4.989836065573771,101.22448087431695,0.0,3028.6099999999997,17.686666666666667,31.80333333333333,0
64000290,高雄市,梓官區,2025,4.7404302395209585,80.04912328767122,26.036273972602743,27.270191780821914,6.539999999999999,4.946767123287671,101.22975342465752,0.0,2823.74,17.316666666666666,31.343333333333334,0
64000300,高雄市,旗山區,2013,4.506502191780822,77.00191780821918,22.44906849315069,23.386246575342465,8.11,2.234,95.45865753424657,58.59000000000013,1572.9999999999998,9.229999999999999,31.993333333333336,0
64000300,高雄市,旗山區,2014,4.60450602739726,75.62843835616438,22.51624657534246,23.707917808219182,10.86,2.182109589041096,95.4964109589041,95.25000000000011,1634.18,8.963333333333333,33.013333333333335,0
64000300,高雄市,旗山區,2015,4.826878630136986,77.61441095890412,22.770246575342465,23.83309589041096,9.139999999999997,2.327561643835616,95.54660273972601,48.050000000000026,1679.69,9.666666666666666,33.67666666666667,0
64000300,高雄市,旗山區,2016,4.549348087431693,82.81467213114753,22.409945355191258,22.91571038251366,9.079999999999998,2.3801092896174865,95.49289617486339,71.8900000000001,1576.1299999999994,6.033333333333334,31.543333333333337,0
64000300,高雄市,旗山區,2017,4.766560547945205,78.63378082191781,22.83846575342466,23.69312328767123,7.109999999999999,2.0507397260273974,95.52219178082191,1.1199999999999761,1657.66,10.85,32.526666666666664,0
64000300,高雄市,旗山區,2018,4.710832054794521,77.36331506849314,23.012630136986303,24.178849315068494,10.670000000000002,2.1617260273972607,95.44745205479452,19.480000000000054,1739.5899999999997,8.656666666666666,35.153333333333336,0
64000300,高雄市,旗山區,2019,4.581201369863014,78.9982191780822,23.140383561643834,24.032438356164384,6.010000000000002,2.063260273972603,95.47161643835616,0.0,1766.7399999999996,12.94,32.1,0
64000300,高雄市,旗山區,2020,4.872314207650273,77.05483606557378,23.16486338797814,24.187377049180327,8.240000000000002,2.1056830601092895,95.5472950819672,0.0,1780.5399999999995,8.606666666666667,33.38666666666666,0
64000300,高雄市,旗山區,2021,4.837761095890412,74.73199999999999,23.244383561643833,24.45424657534247,12.280000000000001,2.2199178082191784,95.48873972602739,46.810000000000045,1851.5099999999998,10.073333333333332,35.449999999999996,0
64000300,高雄市,旗山區,2022,4.783987123287671,75.0147123287671,23.50958904109589,24.672931506849313,8.440000000000001,2.0816986301369864,95.45216438356162,0.0,1901.5,10.406666666666666,34.15,0
64000300,高雄市,旗山區,2023,4.72831890410959,73.25139726027396,23.845835616438354,25.25860273972603,9.25,2.2580821917808223,95.49610958904108,0.0,2024.23,10.783333333333333,36.083333333333336,0
64000300,高雄市,旗山區,2024,4.696710109289618,75.48464480874316,23.785409836065572,24.903087431693987,9.96,2.2965846994535526,95.48797814207651,0.0,2007.6599999999996,10.583333333333334,35.18666666666667,0
64000300,高雄市,旗山區,2025,4.7404302395209585,78.26090410958903,22.987671232876714,23.806958904109592,10.219999999999999,2.163534246575342,95.47753424657535,55.600000000000065,1766.6,10.01,33.516666666666666,0
64000310,高雄市,美濃區,2013,4.506502191780822,77.00191780821918,22.44906849315069,23.386246575342465,8.11,2.234,95.45865753424657,58.59000000000013,1572.9999999999998,9.229999999999999,31.993333333333336,0
64000310,高雄市,美濃區,2014,4.60450602739726,75.62843835616438,22.51624657534246,23.707917808219182,10.86,2.182109589041096,95.4964109589041,95.25000000000011,1634.18,8.963333333333333,33.013333333333335,0
64000310,高雄市,美濃區,2015,4.826878630136986,77.61441095890412,22.770246575342465,23.83309589041096,9.139999999999997,2.327561643835616,95.54660273972601,48.050000000000026,1679.69,9.666666666666666,33.67666666666667,0
64000310,高雄市,美濃區,2016,4.549348087431693,82.81467213114753,22.409945355191258,22.91571038251366,9.079999999999998,2.3801092896174865,95.49289617486339,71.8900000000001,1576.1299999999994,6.033333333333334,31.543333333333337,0
64000310,高雄市,美濃區,2017,4.766560547945205,78.63378082191781,22.83846575342466,23.69312328767123,7.109999999999999,2.0507397260273974,95.52219178082191,1.1199999999999761,1657.66,10.85,32.526666666666664,0
64000310,高雄市,美濃區,2018,4.710832054794521,77.36331506849314,23.012630136986303,24.178849315068494,10.670000000000002,2.1617260273972607,95.44745205479452,19.480000000000054,1739.5899999999997,8.656666666666666,35.153333333333336,0
64000310,高雄市,美濃區,2019,4.581201369863014,78.9982191780822,23.140383561643834,24.032438356164384,6.010000000000002,2.063260273972603,95.47161643835616,0.0,1766.7399999999996,12.94,32.1,0
64000310,高雄市,美濃區,2020,4.872314207650273,77.05483606557378,23.16486338797814,24.187377049180327,8.240000000000002,2.1056830601092895,95.5472950819672,0.0,1780.5399999999995,8.606666666666667,33.38666666666666,0
64000310,高雄市,美濃區,2021,4.837761095890412,74.73199999999999,23.244383561643833,24.45424657534247,12.280000000000001,2.2199178082191784,95.48873972602739,46.810000000000045,1851.5099999999998,10.073333333333332,35.449999999999996,0
64000310,高雄市,美濃區,2022,4.783987123287671,75.0147123287671,23.50958904109589,24.672931506849313,8.440000000000001,2.0816986301369864,95.45216438356162,0.0,1901.5,10.406666666666666,34.15,0
64000310,高雄市,美濃區,2023,4.72831890410959,73.25139726027396,23.845835616438354,25.25860273972603,9.25,2.2580821917808223,95.49610958904108,0.0,2024.23,10.783333333333333,36.083333333333336,0
64000310,高雄市,美濃區,2024,4.696710109289618,75.48464480874316,23.785409836065572,24.903087431693987,9.96,2.2965846994535526,95.48797814207651,0.0,2007.6599999999996,10.583333333333334,35.18666666666667,0
64000310,高雄市,美濃區,2025,4.7404302395209585,78.26090410958903,22.987671232876714,23.806958904109592,10.219999999999999,2.163534246575342,95.47753424657535,55.600000000000065,1766.6,10.01,33.516666666666666,0
64000320,高雄市,六龜區,2013,4.261101095890411,77.00191780821918,22.44906849315069,23.386246575342465,8.11,2.234,95.45865753424657,58.59000000000013,1572.9999999999998,9.229999999999999,31.993333333333336,0
64000320,高雄市,六龜區,2014,4.360468219178083,75.62843835616438,22.51624657534246,23.707917808219182,10.86,2.182109589041096,95.4964109589041,95.25000000000011,1634.18,8.963333333333333,33.013333333333335,0
64000320,高雄市,六龜區,2015,4.492699452054795,77.61441095890412,22.770246575342465,23.83309589041096,9.139999999999997,2.327561643835616,95.54660273972601,48.050000000000026,1679.69,9.666666666666666,33.67666666666667,0
64000320,高雄市,六龜區,2016,4.239616120218579,82.81467213114753,22.409945355191258,22.91571038251366,9.079999999999998,2.3801092896174865,95.49289617486339,71.8900000000001,1576.1299999999994,6.033333333333334,31.543333333333337,0
64000320,高雄市,六龜區,2017,4.48226191780822,78.63378082191781,22.83846575342466,23.69312328767123,7.109999999999999,2.0507397260273974,95.52219178082191,1.1199999999999761,1657.66,10.85,32.526666666666664,0
64000320,高雄市,六龜區,2018,4.518268493150686,77.36331506849314,23.012630136986303,24.178849315068494,10.670000000000002,2.1617260273972607,95.44745205479452,19.480000000000054,1739.5899999999997,8.656666666666666,35.153333333333336,0
64000320,高雄市,六龜區,2019,4.362369589041095,78.9982191780822,23.140383561643834,24.032438356164384,6.010000000000002,2.063260273972603,95.47161643835616,0.0,1766.7399999999996,12.94,32.1,0
64000320,高雄市,六龜區,2020,4.662927595628416,77.05483606557378,23.16486338797814,24.187377049180327,8.240000000000002,2.1056830601092895,95.5472950819672,0.0,1780.5399999999995,8.606666666666667,33.38666666666666,0
64000320,高雄市,六龜區,2021,4.698947123287672,74.73199999999999,23.244383561643833,24.45424657534247,12.280000000000001,2.2199178082191784,95.48873972602739,46.810000000000045,1851.5099999999998,10.073333333333332,35.449999999999996,0
64000320,高雄市,六龜區,2022,4.496051506849315,75.0147123287671,23.50958904109589,24.672931506849313,8.440000000000001,2.0816986301369864,95.45216438356162,0.0,1901.5,10.406666666666666,34.15,0
64000320,高雄市,六龜區,2023,4.528795890410959,73.25139726027396,23.845835616438354,25.25860273972603,9.25,2.2580821917808223,95.49610958904108,0.0,2024.23,10.783333333333333,36.083333333333336,0
64000320,高雄市,六龜區,2024,4.427984426229509,75.48464480874316,23.785409836065572,24.903087431693987,9.96,2.2965846994535526,95.48797814207651,0.0,2007.6599999999996,10.583333333333334,35.18666666666667,0
64000320,高雄市,六龜區,2025,4.4936709580838325,78.26090410958903,22.987671232876714,23.806958904109592,10.219999999999999,2.163534246575342,95.47753424657535,55.600000000000065,1766.6,10.01,33.516666666666666,0
64000330,高雄市,甲仙區,2013,4.261101095890411,77.00191780821918,22.44906849315069,23.386246575342465,8.11,2.234,95.45865753424657,58.59000000000013,1572.9999999999998,9.229999999999999,31.993333333333336,0
64000330,高雄市,甲仙區,2014,4.360468219178083,75.62843835616438,22.51624657534246,23.707917808219182,10.86,2.182109589041096,95.4964109589041,95.25000000000011,1634.18,8.963333333333333,33.013333333333335,0
64000330,高雄市,甲仙區,2015,4.492699452054795,77.61441095890412,22.770246575342465,23.83309589041096,9.139999999999997,2.327561643835616,95.54660273972601,48.050000000000026,1679.69,9.666666666666666,33.67666666666667,0
64000330,高雄市,甲仙區,2016,4.239616120218579,82.81467213114753,22.409945355191258,22.91571038251366,9.079999999999998,2.3801092896174865,95.49289617486339,71.8900000000001,1576.1299999999994,6.033333333333334,31.543333333333337,0
64000330,高雄市,甲仙區,2017,4.48226191780822,78.63378082191781,22.83846575342466,23.69312328767123,7.109999999999999,2.0507397260273974,95.52219178082191,1.1199999999999761,1657.66,10.85,32.526666666666664,0
64000330,高雄市,甲仙區,2018,4.518268493150686,77.36331506849314,23.012630136986303,24.178849315068494,10.670000000000002,2.1617260273972607,95.44745205479452,19.480000000000054,1739.5899999999997,8.656666666666666,35.153333333333336,0
64000330,高雄市,甲仙區,2019,4.362369589041095,78.9982191780822,23.140383561643834,24.032438356164384,6.010000000000002,2.063260273972603,95.47161643835616,0.0,1766.7399999999996,12.94,32.1,0
64000330,高雄市,甲仙區,2020,4.662927595628416,77.05483606557378,23.16486338797814,24.187377049180327,8.240000000000002,2.1056830601092895,95.5472950819672,0.0,1780.5399999999995,8.606666666666667,33.38666666666666,0
64000330,高雄市,甲仙區,2021,4.698947123287672,74.73199999999999,23.244383561643833,24.45424657534247,12.280000000000001,2.2199178082191784,95.48873972602739,46.810000000000045,1851.5099999999998,10.073333333333332,35.449999999999996,0
64000330,高雄市,甲仙區,2022,4.496051506849315,75.0147123287671,23.50958904109589,24.672931506849313,8.440000000000001,2.0816986301369864,95.45216438356162,0.0,1901.5,10.406666666666666,34.15,0
64000330,高雄市,甲仙區,2023,4.528795890410959,73.25139726027396,23.845835616438354,25.25860273972603,9.25,2.2580821917808223,95.49610958904108,0.0,2024.23,10.783333333333333,36.083333333333336,0
64000330,高雄市,甲仙區,2024,4.427984426229509,75.48464480874316,23.785409836065572,24.903087431693987,9.96,2.2965846994535526,95.48797814207651,0.0,2007.6599999999996,10.583333333333334,35.18666666666667,0
64000330,高雄市,甲仙區,2025,4.4936709580838325,78.26090410958903,22.987671232876714,23.806958904109592,10.219999999999999,2.163534246575342,95.47753424657535,55.600000000000065,1766.6,10.01,33.516666666666666,0
64000340,高雄市,杉林區,2013,4.506502191780822,77.00191780821918,22.44906849315069,23.386246575342465,8.11,2.234,95.45865753424657,58.59000000000013,1572.9999999999998,9.229999999999999,31.993333333333336,0
64000340,高雄市,杉林區,2014,4.60450602739726,75.62843835616438,22.51624657534246,23.707917808219182,10.86,2.182109589041096,95.4964109589041,95.25000000000011,1634.18,8.963333333333333,33.013333333333335,0
64000340,高雄市,杉林區,2015,4.826878630136986,77.61441095890412,22.770246575342465,23.83309589041096,9.139999999999997,2.327561643835616,95.54660273972601,48.050000000000026,1679.69,9.666666666666666,33.67666666666667,0
64000340,高雄市,杉林區,2016,4.549348087431693,82.81467213114753,22.409945355191258,22.91571038251366,9.079999999999998,2.3801092896174865,95.49289617486339,71.8900000000001,1576.1299999999994,6.033333333333334,31.543333333333337,0
64000340,高雄市,杉林區,2017,4.766560547945205,78.63378082191781,22.83846575342466,23.69312328767123,7.109999999999999,2.0507397260273974,95.52219178082191,1.1199999999999761,1657.66,10.85,32.526666666666664,0
64000340,高雄市,杉林區,2018,4.710832054794521,77.36331506849314,23.012630136986303,24.178849315068494,10.670000000000002,2.1617260273972607,95.44745205479452,19.480000000000054,1739.5899999999997,8.656666666666666,35.153333333333336,0
64000340,高雄市,杉林區,2019,4.581201369863014,78.9982191780822,23.140383561643834,24.032438356164384,6.010000000000002,2.063260273972603,95.47161643835616,0.0,1766.7399999999996,12.94,32.1,0
64000340,高雄市,杉林區,2020,4.872314207650273,77.05483606557378,23.16486338797814,24.187377049180327,8.240000000000002,2.1056830601092895,95.5472950819672,0.0,1780.5399999999995,8.606666666666667,33.38666666666666,0
64000340,高雄市,杉林區,2021,4.837761095890412,74.73199999999999,23.244383561643833,24.45424657534247,12.280000000000001,2.2199178082191784,95.48873972602739,46.810000000000045,1851.5099999999998,10.073333333333332,35.449999999999996,0
64000340,高雄市,杉林區,2022,4.783987123287671,75.0147123287671,23.50958904109589,24.672931506849313,8.440000000000001,2.0816986301369864,95.45216438356162,0.0,1901.5,10.406666666666666,34.15,0
64000340,高雄市,杉林區,2023,4.72831890410959,73.25139726027396,23.845835616438354,25.25860273972603,9.25,2.2580821917808223,95.49610958904108,0.0,2024.23,10.783333333333333,36.083333333333336,0
64000340,高雄市,杉林區,2024,4.696710109289618,75.48464480874316,23.785409836065572,24.903087431693987,9.96,2.2965846994535526,95.48797814207651,0.0,2007.6599999999996,10.583333333333334,35.18666666666667,0
64000340,高雄市,杉林區,2025,4.7404302395209585,78.26090410958903,22.987671232876714,23.806958904109592,10.219999999999999,2.163534246575342,95.47753424657535,55.600000000000065,1766.6,10.01,33.516666666666666,0
64000350,高雄市,內門區,2013,4.506502191780822,77.00191780821918,22.44906849315069,23.386246575342465,8.11,2.234,95.45865753424657,58.59000000000013,1572.9999999999998,9.229999999999999,31.993333333333336,0
64000350,高雄市,內門區,2014,4.60450602739726,75.62843835616438,22.51624657534246,23.707917808219182,10.86,2.182109589041096,95.4964109589041,95.25000000000011,1634.18,8.963333333333333,33.013333333333335,0
64000350,高雄市,內門區,2015,4.826878630136986,77.61441095890412,22.770246575342465,23.83309589041096,9.139999999999997,2.327561643835616,95.54660273972601,48.050000000000026,1679.69,9.666666666666666,33.67666666666667,0
64000350,高雄市,內門區,2016,4.549348087431693,82.81467213114753,22.409945355191258,22.91571038251366,9.079999999999998,2.3801092896174865,95.49289617486339,71.8900000000001,1576.1299999999994,6.033333333333334,31.543333333333337,0
64000350,高雄市,內門區,2017,4.766560547945205,78.63378082191781,22.83846575342466,23.69312328767123,7.109999999999999,2.0507397260273974,95.52219178082191,1.1199999999999761,1657.66,10.85,32.526666666666664,0
64000350,高雄市,內門區,2018,4.710832054794521,77.36331506849314,23.012630136986303,24.178849315068494,10.670000000000002,2.1617260273972607,95.44745205479452,19.480000000000054,1739.5899999999997,8.656666666666666,35.153333333333336,0
64000350,高雄市,內門區,2019,4.581201369863014,78.9982191780822,23.140383561643834,24.032438356164384,6.010000000000002,2.063260273972603,95.47161643835616,0.0,1766.7399999999996,12.94,32.1,0
64000350,高雄市,內門區,2020,4.872314207650273,77.05483606557378,23.16486338797814,24.187377049180327,8.240000000000002,2.1056830601092895,95.5472950819672,0.0,1780.5399999999995,8.606666666666667,33.38666666666666,0
64000350,高雄市,內門區,2021,4.837761095890412,74.73199999999999,23.244383561643833,24.45424657534247,12.280000000000001,2.2199178082191784,95.48873972602739,46.810000000000045,1851.5099999999998,10.073333333333332,35.449999999999996,0
64000350,高雄市,內門區,2022,4.783987123287671,75.0147123287671,23.50958904109589,24.672931506849313,8.440000000000001,2.0816986301369864,95.45216438356162,0.0,1901.5,10.406666666666666,34.15,0
64000350,高雄市,內門區,2023,4.72831890410959,73.25139726027396,23.845835616438354,25.25860273972603,9.25,2.2580821917808223,95.49610958904108,0.0,2024.23,10.783333333333333,36.083333333333336,0
64000350,高雄市,內門區,2024,4.696710109289618,75.48464480874316,23.785409836065572,24.903087431693987,9.96,2.2965846994535526,95.48797814207651,0.0,2007.6599999999996,10.583333333333334,35.18666666666667,0
64000350,高雄市,內門區,2025,4.7404302395209585,78.26090410958903,22.987671232876714,23.806958904109592,10.219999999999999,2.163534246575342,95.47753424657535,55.600000000000065,1766.6,10.01,33.516666666666666,0
64000360,高雄市,茂林區,2013,4.506502191780822,77.00191780821918,22.44906849315069,23.386246575342465,8.11,2.234,95.45865753424657,58.59000000000013,1572.9999999999998,9.229999999999999,31.993333333333336,0
64000360,高雄市,茂林區,2014,4.60450602739726,75.62843835616438,22.51624657534246,23.707917808219182,10.86,2.182109589041096,95.4964109589041,95.25000000000011,1634.18,8.963333333333333,33.013333333333335,0
64000360,高雄市,茂林區,2015,4.826878630136986,77.61441095890412,22.770246575342465,23.83309589041096,9.139999999999997,2.327561643835616,95.54660273972601,48.050000000000026,1679.69,9.666666666666666,33.67666666666667,0
64000360,高雄市,茂林區,2016,4.549348087431693,82.81467213114753,22.409945355191258,22.91571038251366,9.079999999999998,2.3801092896174865,95.49289617486339,71.8900000000001,1576.1299999999994,6.033333333333334,31.543333333333337,0
64000360,高雄市,茂林區,2017,4.766560547945205,78.63378082191781,22.83846575342466,23.69312328767123,7.109999999999999,2.0507397260273974,95.52219178082191,1.1199999999999761,1657.66,10.85,32.526666666666664,0
64000360,高雄市,茂林區,2018,4.710832054794521,77.36331506849314,23.012630136986303,24.178849315068494,10.670000000000002,2.1617260273972607,95.44745205479452,19.480000000000054,1739.5899999999997,8.656666666666666,35.153333333333336,0
64000360,高雄市,茂林區,2019,4.581201369863014,78.9982191780822,23.140383561643834,24.032438356164384,6.010000000000002,2.063260273972603,95.47161643835616,0.0,1766.7399999999996,12.94,32.1,0
64000360,高雄市,茂林區,2020,4.872314207650273,77.05483606557378,23.16486338797814,24.187377049180327,8.240000000000002,2.1056830601092895,95.5472950819672,0.0,1780.5399999999995,8.606666666666667,33.38666666666666,0
64000360,高雄市,茂林區,2021,4.837761095890412,74.73199999999999,23.244383561643833,24.45424657534247,12.280000000000001,2.2199178082191784,95.48873972602739,46.810000000000045,1851.5099999999998,10.073333333333332,35.449999999999996,0
64000360,高雄市,茂林區,2022,4.783987123287671,75.0147123287671,23.50958904109589,24.672931506849313,8.440000000000001,2.0816986301369864,95.45216438356162,0.0,1901.5,10.406666666666666,34.15,0
64000360,高雄市,茂林區,2023,4.72831890410959,73.25139726027396,23.845835616438354,25.25860273972603,9.25,2.2580821917808223,95.49610958904108,0.0,2024.23,10.783333333333333,36.083333333333336,0
64000360,高雄市,茂林區,2024,4.696710109289618,75.48464480874316,23.785409836065572,24.903087431693987,9.96,2.2965846994535526,95.48797814207651,0.0,2007.6599999999996,10.583333333333334,35.18666666666667,0
64000360,高雄市,茂林區,2025,4.7404302395209585,78.26090410958903,22.987671232876714,23.806958904109592,10.219999999999999,2.163534246575342,95.47753424657535,55.600000000000065,1766.6,10.01,33.516666666666666,0
64000370,高雄市,桃源區,2013,4.261101095890411,77.00191780821918,22.44906849315069,23.386246575342465,8.11,2.234,95.45865753424657,58.59000000000013,1572.9999999999998,9.229999999999999,31.993333333333336,0
64000370,高雄市,桃源區,2014,4.360468219178083,75.62843835616438,22.51624657534246,23.707917808219182,10.86,2.182109589041096,95.4964109589041,95.25000000000011,1634.18,8.963333333333333,33.013333333333335,0
64000370,高雄市,桃源區,2015,4.492699452054795,77.61441095890412,22.770246575342465,23.83309589041096,9.139999999999997,2.327561643835616,95.54660273972601,48.050000000000026,1679.69,9.666666666666666,33.67666666666667,0
64000370,高雄市,桃源區,2016,4.239616120218579,82.81467213114753,22.409945355191258,22.91571038251366,9.079999999999998,2.3801092896174865,95.49289617486339,71.8900000000001,1576.1299999999994,6.033333333333334,31.543333333333337,0
64000370,高雄市,桃源區,2017,4.48226191780822,78.63378082191781,22.83846575342466,23.69312328767123,7.109999999999999,2.0507397260273974,95.52219178082191,1.1199999999999761,1657.66,10.85,32.526666666666664,0
64000370,高雄市,桃源區,2018,4.518268493150686,77.36331506849314,23.012630136986303,24.178849315068494,10.670000000000002,2.1617260273972607,95.44745205479452,19.480000000000054,1739.5899999999997,8.656666666666666,35.153333333333336,0
64000370,高雄市,桃源區,2019,4.362369589041095,78.9982191780822,23.140383561643834,24.032438356164384,6.010000000000002,2.063260273972603,95.47161643835616,0.0,1766.7399999999996,12.94,32.1,0
64000370,高雄市,桃源區,2020,4.662927595628416,77.05483606557378,23.16486338797814,24.187377049180327,8.240000000000002,2.1056830601092895,95.5472950819672,0.0,1780.5399999999995,8.606666666666667,33.38666666666666,0
64000370,高雄市,桃源區,2021,4.698947123287672,74.73199999999999,23.244383561643833,24.45424657534247,12.280000000000001,2.2199178082191784,95.48873972602739,46.810000000000045,1851.5099999999998,10.073333333333332,35.449999999999996,0
64000370,高雄市,桃源區,2022,4.496051506849315,75.0147123287671,23.50958904109589,24.672931506849313,8.440000000000001,2.0816986301369864,95.45216438356162,0.0,1901.5,10.406666666666666,34.15,0
64000370,高雄市,桃源區,2023,4.528795890410959,73.25139726027396,23.845835616438354,25.25860273972603,9.25,2.2580821917808223,95.49610958904108,0.0,2024.23,10.783333333333333,36.083333333333336,0
64000370,高雄市,桃源區,2024,4.427984426229509,75.48464480874316,23.785409836065572,24.903087431693987,9.96,2.2965846994535526,95.48797814207651,0.0,2007.6599999999996,10.583333333333334,35.18666666666667,0
64000370,高雄市,桃源區,2025,4.4936709580838325,78.26090410958903,22.987671232876714,23.806958904109592,10.219999999999999,2.163534246575342,95.47753424657535,55.600000000000065,1766.6,10.01,33.516666666666666,0
64000380,高雄市,那瑪夏區,2013,4.261101095890411,77.53293150684931,21.000986301369863,21.325150684931508,9.570000000000002,2.316712328767123,93.72117808219177,183.52000000000004,1169.3799999999997,6.98,31.296666666666663,0
64000380,高雄市,那瑪夏區,2014,4.360468219178083,76.447698630137,21.0273698630137,21.520246575342465,11.790000000000001,2.340027397260274,93.76134246575343,275.52000000000004,1271.0099999999998,5.556666666666666,32.53333333333334,0
64000380,高雄市,那瑪夏區,2015,4.492699452054795,78.2701095890411,21.28994520547945,21.65750684931507,10.040000000000001,2.479534246575342,93.80906849315068,166.76000000000005,1258.0899999999997,7.153333333333333,32.79,0
64000380,高雄市,那瑪夏區,2016,4.239616120218579,83.50745901639343,20.995409836065576,20.97366120218579,10.809999999999999,2.3818032786885244,93.75715846994537,272.2600000000001,1258.78,2.9800000000000004,31.34,31
64000380,高雄市,那瑪夏區,2017,4.48226191780822,78.82317808219177,21.503479452054794,21.808383561643833,7.859999999999999,2.201917808219178,93.78306849315071,114.07000000000015,1283.3399999999997,8.563333333333333,31.840000000000003,0
64000380,高雄市,那瑪夏區,2018,4.518268493150686,78.37567123287671,21.525397260273973,21.991479452054797,10.530000000000001,2.3134520547945203,93.71413698630138,139.13,1316.4,5.843333333333334,33.64666666666667,0
64000380,高雄市,那瑪夏區,2019,4.362369589041095,79.58065753424655,21.690246575342467,21.9592602739726,7.059999999999999,2.3109315068493155,93.7374794520548,31.31000000000005,1268.7499999999998,10.409999999999998,32.14,0
64000380,高雄市,那瑪夏區,2020,4.662927595628416,77.23071038251366,21.749562841530054,22.122786885245905,9.139999999999997,2.2730327868852465,93.81311475409835,96.83999999999997,1359.3799999999997,4.3533333333333335,32.47666666666667,0
64000380,高雄市,那瑪夏區,2021,4.698947123287672,75.23772602739727,21.743835616438357,22.240630136986304,12.530000000000001,2.4081369863013697,93.75794520547946,160.08000000000013,1417.0799999999997,7.026666666666666,33.94,0
64000380,高雄市,那瑪夏區,2022,4.496051506849315,75.3934794520548,22.067123287671233,22.539397260273976,9.430000000000003,2.3230684931506844,93.72123287671234,137.61,1512.6099999999997,6.906666666666666,33.99,0
64000380,高雄市,那瑪夏區,2023,4.528795890410959,73.0497808219178,22.43994520547945,23.13621917808219,10.149999999999999,2.4242739726027396,93.76715068493151,48.98000000000006,1560.0599999999995,7.863333333333334,34.82333333333333,0
64000380,高雄市,那瑪夏區,2024,4.427984426229509,75.73502732240438,22.349617486338797,22.840054644808742,10.740000000000002,2.4553825136612017,93.7579781420765,111.9100000000001,1594.0699999999997,7.55,34.48,0
64000380,高雄市,那瑪夏區,2025,4.4936709580838325,78.86197260273971,21.503123287671233,21.697013698630137,10.3,2.2614246575342465,93.74682191780823,183.51000000000002,1352.6499999999999,7.283333333333332,31.80666666666666,0
65000010,新北市,板橋區,2013,3.6402991780821923,84.34767123287672,21.20687671232877,21.507616438356163,12.930000000000001,4.877068493150685,98.75956164383561,327.97000000000014,1388.9799999999996,7.706666666666667,31.73333333333333,0
65000010,新北市,板橋區,2014,3.770857808219178,83.20460273972603,21.357917808219177,21.70430136986301,13.760000000000002,4.534465753424658,98.77715068493151,400.63000000000005,1516.7699999999998,7.236666666666667,31.97,0
65000010,新北市,板橋區,2015,3.6822969863013704,83.90687671232877,21.729616438356164,22.02797260273973,12.919999999999998,4.829424657534247,98.79912328767124,282.6600000000001,1534.4699999999998,7.9799999999999995,31.92,0
65000010,新北市,板橋區,2016,3.6687904371584694,86.26136612021857,21.80743169398907,22.019672131147544,14.330000000000002,4.632950819672131,98.76065573770492,370.71000000000004,1654.4299999999996,5.3999999999999995,32.09,0
65000010,新北市,板橋區,2017,3.775852054794521,84.56484931506851,21.783698630136985,22.102219178082194,12.780000000000001,4.831232876712329,98.81468493150685,312.3600000000002,1583.9099999999996,8.62,32.21,0
65000010,新北市,板橋區,2018,3.990993150684931,84.44671232876713,21.743178082191783,22.111753424657536,13.31,4.726657534246576,98.72835616438354,269.60000000000014,1526.3599999999994,7.603333333333334,32.339999999999996,0
65000010,新北市,板橋區,2019,3.712860821917808,85.27024657534247,21.939342465753427,22.227013698630135,11.34,4.971095890410959,98.73764383561644,162.19000000000005,1490.55,10.94,31.316666666666666,0
65000010,新北市,板橋區,2020,3.7910860655737704,83.63368852459016,22.00185792349727,22.34811475409836,12.23,4.901584699453552,98.8343989071038,208.25000000000003,1563.1299999999999,6.47,32.519999999999996,0
65000010,新北市,板橋區,2021,4.064644657534247,83.66668493150685,22.03630136986301,22.300684931506847,13.910000000000002,4.7984109589041095,98.76065753424659,262.1800000000001,1625.9299999999996,8.08,32.849999999999994,0
65000010,新北市,板橋區,2022,3.5752767123287668,85.06613698630137,21.808657534246574,22.120438356164385,13.5,5.049287671232876,98.76928767123287,288.5400000000001,1569.1999999999996,8.393333333333333,33.58333333333333,0
65000010,新北市,板橋區,2023,3.906078356164384,82.00008219178083,22.295999999999996,22.639753424657535,14.3,4.794657534246576,98.78309589041096,247.00000000000017,1705.5399999999997,7.16,34.19,0
65000010,新北市,板橋區,2024,3.7497833333333337,83.49806010928963,22.484071038251365,22.851775956284154,13.04,4.646284153005465,98.7587431693989,249.25000000000003,1780.6199999999997,8.27,32.53333333333333,0
65000010,新北市,板橋區,2025,4.213502994011975,84.13117808219178,22.112794520547947,22.304356164383563,13.240000000000002,4.747315068493151,98.75687671232878,302.6600000000001,1694.33,8.103333333333333,32.48666666666667,0
65000020,新北市,三重區,2013,3.6402991780821923,84.34767123287672,21.20687671232877,21.507616438356163,12.930000000000001,4.877068493150685,98.75956164383561,327.97000000000014,1388.9799999999996,7.706666666666667,31.73333333333333,0
65000020,新北市,三重區,2014,3.770857808219178,83.20460273972603,21.357917808219177,21.70430136986301,13.760000000000002,4.534465753424658,98.77715068493151,400.63000000000005,1516.7699999999998,7.236666666666667,31.97,0
65000020,新北市,三重區,2015,3.6822969863013704,83.90687671232877,21.729616438356164,22.02797260273973,12.919999999999998,4.829424657534247,98.79912328767124,282.6600000000001,1534.4699999999998,7.9799999999999995,31.92,0
65000020,新北市,三重區,2016,3.6687904371584694,86.26136612021857,21.80743169398907,22.019672131147544,14.330000000000002,4.632950819672131,98.76065573770492,370.71000000000004,1654.4299999999996,5.3999999999999995,32.09,0
65000020,新北市,三重區,2017,3.775852054794521,84.56484931506851,21.783698630136985,22.102219178082194,12.780000000000001,4.831232876712329,98.81468493150685,312.3600000000002,1583.9099999999996,8.62,32.21,0
65000020,新北市,三重區,2018,3.990993150684931,84.44671232876713,21.743178082191783,22.111753424657536,13.31,4.726657534246576,98.72835616438354,269.60000000000014,1526.3599999999994,7.603333333333334,32.339999999999996,0
65000020,新北市,三重區,2019,3.712860821917808,85.27024657534247,21.939342465753427,22.227013698630135,11.34,4.971095890410959,98.73764383561644,162.19000000000005,1490.55,10.94,31.316666666666666,0
65000020,新北市,三重區,2020,3.7910860655737704,83.63368852459016,22.00185792349727,22.34811475409836,12.23,4.901584699453552,98.8343989071038,208.25000000000003,1563.1299999999999,6.47,32.519999999999996,0
65000020,新北市,三重區,2021,4.064644657534247,83.66668493150685,22.03630136986301,22.300684931506847,13.910000000000002,4.7984109589041095,98.76065753424659,262.1800000000001,1625.9299999999996,8.08,32.849999999999994,0
65000020,新北市,三重區,2022,3.5752767123287668,85.06613698630137,21.808657534246574,22.120438356164385,13.5,5.049287671232876,98.76928767123287,288.5400000000001,1569.1999999999996,8.393333333333333,33.58333333333333,0
65000020,新北市,三重區,2023,3.906078356164384,82.00008219178083,22.295999999999996,22.639753424657535,14.3,4.794657534246576,98.78309589041096,247.00000000000017,1705.5399999999997,7.16,34.19,0
65000020,新北市,三重區,2024,3.7497833333333337,83.49806010928963,22.484071038251365,22.851775956284154,13.04,4.646284153005465,98.7587431693989,249.25000000000003,1780.6199999999997,8.27,32.53333333333333,0
65000020,新北市,三重區,2025,4.213502994011975,84.13117808219178,22.112794520547947,22.304356164383563,13.240000000000002,4.747315068493151,98.75687671232878,302.6600000000001,1694.33,8.103333333333333,32.48666666666667,0
65000030,新北市,中和區,2013,3.7659084931506848,84.34767123287672,21.20687671232877,21.507616438356163,12.930000000000001,4.877068493150685,98.75956164383561,327.97000000000014,1388.9799999999996,7.706666666666667,31.73333333333333,0
65000030,新北市,中和區,2014,3.8430613698630145,83.20460273972603,21.357917808219177,21.70430136986301,13.760000000000002,4.534465753424658,98.77715068493151,400.63000000000005,1516.7699999999998,7.236666666666667,31.97,0
65000030,新北市,中和區,2015,3.919658082191781,83.90687671232877,21.729616438356164,22.02797260273973,12.919999999999998,4.829424657534247,98.79912328767124,282.6600000000001,1534.4699999999998,7.9799999999999995,31.92,0
65000030,新北市,中和區,2016,3.7904614754098365,86.26136612021857,21.80743169398907,22.019672131147544,14.330000000000002,4.632950819672131,98.76065573770492,370.71000000000004,1654.4299999999996,5.3999999999999995,32.09,0
65000030,新北市,中和區,2017,3.8297947945205473,84.56484931506851,21.783698630136985,22.102219178082194,12.780000000000001,4.831232876712329,98.81468493150685,312.3600000000002,1583.9099999999996,8.62,32.21,0
65000030,新北市,中和區,2018,3.9874175342465747,84.44671232876713,21.743178082191783,22.111753424657536,13.31,4.726657534246576,98.72835616438354,269.60000000000014,1526.3599999999994,7.603333333333334,32.339999999999996,0
65000030,新北市,中和區,2019,3.826375342465753,85.27024657534247,21.939342465753427,22.227013698630135,11.34,4.971095890410959,98.73764383561644,162.19000000000005,1490.55,10.94,31.316666666666666,0
65000030,新北市,中和區,2020,3.9260226775956277,83.63368852459016,22.00185792349727,22.34811475409836,12.23,4.901584699453552,98.8343989071038,208.25000000000003,1563.1299999999999,6.47,32.519999999999996,0
65000030,新北市,中和區,2021,4.163436986301369,83.66668493150685,22.03630136986301,22.300684931506847,13.910000000000002,4.7984109589041095,98.76065753424659,262.1800000000001,1625.9299999999996,8.08,32.849999999999994,0
65000030,新北市,中和區,2022,3.828847671232877,85.06613698630137,21.808657534246574,22.120438356164385,13.5,5.049287671232876,98.76928767123287,288.5400000000001,1569.1999999999996,8.393333333333333,33.58333333333333,0
65000030,新北市,中和區,2023,3.9763550684931515,82.00008219178083,22.295999999999996,22.639753424657535,14.3,4.794657534246576,98.78309589041096,247.00000000000017,1705.5399999999997,7.16,34.19,0
65000030,新北市,中和區,2024,3.833393169398907,83.49806010928963,22.484071038251365,22.851775956284154,13.04,4.646284153005465,98.7587431693989,249.25000000000003,1780.6199999999997,8.27,32.53333333333333,0
65000030,新北市,中和區,2025,4.008978143712575,84.13117808219178,22.112794520547947,22.304356164383563,13.240000000000002,4.747315068493151,98.75687671232878,302.6600000000001,1694.33,8.103333333333333,32.48666666666667,0
65000040,新北市,永和區,2013,3.6402991780821923,84.34767123287672,21.20687671232877,21.507616438356163,12.930000000000001,4.877068493150685,98.75956164383561,327.97000000000014,1388.9799999999996,7.706666666666667,31.73333333333333,0
65000040,新北市,永和區,2014,3.770857808219178,83.20460273972603,21.357917808219177,21.70430136986301,13.760000000000002,4.534465753424658,98.77715068493151,400.63000000000005,1516.7699999999998,7.236666666666667,31.97,0
65000040,新北市,永和區,2015,3.6822969863013704,83.90687671232877,21.729616438356164,22.02797260273973,12.919999999999998,4.829424657534247,98.79912328767124,282.6600000000001,1534.4699999999998,7.9799999999999995,31.92,0
65000040,新北市,永和區,2016,3.6687904371584694,86.26136612021857,21.80743169398907,22.019672131147544,14.330000000000002,4.632950819672131,98.76065573770492,370.71000000000004,1654.4299999999996,5.3999999999999995,32.09,0
65000040,新北市,永和區,2017,3.775852054794521,84.56484931506851,21.783698630136985,22.102219178082194,12.780000000000001,4.831232876712329,98.81468493150685,312.3600000000002,1583.9099999999996,8.62,32.21,0
65000040,新北市,永和區,2018,3.990993150684931,84.44671232876713,21.743178082191783,22.111753424657536,13.31,4.726657534246576,98.72835616438354,269.60000000000014,1526.3599999999994,7.603333333333334,32.339999999999996,0
65000040,新北市,永和區,2019,3.712860821917808,85.27024657534247,21.939342465753427,22.227013698630135,11.34,4.971095890410959,98.73764383561644,162.19000000000005,1490.55,10.94,31.316666666666666,0
65000040,新北市,永和區,2020,3.7910860655737704,83.63368852459016,22.00185792349727,22.34811475409836,12.23,4.901584699453552,98.8343989071038,208.25000000000003,1563.1299999999999,6.47,32.519999999999996,0
65000040,新北市,永和區,2021,4.064644657534247,83.66668493150685,22.03630136986301,22.300684931506847,13.910000000000002,4.7984109589041095,98.76065753424659,262.1800000000001,1625.9299999999996,8.08,32.849999999999994,0
65000040,新北市,永和區,2022,3.5752767123287668,85.06613698630137,21.808657534246574,22.120438356164385,13.5,5.049287671232876,98.76928767123287,288.5400000000001,1569.1999999999996,8.393333333333333,33.58333333333333,0
65000040,新北市,永和區,2023,3.906078356164384,82.00008219178083,22.295999999999996,22.639753424657535,14.3,4.794657534246576,98.78309589041096,247.00000000000017,1705.5399999999997,7.16,34.19,0
65000040,新北市,永和區,2024,3.7497833333333337,83.49806010928963,22.484071038251365,22.851775956284154,13.04,4.646284153005465,98.7587431693989,249.25000000000003,1780.6199999999997,8.27,32.53333333333333,0
65000040,新北市,永和區,2025,4.213502994011975,84.13117808219178,22.112794520547947,22.304356164383563,13.240000000000002,4.747315068493151,98.75687671232878,302.6600000000001,1694.33,8.103333333333333,32.48666666666667,0
65000050,新北市,新莊區,2013,3.6402991780821923,84.34767123287672,21.20687671232877,21.507616438356163,12.930000000000001,4.877068493150685,98.75956164383561,327.97000000000014,1388.9799999999996,7.706666666666667,31.73333333333333,0
65000050,新北市,新莊區,2014,3.770857808219178,83.20460273972603,21.357917808219177,21.70430136986301,13.760000000000002,4.534465753424658,98.77715068493151,400.63000000000005,1516.7699999999998,7.236666666666667,31.97,0
65000050,新北市,新莊區,2015,3.6822969863013704,83.90687671232877,21.729616438356164,22.02797260273973,12.919999999999998,4.829424657534247,98.79912328767124,282.6600000000001,1534.4699999999998,7.9799999999999995,31.92,0
65000050,新北市,新莊區,2016,3.6687904371584694,86.26136612021857,21.80743169398907,22.019672131147544,14.330000000000002,4.632950819672131,98.76065573770492,370.71000000000004,1654.4299999999996,5.3999999999999995,32.09,0
65000050,新北市,新莊區,2017,3.775852054794521,84.56484931506851,21.783698630136985,22.102219178082194,12.780000000000001,4.831232876712329,98.81468493150685,312.3600000000002,1583.9099999999996,8.62,32.21,0
65000050,新北市,新莊區,2018,3.990993150684931,84.44671232876713,21.743178082191783,22.111753424657536,13.31,4.726657534246576,98.72835616438354,269.60000000000014,1526.3599999999994,7.603333333333334,32.339999999999996,0
65000050,新北市,新莊區,2019,3.712860821917808,85.27024657534247,21.939342465753427,22.227013698630135,11.34,4.971095890410959,98.73764383561644,162.19000000000005,1490.55,10.94,31.316666666666666,0
65000050,新北市,新莊區,2020,3.7910860655737704,83.63368852459016,22.00185792349727,22.34811475409836,12.23,4.901584699453552,98.8343989071038,208.25000000000003,1563.1299999999999,6.47,32.519999999999996,0
65000050,新北市,新莊區,2021,4.064644657534247,83.66668493150685,22.03630136986301,22.300684931506847,13.910000000000002,4.7984109589041095,98.76065753424659,262.1800000000001,1625.9299999999996,8.08,32.849999999999994,0
65000050,新北市,新莊區,2022,3.5752767123287668,85.06613698630137,21.808657534246574,22.120438356164385,13.5,5.049287671232876,98.76928767123287,288.5400000000001,1569.1999999999996,8.393333333333333,33.58333333333333,0
65000050,新北市,新莊區,2023,3.906078356164384,82.00008219178083,22.295999999999996,22.639753424657535,14.3,4.794657534246576,98.78309589041096,247.00000000000017,1705.5399999999997,7.16,34.19,0
65000050,新北市,新莊區,2024,3.7497833333333337,83.49806010928963,22.484071038251365,22.851775956284154,13.04,4.646284153005465,98.7587431693989,249.25000000000003,1780.6199999999997,8.27,32.53333333333333,0
65000050,新北市,新莊區,2025,4.213502994011975,84.13117808219178,22.112794520547947,22.304356164383563,13.240000000000002,4.747315068493151,98.75687671232878,302.6600000000001,1694.33,8.103333333333333,32.48666666666667,0
65000060,新北市,新店區,2013,3.7659084931506848,84.34767123287672,21.20687671232877,21.507616438356163,12.930000000000001,4.877068493150685,98.75956164383561,327.97000000000014,1388.9799999999996,7.706666666666667,31.73333333333333,0
65000060,新北市,新店區,2014,3.8430613698630145,83.20460273972603,21.357917808219177,21.70430136986301,13.760000000000002,4.534465753424658,98.77715068493151,400.63000000000005,1516.7699999999998,7.236666666666667,31.97,0
65000060,新北市,新店區,2015,3.919658082191781,83.90687671232877,21.729616438356164,22.02797260273973,12.919999999999998,4.829424657534247,98.79912328767124,282.6600000000001,1534.4699999999998,7.9799999999999995,31.92,0
65000060,新北市,新店區,2016,3.7904614754098365,86.26136612021857,21.80743169398907,22.019672131147544,14.330000000000002,4.632950819672131,98.76065573770492,370.71000000000004,1654.4299999999996,5.3999999999999995,32.09,0
65000060,新北市,新店區,2017,3.8297947945205473,84.56484931506851,21.783698630136985,22.102219178082194,12.780000000000001,4.831232876712329,98.81468493150685,312.3600000000002,1583.9099999999996,8.62,32.21,0
65000060,新北市,新店區,2018,3.9874175342465747,84.44671232876713,21.743178082191783,22.111753424657536,13.31,4.726657534246576,98.72835616438354,269.60000000000014,1526.3599999999994,7.603333333333334,32.339999999999996,0
65000060,新北市,新店區,2019,3.826375342465753,85.27024657534247,21.939342465753427,22.227013698630135,11.34,4.971095890410959,98.73764383561644,162.19000000000005,1490.55,10.94,31.316666666666666,0
65000060,新北市,新店區,2020,3.9260226775956277,83.63368852459016,22.00185792349727,22.34811475409836,12.23,4.901584699453552,98.8343989071038,208.25000000000003,1563.1299999999999,6.47,32.519999999999996,0
65000060,新北市,新店區,2021,4.163436986301369,83.66668493150685,22.03630136986301,22.300684931506847,13.910000000000002,4.7984109589041095,98.76065753424659,262.1800000000001,1625.9299999999996,8.08,32.849999999999994,0
65000060,新北市,新店區,2022,3.828847671232877,85.06613698630137,21.808657534246574,22.120438356164385,13.5,5.049287671232876,98.76928767123287,288.5400000000001,1569.1999999999996,8.393333333333333,33.58333333333333,0
65000060,新北市,新店區,2023,3.9763550684931515,82.00008219178083,22.295999999999996,22.639753424657535,14.3,4.794657534246576,98.78309589041096,247.00000000000017,1705.5399999999997,7.16,34.19,0
65000060,新北市,新店區,2024,3.833393169398907,83.49806010928963,22.484071038251365,22.851775956284154,13.04,4.646284153005465,98.7587431693989,249.25000000000003,1780.6199999999997,8.27,32.53333333333333,0
65000060,新北市,新店區,2025,4.008978143712575,84.13117808219178,22.112794520547947,22.304356164383563,13.240000000000002,4.747315068493151,98.75687671232878,302.6600000000001,1694.33,8.103333333333333,32.48666666666667,0
65000070,新北市,樹林區,2013,3.7659084931506848,84.34767123287672,21.20687671232877,21.507616438356163,12.930000000000001,4.877068493150685,98.75956164383561,327.97000000000014,1388.9799999999996,7.706666666666667,31.73333333333333,0
65000070,新北市,樹林區,2014,3.8430613698630145,83.20460273972603,21.357917808219177,21.70430136986301,13.760000000000002,4.534465753424658,98.77715068493151,400.63000000000005,1516.7699999999998,7.236666666666667,31.97,0
65000070,新北市,樹林區,2015,3.919658082191781,83.90687671232877,21.729616438356164,22.02797260273973,12.919999999999998,4.829424657534247,98.79912328767124,282.6600000000001,1534.4699999999998,7.9799999999999995,31.92,0
65000070,新北市,樹林區,2016,3.7904614754098365,86.26136612021857,21.80743169398907,22.019672131147544,14.330000000000002,4.632950819672131,98.76065573770492,370.71000000000004,1654.4299999999996,5.3999999999999995,32.09,0
65000070,新北市,樹林區,2017,3.8297947945205473,84.56484931506851,21.783698630136985,22.102219178082194,12.780000000000001,4.831232876712329,98.81468493150685,312.3600000000002,1583.9099999999996,8.62,32.21,0
65000070,新北市,樹林區,2018,3.9874175342465747,84.44671232876713,21.743178082191783,22.111753424657536,13.31,4.726657534246576,98.72835616438354,269.60000000000014,1526.3599999999994,7.603333333333334,32.339999999999996,0
65000070,新北市,樹林區,2019,3.826375342465753,85.27024657534247,21.939342465753427,22.227013698630135,11.34,4.971095890410959,98.73764383561644,162.19000000000005,1490.55,10.94,31.316666666666666,0
65000070,新北市,樹林區,2020,3.9260226775956277,83.63368852459016,22.00185792349727,22.34811475409836,12.23,4.901584699453552,98.8343989071038,208.25000000000003,1563.1299999999999,6.47,32.519999999999996,0
65000070,新北市,樹林區,2021,4.163436986301369,83.66668493150685,22.03630136986301,22.300684931506847,13.910000000000002,4.7984109589041095,98.76065753424659,262.1800000000001,1625.9299999999996,8.08,32.849999999999994,0
65000070,新北市,樹林區,2022,3.828847671232877,85.06613698630137,21.808657534246574,22.120438356164385,13.5,5.049287671232876,98.76928767123287,288.5400000000001,1569.1999999999996,8.393333333333333,33.58333333333333,0
65000070,新北市,樹林區,2023,3.9763550684931515,82.00008219178083,22.295999999999996,22.639753424657535,14.3,4.794657534246576,98.78309589041096,247.00000000000017,1705.5399999999997,7.16,34.19,0
65000070,新北市,樹林區,2024,3.833393169398907,83.49806010928963,22.484071038251365,22.851775956284154,13.04,4.646284153005465,98.7587431693989,249.25000000000003,1780.6199999999997,8.27,32.53333333333333,0
65000070,新北市,樹林區,2025,4.008978143712575,84.13117808219178,22.112794520547947,22.304356164383563,13.240000000000002,4.747315068493151,98.75687671232878,302.6600000000001,1694.33,8.103333333333333,32.48666666666667,0
65000080,新北市,鶯歌區,2013,3.7659084931506848,84.34767123287672,21.20687671232877,21.507616438356163,12.930000000000001,4.877068493150685,98.75956164383561,327.97000000000014,1388.9799999999996,7.706666666666667,31.73333333333333,0
65000080,新北市,鶯歌區,2014,3.8430613698630145,83.20460273972603,21.357917808219177,21.70430136986301,13.760000000000002,4.534465753424658,98.77715068493151,400.63000000000005,1516.7699999999998,7.236666666666667,31.97,0
65000080,新北市,鶯歌區,2015,3.919658082191781,83.90687671232877,21.729616438356164,22.02797260273973,12.919999999999998,4.829424657534247,98.79912328767124,282.6600000000001,1534.4699999999998,7.9799999999999995,31.92,0
65000080,新北市,鶯歌區,2016,3.7904614754098365,86.26136612021857,21.80743169398907,22.019672131147544,14.330000000000002,4.632950819672131,98.76065573770492,370.71000000000004,1654.4299999999996,5.3999999999999995,32.09,0
65000080,新北市,鶯歌區,2017,3.8297947945205473,84.56484931506851,21.783698630136985,22.102219178082194,12.780000000000001,4.831232876712329,98.81468493150685,312.3600000000002,1583.9099999999996,8.62,32.21,0
65000080,新北市,鶯歌區,2018,3.9874175342465747,84.44671232876713,21.743178082191783,22.111753424657536,13.31,4.726657534246576,98.72835616438354,269.60000000000014,1526.3599999999994,7.603333333333334,32.339999999999996,0
65000080,新北市,鶯歌區,2019,3.826375342465753,85.27024657534247,21.939342465753427,22.227013698630135,11.34,4.971095890410959,98.73764383561644,162.19000000000005,1490.55,10.94,31.316666666666666,0
65000080,新北市,鶯歌區,2020,3.9260226775956277,83.63368852459016,22.00185792349727,22.34811475409836,12.23,4.901584699453552,98.8343989071038,208.25000000000003,1563.1299999999999,6.47,32.519999999999996,0
65000080,新北市,鶯歌區,2021,4.163436986301369,83.66668493150685,22.03630136986301,22.300684931506847,13.910000000000002,4.7984109589041095,98.76065753424659,262.1800000000001,1625.9299999999996,8.08,32.849999999999994,0
65000080,新北市,鶯歌區,2022,3.828847671232877,85.06613698630137,21.808657534246574,22.120438356164385,13.5,5.049287671232876,98.76928767123287,288.5400000000001,1569.1999999999996,8.393333333333333,33.58333333333333,0
65000080,新北市,鶯歌區,2023,3.9763550684931515,82.00008219178083,22.295999999999996,22.639753424657535,14.3,4.794657534246576,98.78309589041096,247.00000000000017,1705.5399999999997,7.16,34.19,0
65000080,新北市,鶯歌區,2024,3.833393169398907,83.49806010928963,22.484071038251365,22.851775956284154,13.04,4.646284153005465,98.7587431693989,249.25000000000003,1780.6199999999997,8.27,32.53333333333333,0
65000080,新北市,鶯歌區,2025,4.008978143712575,84.13117808219178,22.112794520547947,22.304356164383563,13.240000000000002,4.747315068493151,98.75687671232878,302.6600000000001,1694.33,8.103333333333333,32.48666666666667,0
65000090,新北市,三峽區,2013,3.7659084931506848,84.34767123287672,21.20687671232877,21.507616438356163,12.930000000000001,4.877068493150685,98.75956164383561,327.97000000000014,1388.9799999999996,7.706666666666667,31.73333333333333,0
65000090,新北市,三峽區,2014,3.8430613698630145,83.20460273972603,21.357917808219177,21.70430136986301,13.760000000000002,4.534465753424658,98.77715068493151,400.63000000000005,1516.7699999999998,7.236666666666667,31.97,0
65000090,新北市,三峽區,2015,3.919658082191781,83.90687671232877,21.729616438356164,22.02797260273973,12.919999999999998,4.829424657534247,98.79912328767124,282.6600000000001,1534.4699999999998,7.9799999999999995,31.92,0
65000090,新北市,三峽區,2016,3.7904614754098365,86.26136612021857,21.80743169398907,22.019672131147544,14.330000000000002,4.632950819672131,98.76065573770492,370.71000000000004,1654.4299999999996,5.3999999999999995,32.09,0
65000090,新北市,三峽區,2017,3.8297947945205473,84.56484931506851,21.783698630136985,22.102219178082194,12.780000000000001,4.831232876712329,98.81468493150685,312.3600000000002,1583.9099999999996,8.62,32.21,0
65000090,新北市,三峽區,2018,3.9874175342465747,84.44671232876713,21.743178082191783,22.111753424657536,13.31,4.726657534246576,98.72835616438354,269.60000000000014,1526.3599999999994,7.603333333333334,32.339999999999996,0
65000090,新北市,三峽區,2019,3.826375342465753,85.27024657534247,21.939342465753427,22.227013698630135,11.34,4.971095890410959,98.73764383561644,162.19000000000005,1490.55,10.94,31.316666666666666,0
65000090,新北市,三峽區,2020,3.9260226775956277,83.63368852459016,22.00185792349727,22.34811475409836,12.23,4.901584699453552,98.8343989071038,208.25000000000003,1563.1299999999999,6.47,32.519999999999996,0
65000090,新北市,三峽區,2021,4.163436986301369,83.66668493150685,22.03630136986301,22.300684931506847,13.910000000000002,4.7984109589041095,98.76065753424659,262.1800000000001,1625.9299999999996,8.08,32.849999999999994,0
65000090,新北市,三峽區,2022,3.828847671232877,85.06613698630137,21.808657534246574,22.120438356164385,13.5,5.049287671232876,98.76928767123287,288.5400000000001,1569.1999999999996,8.393333333333333,33.58333333333333,0
65000090,新北市,三峽區,2023,3.9763550684931515,82.00008219178083,22.295999999999996,22.639753424657535,14.3,4.794657534246576,98.78309589041096,247.00000000000017,1705.5399999999997,7.16,34.19,0
65000090,新北市,三峽區,2024,3.833393169398907,83.49806010928963,22.484071038251365,22.851775956284154,13.04,4.646284153005465,98.7587431693989,249.25000000000003,1780.6199999999997,8.27,32.53333333333333,0
65000090,新北市,三峽區,2025,4.008978143712575,84.13117808219178,22.112794520547947,22.304356164383563,13.240000000000002,4.747315068493151,98.75687671232878,302.6600000000001,1694.33,8.103333333333333,32.48666666666667,0
65000100,新北市,淡水區,2013,3.6402991780821923,84.34767123287672,21.20687671232877,21.507616438356163,12.930000000000001,4.877068493150685,98.75956164383561,327.97000000000014,1388.9799999999996,7.706666666666667,31.73333333333333,0
65000100,新北市,淡水區,2014,3.770857808219178,83.20460273972603,21.357917808219177,21.70430136986301,13.760000000000002,4.534465753424658,98.77715068493151,400.63000000000005,1516.7699999999998,7.236666666666667,31.97,0
65000100,新北市,淡水區,2015,3.6822969863013704,83.90687671232877,21.729616438356164,22.02797260273973,12.919999999999998,4.829424657534247,98.79912328767124,282.6600000000001,1534.4699999999998,7.9799999999999995,31.92,0
65000100,新北市,淡水區,2016,3.6687904371584694,86.26136612021857,21.80743169398907,22.019672131147544,14.330000000000002,4.632950819672131,98.76065573770492,370.71000000000004,1654.4299999999996,5.3999999999999995,32.09,0
65000100,新北市,淡水區,2017,3.775852054794521,84.56484931506851,21.783698630136985,22.102219178082194,12.780000000000001,4.831232876712329,98.81468493150685,312.3600000000002,1583.9099999999996,8.62,32.21,0
65000100,新北市,淡水區,2018,3.990993150684931,84.44671232876713,21.743178082191783,22.111753424657536,13.31,4.726657534246576,98.72835616438354,269.60000000000014,1526.3599999999994,7.603333333333334,32.339999999999996,0
65000100,新北市,淡水區,2019,3.712860821917808,85.27024657534247,21.939342465753427,22.227013698630135,11.34,4.971095890410959,98.73764383561644,162.19000000000005,1490.55,10.94,31.316666666666666,0
65000100,新北市,淡水區,2020,3.7910860655737704,83.63368852459016,22.00185792349727,22.34811475409836,12.23,4.901584699453552,98.8343989071038,208.25000000000003,1563.1299999999999,6.47,32.519999999999996,0
65000100,新北市,淡水區,2021,4.064644657534247,83.66668493150685,22.03630136986301,22.300684931506847,13.910000000000002,4.7984109589041095,98.76065753424659,262.1800000000001,1625.9299999999996,8.08,32.849999999999994,0
65000100,新北市,淡水區,2022,3.5752767123287668,85.06613698630137,21.808657534246574,22.120438356164385,13.5,5.049287671232876,98.76928767123287,288.5400000000001,1569.1999999999996,8.393333333333333,33.58333333333333,0
65000100,新北市,淡水區,2023,3.906078356164384,82.00008219178083,22.295999999999996,22.639753424657535,14.3,4.794657534246576,98.78309589041096,247.00000000000017,1705.5399999999997,7.16,34.19,0
65000100,新北市,淡水區,2024,3.7497833333333337,83.49806010928963,22.484071038251365,22.851775956284154,13.04,4.646284153005465,98.7587431693989,249.25000000000003,1780.6199999999997,8.27,32.53333333333333,0
65000100,新北市,淡水區,2025,4.213502994011975,84.13117808219178,22.112794520547947,22.304356164383563,13.240000000000002,4.747315068493151,98.75687671232878,302.6600000000001,1694.33,8.103333333333333,32.48666666666667,0
65000110,新北市,汐止區,2013,3.6402991780821923,82.94372602739726,22.790931506849315,23.76158904109589,9.310000000000002,5.5551232876712335,100.18435616438359,81.22000000000003,1720.4099999999994,11.44,31.400000000000002,0
65000110,新北市,汐止區,2014,3.770857808219178,81.98052054794522,22.841260273972605,23.811013698630138,9.79,5.142301369863015,100.20800000000001,121.71999999999997,1779.2800000000002,10.656666666666666,31.573333333333334,0
65000110,新北市,汐止區,2015,3.6822969863013704,83.70978082191782,23.099342465753427,23.928301369863014,9.399999999999999,5.028821917808219,100.225698630137,75.86000000000008,1827.6199999999994,11.729999999999999,31.426666666666666,0
65000110,新北市,汐止區,2016,3.6687904371584694,84.889043715847,23.35016393442623,24.203661202185796,10.18,5.223551912568306,100.18576502732238,103.04000000000002,1951.4000000000003,9.229999999999999,31.643333333333334,0
65000110,新北市,汐止區,2017,3.775852054794521,83.10449315068493,23.326356164383558,24.265068493150686,8.990000000000002,5.282383561643836,100.24054794520549,24.079999999999984,1858.7,12.373333333333335,31.773333333333337,0
65000110,新北市,汐止區,2018,3.990993150684931,82.80358904109589,23.294931506849313,24.263287671232877,9.739999999999998,5.374164383561643,100.15254794520548,80.4500000000001,1903.5999999999997,11.536666666666667,31.74666666666667,0
65000110,新北市,汐止區,2019,3.712860821917808,83.70024657534246,23.459397260273967,24.31586301369863,8.05,5.170712328767124,100.15438356164383,0.0,1883.1799999999998,14.43,31.843333333333334,0
65000110,新北市,汐止區,2020,3.7910860655737704,82.72655737704919,23.514016393442624,24.415573770491804,9.330000000000002,5.245,100.25428961748632,9.920000000000009,1918.2499999999998,10.33,31.863333333333333,0
65000110,新北市,汐止區,2021,4.064644657534247,81.97679452054794,23.626684931506848,24.536849315068494,9.600000000000001,5.134575342465753,100.18136986301369,62.930000000000035,2007.17,11.969999999999999,32.42666666666667,0
65000110,新北市,汐止區,2022,3.5752767123287668,83.154301369863,23.50476712328767,24.47717808219178,9.850000000000001,5.513315068493151,100.17608219178081,43.01000000000003,1942.75,11.616666666666667,32.516666666666666,0
65000110,新北市,汐止區,2023,3.906078356164384,81.42060273972604,23.735561643835617,24.567205479452053,9.760000000000002,5.193835616438356,100.20547945205482,20.460000000000004,2004.4399999999998,11.569999999999999,33.10666666666667,0
65000110,新北市,汐止區,2024,3.7497833333333337,82.62128415300546,23.934344262295085,24.73303278688525,10.009999999999998,5.004644808743169,100.17546448087433,21.39000000000004,2083.5599999999995,11.79,32.38666666666666,0
65000110,新北市,汐止區,2025,4.213502994011975,82.86284931506847,23.726739726027397,24.493452054794517,9.950000000000003,5.26786301369863,100.18008219178081,79.77000000000005,2060.53,11.973333333333334,31.513333333333335,0
65000120,新北市,瑞芳區,2013,3.6402991780821923,82.94372602739726,22.790931506849315,23.76158904109589,9.310000000000002,5.5551232876712335,100.18435616438359,81.22000000000003,1720.4099999999994,11.44,31.400000000000002,0
65000120,新北市,瑞芳區,2014,3.770857808219178,81.98052054794522,22.841260273972605,23.811013698630138,9.79,5.142301369863015,100.20800000000001,121.71999999999997,1779.2800000000002,10.656666666666666,31.573333333333334,0
65000120,新北市,瑞芳區,2015,3.6822969863013704,83.70978082191782,23.099342465753427,23.928301369863014,9.399999999999999,5.028821917808219,100.225698630137,75.86000000000008,1827.6199999999994,11.729999999999999,31.426666666666666,0
65000120,新北市,瑞芳區,2016,3.6687904371584694,84.889043715847,23.35016393442623,24.203661202185796,10.18,5.223551912568306,100.18576502732238,103.04000000000002,1951.4000000000003,9.229999999999999,31.643333333333334,0
65000120,新北市,瑞芳區,2017,3.775852054794521,83.10449315068493,23.326356164383558,24.265068493150686,8.990000000000002,5.282383561643836,100.24054794520549,24.079999999999984,1858.7,12.373333333333335,31.773333333333337,0
65000120,新北市,瑞芳區,2018,3.990993150684931,82.80358904109589,23.294931506849313,24.263287671232877,9.739999999999998,5.374164383561643,100.15254794520548,80.4500000000001,1903.5999999999997,11.536666666666667,31.74666666666667,0
65000120,新北市,瑞芳區,2019,3.712860821917808,83.70024657534246,23.459397260273967,24.31586301369863,8.05,5.170712328767124,100.15438356164383,0.0,1883.1799999999998,14.43,31.843333333333334,0
65000120,新北市,瑞芳區,2020,3.7910860655737704,82.72655737704919,23.514016393442624,24.415573770491804,9.330000000000002,5.245,100.25428961748632,9.920000000000009,1918.2499999999998,10.33,31.863333333333333,0
65000120,新北市,瑞芳區,2021,4.064644657534247,81.97679452054794,23.626684931506848,24.536849315068494,9.600000000000001,5.134575342465753,100.18136986301369,62.930000000000035,2007.17,11.969999999999999,32.42666666666667,0
65000120,新北市,瑞芳區,2022,3.5752767123287668,83.154301369863,23.50476712328767,24.47717808219178,9.850000000000001,5.513315068493151,100.17608219178081,43.01000000000003,1942.75,11.616666666666667,32.516666666666666,0
65000120,新北市,瑞芳區,2023,3.906078356164384,81.42060273972604,23.735561643835617,24.567205479452053,9.760000000000002,5.193835616438356,100.20547945205482,20.460000000000004,2004.4399999999998,11.569999999999999,33.10666666666667,0
65000120,新北市,瑞芳區,2024,3.7497833333333337,82.62128415300546,23.934344262295085,24.73303278688525,10.009999999999998,5.004644808743169,100.17546448087433,21.39000000000004,2083.5599999999995,11.79,32.38666666666666,0
65000120,新北市,瑞芳區,2025,4.213502994011975,82.86284931506847,23.726739726027397,24.493452054794517,9.950000000000003,5.26786301369863,100.18008219178081,79.77000000000005,2060.53,11.973333333333334,31.513333333333335,0
65000130,新北市,土城區,2013,3.7659084931506848,84.34767123287672,21.20687671232877,21.507616438356163,12.930000000000001,4.877068493150685,98.75956164383561,327.97000000000014,1388.9799999999996,7.706666666666667,31.73333333333333,0
65000130,新北市,土城區,2014,3.8430613698630145,83.20460273972603,21.357917808219177,21.70430136986301,13.760000000000002,4.534465753424658,98.77715068493151,400.63000000000005,1516.7699999999998,7.236666666666667,31.97,0
65000130,新北市,土城區,2015,3.919658082191781,83.90687671232877,21.729616438356164,22.02797260273973,12.919999999999998,4.829424657534247,98.79912328767124,282.6600000000001,1534.4699999999998,7.9799999999999995,31.92,0
65000130,新北市,土城區,2016,3.7904614754098365,86.26136612021857,21.80743169398907,22.019672131147544,14.330000000000002,4.632950819672131,98.76065573770492,370.71000000000004,1654.4299999999996,5.3999999999999995,32.09,0
65000130,新北市,土城區,2017,3.8297947945205473,84.56484931506851,21.783698630136985,22.102219178082194,12.780000000000001,4.831232876712329,98.81468493150685,312.3600000000002,1583.9099999999996,8.62,32.21,0
65000130,新北市,土城區,2018,3.9874175342465747,84.44671232876713,21.743178082191783,22.111753424657536,13.31,4.726657534246576,98.72835616438354,269.60000000000014,1526.3599999999994,7.603333333333334,32.339999999999996,0
65000130,新北市,土城區,2019,3.826375342465753,85.27024657534247,21.939342465753427,22.227013698630135,11.34,4.971095890410959,98.73764383561644,162.19000000000005,1490.55,10.94,31.316666666666666,0
65000130,新北市,土城區,2020,3.9260226775956277,83.63368852459016,22.00185792349727,22.34811475409836,12.23,4.901584699453552,98.8343989071038,208.25000000000003,1563.1299999999999,6.47,32.519999999999996,0
65000130,新北市,土城區,2021,4.163436986301369,83.66668493150685,22.03630136986301,22.300684931506847,13.910000000000002,4.7984109589041095,98.76065753424659,262.1800000000001,1625.9299999999996,8.08,32.849999999999994,0
65000130,新北市,土城區,2022,3.828847671232877,85.06613698630137,21.808657534246574,22.120438356164385,13.5,5.049287671232876,98.76928767123287,288.5400000000001,1569.1999999999996,8.393333333333333,33.58333333333333,0
65000130,新北市,土城區,2023,3.9763550684931515,82.00008219178083,22.295999999999996,22.639753424657535,14.3,4.794657534246576,98.78309589041096,247.00000000000017,1705.5399999999997,7.16,34.19,0
65000130,新北市,土城區,2024,3.833393169398907,83.49806010928963,22.484071038251365,22.851775956284154,13.04,4.646284153005465,98.7587431693989,249.25000000000003,1780.6199999999997,8.27,32.53333333333333,0
65000130,新北市,土城區,2025,4.008978143712575,84.13117808219178,22.112794520547947,22.304356164383563,13.240000000000002,4.747315068493151,98.75687671232878,302.6600000000001,1694.33,8.103333333333333,32.48666666666667,0
65000140,新北市,蘆洲區,2013,3.6402991780821923,84.34767123287672,21.20687671232877,21.507616438356163,12.930000000000001,4.877068493150685,98.75956164383561,327.97000000000014,1388.9799999999996,7.706666666666667,31.73333333333333,0
65000140,新北市,蘆洲區,2014,3.770857808219178,83.20460273972603,21.357917808219177,21.70430136986301,13.760000000000002,4.534465753424658,98.77715068493151,400.63000000000005,1516.7699999999998,7.236666666666667,31.97,0
65000140,新北市,蘆洲區,2015,3.6822969863013704,83.90687671232877,21.729616438356164,22.02797260273973,12.919999999999998,4.829424657534247,98.79912328767124,282.6600000000001,1534.4699999999998,7.9799999999999995,31.92,0
65000140,新北市,蘆洲區,2016,3.6687904371584694,86.26136612021857,21.80743169398907,22.019672131147544,14.330000000000002,4.632950819672131,98.76065573770492,370.71000000000004,1654.4299999999996,5.3999999999999995,32.09,0
65000140,新北市,蘆洲區,2017,3.775852054794521,84.56484931506851,21.783698630136985,22.102219178082194,12.780000000000001,4.831232876712329,98.81468493150685,312.3600000000002,1583.9099999999996,8.62,32.21,0
65000140,新北市,蘆洲區,2018,3.990993150684931,84.44671232876713,21.743178082191783,22.111753424657536,13.31,4.726657534246576,98.72835616438354,269.60000000000014,1526.3599999999994,7.603333333333334,32.339999999999996,0
65000140,新北市,蘆洲區,2019,3.712860821917808,85.27024657534247,21.939342465753427,22.227013698630135,11.34,4.971095890410959,98.73764383561644,162.19000000000005,1490.55,10.94,31.316666666666666,0
65000140,新北市,蘆洲區,2020,3.7910860655737704,83.63368852459016,22.00185792349727,22.34811475409836,12.23,4.901584699453552,98.8343989071038,208.25000000000003,1563.1299999999999,6.47,32.519999999999996,0
65000140,新北市,蘆洲區,2021,4.064644657534247,83.66668493150685,22.03630136986301,22.300684931506847,13.910000000000002,4.7984109589041095,98.76065753424659,262.1800000000001,1625.9299999999996,8.08,32.849999999999994,0
65000140,新北市,蘆洲區,2022,3.5752767123287668,85.06613698630137,21.808657534246574,22.120438356164385,13.5,5.049287671232876,98.76928767123287,288.5400000000001,1569.1999999999996,8.393333333333333,33.58333333333333,0
65000140,新北市,蘆洲區,2023,3.906078356164384,82.00008219178083,22.295999999999996,22.639753424657535,14.3,4.794657534246576,98.78309589041096,247.00000000000017,1705.5399999999997,7.16,34.19,0
65000140,新北市,蘆洲區,2024,3.7497833333333337,83.49806010928963,22.484071038251365,22.851775956284154,13.04,4.646284153005465,98.7587431693989,249.25000000000003,1780.6199999999997,8.27,32.53333333333333,0
65000140,新北市,蘆洲區,2025,4.213502994011975,84.13117808219178,22.112794520547947,22.304356164383563,13.240000000000002,4.747315068493151,98.75687671232878,302.6600000000001,1694.33,8.103333333333333,32.48666666666667,0
65000150,新北市,五股區,2013,3.6402991780821923,84.34767123287672,21.20687671232877,21.507616438356163,12.930000000000001,4.877068493150685,98.75956164383561,327.97000000000014,1388.9799999999996,7.706666666666667,31.73333333333333,0
65000150,新北市,五股區,2014,3.770857808219178,83.20460273972603,21.357917808219177,21.70430136986301,13.760000000000002,4.534465753424658,98.77715068493151,400.63000000000005,1516.7699999999998,7.236666666666667,31.97,0
65000150,新北市,五股區,2015,3.6822969863013704,83.90687671232877,21.729616438356164,22.02797260273973,12.919999999999998,4.829424657534247,98.79912328767124,282.6600000000001,1534.4699999999998,7.9799999999999995,31.92,0
65000150,新北市,五股區,2016,3.6687904371584694,86.26136612021857,21.80743169398907,22.019672131147544,14.330000000000002,4.632950819672131,98.76065573770492,370.71000000000004,1654.4299999999996,5.3999999999999995,32.09,0
65000150,新北市,五股區,2017,3.775852054794521,84.56484931506851,21.783698630136985,22.102219178082194,12.780000000000001,4.831232876712329,98.81468493150685,312.3600000000002,1583.9099999999996,8.62,32.21,0
65000150,新北市,五股區,2018,3.990993150684931,84.44671232876713,21.743178082191783,22.111753424657536,13.31,4.726657534246576,98.72835616438354,269.60000000000014,1526.3599999999994,7.603333333333334,32.339999999999996,0
65000150,新北市,五股區,2019,3.712860821917808,85.27024657534247,21.939342465753427,22.227013698630135,11.34,4.971095890410959,98.73764383561644,162.19000000000005,1490.55,10.94,31.316666666666666,0
65000150,新北市,五股區,2020,3.7910860655737704,83.63368852459016,22.00185792349727,22.34811475409836,12.23,4.901584699453552,98.8343989071038,208.25000000000003,1563.1299999999999,6.47,32.519999999999996,0
65000150,新北市,五股區,2021,4.064644657534247,83.66668493150685,22.03630136986301,22.300684931506847,13.910000000000002,4.7984109589041095,98.76065753424659,262.1800000000001,1625.9299999999996,8.08,32.849999999999994,0
65000150,新北市,五股區,2022,3.5752767123287668,85.06613698630137,21.808657534246574,22.120438356164385,13.5,5.049287671232876,98.76928767123287,288.5400000000001,1569.1999999999996,8.393333333333333,33.58333333333333,0
65000150,新北市,五股區,2023,3.906078356164384,82.00008219178083,22.295999999999996,22.639753424657535,14.3,4.794657534246576,98.78309589041096,247.00000000000017,1705.5399999999997,7.16,34.19,0
65000150,新北市,五股區,2024,3.7497833333333337,83.49806010928963,22.484071038251365,22.851775956284154,13.04,4.646284153005465,98.7587431693989,249.25000000000003,1780.6199999999997,8.27,32.53333333333333,0
65000150,新北市,五股區,2025,4.213502994011975,84.13117808219178,22.112794520547947,22.304356164383563,13.240000000000002,4.747315068493151,98.75687671232878,302.6600000000001,1694.33,8.103333333333333,32.48666666666667,0
65000160,新北市,泰山區,2013,3.6402991780821923,84.34767123287672,21.20687671232877,21.507616438356163,12.930000000000001,4.877068493150685,98.75956164383561,327.97000000000014,1388.9799999999996,7.706666666666667,31.73333333333333,0
65000160,新北市,泰山區,2014,3.770857808219178,83.20460273972603,21.357917808219177,21.70430136986301,13.760000000000002,4.534465753424658,98.77715068493151,400.63000000000005,1516.7699999999998,7.236666666666667,31.97,0
65000160,新北市,泰山區,2015,3.6822969863013704,83.90687671232877,21.729616438356164,22.02797260273973,12.919999999999998,4.829424657534247,98.79912328767124,282.6600000000001,1534.4699999999998,7.9799999999999995,31.92,0
65000160,新北市,泰山區,2016,3.6687904371584694,86.26136612021857,21.80743169398907,22.019672131147544,14.330000000000002,4.632950819672131,98.76065573770492,370.71000000000004,1654.4299999999996,5.3999999999999995,32.09,0
65000160,新北市,泰山區,2017,3.775852054794521,84.56484931506851,21.783698630136985,22.102219178082194,12.780000000000001,4.831232876712329,98.81468493150685,312.3600000000002,1583.9099999999996,8.62,32.21,0
65000160,新北市,泰山區,2018,3.990993150684931,84.44671232876713,21.743178082191783,22.111753424657536,13.31,4.726657534246576,98.72835616438354,269.60000000000014,1526.3599999999994,7.603333333333334,32.339999999999996,0
65000160,新北市,泰山區,2019,3.712860821917808,85.27024657534247,21.939342465753427,22.227013698630135,11.34,4.971095890410959,98.73764383561644,162.19000000000005,1490.55,10.94,31.316666666666666,0
65000160,新北市,泰山區,2020,3.7910860655737704,83.63368852459016,22.00185792349727,22.34811475409836,12.23,4.901584699453552,98.8343989071038,208.25000000000003,1563.1299999999999,6.47,32.519999999999996,0
65000160,新北市,泰山區,2021,4.064644657534247,83.66668493150685,22.03630136986301,22.300684931506847,13.910000000000002,4.7984109589041095,98.76065753424659,262.1800000000001,1625.9299999999996,8.08,32.849999999999994,0
65000160,新北市,泰山區,2022,3.5752767123287668,85.06613698630137,21.808657534246574,22.120438356164385,13.5,5.049287671232876,98.76928767123287,288.5400000000001,1569.1999999999996,8.393333333333333,33.58333333333333,0
65000160,新北市,泰山區,2023,3.906078356164384,82.00008219178083,22.295999999999996,22.639753424657535,14.3,4.794657534246576,98.78309589041096,247.00000000000017,1705.5399999999997,7.16,34.19,0
65000160,新北市,泰山區,2024,3.7497833333333337,83.49806010928963,22.484071038251365,22.851775956284154,13.04,4.646284153005465,98.7587431693989,249.25000000000003,1780.6199999999997,8.27,32.53333333333333,0
65000160,新北市,泰山區,2025,4.213502994011975,84.13117808219178,22.112794520547947,22.304356164383563,13.240000000000002,4.747315068493151,98.75687671232878,302.6600000000001,1694.33,8.103333333333333,32.48666666666667,0
65000170,新北市,林口區,2013,3.6402991780821923,84.34767123287672,21.20687671232877,21.507616438356163,12.930000000000001,4.877068493150685,98.75956164383561,327.97000000000014,1388.9799999999996,7.706666666666667,31.73333333333333,0
65000170,新北市,林口區,2014,3.770857808219178,83.20460273972603,21.357917808219177,21.70430136986301,13.760000000000002,4.534465753424658,98.77715068493151,400.63000000000005,1516.7699999999998,7.236666666666667,31.97,0
65000170,新北市,林口區,2015,3.6822969863013704,83.90687671232877,21.729616438356164,22.02797260273973,12.919999999999998,4.829424657534247,98.79912328767124,282.6600000000001,1534.4699999999998,7.9799999999999995,31.92,0
65000170,新北市,林口區,2016,3.6687904371584694,86.26136612021857,21.80743169398907,22.019672131147544,14.330000000000002,4.632950819672131,98.76065573770492,370.71000000000004,1654.4299999999996,5.3999999999999995,32.09,0
65000170,新北市,林口區,2017,3.775852054794521,84.56484931506851,21.783698630136985,22.102219178082194,12.780000000000001,4.831232876712329,98.81468493150685,312.3600000000002,1583.9099999999996,8.62,32.21,0
65000170,新北市,林口區,2018,3.990993150684931,84.44671232876713,21.743178082191783,22.111753424657536,13.31,4.726657534246576,98.72835616438354,269.60000000000014,1526.3599999999994,7.603333333333334,32.339999999999996,0
65000170,新北市,林口區,2019,3.712860821917808,85.27024657534247,21.939342465753427,22.227013698630135,11.34,4.971095890410959,98.73764383561644,162.19000000000005,1490.55,10.94,31.316666666666666,0
65000170,新北市,林口區,2020,3.7910860655737704,83.63368852459016,22.00185792349727,22.34811475409836,12.23,4.901584699453552,98.8343989071038,208.25000000000003,1563.1299999999999,6.47,32.519999999999996,0
65000170,新北市,林口區,2021,4.064644657534247,83.66668493150685,22.03630136986301,22.300684931506847,13.910000000000002,4.7984109589041095,98.76065753424659,262.1800000000001,1625.9299999999996,8.08,32.849999999999994,0
65000170,新北市,林口區,2022,3.5752767123287668,85.06613698630137,21.808657534246574,22.120438356164385,13.5,5.049287671232876,98.76928767123287,288.5400000000001,1569.1999999999996,8.393333333333333,33.58333333333333,0
65000170,新北市,林口區,2023,3.906078356164384,82.00008219178083,22.295999999999996,22.639753424657535,14.3,4.794657534246576,98.78309589041096,247.00000000000017,1705.5399999999997,7.16,34.19,0
65000170,新北市,林口區,2024,3.7497833333333337,83.49806010928963,22.484071038251365,22.851775956284154,13.04,4.646284153005465,98.7587431693989,249.25000000000003,1780.6199999999997,8.27,32.53333333333333,0
65000170,新北市,林口區,2025,4.213502994011975,84.13117808219178,22.112794520547947,22.304356164383563,13.240000000000002,4.747315068493151,98.75687671232878,302.6600000000001,1694.33,8.103333333333333,32.48666666666667,0
65000180,新北市,深坑區,2013,3.7659084931506848,82.94372602739726,22.790931506849315,23.76158904109589,9.310000000000002,5.5551232876712335,100.18435616438359,81.22000000000003,1720.4099999999994,11.44,31.400000000000002,0
65000180,新北市,深坑區,2014,3.8430613698630145,81.98052054794522,22.841260273972605,23.811013698630138,9.79,5.142301369863015,100.20800000000001,121.71999999999997,1779.2800000000002,10.656666666666666,31.573333333333334,0
65000180,新北市,深坑區,2015,3.919658082191781,83.70978082191782,23.099342465753427,23.928301369863014,9.399999999999999,5.028821917808219,100.225698630137,75.86000000000008,1827.6199999999994,11.729999999999999,31.426666666666666,0
65000180,新北市,深坑區,2016,3.7904614754098365,84.889043715847,23.35016393442623,24.203661202185796,10.18,5.223551912568306,100.18576502732238,103.04000000000002,1951.4000000000003,9.229999999999999,31.643333333333334,0
65000180,新北市,深坑區,2017,3.8297947945205473,83.10449315068493,23.326356164383558,24.265068493150686,8.990000000000002,5.282383561643836,100.24054794520549,24.079999999999984,1858.7,12.373333333333335,31.773333333333337,0
65000180,新北市,深坑區,2018,3.9874175342465747,82.80358904109589,23.294931506849313,24.263287671232877,9.739999999999998,5.374164383561643,100.15254794520548,80.4500000000001,1903.5999999999997,11.536666666666667,31.74666666666667,0
65000180,新北市,深坑區,2019,3.826375342465753,83.70024657534246,23.459397260273967,24.31586301369863,8.05,5.170712328767124,100.15438356164383,0.0,1883.1799999999998,14.43,31.843333333333334,0
65000180,新北市,深坑區,2020,3.9260226775956277,82.72655737704919,23.514016393442624,24.415573770491804,9.330000000000002,5.245,100.25428961748632,9.920000000000009,1918.2499999999998,10.33,31.863333333333333,0
65000180,新北市,深坑區,2021,4.163436986301369,81.97679452054794,23.626684931506848,24.536849315068494,9.600000000000001,5.134575342465753,100.18136986301369,62.930000000000035,2007.17,11.969999999999999,32.42666666666667,0
65000180,新北市,深坑區,2022,3.828847671232877,83.154301369863,23.50476712328767,24.47717808219178,9.850000000000001,5.513315068493151,100.17608219178081,43.01000000000003,1942.75,11.616666666666667,32.516666666666666,0
65000180,新北市,深坑區,2023,3.9763550684931515,81.42060273972604,23.735561643835617,24.567205479452053,9.760000000000002,5.193835616438356,100.20547945205482,20.460000000000004,2004.4399999999998,11.569999999999999,33.10666666666667,0
65000180,新北市,深坑區,2024,3.833393169398907,82.62128415300546,23.934344262295085,24.73303278688525,10.009999999999998,5.004644808743169,100.17546448087433,21.39000000000004,2083.5599999999995,11.79,32.38666666666666,0
65000180,新北市,深坑區,2025,4.008978143712575,82.86284931506847,23.726739726027397,24.493452054794517,9.950000000000003,5.26786301369863,100.18008219178081,79.77000000000005,2060.53,11.973333333333334,31.513333333333335,0
65000190,新北市,石碇區,2013,3.7659084931506848,82.94372602739726,22.790931506849315,23.76158904109589,9.310000000000002,5.5551232876712335,100.18435616438359,81.22000000000003,1720.4099999999994,11.44,31.400000000000002,0
65000190,新北市,石碇區,2014,3.8430613698630145,81.98052054794522,22.841260273972605,23.811013698630138,9.79,5.142301369863015,100.20800000000001,121.71999999999997,1779.2800000000002,10.656666666666666,31.573333333333334,0
65000190,新北市,石碇區,2015,3.919658082191781,83.70978082191782,23.099342465753427,23.928301369863014,9.399999999999999,5.028821917808219,100.225698630137,75.86000000000008,1827.6199999999994,11.729999999999999,31.426666666666666,0
65000190,新北市,石碇區,2016,3.7904614754098365,84.889043715847,23.35016393442623,24.203661202185796,10.18,5.223551912568306,100.18576502732238,103.04000000000002,1951.4000000000003,9.229999999999999,31.643333333333334,0
65000190,新北市,石碇區,2017,3.8297947945205473,83.10449315068493,23.326356164383558,24.265068493150686,8.990000000000002,5.282383561643836,100.24054794520549,24.079999999999984,1858.7,12.373333333333335,31.773333333333337,0
65000190,新北市,石碇區,2018,3.9874175342465747,82.80358904109589,23.294931506849313,24.263287671232877,9.739999999999998,5.374164383561643,100.15254794520548,80.4500000000001,1903.5999999999997,11.536666666666667,31.74666666666667,0
65000190,新北市,石碇區,2019,3.826375342465753,83.70024657534246,23.459397260273967,24.31586301369863,8.05,5.170712328767124,100.15438356164383,0.0,1883.1799999999998,14.43,31.843333333333334,0
65000190,新北市,石碇區,2020,3.9260226775956277,82.72655737704919,23.514016393442624,24.415573770491804,9.330000000000002,5.245,100.25428961748632,9.920000000000009,1918.2499999999998,10.33,31.863333333333333,0
65000190,新北市,石碇區,2021,4.163436986301369,81.97679452054794,23.626684931506848,24.536849315068494,9.600000000000001,5.134575342465753,100.18136986301369,62.930000000000035,2007.17,11.969999999999999,32.42666666666667,0
65000190,新北市,石碇區,2022,3.828847671232877,83.154301369863,23.50476712328767,24.47717808219178,9.850000000000001,5.513315068493151,100.17608219178081,43.01000000000003,1942.75,11.616666666666667,32.516666666666666,0
65000190,新北市,石碇區,2023,3.9763550684931515,81.42060273972604,23.735561643835617,24.567205479452053,9.760000000000002,5.193835616438356,100.20547945205482,20.460000000000004,2004.4399999999998,11.569999999999999,33.10666666666667,0
65000190,新北市,石碇區,2024,3.833393169398907,82.62128415300546,23.934344262295085,24.73303278688525,10.009999999999998,5.004644808743169,100.17546448087433,21.39000000000004,2083.5599999999995,11.79,32.38666666666666,0
65000190,新北市,石碇區,2025,4.008978143712575,82.86284931506847,23.726739726027397,24.493452054794517,9.950000000000003,5.26786301369863,100.18008219178081,79.77000000000005,2060.53,11.973333333333334,31.513333333333335,0
65000200,新北市,坪林區,2013,3.7659084931506848,82.94372602739726,22.790931506849315,23.76158904109589,9.310000000000002,5.5551232876712335,100.18435616438359,81.22000000000003,1720.4099999999994,11.44,31.400000000000002,0
65000200,新北市,坪林區,2014,3.8430613698630145,81.98052054794522,22.841260273972605,23.811013698630138,9.79,5.142301369863015,100.20800000000001,121.71999999999997,1779.2800000000002,10.656666666666666,31.573333333333334,0
65000200,新北市,坪林區,2015,3.919658082191781,83.70978082191782,23.099342465753427,23.928301369863014,9.399999999999999,5.028821917808219,100.225698630137,75.86000000000008,1827.6199999999994,11.729999999999999,31.426666666666666,0
65000200,新北市,坪林區,2016,3.7904614754098365,84.889043715847,23.35016393442623,24.203661202185796,10.18,5.223551912568306,100.18576502732238,103.04000000000002,1951.4000000000003,9.229999999999999,31.643333333333334,0
65000200,新北市,坪林區,2017,3.8297947945205473,83.10449315068493,23.326356164383558,24.265068493150686,8.990000000000002,5.282383561643836,100.24054794520549,24.079999999999984,1858.7,12.373333333333335,31.773333333333337,0
65000200,新北市,坪林區,2018,3.9874175342465747,82.80358904109589,23.294931506849313,24.263287671232877,9.739999999999998,5.374164383561643,100.15254794520548,80.4500000000001,1903.5999999999997,11.536666666666667,31.74666666666667,0
65000200,新北市,坪林區,2019,3.826375342465753,83.70024657534246,23.459397260273967,24.31586301369863,8.05,5.170712328767124,100.15438356164383,0.0,1883.1799999999998,14.43,31.843333333333334,0
65000200,新北市,坪林區,2020,3.9260226775956277,82.72655737704919,23.514016393442624,24.415573770491804,9.330000000000002,5.245,100.25428961748632,9.920000000000009,1918.2499999999998,10.33,31.863333333333333,0
65000200,新北市,坪林區,2021,4.163436986301369,81.97679452054794,23.626684931506848,24.536849315068494,9.600000000000001,5.134575342465753,100.18136986301369,62.930000000000035,2007.17,11.969999999999999,32.42666666666667,0
65000200,新北市,坪林區,2022,3.828847671232877,83.154301369863,23.50476712328767,24.47717808219178,9.850000000000001,5.513315068493151,100.17608219178081,43.01000000000003,1942.75,11.616666666666667,32.516666666666666,0
65000200,新北市,坪林區,2023,3.9763550684931515,81.42060273972604,23.735561643835617,24.567205479452053,9.760000000000002,5.193835616438356,100.20547945205482,20.460000000000004,2004.4399999999998,11.569999999999999,33.10666666666667,0
65000200,新北市,坪林區,2024,3.833393169398907,82.62128415300546,23.934344262295085,24.73303278688525,10.009999999999998,5.004644808743169,100.17546448087433,21.39000000000004,2083.5599999999995,11.79,32.38666666666666,0
65000200,新北市,坪林區,2025,4.008978143712575,82.86284931506847,23.726739726027397,24.493452054794517,9.950000000000003,5.26786301369863,100.18008219178081,79.77000000000005,2060.53,11.973333333333334,31.513333333333335,0
65000210,新北市,三芝區,2013,3.6402991780821923,84.34767123287672,21.20687671232877,21.507616438356163,12.930000000000001,4.877068493150685,98.75956164383561,327.97000000000014,1388.9799999999996,7.706666666666667,31.73333333333333,0
65000210,新北市,三芝區,2014,3.770857808219178,83.20460273972603,21.357917808219177,21.70430136986301,13.760000000000002,4.534465753424658,98.77715068493151,400.63000000000005,1516.7699999999998,7.236666666666667,31.97,0
65000210,新北市,三芝區,2015,3.6822969863013704,83.90687671232877,21.729616438356164,22.02797260273973,12.919999999999998,4.829424657534247,98.79912328767124,282.6600000000001,1534.4699999999998,7.9799999999999995,31.92,0
65000210,新北市,三芝區,2016,3.6687904371584694,86.26136612021857,21.80743169398907,22.019672131147544,14.330000000000002,4.632950819672131,98.76065573770492,370.71000000000004,1654.4299999999996,5.3999999999999995,32.09,0
65000210,新北市,三芝區,2017,3.775852054794521,84.56484931506851,21.783698630136985,22.102219178082194,12.780000000000001,4.831232876712329,98.81468493150685,312.3600000000002,1583.9099999999996,8.62,32.21,0
65000210,新北市,三芝區,2018,3.990993150684931,84.44671232876713,21.743178082191783,22.111753424657536,13.31,4.726657534246576,98.72835616438354,269.60000000000014,1526.3599999999994,7.603333333333334,32.339999999999996,0
65000210,新北市,三芝區,2019,3.712860821917808,85.27024657534247,21.939342465753427,22.227013698630135,11.34,4.971095890410959,98.73764383561644,162.19000000000005,1490.55,10.94,31.316666666666666,0
65000210,新北市,三芝區,2020,3.7910860655737704,83.63368852459016,22.00185792349727,22.34811475409836,12.23,4.901584699453552,98.8343989071038,208.25000000000003,1563.1299999999999,6.47,32.519999999999996,0
65000210,新北市,三芝區,2021,4.064644657534247,83.66668493150685,22.03630136986301,22.300684931506847,13.910000000000002,4.7984109589041095,98.76065753424659,262.1800000000001,1625.9299999999996,8.08,32.849999999999994,0
65000210,新北市,三芝區,2022,3.5752767123287668,85.06613698630137,21.808657534246574,22.120438356164385,13.5,5.049287671232876,98.76928767123287,288.5400000000001,1569.1999999999996,8.393333333333333,33.58333333333333,0
65000210,新北市,三芝區,2023,3.906078356164384,82.00008219178083,22.295999999999996,22.639753424657535,14.3,4.794657534246576,98.78309589041096,247.00000000000017,1705.5399999999997,7.16,34.19,0
65000210,新北市,三芝區,2024,3.7497833333333337,83.49806010928963,22.484071038251365,22.851775956284154,13.04,4.646284153005465,98.7587431693989,249.25000000000003,1780.6199999999997,8.27,32.53333333333333,0
65000210,新北市,三芝區,2025,4.213502994011975,84.13117808219178,22.112794520547947,22.304356164383563,13.240000000000002,4.747315068493151,98.75687671232878,302.6600000000001,1694.33,8.103333333333333,32.48666666666667,0
65000220,新北市,石門區,2013,3.6402991780821923,81.99446575342465,23.052575342465754,24.094630136986304,9.18,6.717753424657534,101.26079452054795,52.70000000000009,1787.3899999999999,12.293333333333331,29.900000000000002,0
65000220,新北市,石門區,2014,3.770857808219178,81.90323287671232,23.053424657534247,24.059232876712326,10.190000000000001,6.141369863013699,101.28186301369863,87.60000000000008,1822.6000000000001,11.613333333333335,30.256666666666664,0
65000220,新北市,石門區,2015,3.6822969863013704,83.25243835616439,23.21515068493151,24.094986301369865,8.709999999999997,6.094328767123288,101.30216438356165,54.770000000000046,1848.8,12.836666666666668,30.066666666666666,0
65000220,新北市,石門區,2016,3.6687904371584694,83.89770491803279,23.53587431693989,24.42691256830601,10.2,6.224808743169399,101.25890710382514,91.06000000000019,2007.3899999999996,10.12,30.356666666666666,0
65000220,新北市,石門區,2017,3.775852054794521,82.18156164383562,23.62268493150685,24.663342465753427,9.080000000000002,6.441342465753425,101.31361643835615,18.760000000000048,1961.5399999999995,13.32,30.386666666666667,0
65000220,新北市,石門區,2018,3.990993150684931,82.37175342465753,23.51953424657534,24.50616438356165,9.440000000000001,6.497479452054795,101.22712328767122,61.86000000000008,1966.9899999999996,12.38,29.77,0
65000220,新北市,石門區,2019,3.712860821917808,82.86339726027398,23.63241095890411,24.44449315068493,8.96,6.4153972602739735,101.22490410958905,1.960000000000008,1948.2899999999997,14.826666666666668,30.27333333333333,0
65000220,新北市,石門區,2020,3.7910860655737704,82.00316939890712,23.750573770491805,24.632158469945352,9.670000000000002,6.4587431693989075,101.3258743169399,6.820000000000075,2001.7299999999996,11.243333333333334,30.513333333333335,0
65000220,新北市,石門區,2021,4.064644657534247,81.88350684931507,23.90164383561644,24.90172602739726,8.190000000000001,6.283315068493152,101.2512602739726,33.48000000000006,2078.08,13.403333333333334,30.22666666666667,0
65000220,新北市,石門區,2022,3.5752767123287668,82.28093150684931,23.760712328767124,24.783561643835615,9.82,6.762219178082191,101.25071232876712,17.84000000000003,2010.9999999999998,12.59666666666667,30.60666666666667,0
65000220,新北市,石門區,2023,3.906078356164384,82.15490410958904,23.82780821917808,24.60128767123288,8.869999999999997,6.254082191780821,101.27523287671235,6.199999999999978,2023.8499999999997,12.256666666666668,30.649999999999995,0
65000220,新北市,石門區,2024,3.7497833333333337,82.92106557377048,23.992704918032786,24.809125683060106,10.169999999999998,6.045191256830601,101.24622950819673,15.690000000000033,2099.2200000000003,12.483333333333334,30.983333333333334,0
65000220,新北市,石門區,2025,4.213502994011975,81.7967397260274,24.191726027397262,25.115972602739724,8.740000000000002,6.4280547945205475,101.24638356164384,30.830000000000076,2181.3100000000004,12.983333333333334,30.37,0
65000230,新北市,八里區,2013,3.6402991780821923,84.34767123287672,21.20687671232877,21.507616438356163,12.930000000000001,4.877068493150685,98.75956164383561,327.97000000000014,1388.9799999999996,7.706666666666667,31.73333333333333,0
65000230,新北市,八里區,2014,3.770857808219178,83.20460273972603,21.357917808219177,21.70430136986301,13.760000000000002,4.534465753424658,98.77715068493151,400.63000000000005,1516.7699999999998,7.236666666666667,31.97,0
65000230,新北市,八里區,2015,3.6822969863013704,83.90687671232877,21.729616438356164,22.02797260273973,12.919999999999998,4.829424657534247,98.79912328767124,282.6600000000001,1534.4699999999998,7.9799999999999995,31.92,0
65000230,新北市,八里區,2016,3.6687904371584694,86.26136612021857,21.80743169398907,22.019672131147544,14.330000000000002,4.632950819672131,98.76065573770492,370.71000000000004,1654.4299999999996,5.3999999999999995,32.09,0
65000230,新北市,八里區,2017,3.775852054794521,84.56484931506851,21.783698630136985,22.102219178082194,12.780000000000001,4.831232876712329,98.81468493150685,312.3600000000002,1583.9099999999996,8.62,32.21,0
65000230,新北市,八里區,2018,3.990993150684931,84.44671232876713,21.743178082191783,22.111753424657536,13.31,4.726657534246576,98.72835616438354,269.60000000000014,1526.3599999999994,7.603333333333334,32.339999999999996,0
65000230,新北市,八里區,2019,3.712860821917808,85.27024657534247,21.939342465753427,22.227013698630135,11.34,4.971095890410959,98.73764383561644,162.19000000000005,1490.55,10.94,31.316666666666666,0
65000230,新北市,八里區,2020,3.7910860655737704,83.63368852459016,22.00185792349727,22.34811475409836,12.23,4.901584699453552,98.8343989071038,208.25000000000003,1563.1299999999999,6.47,32.519999999999996,0
65000230,新北市,八里區,2021,4.064644657534247,83.66668493150685,22.03630136986301,22.300684931506847,13.910000000000002,4.7984109589041095,98.76065753424659,262.1800000000001,1625.9299999999996,8.08,32.849999999999994,0
65000230,新北市,八里區,2022,3.5752767123287668,85.06613698630137,21.808657534246574,22.120438356164385,13.5,5.049287671232876,98.76928767123287,288.5400000000001,1569.1999999999996,8.393333333333333,33.58333333333333,0
65000230,新北市,八里區,2023,3.906078356164384,82.00008219178083,22.295999999999996,22.639753424657535,14.3,4.794657534246576,98.78309589041096,247.00000000000017,1705.5399999999997,7.16,34.19,0
65000230,新北市,八里區,2024,3.7497833333333337,83.49806010928963,22.484071038251365,22.851775956284154,13.04,4.646284153005465,98.7587431693989,249.25000000000003,1780.6199999999997,8.27,32.53333333333333,0
65000230,新北市,八里區,2025,4.213502994011975,84.13117808219178,22.112794520547947,22.304356164383563,13.240000000000002,4.747315068493151,98.75687671232878,302.6600000000001,1694.33,8.103333333333333,32.48666666666667,0
65000240,新北市,平溪區,2013,3.6402991780821923,82.94372602739726,22.790931506849315,23.76158904109589,9.310000000000002,5.5551232876712335,100.18435616438359,81.22000000000003,1720.4099999999994,11.44,31.400000000000002,0
65000240,新北市,平溪區,2014,3.770857808219178,81.98052054794522,22.841260273972605,23.811013698630138,9.79,5.142301369863015,100.20800000000001,121.71999999999997,1779.2800000000002,10.656666666666666,31.573333333333334,0
65000240,新北市,平溪區,2015,3.6822969863013704,83.70978082191782,23.099342465753427,23.928301369863014,9.399999999999999,5.028821917808219,100.225698630137,75.86000000000008,1827.6199999999994,11.729999999999999,31.426666666666666,0
65000240,新北市,平溪區,2016,3.6687904371584694,84.889043715847,23.35016393442623,24.203661202185796,10.18,5.223551912568306,100.18576502732238,103.04000000000002,1951.4000000000003,9.229999999999999,31.643333333333334,0
65000240,新北市,平溪區,2017,3.775852054794521,83.10449315068493,23.326356164383558,24.265068493150686,8.990000000000002,5.282383561643836,100.24054794520549,24.079999999999984,1858.7,12.373333333333335,31.773333333333337,0
65000240,新北市,平溪區,2018,3.990993150684931,82.80358904109589,23.294931506849313,24.263287671232877,9.739999999999998,5.374164383561643,100.15254794520548,80.4500000000001,1903.5999999999997,11.536666666666667,31.74666666666667,0
65000240,新北市,平溪區,2019,3.712860821917808,83.70024657534246,23.459397260273967,24.31586301369863,8.05,5.170712328767124,100.15438356164383,0.0,1883.1799999999998,14.43,31.843333333333334,0
65000240,新北市,平溪區,2020,3.7910860655737704,82.72655737704919,23.514016393442624,24.415573770491804,9.330000000000002,5.245,100.25428961748632,9.920000000000009,1918.2499999999998,10.33,31.863333333333333,0
65000240,新北市,平溪區,2021,4.064644657534247,81.97679452054794,23.626684931506848,24.536849315068494,9.600000000000001,5.134575342465753,100.18136986301369,62.930000000000035,2007.17,11.969999999999999,32.42666666666667,0
65000240,新北市,平溪區,2022,3.5752767123287668,83.154301369863,23.50476712328767,24.47717808219178,9.850000000000001,5.513315068493151,100.17608219178081,43.01000000000003,1942.75,11.616666666666667,32.516666666666666,0
65000240,新北市,平溪區,2023,3.906078356164384,81.42060273972604,23.735561643835617,24.567205479452053,9.760000000000002,5.193835616438356,100.20547945205482,20.460000000000004,2004.4399999999998,11.569999999999999,33.10666666666667,0
65000240,新北市,平溪區,2024,3.7497833333333337,82.62128415300546,23.934344262295085,24.73303278688525,10.009999999999998,5.004644808743169,100.17546448087433,21.39000000000004,2083.5599999999995,11.79,32.38666666666666,0
65000240,新北市,平溪區,2025,4.213502994011975,82.86284931506847,23.726739726027397,24.493452054794517,9.950000000000003,5.26786301369863,100.18008219178081,79.77000000000005,2060.53,11.973333333333334,31.513333333333335,0
65000250,新北市,雙溪區,2013,3.7659084931506848,82.94372602739726,22.790931506849315,23.76158904109589,9.310000000000002,5.5551232876712335,100.18435616438359,81.22000000000003,1720.4099999999994,11.44,31.400000000000002,0
65000250,新北市,雙溪區,2014,3.8430613698630145,81.98052054794522,22.841260273972605,23.811013698630138,9.79,5.142301369863015,100.20800000000001,121.71999999999997,1779.2800000000002,10.656666666666666,31.573333333333334,0
65000250,新北市,雙溪區,2015,3.919658082191781,83.70978082191782,23.099342465753427,23.928301369863014,9.399999999999999,5.028821917808219,100.225698630137,75.86000000000008,1827.6199999999994,11.729999999999999,31.426666666666666,0
65000250,新北市,雙溪區,2016,3.7904614754098365,84.889043715847,23.35016393442623,24.203661202185796,10.18,5.223551912568306,100.18576502732238,103.04000000000002,1951.4000000000003,9.229999999999999,31.643333333333334,0
65000250,新北市,雙溪區,2017,3.8297947945205473,83.10449315068493,23.326356164383558,24.265068493150686,8.990000000000002,5.282383561643836,100.24054794520549,24.079999999999984,1858.7,12.373333333333335,31.773333333333337,0
65000250,新北市,雙溪區,2018,3.9874175342465747,82.80358904109589,23.294931506849313,24.263287671232877,9.739999999999998,5.374164383561643,100.15254794520548,80.4500000000001,1903.5999999999997,11.536666666666667,31.74666666666667,0
65000250,新北市,雙溪區,2019,3.826375342465753,83.70024657534246,23.459397260273967,24.31586301369863,8.05,5.170712328767124,100.15438356164383,0.0,1883.1799999999998,14.43,31.843333333333334,0
65000250,新北市,雙溪區,2020,3.9260226775956277,82.72655737704919,23.514016393442624,24.415573770491804,9.330000000000002,5.245,100.25428961748632,9.920000000000009,1918.2499999999998,10.33,31.863333333333333,0
65000250,新北市,雙溪區,2021,4.163436986301369,81.97679452054794,23.626684931506848,24.536849315068494,9.600000000000001,5.134575342465753,100.18136986301369,62.930000000000035,2007.17,11.969999999999999,32.42666666666667,0
65000250,新北市,雙溪區,2022,3.828847671232877,83.154301369863,23.50476712328767,24.47717808219178,9.850000000000001,5.513315068493151,100.17608219178081,43.01000000000003,1942.75,11.616666666666667,32.516666666666666,0
65000250,新北市,雙溪區,2023,3.9763550684931515,81.42060273972604,23.735561643835617,24.567205479452053,9.760000000000002,5.193835616438356,100.20547945205482,20.460000000000004,2004.4399999999998,11.569999999999999,33.10666666666667,0
65000250,新北市,雙溪區,2024,3.833393169398907,82.62128415300546,23.934344262295085,24.73303278688525,10.009999999999998,5.004644808743169,100.17546448087433,21.39000000000004,2083.5599999999995,11.79,32.38666666666666,0
65000250,新北市,雙溪區,2025,4.008978143712575,82.86284931506847,23.726739726027397,24.493452054794517,9.950000000000003,5.26786301369863,100.18008219178081,79.77000000000005,2060.53,11.973333333333334,31.513333333333335,0
65000260,新北市,貢寮區,2013,3.6402991780821923,82.94372602739726,22.790931506849315,23.76158904109589,9.310000000000002,5.5551232876712335,100.18435616438359,81.22000000000003,1720.4099999999994,11.44,31.400000000000002,0
65000260,新北市,貢寮區,2014,3.770857808219178,81.98052054794522,22.841260273972605,23.811013698630138,9.79,5.142301369863015,100.20800000000001,121.71999999999997,1779.2800000000002,10.656666666666666,31.573333333333334,0
65000260,新北市,貢寮區,2015,3.6822969863013704,83.70978082191782,23.099342465753427,23.928301369863014,9.399999999999999,5.028821917808219,100.225698630137,75.86000000000008,1827.6199999999994,11.729999999999999,31.426666666666666,0
65000260,新北市,貢寮區,2016,3.6687904371584694,84.889043715847,23.35016393442623,24.203661202185796,10.18,5.223551912568306,100.18576502732238,103.04000000000002,1951.4000000000003,9.229999999999999,31.643333333333334,0
65000260,新北市,貢寮區,2017,3.775852054794521,83.10449315068493,23.326356164383558,24.265068493150686,8.990000000000002,5.282383561643836,100.24054794520549,24.079999999999984,1858.7,12.373333333333335,31.773333333333337,0
65000260,新北市,貢寮區,2018,3.990993150684931,82.80358904109589,23.294931506849313,24.263287671232877,9.739999999999998,5.374164383561643,100.15254794520548,80.4500000000001,1903.5999999999997,11.536666666666667,31.74666666666667,0
65000260,新北市,貢寮區,2019,3.712860821917808,83.70024657534246,23.459397260273967,24.31586301369863,8.05,5.170712328767124,100.15438356164383,0.0,1883.1799999999998,14.43,31.843333333333334,0
65000260,新北市,貢寮區,2020,3.7910860655737704,82.72655737704919,23.514016393442624,24.415573770491804,9.330000000000002,5.245,100.25428961748632,9.920000000000009,1918.2499999999998,10.33,31.863333333333333,0
65000260,新北市,貢寮區,2021,4.064644657534247,81.97679452054794,23.626684931506848,24.536849315068494,9.600000000000001,5.134575342465753,100.18136986301369,62.930000000000035,2007.17,11.969999999999999,32.42666666666667,0
65000260,新北市,貢寮區,2022,3.5752767123287668,83.154301369863,23.50476712328767,24.47717808219178,9.850000000000001,5.513315068493151,100.17608219178081,43.01000000000003,1942.75,11.616666666666667,32.516666666666666,0
65000260,新北市,貢寮區,2023,3.906078356164384,81.42060273972604,23.735561643835617,24.567205479452053,9.760000000000002,5.193835616438356,100.20547945205482,20.460000000000004,2004.4399999999998,11.569999999999999,33.10666666666667,0
65000260,新北市,貢寮區,2024,3.7497833333333337,82.62128415300546,23.934344262295085,24.73303278688525,10.009999999999998,5.004644808743169,100.17546448087433,21.39000000000004,2083.5599999999995,11.79,32.38666666666666,0
65000260,新北市,貢寮區,2025,4.213502994011975,82.86284931506847,23.726739726027397,24.493452054794517,9.950000000000003,5.26786301369863,100.18008219178081,79.77000000000005,2060.53,11.973333333333334,31.513333333333335,0
65000270,新北市,金山區,2013,3.6402991780821923,82.94372602739726,22.790931506849315,23.76158904109589,9.310000000000002,5.5551232876712335,100.18435616438359,81.22000000000003,1720.4099999999994,11.44,31.400000000000002,0
65000270,新北市,金山區,2014,3.770857808219178,81.98052054794522,22.841260273972605,23.811013698630138,9.79,5.142301369863015,100.20800000000001,121.71999999999997,1779.2800000000002,10.656666666666666,31.573333333333334,0
65000270,新北市,金山區,2015,3.6822969863013704,83.70978082191782,23.099342465753427,23.928301369863014,9.399999999999999,5.028821917808219,100.225698630137,75.86000000000008,1827.6199999999994,11.729999999999999,31.426666666666666,0
65000270,新北市,金山區,2016,3.6687904371584694,84.889043715847,23.35016393442623,24.203661202185796,10.18,5.223551912568306,100.18576502732238,103.04000000000002,1951.4000000000003,9.229999999999999,31.643333333333334,0
65000270,新北市,金山區,2017,3.775852054794521,83.10449315068493,23.326356164383558,24.265068493150686,8.990000000000002,5.282383561643836,100.24054794520549,24.079999999999984,1858.7,12.373333333333335,31.773333333333337,0
65000270,新北市,金山區,2018,3.990993150684931,82.80358904109589,23.294931506849313,24.263287671232877,9.739999999999998,5.374164383561643,100.15254794520548,80.4500000000001,1903.5999999999997,11.536666666666667,31.74666666666667,0
65000270,新北市,金山區,2019,3.712860821917808,83.70024657534246,23.459397260273967,24.31586301369863,8.05,5.170712328767124,100.15438356164383,0.0,1883.1799999999998,14.43,31.843333333333334,0
65000270,新北市,金山區,2020,3.7910860655737704,82.72655737704919,23.514016393442624,24.415573770491804,9.330000000000002,5.245,100.25428961748632,9.920000000000009,1918.2499999999998,10.33,31.863333333333333,0
65000270,新北市,金山區,2021,4.064644657534247,81.97679452054794,23.626684931506848,24.536849315068494,9.600000000000001,5.134575342465753,100.18136986301369,62.930000000000035,2007.17,11.969999999999999,32.42666666666667,0
65000270,新北市,金山區,2022,3.5752767123287668,83.154301369863,23.50476712328767,24.47717808219178,9.850000000000001,5.513315068493151,100.17608219178081,43.01000000000003,1942.75,11.616666666666667,32.516666666666666,0
65000270,新北市,金山區,2023,3.906078356164384,81.42060273972604,23.735561643835617,24.567205479452053,9.760000000000002,5.193835616438356,100.20547945205482,20.460000000000004,2004.4399999999998,11.569999999999999,33.10666666666667,0
65000270,新北市,金山區,2024,3.7497833333333337,82.62128415300546,23.934344262295085,24.73303278688525,10.009999999999998,5.004644808743169,100.17546448087433,21.39000000000004,2083.5599999999995,11.79,32.38666666666666,0
65000270,新北市,金山區,2025,4.213502994011975,82.86284931506847,23.726739726027397,24.493452054794517,9.950000000000003,5.26786301369863,100.18008219178081,79.77000000000005,2060.53,11.973333333333334,31.513333333333335,0
65000280,新北市,萬里區,2013,3.6402991780821923,82.94372602739726,22.790931506849315,23.76158904109589,9.310000000000002,5.5551232876712335,100.18435616438359,81.22000000000003,1720.4099999999994,11.44,31.400000000000002,0
65000280,新北市,萬里區,2014,3.770857808219178,81.98052054794522,22.841260273972605,23.811013698630138,9.79,5.142301369863015,100.20800000000001,121.71999999999997,1779.2800000000002,10.656666666666666,31.573333333333334,0
65000280,新北市,萬里區,2015,3.6822969863013704,83.70978082191782,23.099342465753427,23.928301369863014,9.399999999999999,5.028821917808219,100.225698630137,75.86000000000008,1827.6199999999994,11.729999999999999,31.426666666666666,0
65000280,新北市,萬里區,2016,3.6687904371584694,84.889043715847,23.35016393442623,24.203661202185796,10.18,5.223551912568306,100.18576502732238,103.04000000000002,1951.4000000000003,9.229999999999999,31.643333333333334,0
65000280,新北市,萬里區,2017,3.775852054794521,83.10449315068493,23.326356164383558,24.265068493150686,8.990000000000002,5.282383561643836,100.24054794520549,24.079999999999984,1858.7,12.373333333333335,31.773333333333337,0
65000280,新北市,萬里區,2018,3.990993150684931,82.80358904109589,23.294931506849313,24.263287671232877,9.739999999999998,5.374164383561643,100.15254794520548,80.4500000000001,1903.5999999999997,11.536666666666667,31.74666666666667,0
65000280,新北市,萬里區,2019,3.712860821917808,83.70024657534246,23.459397260273967,24.31586301369863,8.05,5.170712328767124,100.15438356164383,0.0,1883.1799999999998,14.43,31.843333333333334,0
65000280,新北市,萬里區,2020,3.7910860655737704,82.72655737704919,23.514016393442624,24.415573770491804,9.330000000000002,5.245,100.25428961748632,9.920000000000009,1918.2499999999998,10.33,31.863333333333333,0
65000280,新北市,萬里區,2021,4.064644657534247,81.97679452054794,23.626684931506848,24.536849315068494,9.600000000000001,5.134575342465753,100.18136986301369,62.930000000000035,2007.17,11.969999999999999,32.42666666666667,0
65000280,新北市,萬里區,2022,3.5752767123287668,83.154301369863,23.50476712328767,24.47717808219178,9.850000000000001,5.513315068493151,100.17608219178081,43.01000000000003,1942.75,11.616666666666667,32.516666666666666,0
65000280,新北市,萬里區,2023,3.906078356164384,81.42060273972604,23.735561643835617,24.567205479452053,9.760000000000002,5.193835616438356,100.20547945205482,20.460000000000004,2004.4399999999998,11.569999999999999,33.10666666666667,0
65000280,新北市,萬里區,2024,3.7497833333333337,82.62128415300546,23.934344262295085,24.73303278688525,10.009999999999998,5.004644808743169,100.17546448087433,21.39000000000004,2083.5599999999995,11.79,32.38666666666666,0
65000280,新北市,萬里區,2025,4.213502994011975,82.86284931506847,23.726739726027397,24.493452054794517,9.950000000000003,5.26786301369863,100.18008219178081,79.77000000000005,2060.53,11.973333333333334,31.513333333333335,0
65000290,新北市,烏來區,2013,3.7659084931506848,84.34767123287672,21.20687671232877,21.507616438356163,12.930000000000001,4.877068493150685,98.75956164383561,327.97000000000014,1388.9799999999996,7.706666666666667,31.73333333333333,0
65000290,新北市,烏來區,2014,3.8430613698630145,83.20460273972603,21.357917808219177,21.70430136986301,13.760000000000002,4.534465753424658,98.77715068493151,400.63000000000005,1516.7699999999998,7.236666666666667,31.97,0
65000290,新北市,烏來區,2015,3.919658082191781,83.90687671232877,21.729616438356164,22.02797260273973,12.919999999999998,4.829424657534247,98.79912328767124,282.6600000000001,1534.4699999999998,7.9799999999999995,31.92,0
65000290,新北市,烏來區,2016,3.7904614754098365,86.26136612021857,21.80743169398907,22.019672131147544,14.330000000000002,4.632950819672131,98.76065573770492,370.71000000000004,1654.4299999999996,5.3999999999999995,32.09,0
65000290,新北市,烏來區,2017,3.8297947945205473,84.56484931506851,21.783698630136985,22.102219178082194,12.780000000000001,4.831232876712329,98.81468493150685,312.3600000000002,1583.9099999999996,8.62,32.21,0
65000290,新北市,烏來區,2018,3.9874175342465747,84.44671232876713,21.743178082191783,22.111753424657536,13.31,4.726657534246576,98.72835616438354,269.60000000000014,1526.3599999999994,7.603333333333334,32.339999999999996,0
65000290,新北市,烏來區,2019,3.826375342465753,85.27024657534247,21.939342465753427,22.227013698630135,11.34,4.971095890410959,98.73764383561644,162.19000000000005,1490.55,10.94,31.316666666666666,0
65000290,新北市,烏來區,2020,3.9260226775956277,83.63368852459016,22.00185792349727,22.34811475409836,12.23,4.901584699453552,98.8343989071038,208.25000000000003,1563.1299999999999,6.47,32.519999999999996,0
65000290,新北市,烏來區,2021,4.163436986301369,83.66668493150685,22.03630136986301,22.300684931506847,13.910000000000002,4.7984109589041095,98.76065753424659,262.1800000000001,1625.9299999999996,8.08,32.849999999999994,0
65000290,新北市,烏來區,2022,3.828847671232877,85.06613698630137,21.808657534246574,22.120438356164385,13.5,5.049287671232876,98.76928767123287,288.5400000000001,1569.1999999999996,8.393333333333333,33.58333333333333,0
65000290,新北市,烏來區,2023,3.9763550684931515,82.00008219178083,22.295999999999996,22.639753424657535,14.3,4.794657534246576,98.78309589041096,247.00000000000017,1705.5399999999997,7.16,34.19,0
65000290,新北市,烏來區,2024,3.833393169398907,83.49806010928963,22.484071038251365,22.851775956284154,13.04,4.646284153005465,98.7587431693989,249.25000000000003,1780.6199999999997,8.27,32.53333333333333,0
65000290,新北市,烏來區,2025,4.008978143712575,84.13117808219178,22.112794520547947,22.304356164383563,13.240000000000002,4.747315068493151,98.75687671232878,302.6600000000001,1694.33,8.103333333333333,32.48666666666667,0
66000010,臺中市,中區,2013,4.009451780821918,77.2601095890411,22.688712328767124,22.790219178082193,11.09,3.0894246575342463,97.96427397260274,99.51000000000003,1701.3899999999999,9.33,32.96,0
66000010,臺中市,中區,2014,4.184105479452055,75.83621917808219,22.844438356164382,23.14778082191781,12.46,3.1030684931506847,97.99512328767123,131.81999999999996,1790.5399999999997,8.006666666666666,33.876666666666665,0
66000010,臺中市,中區,2015,4.192817260273972,77.55380821917807,23.09813698630137,23.303671232876713,11.239999999999998,3.1900273972602737,98.02684931506847,76.42000000000003,1827.7399999999996,9.53,33.42333333333334,0
66000010,臺中市,中區,2016,4.048986612021858,81.8832513661202,22.852786885245905,22.741775956284158,12.08,3.0749999999999993,97.98363387978141,161.01000000000002,1827.3300000000002,6.386666666666667,33.70666666666666,0
66000010,臺中市,中區,2017,4.27434191780822,77.38120547945205,23.321726027397258,23.502520547945206,9.600000000000001,3.041095890410959,98.01860273972603,22.40000000000002,1855.3299999999997,10.543333333333333,33.76333333333333,0
66000010,臺中市,中區,2018,4.392830136986301,77.03542465753425,23.314739726027394,23.623945205479455,11.260000000000002,3.074657534246575,97.94504109589042,76.32000000000009,1906.6999999999998,8.5,34.51,0
66000010,臺中市,中區,2019,4.1412726027397255,78.90742465753424,23.410547945205476,23.522794520547944,8.190000000000001,3.158739726027398,97.95545205479452,0.0,1865.35,12.596666666666666,33.74,0
66000010,臺中市,中區,2020,4.36221174863388,75.2932786885246,23.67218579234973,23.94877049180328,10.530000000000001,3.2020765027322406,98.04295081967213,21.07999999999999,1987.2999999999993,8.643333333333333,33.72666666666667,0
66000010,臺中市,中區,2021,4.52884301369863,74.74978082191782,23.567506849315066,23.896383561643837,13.3,3.1679452054794526,97.98682191780823,76.57000000000002,1999.2099999999996,9.783333333333333,34.68666666666667,0
66000010,臺中市,中區,2022,4.2272967123287675,74.72906849315068,23.782246575342462,24.124109589041094,11.809999999999999,3.329068493150685,97.95589041095889,40.9700000000001,2041.9899999999996,9.049999999999999,35.99333333333333,0
66000010,臺中市,中區,2023,4.319684931506848,72.37435616438356,24.17808219178082,24.68961643835616,12.21,3.193452054794521,97.99158904109589,22.630000000000013,2168.1299999999997,9.79,35.60333333333333,0
66000010,臺中市,中區,2024,4.189450000000001,74.94196721311474,24.16032786885246,24.56360655737705,11.920000000000002,3.2873224043715843,97.97956284153004,18.600000000000044,2163.48,10.266666666666667,35.583333333333336,0
66000010,臺中市,中區,2025,4.469936826347306,78.10619178082192,23.22660273972603,23.222410958904106,11.320000000000002,3.0724383561643838,97.98282191780821,116.98,1915.1899999999998,9.933333333333334,33.626666666666665,0
66000020,臺中市,東區,2013,4.009451780821918,77.2601095890411,22.688712328767124,22.790219178082193,11.09,3.0894246575342463,97.96427397260274,99.51000000000003,1701.3899999999999,9.33,32.96,0
66000020,臺中市,東區,2014,4.184105479452055,75.83621917808219,22.844438356164382,23.14778082191781,12.46,3.1030684931506847,97.99512328767123,131.81999999999996,1790.5399999999997,8.006666666666666,33.876666666666665,0
66000020,臺中市,東區,2015,4.192817260273972,77.55380821917807,23.09813698630137,23.303671232876713,11.239999999999998,3.1900273972602737,98.02684931506847,76.42000000000003,1827.7399999999996,9.53,33.42333333333334,0
66000020,臺中市,東區,2016,4.048986612021858,81.8832513661202,22.852786885245905,22.741775956284158,12.08,3.0749999999999993,97.98363387978141,161.01000000000002,1827.3300000000002,6.386666666666667,33.70666666666666,0
66000020,臺中市,東區,2017,4.27434191780822,77.38120547945205,23.321726027397258,23.502520547945206,9.600000000000001,3.041095890410959,98.01860273972603,22.40000000000002,1855.3299999999997,10.543333333333333,33.76333333333333,0
66000020,臺中市,東區,2018,4.392830136986301,77.03542465753425,23.314739726027394,23.623945205479455,11.260000000000002,3.074657534246575,97.94504109589042,76.32000000000009,1906.6999999999998,8.5,34.51,0
66000020,臺中市,東區,2019,4.1412726027397255,78.90742465753424,23.410547945205476,23.522794520547944,8.190000000000001,3.158739726027398,97.95545205479452,0.0,1865.35,12.596666666666666,33.74,0
66000020,臺中市,東區,2020,4.36221174863388,75.2932786885246,23.67218579234973,23.94877049180328,10.530000000000001,3.2020765027322406,98.04295081967213,21.07999999999999,1987.2999999999993,8.643333333333333,33.72666666666667,0
66000020,臺中市,東區,2021,4.52884301369863,74.74978082191782,23.567506849315066,23.896383561643837,13.3,3.1679452054794526,97.98682191780823,76.57000000000002,1999.2099999999996,9.783333333333333,34.68666666666667,0
66000020,臺中市,東區,2022,4.2272967123287675,74.72906849315068,23.782246575342462,24.124109589041094,11.809999999999999,3.329068493150685,97.95589041095889,40.9700000000001,2041.9899999999996,9.049999999999999,35.99333333333333,0
66000020,臺中市,東區,2023,4.319684931506848,72.37435616438356,24.17808219178082,24.68961643835616,12.21,3.193452054794521,97.99158904109589,22.630000000000013,2168.1299999999997,9.79,35.60333333333333,0
66000020,臺中市,東區,2024,4.189450000000001,74.94196721311474,24.16032786885246,24.56360655737705,11.920000000000002,3.2873224043715843,97.97956284153004,18.600000000000044,2163.48,10.266666666666667,35.583333333333336,0
66000020,臺中市,東區,2025,4.469936826347306,78.10619178082192,23.22660273972603,23.222410958904106,11.320000000000002,3.0724383561643838,97.98282191780821,116.98,1915.1899999999998,9.933333333333334,33.626666666666665,0
66000030,臺中市,南區,2013,4.009451780821918,77.2601095890411,22.688712328767124,22.790219178082193,11.09,3.0894246575342463,97.96427397260274,99.51000000000003,1701.3899999999999,9.33,32.96,0
66000030,臺中市,南區,2014,4.184105479452055,75.83621917808219,22.844438356164382,23.14778082191781,12.46,3.1030684931506847,97.99512328767123,131.81999999999996,1790.5399999999997,8.006666666666666,33.876666666666665,0
66000030,臺中市,南區,2015,4.192817260273972,77.55380821917807,23.09813698630137,23.303671232876713,11.239999999999998,3.1900273972602737,98.02684931506847,76.42000000000003,1827.7399999999996,9.53,33.42333333333334,0
66000030,臺中市,南區,2016,4.048986612021858,81.8832513661202,22.852786885245905,22.741775956284158,12.08,3.0749999999999993,97.98363387978141,161.01000000000002,1827.3300000000002,6.386666666666667,33.70666666666666,0
66000030,臺中市,南區,2017,4.27434191780822,77.38120547945205,23.321726027397258,23.502520547945206,9.600000000000001,3.041095890410959,98.01860273972603,22.40000000000002,1855.3299999999997,10.543333333333333,33.76333333333333,0
66000030,臺中市,南區,2018,4.392830136986301,77.03542465753425,23.314739726027394,23.623945205479455,11.260000000000002,3.074657534246575,97.94504109589042,76.32000000000009,1906.6999999999998,8.5,34.51,0
66000030,臺中市,南區,2019,4.1412726027397255,78.90742465753424,23.410547945205476,23.522794520547944,8.190000000000001,3.158739726027398,97.95545205479452,0.0,1865.35,12.596666666666666,33.74,0
66000030,臺中市,南區,2020,4.36221174863388,75.2932786885246,23.67218579234973,23.94877049180328,10.530000000000001,3.2020765027322406,98.04295081967213,21.07999999999999,1987.2999999999993,8.643333333333333,33.72666666666667,0
66000030,臺中市,南區,2021,4.52884301369863,74.74978082191782,23.567506849315066,23.896383561643837,13.3,3.1679452054794526,97.98682191780823,76.57000000000002,1999.2099999999996,9.783333333333333,34.68666666666667,0
66000030,臺中市,南區,2022,4.2272967123287675,74.72906849315068,23.782246575342462,24.124109589041094,11.809999999999999,3.329068493150685,97.95589041095889,40.9700000000001,2041.9899999999996,9.049999999999999,35.99333333333333,0
66000030,臺中市,南區,2023,4.319684931506848,72.37435616438356,24.17808219178082,24.68961643835616,12.21,3.193452054794521,97.99158904109589,22.630000000000013,2168.1299999999997,9.79,35.60333333333333,0
66000030,臺中市,南區,2024,4.189450000000001,74.94196721311474,24.16032786885246,24.56360655737705,11.920000000000002,3.2873224043715843,97.97956284153004,18.600000000000044,2163.48,10.266666666666667,35.583333333333336,0
66000030,臺中市,南區,2025,4.469936826347306,78.10619178082192,23.22660273972603,23.222410958904106,11.320000000000002,3.0724383561643838,97.98282191780821,116.98,1915.1899999999998,9.933333333333334,33.626666666666665,0
66000040,臺中市,西區,2013,4.009451780821918,77.2601095890411,22.688712328767124,22.790219178082193,11.09,3.0894246575342463,97.96427397260274,99.51000000000003,1701.3899999999999,9.33,32.96,0
66000040,臺中市,西區,2014,4.184105479452055,75.83621917808219,22.844438356164382,23.14778082191781,12.46,3.1030684931506847,97.99512328767123,131.81999999999996,1790.5399999999997,8.006666666666666,33.876666666666665,0
66000040,臺中市,西區,2015,4.192817260273972,77.55380821917807,23.09813698630137,23.303671232876713,11.239999999999998,3.1900273972602737,98.02684931506847,76.42000000000003,1827.7399999999996,9.53,33.42333333333334,0
66000040,臺中市,西區,2016,4.048986612021858,81.8832513661202,22.852786885245905,22.741775956284158,12.08,3.0749999999999993,97.98363387978141,161.01000000000002,1827.3300000000002,6.386666666666667,33.70666666666666,0
66000040,臺中市,西區,2017,4.27434191780822,77.38120547945205,23.321726027397258,23.502520547945206,9.600000000000001,3.041095890410959,98.01860273972603,22.40000000000002,1855.3299999999997,10.543333333333333,33.76333333333333,0
66000040,臺中市,西區,2018,4.392830136986301,77.03542465753425,23.314739726027394,23.623945205479455,11.260000000000002,3.074657534246575,97.94504109589042,76.32000000000009,1906.6999999999998,8.5,34.51,0
66000040,臺中市,西區,2019,4.1412726027397255,78.90742465753424,23.410547945205476,23.522794520547944,8.190000000000001,3.158739726027398,97.95545205479452,0.0,1865.35,12.596666666666666,33.74,0
66000040,臺中市,西區,2020,4.36221174863388,75.2932786885246,23.67218579234973,23.94877049180328,10.530000000000001,3.2020765027322406,98.04295081967213,21.07999999999999,1987.2999999999993,8.643333333333333,33.72666666666667,0
66000040,臺中市,西區,2021,4.52884301369863,74.74978082191782,23.567506849315066,23.896383561643837,13.3,3.1679452054794526,97.98682191780823,76.57000000000002,1999.2099999999996,9.783333333333333,34.68666666666667,0
66000040,臺中市,西區,2022,4.2272967123287675,74.72906849315068,23.782246575342462,24.124109589041094,11.809999999999999,3.329068493150685,97.95589041095889,40.9700000000001,2041.9899999999996,9.049999999999999,35.99333333333333,0
66000040,臺中市,西區,2023,4.319684931506848,72.37435616438356,24.17808219178082,24.68961643835616,12.21,3.193452054794521,97.99158904109589,22.630000000000013,2168.1299999999997,9.79,35.60333333333333,0
66000040,臺中市,西區,2024,4.189450000000001,74.94196721311474,24.16032786885246,24.56360655737705,11.920000000000002,3.2873224043715843,97.97956284153004,18.600000000000044,2163.48,10.266666666666667,35.583333333333336,0
66000040,臺中市,西區,2025,4.469936826347306,78.10619178082192,23.22660273972603,23.222410958904106,11.320000000000002,3.0724383561643838,97.98282191780821,116.98,1915.1899999999998,9.933333333333334,33.626666666666665,0
66000050,臺中市,北區,2013,4.009451780821918,77.2601095890411,22.688712328767124,22.790219178082193,11.09,3.0894246575342463,97.96427397260274,99.51000000000003,1701.3899999999999,9.33,32.96,0
66000050,臺中市,北區,2014,4.184105479452055,75.83621917808219,22.844438356164382,23.14778082191781,12.46,3.1030684931506847,97.99512328767123,131.81999999999996,1790.5399999999997,8.006666666666666,33.876666666666665,0
66000050,臺中市,北區,2015,4.192817260273972,77.55380821917807,23.09813698630137,23.303671232876713,11.239999999999998,3.1900273972602737,98.02684931506847,76.42000000000003,1827.7399999999996,9.53,33.42333333333334,0
66000050,臺中市,北區,2016,4.048986612021858,81.8832513661202,22.852786885245905,22.741775956284158,12.08,3.0749999999999993,97.98363387978141,161.01000000000002,1827.3300000000002,6.386666666666667,33.70666666666666,0
66000050,臺中市,北區,2017,4.27434191780822,77.38120547945205,23.321726027397258,23.502520547945206,9.600000000000001,3.041095890410959,98.01860273972603,22.40000000000002,1855.3299999999997,10.543333333333333,33.76333333333333,0
66000050,臺中市,北區,2018,4.392830136986301,77.03542465753425,23.314739726027394,23.623945205479455,11.260000000000002,3.074657534246575,97.94504109589042,76.32000000000009,1906.6999999999998,8.5,34.51,0
66000050,臺中市,北區,2019,4.1412726027397255,78.90742465753424,23.410547945205476,23.522794520547944,8.190000000000001,3.158739726027398,97.95545205479452,0.0,1865.35,12.596666666666666,33.74,0
66000050,臺中市,北區,2020,4.36221174863388,75.2932786885246,23.67218579234973,23.94877049180328,10.530000000000001,3.2020765027322406,98.04295081967213,21.07999999999999,1987.2999999999993,8.643333333333333,33.72666666666667,0
66000050,臺中市,北區,2021,4.52884301369863,74.74978082191782,23.567506849315066,23.896383561643837,13.3,3.1679452054794526,97.98682191780823,76.57000000000002,1999.2099999999996,9.783333333333333,34.68666666666667,0
66000050,臺中市,北區,2022,4.2272967123287675,74.72906849315068,23.782246575342462,24.124109589041094,11.809999999999999,3.329068493150685,97.95589041095889,40.9700000000001,2041.9899999999996,9.049999999999999,35.99333333333333,0
66000050,臺中市,北區,2023,4.319684931506848,72.37435616438356,24.17808219178082,24.68961643835616,12.21,3.193452054794521,97.99158904109589,22.630000000000013,2168.1299999999997,9.79,35.60333333333333,0
66000050,臺中市,北區,2024,4.189450000000001,74.94196721311474,24.16032786885246,24.56360655737705,11.920000000000002,3.2873224043715843,97.97956284153004,18.600000000000044,2163.48,10.266666666666667,35.583333333333336,0
66000050,臺中市,北區,2025,4.469936826347306,78.10619178082192,23.22660273972603,23.222410958904106,11.320000000000002,3.0724383561643838,97.98282191780821,116.98,1915.1899999999998,9.933333333333334,33.626666666666665,0
66000060,臺中市,西屯區,2013,4.009451780821918,77.2601095890411,22.688712328767124,22.790219178082193,11.09,3.0894246575342463,97.96427397260274,99.51000000000003,1701.3899999999999,9.33,32.96,0
66000060,臺中市,西屯區,2014,4.184105479452055,75.83621917808219,22.844438356164382,23.14778082191781,12.46,3.1030684931506847,97.99512328767123,131.81999999999996,1790.5399999999997,8.006666666666666,33.876666666666665,0
66000060,臺中市,西屯區,2015,4.192817260273972,77.55380821917807,23.09813698630137,23.303671232876713,11.239999999999998,3.1900273972602737,98.02684931506847,76.42000000000003,1827.7399999999996,9.53,33.42333333333334,0
66000060,臺中市,西屯區,2016,4.048986612021858,81.8832513661202,22.852786885245905,22.741775956284158,12.08,3.0749999999999993,97.98363387978141,161.01000000000002,1827.3300000000002,6.386666666666667,33.70666666666666,0
66000060,臺中市,西屯區,2017,4.27434191780822,77.38120547945205,23.321726027397258,23.502520547945206,9.600000000000001,3.041095890410959,98.01860273972603,22.40000000000002,1855.3299999999997,10.543333333333333,33.76333333333333,0
66000060,臺中市,西屯區,2018,4.392830136986301,77.03542465753425,23.314739726027394,23.623945205479455,11.260000000000002,3.074657534246575,97.94504109589042,76.32000000000009,1906.6999999999998,8.5,34.51,0
66000060,臺中市,西屯區,2019,4.1412726027397255,78.90742465753424,23.410547945205476,23.522794520547944,8.190000000000001,3.158739726027398,97.95545205479452,0.0,1865.35,12.596666666666666,33.74,0
66000060,臺中市,西屯區,2020,4.36221174863388,75.2932786885246,23.67218579234973,23.94877049180328,10.530000000000001,3.2020765027322406,98.04295081967213,21.07999999999999,1987.2999999999993,8.643333333333333,33.72666666666667,0
66000060,臺中市,西屯區,2021,4.52884301369863,74.74978082191782,23.567506849315066,23.896383561643837,13.3,3.1679452054794526,97.98682191780823,76.57000000000002,1999.2099999999996,9.783333333333333,34.68666666666667,0
66000060,臺中市,西屯區,2022,4.2272967123287675,74.72906849315068,23.782246575342462,24.124109589041094,11.809999999999999,3.329068493150685,97.95589041095889,40.9700000000001,2041.9899999999996,9.049999999999999,35.99333333333333,0
66000060,臺中市,西屯區,2023,4.319684931506848,72.37435616438356,24.17808219178082,24.68961643835616,12.21,3.193452054794521,97.99158904109589,22.630000000000013,2168.1299999999997,9.79,35.60333333333333,0
66000060,臺中市,西屯區,2024,4.189450000000001,74.94196721311474,24.16032786885246,24.56360655737705,11.920000000000002,3.2873224043715843,97.97956284153004,18.600000000000044,2163.48,10.266666666666667,35.583333333333336,0
66000060,臺中市,西屯區,2025,4.469936826347306,78.10619178082192,23.22660273972603,23.222410958904106,11.320000000000002,3.0724383561643838,97.98282191780821,116.98,1915.1899999999998,9.933333333333334,33.626666666666665,0
66000070,臺中市,南屯區,2013,4.009451780821918,77.2601095890411,22.688712328767124,22.790219178082193,11.09,3.0894246575342463,97.96427397260274,99.51000000000003,1701.3899999999999,9.33,32.96,0
66000070,臺中市,南屯區,2014,4.184105479452055,75.83621917808219,22.844438356164382,23.14778082191781,12.46,3.1030684931506847,97.99512328767123,131.81999999999996,1790.5399999999997,8.006666666666666,33.876666666666665,0
66000070,臺中市,南屯區,2015,4.192817260273972,77.55380821917807,23.09813698630137,23.303671232876713,11.239999999999998,3.1900273972602737,98.02684931506847,76.42000000000003,1827.7399999999996,9.53,33.42333333333334,0
66000070,臺中市,南屯區,2016,4.048986612021858,81.8832513661202,22.852786885245905,22.741775956284158,12.08,3.0749999999999993,97.98363387978141,161.01000000000002,1827.3300000000002,6.386666666666667,33.70666666666666,0
66000070,臺中市,南屯區,2017,4.27434191780822,77.38120547945205,23.321726027397258,23.502520547945206,9.600000000000001,3.041095890410959,98.01860273972603,22.40000000000002,1855.3299999999997,10.543333333333333,33.76333333333333,0
66000070,臺中市,南屯區,2018,4.392830136986301,77.03542465753425,23.314739726027394,23.623945205479455,11.260000000000002,3.074657534246575,97.94504109589042,76.32000000000009,1906.6999999999998,8.5,34.51,0
66000070,臺中市,南屯區,2019,4.1412726027397255,78.90742465753424,23.410547945205476,23.522794520547944,8.190000000000001,3.158739726027398,97.95545205479452,0.0,1865.35,12.596666666666666,33.74,0
66000070,臺中市,南屯區,2020,4.36221174863388,75.2932786885246,23.67218579234973,23.94877049180328,10.530000000000001,3.2020765027322406,98.04295081967213,21.07999999999999,1987.2999999999993,8.643333333333333,33.72666666666667,0
66000070,臺中市,南屯區,2021,4.52884301369863,74.74978082191782,23.567506849315066,23.896383561643837,13.3,3.1679452054794526,97.98682191780823,76.57000000000002,1999.2099999999996,9.783333333333333,34.68666666666667,0
66000070,臺中市,南屯區,2022,4.2272967123287675,74.72906849315068,23.782246575342462,24.124109589041094,11.809999999999999,3.329068493150685,97.95589041095889,40.9700000000001,2041.9899999999996,9.049999999999999,35.99333333333333,0
66000070,臺中市,南屯區,2023,4.319684931506848,72.37435616438356,24.17808219178082,24.68961643835616,12.21,3.193452054794521,97.99158904109589,22.630000000000013,2168.1299999999997,9.79,35.60333333333333,0
66000070,臺中市,南屯區,2024,4.189450000000001,74.94196721311474,24.16032786885246,24.56360655737705,11.920000000000002,3.2873224043715843,97.97956284153004,18.600000000000044,2163.48,10.266666666666667,35.583333333333336,0
66000070,臺中市,南屯區,2025,4.469936826347306,78.10619178082192,23.22660273972603,23.222410958904106,11.320000000000002,3.0724383561643838,97.98282191780821,116.98,1915.1899999999998,9.933333333333334,33.626666666666665,0
66000080,臺中市,北屯區,2013,4.009451780821918,77.2601095890411,22.688712328767124,22.790219178082193,11.09,3.0894246575342463,97.96427397260274,99.51000000000003,1701.3899999999999,9.33,32.96,0
66000080,臺中市,北屯區,2014,4.184105479452055,75.83621917808219,22.844438356164382,23.14778082191781,12.46,3.1030684931506847,97.99512328767123,131.81999999999996,1790.5399999999997,8.006666666666666,33.876666666666665,0
66000080,臺中市,北屯區,2015,4.192817260273972,77.55380821917807,23.09813698630137,23.303671232876713,11.239999999999998,3.1900273972602737,98.02684931506847,76.42000000000003,1827.7399999999996,9.53,33.42333333333334,0
66000080,臺中市,北屯區,2016,4.048986612021858,81.8832513661202,22.852786885245905,22.741775956284158,12.08,3.0749999999999993,97.98363387978141,161.01000000000002,1827.3300000000002,6.386666666666667,33.70666666666666,0
66000080,臺中市,北屯區,2017,4.27434191780822,77.38120547945205,23.321726027397258,23.502520547945206,9.600000000000001,3.041095890410959,98.01860273972603,22.40000000000002,1855.3299999999997,10.543333333333333,33.76333333333333,0
66000080,臺中市,北屯區,2018,4.392830136986301,77.03542465753425,23.314739726027394,23.623945205479455,11.260000000000002,3.074657534246575,97.94504109589042,76.32000000000009,1906.6999999999998,8.5,34.51,0
66000080,臺中市,北屯區,2019,4.1412726027397255,78.90742465753424,23.410547945205476,23.522794520547944,8.190000000000001,3.158739726027398,97.95545205479452,0.0,1865.35,12.596666666666666,33.74,0
66000080,臺中市,北屯區,2020,4.36221174863388,75.2932786885246,23.67218579234973,23.94877049180328,10.530000000000001,3.2020765027322406,98.04295081967213,21.07999999999999,1987.2999999999993,8.643333333333333,33.72666666666667,0
66000080,臺中市,北屯區,2021,4.52884301369863,74.74978082191782,23.567506849315066,23.896383561643837,13.3,3.1679452054794526,97.98682191780823,76.57000000000002,1999.2099999999996,9.783333333333333,34.68666666666667,0
66000080,臺中市,北屯區,2022,4.2272967123287675,74.72906849315068,23.782246575342462,24.124109589041094,11.809999999999999,3.329068493150685,97.95589041095889,40.9700000000001,2041.9899999999996,9.049999999999999,35.99333333333333,0
66000080,臺中市,北屯區,2023,4.319684931506848,72.37435616438356,24.17808219178082,24.68961643835616,12.21,3.193452054794521,97.99158904109589,22.630000000000013,2168.1299999999997,9.79,35.60333333333333,0
66000080,臺中市,北屯區,2024,4.189450000000001,74.94196721311474,24.16032786885246,24.56360655737705,11.920000000000002,3.2873224043715843,97.97956284153004,18.600000000000044,2163.48,10.266666666666667,35.583333333333336,0
66000080,臺中市,北屯區,2025,4.469936826347306,78.10619178082192,23.22660273972603,23.222410958904106,11.320000000000002,3.0724383561643838,97.98282191780821,116.98,1915.1899999999998,9.933333333333334,33.626666666666665,0
66000090,臺中市,豐原區,2013,4.009451780821918,79.84049315068494,22.37304109589041,22.76005479452055,11.75,5.6790958904109585,98.51654794520549,135.16000000000008,1621.82,10.586666666666668,30.956666666666667,0
66000090,臺中市,豐原區,2014,4.184105479452055,79.4781095890411,22.466054794520545,22.990767123287668,12.469999999999999,5.34709589041096,98.54394520547946,184.58000000000004,1705.1899999999996,9.393333333333333,31.74666666666667,0
66000090,臺中市,豐原區,2015,4.192817260273972,80.43542465753424,22.73676712328767,23.164465753424654,10.860000000000003,5.557178082191781,98.5741095890411,114.34000000000003,1733.7599999999995,10.950000000000001,30.71666666666667,0
66000090,臺中市,豐原區,2016,4.048986612021858,82.84267759562842,22.77420765027322,23.03013661202186,12.43,5.301284153005465,98.53087431693987,191.52000000000012,1829.08,7.953333333333333,31.846666666666668,0
66000090,臺中市,豐原區,2017,4.27434191780822,80.39676712328767,22.944164383561645,23.40197260273973,10.780000000000001,5.619698630136985,98.56915068493149,75.75000000000009,1770.87,11.736666666666666,31.830000000000002,0
66000090,臺中市,豐原區,2018,4.392830136986301,79.95495890410959,22.927780821917807,23.520219178082193,11.099999999999998,5.454,98.49046575342467,117.36000000000004,1806.4999999999998,9.706666666666665,31.763333333333332,0
66000090,臺中市,豐原區,2019,4.1412726027397255,80.81539726027395,23.19268493150685,23.618328767123288,9.559999999999999,5.768438356164384,98.50276712328768,11.159999999999982,1796.9899999999998,13.29,31.14,0
66000090,臺中市,豐原區,2020,4.36221174863388,78.78860655737705,23.268005464480876,23.84743169398907,9.95,5.903060109289617,98.59286885245903,30.970000000000045,1849.2599999999995,9.333333333333334,30.75,0
66000090,臺中市,豐原區,2021,4.52884301369863,78.88232876712328,23.10035616438356,23.600027397260273,12.049999999999999,5.514904109589041,98.52753424657533,117.73000000000008,1869.8599999999997,10.656666666666666,31.363333333333333,0
66000090,臺中市,豐原區,2022,4.2272967123287675,79.57865753424657,23.03945205479452,23.496904109589043,12.39,6.292958904109589,98.51383561643837,97.82000000000004,1827.7199999999996,10.393333333333333,31.47,0
66000090,臺中市,豐原區,2023,4.319684931506848,77.4686301369863,23.416739726027398,23.993616438356163,12.66,5.570136986301369,98.54216438356167,93.81000000000006,1961.4199999999996,9.526666666666666,33.12333333333333,0
66000090,臺中市,豐原區,2024,4.189450000000001,79.7189344262295,23.56295081967213,24.122431693989075,10.879999999999999,5.744726775956285,98.5261475409836,43.66000000000005,1969.8999999999996,11.126666666666665,32.779999999999994,0
66000090,臺中市,豐原區,2025,4.469936826347306,80.27049315068493,23.02323287671233,23.348082191780826,11.719999999999999,5.5282191780821925,98.52991780821917,150.22,1874.1999999999998,10.923333333333332,31.7,0
66000100,臺中市,東勢區,2013,4.009451780821918,77.2601095890411,22.688712328767124,22.790219178082193,11.09,3.0894246575342463,97.96427397260274,99.51000000000003,1701.3899999999999,9.33,32.96,0
66000100,臺中市,東勢區,2014,4.184105479452055,75.83621917808219,22.844438356164382,23.14778082191781,12.46,3.1030684931506847,97.99512328767123,131.81999999999996,1790.5399999999997,8.006666666666666,33.876666666666665,0
66000100,臺中市,東勢區,2015,4.192817260273972,77.55380821917807,23.09813698630137,23.303671232876713,11.239999999999998,3.1900273972602737,98.02684931506847,76.42000000000003,1827.7399999999996,9.53,33.42333333333334,0
66000100,臺中市,東勢區,2016,4.048986612021858,81.8832513661202,22.852786885245905,22.741775956284158,12.08,3.0749999999999993,97.98363387978141,161.01000000000002,1827.3300000000002,6.386666666666667,33.70666666666666,0
66000100,臺中市,東勢區,2017,4.27434191780822,77.38120547945205,23.321726027397258,23.502520547945206,9.600000000000001,3.041095890410959,98.01860273972603,22.40000000000002,1855.3299999999997,10.543333333333333,33.76333333333333,0
66000100,臺中市,東勢區,2018,4.392830136986301,77.03542465753425,23.314739726027394,23.623945205479455,11.260000000000002,3.074657534246575,97.94504109589042,76.32000000000009,1906.6999999999998,8.5,34.51,0
66000100,臺中市,東勢區,2019,4.1412726027397255,78.90742465753424,23.410547945205476,23.522794520547944,8.190000000000001,3.158739726027398,97.95545205479452,0.0,1865.35,12.596666666666666,33.74,0
66000100,臺中市,東勢區,2020,4.36221174863388,75.2932786885246,23.67218579234973,23.94877049180328,10.530000000000001,3.2020765027322406,98.04295081967213,21.07999999999999,1987.2999999999993,8.643333333333333,33.72666666666667,0
66000100,臺中市,東勢區,2021,4.52884301369863,74.74978082191782,23.567506849315066,23.896383561643837,13.3,3.1679452054794526,97.98682191780823,76.57000000000002,1999.2099999999996,9.783333333333333,34.68666666666667,0
66000100,臺中市,東勢區,2022,4.2272967123287675,74.72906849315068,23.782246575342462,24.124109589041094,11.809999999999999,3.329068493150685,97.95589041095889,40.9700000000001,2041.9899999999996,9.049999999999999,35.99333333333333,0
66000100,臺中市,東勢區,2023,4.319684931506848,72.37435616438356,24.17808219178082,24.68961643835616,12.21,3.193452054794521,97.99158904109589,22.630000000000013,2168.1299999999997,9.79,35.60333333333333,0
66000100,臺中市,東勢區,2024,4.189450000000001,74.94196721311474,24.16032786885246,24.56360655737705,11.920000000000002,3.2873224043715843,97.97956284153004,18.600000000000044,2163.48,10.266666666666667,35.583333333333336,0
66000100,臺中市,東勢區,2025,4.469936826347306,78.10619178082192,23.22660273972603,23.222410958904106,11.320000000000002,3.0724383561643838,97.98282191780821,116.98,1915.1899999999998,9.933333333333334,33.626666666666665,0
66000110,臺中市,大甲區,2013,4.009451780821918,79.84049315068494,22.37304109589041,22.76005479452055,11.75,5.6790958904109585,98.51654794520549,135.16000000000008,1621.82,10.586666666666668,30.956666666666667,0
66000110,臺中市,大甲區,2014,4.184105479452055,79.4781095890411,22.466054794520545,22.990767123287668,12.469999999999999,5.34709589041096,98.54394520547946,184.58000000000004,1705.1899999999996,9.393333333333333,31.74666666666667,0
66000110,臺中市,大甲區,2015,4.192817260273972,80.43542465753424,22.73676712328767,23.164465753424654,10.860000000000003,5.557178082191781,98.5741095890411,114.34000000000003,1733.7599999999995,10.950000000000001,30.71666666666667,0
66000110,臺中市,大甲區,2016,4.048986612021858,82.84267759562842,22.77420765027322,23.03013661202186,12.43,5.301284153005465,98.53087431693987,191.52000000000012,1829.08,7.953333333333333,31.846666666666668,0
66000110,臺中市,大甲區,2017,4.27434191780822,80.39676712328767,22.944164383561645,23.40197260273973,10.780000000000001,5.619698630136985,98.56915068493149,75.75000000000009,1770.87,11.736666666666666,31.830000000000002,0
66000110,臺中市,大甲區,2018,4.392830136986301,79.95495890410959,22.927780821917807,23.520219178082193,11.099999999999998,5.454,98.49046575342467,117.36000000000004,1806.4999999999998,9.706666666666665,31.763333333333332,0
66000110,臺中市,大甲區,2019,4.1412726027397255,80.81539726027395,23.19268493150685,23.618328767123288,9.559999999999999,5.768438356164384,98.50276712328768,11.159999999999982,1796.9899999999998,13.29,31.14,0
66000110,臺中市,大甲區,2020,4.36221174863388,78.78860655737705,23.268005464480876,23.84743169398907,9.95,5.903060109289617,98.59286885245903,30.970000000000045,1849.2599999999995,9.333333333333334,30.75,0
66000110,臺中市,大甲區,2021,4.52884301369863,78.88232876712328,23.10035616438356,23.600027397260273,12.049999999999999,5.514904109589041,98.52753424657533,117.73000000000008,1869.8599999999997,10.656666666666666,31.363333333333333,0
66000110,臺中市,大甲區,2022,4.2272967123287675,79.57865753424657,23.03945205479452,23.496904109589043,12.39,6.292958904109589,98.51383561643837,97.82000000000004,1827.7199999999996,10.393333333333333,31.47,0
66000110,臺中市,大甲區,2023,4.319684931506848,77.4686301369863,23.416739726027398,23.993616438356163,12.66,5.570136986301369,98.54216438356167,93.81000000000006,1961.4199999999996,9.526666666666666,33.12333333333333,0
66000110,臺中市,大甲區,2024,4.189450000000001,79.7189344262295,23.56295081967213,24.122431693989075,10.879999999999999,5.744726775956285,98.5261475409836,43.66000000000005,1969.8999999999996,11.126666666666665,32.779999999999994,0
66000110,臺中市,大甲區,2025,4.469936826347306,80.27049315068493,23.02323287671233,23.348082191780826,11.719999999999999,5.5282191780821925,98.52991780821917,150.22,1874.1999999999998,10.923333333333332,31.7,0
66000120,臺中市,清水區,2013,4.009451780821918,79.84049315068494,22.37304109589041,22.76005479452055,11.75,5.6790958904109585,98.51654794520549,135.16000000000008,1621.82,10.586666666666668,30.956666666666667,0
66000120,臺中市,清水區,2014,4.184105479452055,79.4781095890411,22.466054794520545,22.990767123287668,12.469999999999999,5.34709589041096,98.54394520547946,184.58000000000004,1705.1899999999996,9.393333333333333,31.74666666666667,0
66000120,臺中市,清水區,2015,4.192817260273972,80.43542465753424,22.73676712328767,23.164465753424654,10.860000000000003,5.557178082191781,98.5741095890411,114.34000000000003,1733.7599999999995,10.950000000000001,30.71666666666667,0
66000120,臺中市,清水區,2016,4.048986612021858,82.84267759562842,22.77420765027322,23.03013661202186,12.43,5.301284153005465,98.53087431693987,191.52000000000012,1829.08,7.953333333333333,31.846666666666668,0
66000120,臺中市,清水區,2017,4.27434191780822,80.39676712328767,22.944164383561645,23.40197260273973,10.780000000000001,5.619698630136985,98.56915068493149,75.75000000000009,1770.87,11.736666666666666,31.830000000000002,0
66000120,臺中市,清水區,2018,4.392830136986301,79.95495890410959,22.927780821917807,23.520219178082193,11.099999999999998,5.454,98.49046575342467,117.36000000000004,1806.4999999999998,9.706666666666665,31.763333333333332,0
66000120,臺中市,清水區,2019,4.1412726027397255,80.81539726027395,23.19268493150685,23.618328767123288,9.559999999999999,5.768438356164384,98.50276712328768,11.159999999999982,1796.9899999999998,13.29,31.14,0
66000120,臺中市,清水區,2020,4.36221174863388,78.78860655737705,23.268005464480876,23.84743169398907,9.95,5.903060109289617,98.59286885245903,30.970000000000045,1849.2599999999995,9.333333333333334,30.75,0
66000120,臺中市,清水區,2021,4.52884301369863,78.88232876712328,23.10035616438356,23.600027397260273,12.049999999999999,5.514904109589041,98.52753424657533,117.73000000000008,1869.8599999999997,10.656666666666666,31.363333333333333,0
66000120,臺中市,清水區,2022,4.2272967123287675,79.57865753424657,23.03945205479452,23.496904109589043,12.39,6.292958904109589,98.51383561643837,97.82000000000004,1827.7199999999996,10.393333333333333,31.47,0
66000120,臺中市,清水區,2023,4.319684931506848,77.4686301369863,23.416739726027398,23.993616438356163,12.66,5.570136986301369,98.54216438356167,93.81000000000006,1961.4199999999996,9.526666666666666,33.12333333333333,0
66000120,臺中市,清水區,2024,4.189450000000001,79.7189344262295,23.56295081967213,24.122431693989075,10.879999999999999,5.744726775956285,98.5261475409836,43.66000000000005,1969.8999999999996,11.126666666666665,32.779999999999994,0
66000120,臺中市,清水區,2025,4.469936826347306,80.27049315068493,23.02323287671233,23.348082191780826,11.719999999999999,5.5282191780821925,98.52991780821917,150.22,1874.1999999999998,10.923333333333332,31.7,0
66000130,臺中市,沙鹿區,2013,4.009451780821918,77.2601095890411,22.688712328767124,22.790219178082193,11.09,3.0894246575342463,97.96427397260274,99.51000000000003,1701.3899999999999,9.33,32.96,0
66000130,臺中市,沙鹿區,2014,4.184105479452055,75.83621917808219,22.844438356164382,23.14778082191781,12.46,3.1030684931506847,97.99512328767123,131.81999999999996,1790.5399999999997,8.006666666666666,33.876666666666665,0
66000130,臺中市,沙鹿區,2015,4.192817260273972,77.55380821917807,23.09813698630137,23.303671232876713,11.239999999999998,3.1900273972602737,98.02684931506847,76.42000000000003,1827.7399999999996,9.53,33.42333333333334,0
66000130,臺中市,沙鹿區,2016,4.048986612021858,81.8832513661202,22.852786885245905,22.741775956284158,12.08,3.0749999999999993,97.98363387978141,161.01000000000002,1827.3300000000002,6.386666666666667,33.70666666666666,0
66000130,臺中市,沙鹿區,2017,4.27434191780822,77.38120547945205,23.321726027397258,23.502520547945206,9.600000000000001,3.041095890410959,98.01860273972603,22.40000000000002,1855.3299999999997,10.543333333333333,33.76333333333333,0
66000130,臺中市,沙鹿區,2018,4.392830136986301,77.03542465753425,23.314739726027394,23.623945205479455,11.260000000000002,3.074657534246575,97.94504109589042,76.32000000000009,1906.6999999999998,8.5,34.51,0
66000130,臺中市,沙鹿區,2019,4.1412726027397255,78.90742465753424,23.410547945205476,23.522794520547944,8.190000000000001,3.158739726027398,97.95545205479452,0.0,1865.35,12.596666666666666,33.74,0
66000130,臺中市,沙鹿區,2020,4.36221174863388,75.2932786885246,23.67218579234973,23.94877049180328,10.530000000000001,3.2020765027322406,98.04295081967213,21.07999999999999,1987.2999999999993,8.643333333333333,33.72666666666667,0
66000130,臺中市,沙鹿區,2021,4.52884301369863,74.74978082191782,23.567506849315066,23.896383561643837,13.3,3.1679452054794526,97.98682191780823,76.57000000000002,1999.2099999999996,9.783333333333333,34.68666666666667,0
66000130,臺中市,沙鹿區,2022,4.2272967123287675,74.72906849315068,23.782246575342462,24.124109589041094,11.809999999999999,3.329068493150685,97.95589041095889,40.9700000000001,2041.9899999999996,9.049999999999999,35.99333333333333,0
66000130,臺中市,沙鹿區,2023,4.319684931506848,72.37435616438356,24.17808219178082,24.68961643835616,12.21,3.193452054794521,97.99158904109589,22.630000000000013,2168.1299999999997,9.79,35.60333333333333,0
66000130,臺中市,沙鹿區,2024,4.189450000000001,74.94196721311474,24.16032786885246,24.56360655737705,11.920000000000002,3.2873224043715843,97.97956284153004,18.600000000000044,2163.48,10.266666666666667,35.583333333333336,0
66000130,臺中市,沙鹿區,2025,4.469936826347306,78.10619178082192,23.22660273972603,23.222410958904106,11.320000000000002,3.0724383561643838,97.98282191780821,116.98,1915.1899999999998,9.933333333333334,33.626666666666665,0
66000140,臺中市,梧棲區,2013,4.009451780821918,77.2601095890411,22.688712328767124,22.790219178082193,11.09,3.0894246575342463,97.96427397260274,99.51000000000003,1701.3899999999999,9.33,32.96,0
66000140,臺中市,梧棲區,2014,4.184105479452055,75.83621917808219,22.844438356164382,23.14778082191781,12.46,3.1030684931506847,97.99512328767123,131.81999999999996,1790.5399999999997,8.006666666666666,33.876666666666665,0
66000140,臺中市,梧棲區,2015,4.192817260273972,77.55380821917807,23.09813698630137,23.303671232876713,11.239999999999998,3.1900273972602737,98.02684931506847,76.42000000000003,1827.7399999999996,9.53,33.42333333333334,0
66000140,臺中市,梧棲區,2016,4.048986612021858,81.8832513661202,22.852786885245905,22.741775956284158,12.08,3.0749999999999993,97.98363387978141,161.01000000000002,1827.3300000000002,6.386666666666667,33.70666666666666,0
66000140,臺中市,梧棲區,2017,4.27434191780822,77.38120547945205,23.321726027397258,23.502520547945206,9.600000000000001,3.041095890410959,98.01860273972603,22.40000000000002,1855.3299999999997,10.543333333333333,33.76333333333333,0
66000140,臺中市,梧棲區,2018,4.392830136986301,77.03542465753425,23.314739726027394,23.623945205479455,11.260000000000002,3.074657534246575,97.94504109589042,76.32000000000009,1906.6999999999998,8.5,34.51,0
66000140,臺中市,梧棲區,2019,4.1412726027397255,78.90742465753424,23.410547945205476,23.522794520547944,8.190000000000001,3.158739726027398,97.95545205479452,0.0,1865.35,12.596666666666666,33.74,0
66000140,臺中市,梧棲區,2020,4.36221174863388,75.2932786885246,23.67218579234973,23.94877049180328,10.530000000000001,3.2020765027322406,98.04295081967213,21.07999999999999,1987.2999999999993,8.643333333333333,33.72666666666667,0
66000140,臺中市,梧棲區,2021,4.52884301369863,74.74978082191782,23.567506849315066,23.896383561643837,13.3,3.1679452054794526,97.98682191780823,76.57000000000002,1999.2099999999996,9.783333333333333,34.68666666666667,0
66000140,臺中市,梧棲區,2022,4.2272967123287675,74.72906849315068,23.782246575342462,24.124109589041094,11.809999999999999,3.329068493150685,97.95589041095889,40.9700000000001,2041.9899999999996,9.049999999999999,35.99333333333333,0
66000140,臺中市,梧棲區,2023,4.319684931506848,72.37435616438356,24.17808219178082,24.68961643835616,12.21,3.193452054794521,97.99158904109589,22.630000000000013,2168.1299999999997,9.79,35.60333333333333,0
66000140,臺中市,梧棲區,2024,4.189450000000001,74.94196721311474,24.16032786885246,24.56360655737705,11.920000000000002,3.2873224043715843,97.97956284153004,18.600000000000044,2163.48,10.266666666666667,35.583333333333336,0
66000140,臺中市,梧棲區,2025,4.469936826347306,78.10619178082192,23.22660273972603,23.222410958904106,11.320000000000002,3.0724383561643838,97.98282191780821,116.98,1915.1899999999998,9.933333333333334,33.626666666666665,0
66000150,臺中市,后里區,2013,4.009451780821918,79.84049315068494,22.37304109589041,22.76005479452055,11.75,5.6790958904109585,98.51654794520549,135.16000000000008,1621.82,10.586666666666668,30.956666666666667,0
66000150,臺中市,后里區,2014,4.184105479452055,79.4781095890411,22.466054794520545,22.990767123287668,12.469999999999999,5.34709589041096,98.54394520547946,184.58000000000004,1705.1899999999996,9.393333333333333,31.74666666666667,0
66000150,臺中市,后里區,2015,4.192817260273972,80.43542465753424,22.73676712328767,23.164465753424654,10.860000000000003,5.557178082191781,98.5741095890411,114.34000000000003,1733.7599999999995,10.950000000000001,30.71666666666667,0
66000150,臺中市,后里區,2016,4.048986612021858,82.84267759562842,22.77420765027322,23.03013661202186,12.43,5.301284153005465,98.53087431693987,191.52000000000012,1829.08,7.953333333333333,31.846666666666668,0
66000150,臺中市,后里區,2017,4.27434191780822,80.39676712328767,22.944164383561645,23.40197260273973,10.780000000000001,5.619698630136985,98.56915068493149,75.75000000000009,1770.87,11.736666666666666,31.830000000000002,0
66000150,臺中市,后里區,2018,4.392830136986301,79.95495890410959,22.927780821917807,23.520219178082193,11.099999999999998,5.454,98.49046575342467,117.36000000000004,1806.4999999999998,9.706666666666665,31.763333333333332,0
66000150,臺中市,后里區,2019,4.1412726027397255,80.81539726027395,23.19268493150685,23.618328767123288,9.559999999999999,5.768438356164384,98.50276712328768,11.159999999999982,1796.9899999999998,13.29,31.14,0
66000150,臺中市,后里區,2020,4.36221174863388,78.78860655737705,23.268005464480876,23.84743169398907,9.95,5.903060109289617,98.59286885245903,30.970000000000045,1849.2599999999995,9.333333333333334,30.75,0
66000150,臺中市,后里區,2021,4.52884301369863,78.88232876712328,23.10035616438356,23.600027397260273,12.049999999999999,5.514904109589041,98.52753424657533,117.73000000000008,1869.8599999999997,10.656666666666666,31.363333333333333,0
66000150,臺中市,后里區,2022,4.2272967123287675,79.57865753424657,23.03945205479452,23.496904109589043,12.39,6.292958904109589,98.51383561643837,97.82000000000004,1827.7199999999996,10.393333333333333,31.47,0
66000150,臺中市,后里區,2023,4.319684931506848,77.4686301369863,23.416739726027398,23.993616438356163,12.66,5.570136986301369,98.54216438356167,93.81000000000006,1961.4199999999996,9.526666666666666,33.12333333333333,0
66000150,臺中市,后里區,2024,4.189450000000001,79.7189344262295,23.56295081967213,24.122431693989075,10.879999999999999,5.744726775956285,98.5261475409836,43.66000000000005,1969.8999999999996,11.126666666666665,32.779999999999994,0
66000150,臺中市,后里區,2025,4.469936826347306,80.27049315068493,23.02323287671233,23.348082191780826,11.719999999999999,5.5282191780821925,98.52991780821917,150.22,1874.1999999999998,10.923333333333332,31.7,0
66000160,臺中市,神岡區,2013,4.009451780821918,79.84049315068494,22.37304109589041,22.76005479452055,11.75,5.6790958904109585,98.51654794520549,135.16000000000008,1621.82,10.586666666666668,30.956666666666667,0
66000160,臺中市,神岡區,2014,4.184105479452055,79.4781095890411,22.466054794520545,22.990767123287668,12.469999999999999,5.34709589041096,98.54394520547946,184.58000000000004,1705.1899999999996,9.393333333333333,31.74666666666667,0
66000160,臺中市,神岡區,2015,4.192817260273972,80.43542465753424,22.73676712328767,23.164465753424654,10.860000000000003,5.557178082191781,98.5741095890411,114.34000000000003,1733.7599999999995,10.950000000000001,30.71666666666667,0
66000160,臺中市,神岡區,2016,4.048986612021858,82.84267759562842,22.77420765027322,23.03013661202186,12.43,5.301284153005465,98.53087431693987,191.52000000000012,1829.08,7.953333333333333,31.846666666666668,0
66000160,臺中市,神岡區,2017,4.27434191780822,80.39676712328767,22.944164383561645,23.40197260273973,10.780000000000001,5.619698630136985,98.56915068493149,75.75000000000009,1770.87,11.736666666666666,31.830000000000002,0
66000160,臺中市,神岡區,2018,4.392830136986301,79.95495890410959,22.927780821917807,23.520219178082193,11.099999999999998,5.454,98.49046575342467,117.36000000000004,1806.4999999999998,9.706666666666665,31.763333333333332,0
66000160,臺中市,神岡區,2019,4.1412726027397255,80.81539726027395,23.19268493150685,23.618328767123288,9.559999999999999,5.768438356164384,98.50276712328768,11.159999999999982,1796.9899999999998,13.29,31.14,0
66000160,臺中市,神岡區,2020,4.36221174863388,78.78860655737705,23.268005464480876,23.84743169398907,9.95,5.903060109289617,98.59286885245903,30.970000000000045,1849.2599999999995,9.333333333333334,30.75,0
66000160,臺中市,神岡區,2021,4.52884301369863,78.88232876712328,23.10035616438356,23.600027397260273,12.049999999999999,5.514904109589041,98.52753424657533,117.73000000000008,1869.8599999999997,10.656666666666666,31.363333333333333,0
66000160,臺中市,神岡區,2022,4.2272967123287675,79.57865753424657,23.03945205479452,23.496904109589043,12.39,6.292958904109589,98.51383561643837,97.82000000000004,1827.7199999999996,10.393333333333333,31.47,0
66000160,臺中市,神岡區,2023,4.319684931506848,77.4686301369863,23.416739726027398,23.993616438356163,12.66,5.570136986301369,98.54216438356167,93.81000000000006,1961.4199999999996,9.526666666666666,33.12333333333333,0
66000160,臺中市,神岡區,2024,4.189450000000001,79.7189344262295,23.56295081967213,24.122431693989075,10.879999999999999,5.744726775956285,98.5261475409836,43.66000000000005,1969.8999999999996,11.126666666666665,32.779999999999994,0
66000160,臺中市,神岡區,2025,4.469936826347306,80.27049315068493,23.02323287671233,23.348082191780826,11.719999999999999,5.5282191780821925,98.52991780821917,150.22,1874.1999999999998,10.923333333333332,31.7,0
66000170,臺中市,潭子區,2013,4.009451780821918,77.2601095890411,22.688712328767124,22.790219178082193,11.09,3.0894246575342463,97.96427397260274,99.51000000000003,1701.3899999999999,9.33,32.96,0
66000170,臺中市,潭子區,2014,4.184105479452055,75.83621917808219,22.844438356164382,23.14778082191781,12.46,3.1030684931506847,97.99512328767123,131.81999999999996,1790.5399999999997,8.006666666666666,33.876666666666665,0
66000170,臺中市,潭子區,2015,4.192817260273972,77.55380821917807,23.09813698630137,23.303671232876713,11.239999999999998,3.1900273972602737,98.02684931506847,76.42000000000003,1827.7399999999996,9.53,33.42333333333334,0
66000170,臺中市,潭子區,2016,4.048986612021858,81.8832513661202,22.852786885245905,22.741775956284158,12.08,3.0749999999999993,97.98363387978141,161.01000000000002,1827.3300000000002,6.386666666666667,33.70666666666666,0
66000170,臺中市,潭子區,2017,4.27434191780822,77.38120547945205,23.321726027397258,23.502520547945206,9.600000000000001,3.041095890410959,98.01860273972603,22.40000000000002,1855.3299999999997,10.543333333333333,33.76333333333333,0
66000170,臺中市,潭子區,2018,4.392830136986301,77.03542465753425,23.314739726027394,23.623945205479455,11.260000000000002,3.074657534246575,97.94504109589042,76.32000000000009,1906.6999999999998,8.5,34.51,0
66000170,臺中市,潭子區,2019,4.1412726027397255,78.90742465753424,23.410547945205476,23.522794520547944,8.190000000000001,3.158739726027398,97.95545205479452,0.0,1865.35,12.596666666666666,33.74,0
66000170,臺中市,潭子區,2020,4.36221174863388,75.2932786885246,23.67218579234973,23.94877049180328,10.530000000000001,3.2020765027322406,98.04295081967213,21.07999999999999,1987.2999999999993,8.643333333333333,33.72666666666667,0
66000170,臺中市,潭子區,2021,4.52884301369863,74.74978082191782,23.567506849315066,23.896383561643837,13.3,3.1679452054794526,97.98682191780823,76.57000000000002,1999.2099999999996,9.783333333333333,34.68666666666667,0
66000170,臺中市,潭子區,2022,4.2272967123287675,74.72906849315068,23.782246575342462,24.124109589041094,11.809999999999999,3.329068493150685,97.95589041095889,40.9700000000001,2041.9899999999996,9.049999999999999,35.99333333333333,0
66000170,臺中市,潭子區,2023,4.319684931506848,72.37435616438356,24.17808219178082,24.68961643835616,12.21,3.193452054794521,97.99158904109589,22.630000000000013,2168.1299999999997,9.79,35.60333333333333,0
66000170,臺中市,潭子區,2024,4.189450000000001,74.94196721311474,24.16032786885246,24.56360655737705,11.920000000000002,3.2873224043715843,97.97956284153004,18.600000000000044,2163.48,10.266666666666667,35.583333333333336,0
66000170,臺中市,潭子區,2025,4.469936826347306,78.10619178082192,23.22660273972603,23.222410958904106,11.320000000000002,3.0724383561643838,97.98282191780821,116.98,1915.1899999999998,9.933333333333334,33.626666666666665,0
66000180,臺中市,大雅區,2013,4.009451780821918,77.2601095890411,22.688712328767124,22.790219178082193,11.09,3.0894246575342463,97.96427397260274,99.51000000000003,1701.3899999999999,9.33,32.96,0
66000180,臺中市,大雅區,2014,4.184105479452055,75.83621917808219,22.844438356164382,23.14778082191781,12.46,3.1030684931506847,97.99512328767123,131.81999999999996,1790.5399999999997,8.006666666666666,33.876666666666665,0
66000180,臺中市,大雅區,2015,4.192817260273972,77.55380821917807,23.09813698630137,23.303671232876713,11.239999999999998,3.1900273972602737,98.02684931506847,76.42000000000003,1827.7399999999996,9.53,33.42333333333334,0
66000180,臺中市,大雅區,2016,4.048986612021858,81.8832513661202,22.852786885245905,22.741775956284158,12.08,3.0749999999999993,97.98363387978141,161.01000000000002,1827.3300000000002,6.386666666666667,33.70666666666666,0
66000180,臺中市,大雅區,2017,4.27434191780822,77.38120547945205,23.321726027397258,23.502520547945206,9.600000000000001,3.041095890410959,98.01860273972603,22.40000000000002,1855.3299999999997,10.543333333333333,33.76333333333333,0
66000180,臺中市,大雅區,2018,4.392830136986301,77.03542465753425,23.314739726027394,23.623945205479455,11.260000000000002,3.074657534246575,97.94504109589042,76.32000000000009,1906.6999999999998,8.5,34.51,0
66000180,臺中市,大雅區,2019,4.1412726027397255,78.90742465753424,23.410547945205476,23.522794520547944,8.190000000000001,3.158739726027398,97.95545205479452,0.0,1865.35,12.596666666666666,33.74,0
66000180,臺中市,大雅區,2020,4.36221174863388,75.2932786885246,23.67218579234973,23.94877049180328,10.530000000000001,3.2020765027322406,98.04295081967213,21.07999999999999,1987.2999999999993,8.643333333333333,33.72666666666667,0
66000180,臺中市,大雅區,2021,4.52884301369863,74.74978082191782,23.567506849315066,23.896383561643837,13.3,3.1679452054794526,97.98682191780823,76.57000000000002,1999.2099999999996,9.783333333333333,34.68666666666667,0
66000180,臺中市,大雅區,2022,4.2272967123287675,74.72906849315068,23.782246575342462,24.124109589041094,11.809999999999999,3.329068493150685,97.95589041095889,40.9700000000001,2041.9899999999996,9.049999999999999,35.99333333333333,0
66000180,臺中市,大雅區,2023,4.319684931506848,72.37435616438356,24.17808219178082,24.68961643835616,12.21,3.193452054794521,97.99158904109589,22.630000000000013,2168.1299999999997,9.79,35.60333333333333,0
66000180,臺中市,大雅區,2024,4.189450000000001,74.94196721311474,24.16032786885246,24.56360655737705,11.920000000000002,3.2873224043715843,97.97956284153004,18.600000000000044,2163.48,10.266666666666667,35.583333333333336,0
66000180,臺中市,大雅區,2025,4.469936826347306,78.10619178082192,23.22660273972603,23.222410958904106,11.320000000000002,3.0724383561643838,97.98282191780821,116.98,1915.1899999999998,9.933333333333334,33.626666666666665,0
66000190,臺中市,新社區,2013,4.009451780821918,77.2601095890411,22.688712328767124,22.790219178082193,11.09,3.0894246575342463,97.96427397260274,99.51000000000003,1701.3899999999999,9.33,32.96,0
66000190,臺中市,新社區,2014,4.184105479452055,75.83621917808219,22.844438356164382,23.14778082191781,12.46,3.1030684931506847,97.99512328767123,131.81999999999996,1790.5399999999997,8.006666666666666,33.876666666666665,0
66000190,臺中市,新社區,2015,4.192817260273972,77.55380821917807,23.09813698630137,23.303671232876713,11.239999999999998,3.1900273972602737,98.02684931506847,76.42000000000003,1827.7399999999996,9.53,33.42333333333334,0
66000190,臺中市,新社區,2016,4.048986612021858,81.8832513661202,22.852786885245905,22.741775956284158,12.08,3.0749999999999993,97.98363387978141,161.01000000000002,1827.3300000000002,6.386666666666667,33.70666666666666,0
66000190,臺中市,新社區,2017,4.27434191780822,77.38120547945205,23.321726027397258,23.502520547945206,9.600000000000001,3.041095890410959,98.01860273972603,22.40000000000002,1855.3299999999997,10.543333333333333,33.76333333333333,0
66000190,臺中市,新社區,2018,4.392830136986301,77.03542465753425,23.314739726027394,23.623945205479455,11.260000000000002,3.074657534246575,97.94504109589042,76.32000000000009,1906.6999999999998,8.5,34.51,0
66000190,臺中市,新社區,2019,4.1412726027397255,78.90742465753424,23.410547945205476,23.522794520547944,8.190000000000001,3.158739726027398,97.95545205479452,0.0,1865.35,12.596666666666666,33.74,0
66000190,臺中市,新社區,2020,4.36221174863388,75.2932786885246,23.67218579234973,23.94877049180328,10.530000000000001,3.2020765027322406,98.04295081967213,21.07999999999999,1987.2999999999993,8.643333333333333,33.72666666666667,0
66000190,臺中市,新社區,2021,4.52884301369863,74.74978082191782,23.567506849315066,23.896383561643837,13.3,3.1679452054794526,97.98682191780823,76.57000000000002,1999.2099999999996,9.783333333333333,34.68666666666667,0
66000190,臺中市,新社區,2022,4.2272967123287675,74.72906849315068,23.782246575342462,24.124109589041094,11.809999999999999,3.329068493150685,97.95589041095889,40.9700000000001,2041.9899999999996,9.049999999999999,35.99333333333333,0
66000190,臺中市,新社區,2023,4.319684931506848,72.37435616438356,24.17808219178082,24.68961643835616,12.21,3.193452054794521,97.99158904109589,22.630000000000013,2168.1299999999997,9.79,35.60333333333333,0
66000190,臺中市,新社區,2024,4.189450000000001,74.94196721311474,24.16032786885246,24.56360655737705,11.920000000000002,3.2873224043715843,97.97956284153004,18.600000000000044,2163.48,10.266666666666667,35.583333333333336,0
66000190,臺中市,新社區,2025,4.469936826347306,78.10619178082192,23.22660273972603,23.222410958904106,11.320000000000002,3.0724383561643838,97.98282191780821,116.98,1915.1899999999998,9.933333333333334,33.626666666666665,0
66000200,臺中市,石岡區,2013,4.009451780821918,79.84049315068494,22.37304109589041,22.76005479452055,11.75,5.6790958904109585,98.51654794520549,135.16000000000008,1621.82,10.586666666666668,30.956666666666667,0
66000200,臺中市,石岡區,2014,4.184105479452055,79.4781095890411,22.466054794520545,22.990767123287668,12.469999999999999,5.34709589041096,98.54394520547946,184.58000000000004,1705.1899999999996,9.393333333333333,31.74666666666667,0
66000200,臺中市,石岡區,2015,4.192817260273972,80.43542465753424,22.73676712328767,23.164465753424654,10.860000000000003,5.557178082191781,98.5741095890411,114.34000000000003,1733.7599999999995,10.950000000000001,30.71666666666667,0
66000200,臺中市,石岡區,2016,4.048986612021858,82.84267759562842,22.77420765027322,23.03013661202186,12.43,5.301284153005465,98.53087431693987,191.52000000000012,1829.08,7.953333333333333,31.846666666666668,0
66000200,臺中市,石岡區,2017,4.27434191780822,80.39676712328767,22.944164383561645,23.40197260273973,10.780000000000001,5.619698630136985,98.56915068493149,75.75000000000009,1770.87,11.736666666666666,31.830000000000002,0
66000200,臺中市,石岡區,2018,4.392830136986301,79.95495890410959,22.927780821917807,23.520219178082193,11.099999999999998,5.454,98.49046575342467,117.36000000000004,1806.4999999999998,9.706666666666665,31.763333333333332,0
66000200,臺中市,石岡區,2019,4.1412726027397255,80.81539726027395,23.19268493150685,23.618328767123288,9.559999999999999,5.768438356164384,98.50276712328768,11.159999999999982,1796.9899999999998,13.29,31.14,0
66000200,臺中市,石岡區,2020,4.36221174863388,78.78860655737705,23.268005464480876,23.84743169398907,9.95,5.903060109289617,98.59286885245903,30.970000000000045,1849.2599999999995,9.333333333333334,30.75,0
66000200,臺中市,石岡區,2021,4.52884301369863,78.88232876712328,23.10035616438356,23.600027397260273,12.049999999999999,5.514904109589041,98.52753424657533,117.73000000000008,1869.8599999999997,10.656666666666666,31.363333333333333,0
66000200,臺中市,石岡區,2022,4.2272967123287675,79.57865753424657,23.03945205479452,23.496904109589043,12.39,6.292958904109589,98.51383561643837,97.82000000000004,1827.7199999999996,10.393333333333333,31.47,0
66000200,臺中市,石岡區,2023,4.319684931506848,77.4686301369863,23.416739726027398,23.993616438356163,12.66,5.570136986301369,98.54216438356167,93.81000000000006,1961.4199999999996,9.526666666666666,33.12333333333333,0
66000200,臺中市,石岡區,2024,4.189450000000001,79.7189344262295,23.56295081967213,24.122431693989075,10.879999999999999,5.744726775956285,98.5261475409836,43.66000000000005,1969.8999999999996,11.126666666666665,32.779999999999994,0
66000200,臺中市,石岡區,2025,4.469936826347306,80.27049315068493,23.02323287671233,23.348082191780826,11.719999999999999,5.5282191780821925,98.52991780821917,150.22,1874.1999999999998,10.923333333333332,31.7,0
66000210,臺中市,外埔區,2013,4.009451780821918,79.84049315068494,22.37304109589041,22.76005479452055,11.75,5.6790958904109585,98.51654794520549,135.16000000000008,1621.82,10.586666666666668,30.956666666666667,0
66000210,臺中市,外埔區,2014,4.184105479452055,79.4781095890411,22.466054794520545,22.990767123287668,12.469999999999999,5.34709589041096,98.54394520547946,184.58000000000004,1705.1899999999996,9.393333333333333,31.74666666666667,0
66000210,臺中市,外埔區,2015,4.192817260273972,80.43542465753424,22.73676712328767,23.164465753424654,10.860000000000003,5.557178082191781,98.5741095890411,114.34000000000003,1733.7599999999995,10.950000000000001,30.71666666666667,0
66000210,臺中市,外埔區,2016,4.048986612021858,82.84267759562842,22.77420765027322,23.03013661202186,12.43,5.301284153005465,98.53087431693987,191.52000000000012,1829.08,7.953333333333333,31.846666666666668,0
66000210,臺中市,外埔區,2017,4.27434191780822,80.39676712328767,22.944164383561645,23.40197260273973,10.780000000000001,5.619698630136985,98.56915068493149,75.75000000000009,1770.87,11.736666666666666,31.830000000000002,0
66000210,臺中市,外埔區,2018,4.392830136986301,79.95495890410959,22.927780821917807,23.520219178082193,11.099999999999998,5.454,98.49046575342467,117.36000000000004,1806.4999999999998,9.706666666666665,31.763333333333332,0
66000210,臺中市,外埔區,2019,4.1412726027397255,80.81539726027395,23.19268493150685,23.618328767123288,9.559999999999999,5.768438356164384,98.50276712328768,11.159999999999982,1796.9899999999998,13.29,31.14,0
66000210,臺中市,外埔區,2020,4.36221174863388,78.78860655737705,23.268005464480876,23.84743169398907,9.95,5.903060109289617,98.59286885245903,30.970000000000045,1849.2599999999995,9.333333333333334,30.75,0
66000210,臺中市,外埔區,2021,4.52884301369863,78.88232876712328,23.10035616438356,23.600027397260273,12.049999999999999,5.514904109589041,98.52753424657533,117.73000000000008,1869.8599999999997,10.656666666666666,31.363333333333333,0
66000210,臺中市,外埔區,2022,4.2272967123287675,79.57865753424657,23.03945205479452,23.496904109589043,12.39,6.292958904109589,98.51383561643837,97.82000000000004,1827.7199999999996,10.393333333333333,31.47,0
66000210,臺中市,外埔區,2023,4.319684931506848,77.4686301369863,23.416739726027398,23.993616438356163,12.66,5.570136986301369,98.54216438356167,93.81000000000006,1961.4199999999996,9.526666666666666,33.12333333333333,0
66000210,臺中市,外埔區,2024,4.189450000000001,79.7189344262295,23.56295081967213,24.122431693989075,10.879999999999999,5.744726775956285,98.5261475409836,43.66000000000005,1969.8999999999996,11.126666666666665,32.779999999999994,0
66000210,臺中市,外埔區,2025,4.469936826347306,80.27049315068493,23.02323287671233,23.348082191780826,11.719999999999999,5.5282191780821925,98.52991780821917,150.22,1874.1999999999998,10.923333333333332,31.7,0
66000220,臺中市,大安區,2013,4.009451780821918,79.84049315068494,22.37304109589041,22.76005479452055,11.75,5.6790958904109585,98.51654794520549,135.16000000000008,1621.82,10.586666666666668,30.956666666666667,0
66000220,臺中市,大安區,2014,4.184105479452055,79.4781095890411,22.466054794520545,22.990767123287668,12.469999999999999,5.34709589041096,98.54394520547946,184.58000000000004,1705.1899999999996,9.393333333333333,31.74666666666667,0
66000220,臺中市,大安區,2015,4.192817260273972,80.43542465753424,22.73676712328767,23.164465753424654,10.860000000000003,5.557178082191781,98.5741095890411,114.34000000000003,1733.7599999999995,10.950000000000001,30.71666666666667,0
66000220,臺中市,大安區,2016,4.048986612021858,82.84267759562842,22.77420765027322,23.03013661202186,12.43,5.301284153005465,98.53087431693987,191.52000000000012,1829.08,7.953333333333333,31.846666666666668,0
66000220,臺中市,大安區,2017,4.27434191780822,80.39676712328767,22.944164383561645,23.40197260273973,10.780000000000001,5.619698630136985,98.56915068493149,75.75000000000009,1770.87,11.736666666666666,31.830000000000002,0
66000220,臺中市,大安區,2018,4.392830136986301,79.95495890410959,22.927780821917807,23.520219178082193,11.099999999999998,5.454,98.49046575342467,117.36000000000004,1806.4999999999998,9.706666666666665,31.763333333333332,0
66000220,臺中市,大安區,2019,4.1412726027397255,80.81539726027395,23.19268493150685,23.618328767123288,9.559999999999999,5.768438356164384,98.50276712328768,11.159999999999982,1796.9899999999998,13.29,31.14,0
66000220,臺中市,大安區,2020,4.36221174863388,78.78860655737705,23.268005464480876,23.84743169398907,9.95,5.903060109289617,98.59286885245903,30.970000000000045,1849.2599999999995,9.333333333333334,30.75,0
66000220,臺中市,大安區,2021,4.52884301369863,78.88232876712328,23.10035616438356,23.600027397260273,12.049999999999999,5.514904109589041,98.52753424657533,117.73000000000008,1869.8599999999997,10.656666666666666,31.363333333333333,0
66000220,臺中市,大安區,2022,4.2272967123287675,79.57865753424657,23.03945205479452,23.496904109589043,12.39,6.292958904109589,98.51383561643837,97.82000000000004,1827.7199999999996,10.393333333333333,31.47,0
66000220,臺中市,大安區,2023,4.319684931506848,77.4686301369863,23.416739726027398,23.993616438356163,12.66,5.570136986301369,98.54216438356167,93.81000000000006,1961.4199999999996,9.526666666666666,33.12333333333333,0
66000220,臺中市,大安區,2024,4.189450000000001,79.7189344262295,23.56295081967213,24.122431693989075,10.879999999999999,5.744726775956285,98.5261475409836,43.66000000000005,1969.8999999999996,11.126666666666665,32.779999999999994,0
66000220,臺中市,大安區,2025,4.469936826347306,80.27049315068493,23.02323287671233,23.348082191780826,11.719999999999999,5.5282191780821925,98.52991780821917,150.22,1874.1999999999998,10.923333333333332,31.7,0
66000230,臺中市,烏日區,2013,4.009451780821918,77.2601095890411,22.688712328767124,22.790219178082193,11.09,3.0894246575342463,97.96427397260274,99.51000000000003,1701.3899999999999,9.33,32.96,0
66000230,臺中市,烏日區,2014,4.184105479452055,75.83621917808219,22.844438356164382,23.14778082191781,12.46,3.1030684931506847,97.99512328767123,131.81999999999996,1790.5399999999997,8.006666666666666,33.876666666666665,0
66000230,臺中市,烏日區,2015,4.192817260273972,77.55380821917807,23.09813698630137,23.303671232876713,11.239999999999998,3.1900273972602737,98.02684931506847,76.42000000000003,1827.7399999999996,9.53,33.42333333333334,0
66000230,臺中市,烏日區,2016,4.048986612021858,81.8832513661202,22.852786885245905,22.741775956284158,12.08,3.0749999999999993,97.98363387978141,161.01000000000002,1827.3300000000002,6.386666666666667,33.70666666666666,0
66000230,臺中市,烏日區,2017,4.27434191780822,77.38120547945205,23.321726027397258,23.502520547945206,9.600000000000001,3.041095890410959,98.01860273972603,22.40000000000002,1855.3299999999997,10.543333333333333,33.76333333333333,0
66000230,臺中市,烏日區,2018,4.392830136986301,77.03542465753425,23.314739726027394,23.623945205479455,11.260000000000002,3.074657534246575,97.94504109589042,76.32000000000009,1906.6999999999998,8.5,34.51,0
66000230,臺中市,烏日區,2019,4.1412726027397255,78.90742465753424,23.410547945205476,23.522794520547944,8.190000000000001,3.158739726027398,97.95545205479452,0.0,1865.35,12.596666666666666,33.74,0
66000230,臺中市,烏日區,2020,4.36221174863388,75.2932786885246,23.67218579234973,23.94877049180328,10.530000000000001,3.2020765027322406,98.04295081967213,21.07999999999999,1987.2999999999993,8.643333333333333,33.72666666666667,0
66000230,臺中市,烏日區,2021,4.52884301369863,74.74978082191782,23.567506849315066,23.896383561643837,13.3,3.1679452054794526,97.98682191780823,76.57000000000002,1999.2099999999996,9.783333333333333,34.68666666666667,0
66000230,臺中市,烏日區,2022,4.2272967123287675,74.72906849315068,23.782246575342462,24.124109589041094,11.809999999999999,3.329068493150685,97.95589041095889,40.9700000000001,2041.9899999999996,9.049999999999999,35.99333333333333,0
66000230,臺中市,烏日區,2023,4.319684931506848,72.37435616438356,24.17808219178082,24.68961643835616,12.21,3.193452054794521,97.99158904109589,22.630000000000013,2168.1299999999997,9.79,35.60333333333333,0
66000230,臺中市,烏日區,2024,4.189450000000001,74.94196721311474,24.16032786885246,24.56360655737705,11.920000000000002,3.2873224043715843,97.97956284153004,18.600000000000044,2163.48,10.266666666666667,35.583333333333336,0
66000230,臺中市,烏日區,2025,4.469936826347306,78.10619178082192,23.22660273972603,23.222410958904106,11.320000000000002,3.0724383561643838,97.98282191780821,116.98,1915.1899999999998,9.933333333333334,33.626666666666665,0
66000240,臺中市,大肚區,2013,4.009451780821918,77.2601095890411,22.688712328767124,22.790219178082193,11.09,3.0894246575342463,97.96427397260274,99.51000000000003,1701.3899999999999,9.33,32.96,0
66000240,臺中市,大肚區,2014,4.184105479452055,75.83621917808219,22.844438356164382,23.14778082191781,12.46,3.1030684931506847,97.99512328767123,131.81999999999996,1790.5399999999997,8.006666666666666,33.876666666666665,0
66000240,臺中市,大肚區,2015,4.192817260273972,77.55380821917807,23.09813698630137,23.303671232876713,11.239999999999998,3.1900273972602737,98.02684931506847,76.42000000000003,1827.7399999999996,9.53,33.42333333333334,0
66000240,臺中市,大肚區,2016,4.048986612021858,81.8832513661202,22.852786885245905,22.741775956284158,12.08,3.0749999999999993,97.98363387978141,161.01000000000002,1827.3300000000002,6.386666666666667,33.70666666666666,0
66000240,臺中市,大肚區,2017,4.27434191780822,77.38120547945205,23.321726027397258,23.502520547945206,9.600000000000001,3.041095890410959,98.01860273972603,22.40000000000002,1855.3299999999997,10.543333333333333,33.76333333333333,0
66000240,臺中市,大肚區,2018,4.392830136986301,77.03542465753425,23.314739726027394,23.623945205479455,11.260000000000002,3.074657534246575,97.94504109589042,76.32000000000009,1906.6999999999998,8.5,34.51,0
66000240,臺中市,大肚區,2019,4.1412726027397255,78.90742465753424,23.410547945205476,23.522794520547944,8.190000000000001,3.158739726027398,97.95545205479452,0.0,1865.35,12.596666666666666,33.74,0
66000240,臺中市,大肚區,2020,4.36221174863388,75.2932786885246,23.67218579234973,23.94877049180328,10.530000000000001,3.2020765027322406,98.04295081967213,21.07999999999999,1987.2999999999993,8.643333333333333,33.72666666666667,0
66000240,臺中市,大肚區,2021,4.52884301369863,74.74978082191782,23.567506849315066,23.896383561643837,13.3,3.1679452054794526,97.98682191780823,76.57000000000002,1999.2099999999996,9.783333333333333,34.68666666666667,0
66000240,臺中市,大肚區,2022,4.2272967123287675,74.72906849315068,23.782246575342462,24.124109589041094,11.809999999999999,3.329068493150685,97.95589041095889,40.9700000000001,2041.9899999999996,9.049999999999999,35.99333333333333,0
66000240,臺中市,大肚區,2023,4.319684931506848,72.37435616438356,24.17808219178082,24.68961643835616,12.21,3.193452054794521,97.99158904109589,22.630000000000013,2168.1299999999997,9.79,35.60333333333333,0
66000240,臺中市,大肚區,2024,4.189450000000001,74.94196721311474,24.16032786885246,24.56360655737705,11.920000000000002,3.2873224043715843,97.97956284153004,18.600000000000044,2163.48,10.266666666666667,35.583333333333336,0
66000240,臺中市,大肚區,2025,4.469936826347306,78.10619178082192,23.22660273972603,23.222410958904106,11.320000000000002,3.0724383561643838,97.98282191780821,116.98,1915.1899999999998,9.933333333333334,33.626666666666665,0
66000250,臺中市,龍井區,2013,4.009451780821918,77.2601095890411,22.688712328767124,22.790219178082193,11.09,3.0894246575342463,97.96427397260274,99.51000000000003,1701.3899999999999,9.33,32.96,0
66000250,臺中市,龍井區,2014,4.184105479452055,75.83621917808219,22.844438356164382,23.14778082191781,12.46,3.1030684931506847,97.99512328767123,131.81999999999996,1790.5399999999997,8.006666666666666,33.876666666666665,0
66000250,臺中市,龍井區,2015,4.192817260273972,77.55380821917807,23.09813698630137,23.303671232876713,11.239999999999998,3.1900273972602737,98.02684931506847,76.42000000000003,1827.7399999999996,9.53,33.42333333333334,0
66000250,臺中市,龍井區,2016,4.048986612021858,81.8832513661202,22.852786885245905,22.741775956284158,12.08,3.0749999999999993,97.98363387978141,161.01000000000002,1827.3300000000002,6.386666666666667,33.70666666666666,0
66000250,臺中市,龍井區,2017,4.27434191780822,77.38120547945205,23.321726027397258,23.502520547945206,9.600000000000001,3.041095890410959,98.01860273972603,22.40000000000002,1855.3299999999997,10.543333333333333,33.76333333333333,0
66000250,臺中市,龍井區,2018,4.392830136986301,77.03542465753425,23.314739726027394,23.623945205479455,11.260000000000002,3.074657534246575,97.94504109589042,76.32000000000009,1906.6999999999998,8.5,34.51,0
66000250,臺中市,龍井區,2019,4.1412726027397255,78.90742465753424,23.410547945205476,23.522794520547944,8.190000000000001,3.158739726027398,97.95545205479452,0.0,1865.35,12.596666666666666,33.74,0
66000250,臺中市,龍井區,2020,4.36221174863388,75.2932786885246,23.67218579234973,23.94877049180328,10.530000000000001,3.2020765027322406,98.04295081967213,21.07999999999999,1987.2999999999993,8.643333333333333,33.72666666666667,0
66000250,臺中市,龍井區,2021,4.52884301369863,74.74978082191782,23.567506849315066,23.896383561643837,13.3,3.1679452054794526,97.98682191780823,76.57000000000002,1999.2099999999996,9.783333333333333,34.68666666666667,0
66000250,臺中市,龍井區,2022,4.2272967123287675,74.72906849315068,23.782246575342462,24.124109589041094,11.809999999999999,3.329068493150685,97.95589041095889,40.9700000000001,2041.9899999999996,9.049999999999999,35.99333333333333,0
66000250,臺中市,龍井區,2023,4.319684931506848,72.37435616438356,24.17808219178082,24.68961643835616,12.21,3.193452054794521,97.99158904109589,22.630000000000013,2168.1299999999997,9.79,35.60333333333333,0
66000250,臺中市,龍井區,2024,4.189450000000001,74.94196721311474,24.16032786885246,24.56360655737705,11.920000000000002,3.2873224043715843,97.97956284153004,18.600000000000044,2163.48,10.266666666666667,35.583333333333336,0
66000250,臺中市,龍井區,2025,4.469936826347306,78.10619178082192,23.22660273972603,23.222410958904106,11.320000000000002,3.0724383561643838,97.98282191780821,116.98,1915.1899999999998,9.933333333333334,33.626666666666665,0
66000260,臺中市,霧峰區,2013,4.009451780821918,77.2601095890411,22.688712328767124,22.790219178082193,11.09,3.0894246575342463,97.96427397260274,99.51000000000003,1701.3899999999999,9.33,32.96,0
66000260,臺中市,霧峰區,2014,4.184105479452055,75.83621917808219,22.844438356164382,23.14778082191781,12.46,3.1030684931506847,97.99512328767123,131.81999999999996,1790.5399999999997,8.006666666666666,33.876666666666665,0
66000260,臺中市,霧峰區,2015,4.192817260273972,77.55380821917807,23.09813698630137,23.303671232876713,11.239999999999998,3.1900273972602737,98.02684931506847,76.42000000000003,1827.7399999999996,9.53,33.42333333333334,0
66000260,臺中市,霧峰區,2016,4.048986612021858,81.8832513661202,22.852786885245905,22.741775956284158,12.08,3.0749999999999993,97.98363387978141,161.01000000000002,1827.3300000000002,6.386666666666667,33.70666666666666,0
66000260,臺中市,霧峰區,2017,4.27434191780822,77.38120547945205,23.321726027397258,23.502520547945206,9.600000000000001,3.041095890410959,98.01860273972603,22.40000000000002,1855.3299999999997,10.543333333333333,33.76333333333333,0
66000260,臺中市,霧峰區,2018,4.392830136986301,77.03542465753425,23.314739726027394,23.623945205479455,11.260000000000002,3.074657534246575,97.94504109589042,76.32000000000009,1906.6999999999998,8.5,34.51,0
66000260,臺中市,霧峰區,2019,4.1412726027397255,78.90742465753424,23.410547945205476,23.522794520547944,8.190000000000001,3.158739726027398,97.95545205479452,0.0,1865.35,12.596666666666666,33.74,0
66000260,臺中市,霧峰區,2020,4.36221174863388,75.2932786885246,23.67218579234973,23.94877049180328,10.530000000000001,3.2020765027322406,98.04295081967213,21.07999999999999,1987.2999999999993,8.643333333333333,33.72666666666667,0
66000260,臺中市,霧峰區,2021,4.52884301369863,74.74978082191782,23.567506849315066,23.896383561643837,13.3,3.1679452054794526,97.98682191780823,76.57000000000002,1999.2099999999996,9.783333333333333,34.68666666666667,0
66000260,臺中市,霧峰區,2022,4.2272967123287675,74.72906849315068,23.782246575342462,24.124109589041094,11.809999999999999,3.329068493150685,97.95589041095889,40.9700000000001,2041.9899999999996,9.049999999999999,35.99333333333333,0
66000260,臺中市,霧峰區,2023,4.319684931506848,72.37435616438356,24.17808219178082,24.68961643835616,12.21,3.193452054794521,97.99158904109589,22.630000000000013,2168.1299999999997,9.79,35.60333333333333,0
66000260,臺中市,霧峰區,2024,4.189450000000001,74.94196721311474,24.16032786885246,24.56360655737705,11.920000000000002,3.2873224043715843,97.97956284153004,18.600000000000044,2163.48,10.266666666666667,35.583333333333336,0
66000260,臺中市,霧峰區,2025,4.469936826347306,78.10619178082192,23.22660273972603,23.222410958904106,11.320000000000002,3.0724383561643838,97.98282191780821,116.98,1915.1899999999998,9.933333333333334,33.626666666666665,0
66000270,臺中市,太平區,2013,4.009451780821918,77.2601095890411,22.688712328767124,22.790219178082193,11.09,3.0894246575342463,97.96427397260274,99.51000000000003,1701.3899999999999,9.33,32.96,0
66000270,臺中市,太平區,2014,4.184105479452055,75.83621917808219,22.844438356164382,23.14778082191781,12.46,3.1030684931506847,97.99512328767123,131.81999999999996,1790.5399999999997,8.006666666666666,33.876666666666665,0
66000270,臺中市,太平區,2015,4.192817260273972,77.55380821917807,23.09813698630137,23.303671232876713,11.239999999999998,3.1900273972602737,98.02684931506847,76.42000000000003,1827.7399999999996,9.53,33.42333333333334,0
66000270,臺中市,太平區,2016,4.048986612021858,81.8832513661202,22.852786885245905,22.741775956284158,12.08,3.0749999999999993,97.98363387978141,161.01000000000002,1827.3300000000002,6.386666666666667,33.70666666666666,0
66000270,臺中市,太平區,2017,4.27434191780822,77.38120547945205,23.321726027397258,23.502520547945206,9.600000000000001,3.041095890410959,98.01860273972603,22.40000000000002,1855.3299999999997,10.543333333333333,33.76333333333333,0
66000270,臺中市,太平區,2018,4.392830136986301,77.03542465753425,23.314739726027394,23.623945205479455,11.260000000000002,3.074657534246575,97.94504109589042,76.32000000000009,1906.6999999999998,8.5,34.51,0
66000270,臺中市,太平區,2019,4.1412726027397255,78.90742465753424,23.410547945205476,23.522794520547944,8.190000000000001,3.158739726027398,97.95545205479452,0.0,1865.35,12.596666666666666,33.74,0
66000270,臺中市,太平區,2020,4.36221174863388,75.2932786885246,23.67218579234973,23.94877049180328,10.530000000000001,3.2020765027322406,98.04295081967213,21.07999999999999,1987.2999999999993,8.643333333333333,33.72666666666667,0
66000270,臺中市,太平區,2021,4.52884301369863,74.74978082191782,23.567506849315066,23.896383561643837,13.3,3.1679452054794526,97.98682191780823,76.57000000000002,1999.2099999999996,9.783333333333333,34.68666666666667,0
66000270,臺中市,太平區,2022,4.2272967123287675,74.72906849315068,23.782246575342462,24.124109589041094,11.809999999999999,3.329068493150685,97.95589041095889,40.9700000000001,2041.9899999999996,9.049999999999999,35.99333333333333,0
66000270,臺中市,太平區,2023,4.319684931506848,72.37435616438356,24.17808219178082,24.68961643835616,12.21,3.193452054794521,97.99158904109589,22.630000000000013,2168.1299999999997,9.79,35.60333333333333,0
66000270,臺中市,太平區,2024,4.189450000000001,74.94196721311474,24.16032786885246,24.56360655737705,11.920000000000002,3.2873224043715843,97.97956284153004,18.600000000000044,2163.48,10.266666666666667,35.583333333333336,0
66000270,臺中市,太平區,2025,4.469936826347306,78.10619178082192,23.22660273972603,23.222410958904106,11.320000000000002,3.0724383561643838,97.98282191780821,116.98,1915.1899999999998,9.933333333333334,33.626666666666665,0
66000280,臺中市,大里區,2013,4.009451780821918,77.2601095890411,22.688712328767124,22.790219178082193,11.09,3.0894246575342463,97.96427397260274,99.51000000000003,1701.3899999999999,9.33,32.96,0
66000280,臺中市,大里區,2014,4.184105479452055,75.83621917808219,22.844438356164382,23.14778082191781,12.46,3.1030684931506847,97.99512328767123,131.81999999999996,1790.5399999999997,8.006666666666666,33.876666666666665,0
66000280,臺中市,大里區,2015,4.192817260273972,77.55380821917807,23.09813698630137,23.303671232876713,11.239999999999998,3.1900273972602737,98.02684931506847,76.42000000000003,1827.7399999999996,9.53,33.42333333333334,0
66000280,臺中市,大里區,2016,4.048986612021858,81.8832513661202,22.852786885245905,22.741775956284158,12.08,3.0749999999999993,97.98363387978141,161.01000000000002,1827.3300000000002,6.386666666666667,33.70666666666666,0
66000280,臺中市,大里區,2017,4.27434191780822,77.38120547945205,23.321726027397258,23.502520547945206,9.600000000000001,3.041095890410959,98.01860273972603,22.40000000000002,1855.3299999999997,10.543333333333333,33.76333333333333,0
66000280,臺中市,大里區,2018,4.392830136986301,77.03542465753425,23.314739726027394,23.623945205479455,11.260000000000002,3.074657534246575,97.94504109589042,76.32000000000009,1906.6999999999998,8.5,34.51,0
66000280,臺中市,大里區,2019,4.1412726027397255,78.90742465753424,23.410547945205476,23.522794520547944,8.190000000000001,3.158739726027398,97.95545205479452,0.0,1865.35,12.596666666666666,33.74,0
66000280,臺中市,大里區,2020,4.36221174863388,75.2932786885246,23.67218579234973,23.94877049180328,10.530000000000001,3.2020765027322406,98.04295081967213,21.07999999999999,1987.2999999999993,8.643333333333333,33.72666666666667,0
66000280,臺中市,大里區,2021,4.52884301369863,74.74978082191782,23.567506849315066,23.896383561643837,13.3,3.1679452054794526,97.98682191780823,76.57000000000002,1999.2099999999996,9.783333333333333,34.68666666666667,0
66000280,臺中市,大里區,2022,4.2272967123287675,74.72906849315068,23.782246575342462,24.124109589041094,11.809999999999999,3.329068493150685,97.95589041095889,40.9700000000001,2041.9899999999996,9.049999999999999,35.99333333333333,0
66000280,臺中市,大里區,2023,4.319684931506848,72.37435616438356,24.17808219178082,24.68961643835616,12.21,3.193452054794521,97.99158904109589,22.630000000000013,2168.1299999999997,9.79,35.60333333333333,0
66000280,臺中市,大里區,2024,4.189450000000001,74.94196721311474,24.16032786885246,24.56360655737705,11.920000000000002,3.2873224043715843,97.97956284153004,18.600000000000044,2163.48,10.266666666666667,35.583333333333336,0
66000280,臺中市,大里區,2025,4.469936826347306,78.10619178082192,23.22660273972603,23.222410958904106,11.320000000000002,3.0724383561643838,97.98282191780821,116.98,1915.1899999999998,9.933333333333334,33.626666666666665,0
66000290,臺中市,和平區,2013,3.7659084931506848,86.35071232876713,16.470767123287672,16.761150684931508,12.4,2.7011780821917806,88.06879452054794,1072.63,404.9599999999999,0.5866666666666667,28.363333333333333,123
66000290,臺中市,和平區,2014,3.8430613698630145,85.34698630136988,16.590328767123285,16.963835616438356,13.99,2.5443561643835615,88.08934246575343,1117.2100000000005,493.17999999999984,-0.32999999999999996,28.286666666666665,90
66000290,臺中市,和平區,2015,3.919658082191781,85.27531506849314,17.12131506849315,17.389890410958905,13.02,2.6618082191780825,88.12317808219179,872.5500000000002,442.3299999999998,1.11,28.149999999999995,90
66000290,臺中市,和平區,2016,3.7904614754098365,88.16560109289617,17.10549180327869,17.258879781420767,13.479999999999999,2.5906284153005465,88.09349726775956,985.0200000000001,547.8299999999999,-2.3233333333333333,27.713333333333335,91
66000290,臺中市,和平區,2017,3.8297947945205473,87.12564383561643,16.999561643835616,17.288602739726024,11.69,2.6567123287671235,88.13487671232876,963.19,488.52999999999975,2.106666666666667,28.02333333333333,28
66000290,臺中市,和平區,2018,3.9874175342465747,86.05509589041095,17.127041095890412,17.492520547945208,12.629999999999999,2.5004657534246575,88.05887671232877,937.2000000000003,509.0699999999998,0.2933333333333333,29.27,59
66000290,臺中市,和平區,2019,3.826375342465753,86.74367123287674,17.36504109589041,17.610794520547948,10.06,2.756109589041096,88.08306849315068,738.0300000000002,396.76999999999987,4.64,27.733333333333334,0
66000290,臺中市,和平區,2020,3.9260226775956277,85.24887978142077,17.264535519125683,17.609562841530053,11.040000000000001,2.665464480874317,88.1620218579235,874.7900000000002,495.8099999999999,-1.3933333333333333,28.55333333333333,121
66000290,臺中市,和平區,2021,4.163436986301369,84.38808219178084,17.352438356164384,17.71120547945205,13.819999999999999,2.5944109589041098,88.1017808219178,915.39,569.5299999999999,0.9466666666666667,29.536666666666665,59
66000290,臺中市,和平區,2022,3.828847671232877,86.57210958904109,17.11838356164383,17.431890410958903,12.89,2.7712054794520546,88.09279452054795,868.5700000000004,437.2800000000001,1.24,29.21666666666667,31
66000290,臺中市,和平區,2023,3.9763550684931515,83.14972602739726,17.718301369863013,18.17427397260274,13.14,2.677369863013699,88.12654794520547,817.5500000000001,605.2299999999999,0.04666666666666656,29.900000000000002,62
66000290,臺中市,和平區,2024,3.833393169398907,84.0292349726776,18.039207650273227,18.45505464480874,13.109999999999998,2.5988797814207647,88.1107650273224,781.96,686.5099999999999,1.8966666666666665,29.53,31
66000290,臺中市,和平區,2025,4.008978143712575,86.51753424657534,17.185479452054793,17.3647397260274,12.85,2.6324931506849314,88.10819178082191,969.1800000000001,562.3799999999999,1.3033333333333335,27.820000000000004,59
67000010,臺南市,新營區,2013,4.261101095890411,81.2994794520548,24.033917808219172,24.79967123287671,9.350000000000001,5.57109589041096,101.27709589041096,10.850000000000044,2103.7299999999996,14.283333333333333,30.903333333333336,0
67000010,臺南市,新營區,2014,4.360468219178083,80.76208219178082,24.161616438356162,24.9738904109589,9.630000000000003,5.241534246575342,101.2993698630137,1.2399999999999736,2140.7299999999996,14.016666666666666,31.25666666666667,0
67000010,臺南市,新營區,2015,4.492699452054795,82.07071232876713,24.432438356164383,25.115561643835616,9.059999999999999,5.45172602739726,101.3311780821918,2.170000000000009,2240.5099999999998,14.549999999999999,31.156666666666666,0
67000010,臺南市,新營區,2016,4.239616120218579,84.54622950819672,24.432213114754095,25.09349726775956,9.620000000000001,5.442732240437159,101.27896174863389,37.39,2281.7799999999997,12.036666666666667,31.186666666666667,0
67000010,臺南市,新營區,2017,4.48226191780822,81.74147945205479,24.62257534246575,25.38331506849315,8.5,5.366054794520547,101.31775342465754,0.0,2307.74,15.506666666666666,31.036666666666665,0
67000010,臺南市,新營區,2018,4.518268493150686,81.09517808219178,24.555671232876712,25.393178082191785,8.899999999999999,5.417972602739726,101.23487671232877,10.360000000000028,2293.6799999999994,13.796666666666667,31.36,0
67000010,臺南市,新營區,2019,4.362369589041095,82.77279452054795,24.86635616438356,25.58578082191781,7.359999999999999,5.494904109589041,101.24008219178081,0.0,2396.7200000000003,17.486666666666668,30.706666666666667,0
67000010,臺南市,新營區,2020,4.662927595628416,80.67513661202186,24.967759562841533,25.74836065573771,9.080000000000002,5.66139344262295,101.33254098360655,0.0,2440.3999999999996,13.536666666666667,31.69333333333333,0
67000010,臺南市,新營區,2021,4.698947123287672,80.67778082191779,24.760219178082192,25.593890410958906,9.64,5.473780821917808,101.27624657534248,28.210000000000004,2386.1899999999996,14.633333333333335,32.18666666666667,0
67000010,臺南市,新營區,2022,4.496051506849315,80.94123287671232,24.779698630136988,25.61975342465753,9.799999999999997,6.0501369863013705,101.2466301369863,4.480000000000004,2369.5699999999997,14.5,32.35,0
67000010,臺南市,新營區,2023,4.528795890410959,80.32405479452055,24.94479452054794,25.68964383561644,9.969999999999999,5.561095890410959,101.27778082191783,0.0,2425.35,13.953333333333333,32.5,0
67000010,臺南市,新營區,2024,4.427984426229509,81.18677595628417,25.25625683060109,26.016420765027323,9.36,5.628224043715848,101.26857923497266,0.0,2545.9899999999993,14.446666666666667,32.88,0
67000010,臺南市,新營區,2025,4.4936709580838325,82.44660273972602,24.53528767123288,25.244684931506846,9.86,5.515945205479452,101.27605479452055,47.80000000000008,2323.6799999999994,14.573333333333332,30.97666666666667,0
67000020,臺南市,鹽水區,2013,4.261101095890411,81.2994794520548,24.033917808219172,24.79967123287671,9.350000000000001,5.57109589041096,101.27709589041096,10.850000000000044,2103.7299999999996,14.283333333333333,30.903333333333336,0
67000020,臺南市,鹽水區,2014,4.360468219178083,80.76208219178082,24.161616438356162,24.9738904109589,9.630000000000003,5.241534246575342,101.2993698630137,1.2399999999999736,2140.7299999999996,14.016666666666666,31.25666666666667,0
67000020,臺南市,鹽水區,2015,4.492699452054795,82.07071232876713,24.432438356164383,25.115561643835616,9.059999999999999,5.45172602739726,101.3311780821918,2.170000000000009,2240.5099999999998,14.549999999999999,31.156666666666666,0
67000020,臺南市,鹽水區,2016,4.239616120218579,84.54622950819672,24.432213114754095,25.09349726775956,9.620000000000001,5.442732240437159,101.27896174863389,37.39,2281.7799999999997,12.036666666666667,31.186666666666667,0
67000020,臺南市,鹽水區,2017,4.48226191780822,81.74147945205479,24.62257534246575,25.38331506849315,8.5,5.366054794520547,101.31775342465754,0.0,2307.74,15.506666666666666,31.036666666666665,0
67000020,臺南市,鹽水區,2018,4.518268493150686,81.09517808219178,24.555671232876712,25.393178082191785,8.899999999999999,5.417972602739726,101.23487671232877,10.360000000000028,2293.6799999999994,13.796666666666667,31.36,0
67000020,臺南市,鹽水區,2019,4.362369589041095,82.77279452054795,24.86635616438356,25.58578082191781,7.359999999999999,5.494904109589041,101.24008219178081,0.0,2396.7200000000003,17.486666666666668,30.706666666666667,0
67000020,臺南市,鹽水區,2020,4.662927595628416,80.67513661202186,24.967759562841533,25.74836065573771,9.080000000000002,5.66139344262295,101.33254098360655,0.0,2440.3999999999996,13.536666666666667,31.69333333333333,0
67000020,臺南市,鹽水區,2021,4.698947123287672,80.67778082191779,24.760219178082192,25.593890410958906,9.64,5.473780821917808,101.27624657534248,28.210000000000004,2386.1899999999996,14.633333333333335,32.18666666666667,0
67000020,臺南市,鹽水區,2022,4.496051506849315,80.94123287671232,24.779698630136988,25.61975342465753,9.799999999999997,6.0501369863013705,101.2466301369863,4.480000000000004,2369.5699999999997,14.5,32.35,0
67000020,臺南市,鹽水區,2023,4.528795890410959,80.32405479452055,24.94479452054794,25.68964383561644,9.969999999999999,5.561095890410959,101.27778082191783,0.0,2425.35,13.953333333333333,32.5,0
67000020,臺南市,鹽水區,2024,4.427984426229509,81.18677595628417,25.25625683060109,26.016420765027323,9.36,5.628224043715848,101.26857923497266,0.0,2545.9899999999993,14.446666666666667,32.88,0
67000020,臺南市,鹽水區,2025,4.4936709580838325,82.44660273972602,24.53528767123288,25.244684931506846,9.86,5.515945205479452,101.27605479452055,47.80000000000008,2323.6799999999994,14.573333333333332,30.97666666666667,0
67000030,臺南市,白河區,2013,4.261101095890411,77.53293150684931,21.000986301369863,21.325150684931508,9.570000000000002,2.316712328767123,93.72117808219177,183.52000000000004,1169.3799999999997,6.98,31.296666666666663,0
67000030,臺南市,白河區,2014,4.360468219178083,76.447698630137,21.0273698630137,21.520246575342465,11.790000000000001,2.340027397260274,93.76134246575343,275.52000000000004,1271.0099999999998,5.556666666666666,32.53333333333334,0
67000030,臺南市,白河區,2015,4.492699452054795,78.2701095890411,21.28994520547945,21.65750684931507,10.040000000000001,2.479534246575342,93.80906849315068,166.76000000000005,1258.0899999999997,7.153333333333333,32.79,0
67000030,臺南市,白河區,2016,4.239616120218579,83.50745901639343,20.995409836065576,20.97366120218579,10.809999999999999,2.3818032786885244,93.75715846994537,272.2600000000001,1258.78,2.9800000000000004,31.34,31
67000030,臺南市,白河區,2017,4.48226191780822,78.82317808219177,21.503479452054794,21.808383561643833,7.859999999999999,2.201917808219178,93.78306849315071,114.07000000000015,1283.3399999999997,8.563333333333333,31.840000000000003,0
67000030,臺南市,白河區,2018,4.518268493150686,78.37567123287671,21.525397260273973,21.991479452054797,10.530000000000001,2.3134520547945203,93.71413698630138,139.13,1316.4,5.843333333333334,33.64666666666667,0
67000030,臺南市,白河區,2019,4.362369589041095,79.58065753424655,21.690246575342467,21.9592602739726,7.059999999999999,2.3109315068493155,93.7374794520548,31.31000000000005,1268.7499999999998,10.409999999999998,32.14,0
67000030,臺南市,白河區,2020,4.662927595628416,77.23071038251366,21.749562841530054,22.122786885245905,9.139999999999997,2.2730327868852465,93.81311475409835,96.83999999999997,1359.3799999999997,4.3533333333333335,32.47666666666667,0
67000030,臺南市,白河區,2021,4.698947123287672,75.23772602739727,21.743835616438357,22.240630136986304,12.530000000000001,2.4081369863013697,93.75794520547946,160.08000000000013,1417.0799999999997,7.026666666666666,33.94,0
67000030,臺南市,白河區,2022,4.496051506849315,75.3934794520548,22.067123287671233,22.539397260273976,9.430000000000003,2.3230684931506844,93.72123287671234,137.61,1512.6099999999997,6.906666666666666,33.99,0
67000030,臺南市,白河區,2023,4.528795890410959,73.0497808219178,22.43994520547945,23.13621917808219,10.149999999999999,2.4242739726027396,93.76715068493151,48.98000000000006,1560.0599999999995,7.863333333333334,34.82333333333333,0
67000030,臺南市,白河區,2024,4.427984426229509,75.73502732240438,22.349617486338797,22.840054644808742,10.740000000000002,2.4553825136612017,93.7579781420765,111.9100000000001,1594.0699999999997,7.55,34.48,0
67000030,臺南市,白河區,2025,4.4936709580838325,78.86197260273971,21.503123287671233,21.697013698630137,10.3,2.2614246575342465,93.74682191780823,183.51000000000002,1352.6499999999999,7.283333333333332,31.80666666666666,0
67000040,臺南市,柳營區,2013,4.261101095890411,77.53293150684931,21.000986301369863,21.325150684931508,9.570000000000002,2.316712328767123,93.72117808219177,183.52000000000004,1169.3799999999997,6.98,31.296666666666663,0
67000040,臺南市,柳營區,2014,4.360468219178083,76.447698630137,21.0273698630137,21.520246575342465,11.790000000000001,2.340027397260274,93.76134246575343,275.52000000000004,1271.0099999999998,5.556666666666666,32.53333333333334,0
67000040,臺南市,柳營區,2015,4.492699452054795,78.2701095890411,21.28994520547945,21.65750684931507,10.040000000000001,2.479534246575342,93.80906849315068,166.76000000000005,1258.0899999999997,7.153333333333333,32.79,0
67000040,臺南市,柳營區,2016,4.239616120218579,83.50745901639343,20.995409836065576,20.97366120218579,10.809999999999999,2.3818032786885244,93.75715846994537,272.2600000000001,1258.78,2.9800000000000004,31.34,31
67000040,臺南市,柳營區,2017,4.48226191780822,78.82317808219177,21.503479452054794,21.808383561643833,7.859999999999999,2.201917808219178,93.78306849315071,114.07000000000015,1283.3399999999997,8.563333333333333,31.840000000000003,0
67000040,臺南市,柳營區,2018,4.518268493150686,78.37567123287671,21.525397260273973,21.991479452054797,10.530000000000001,2.3134520547945203,93.71413698630138,139.13,1316.4,5.843333333333334,33.64666666666667,0
67000040,臺南市,柳營區,2019,4.362369589041095,79.58065753424655,21.690246575342467,21.9592602739726,7.059999999999999,2.3109315068493155,93.7374794520548,31.31000000000005,1268.7499999999998,10.409999999999998,32.14,0
67000040,臺南市,柳營區,2020,4.662927595628416,77.23071038251366,21.749562841530054,22.122786885245905,9.139999999999997,2.2730327868852465,93.81311475409835,96.83999999999997,1359.3799999999997,4.3533333333333335,32.47666666666667,0
67000040,臺南市,柳營區,2021,4.698947123287672,75.23772602739727,21.743835616438357,22.240630136986304,12.530000000000001,2.4081369863013697,93.75794520547946,160.08000000000013,1417.0799999999997,7.026666666666666,33.94,0
67000040,臺南市,柳營區,2022,4.496051506849315,75.3934794520548,22.067123287671233,22.539397260273976,9.430000000000003,2.3230684931506844,93.72123287671234,137.61,1512.6099999999997,6.906666666666666,33.99,0
67000040,臺南市,柳營區,2023,4.528795890410959,73.0497808219178,22.43994520547945,23.13621917808219,10.149999999999999,2.4242739726027396,93.76715068493151,48.98000000000006,1560.0599999999995,7.863333333333334,34.82333333333333,0
67000040,臺南市,柳營區,2024,4.427984426229509,75.73502732240438,22.349617486338797,22.840054644808742,10.740000000000002,2.4553825136612017,93.7579781420765,111.9100000000001,1594.0699999999997,7.55,34.48,0
67000040,臺南市,柳營區,2025,4.4936709580838325,78.86197260273971,21.503123287671233,21.697013698630137,10.3,2.2614246575342465,93.74682191780823,183.51000000000002,1352.6499999999999,7.283333333333332,31.80666666666666,0
67000050,臺南市,後壁區,2013,4.261101095890411,77.53293150684931,21.000986301369863,21.325150684931508,9.570000000000002,2.316712328767123,93.72117808219177,183.52000000000004,1169.3799999999997,6.98,31.296666666666663,0
67000050,臺南市,後壁區,2014,4.360468219178083,76.447698630137,21.0273698630137,21.520246575342465,11.790000000000001,2.340027397260274,93.76134246575343,275.52000000000004,1271.0099999999998,5.556666666666666,32.53333333333334,0
67000050,臺南市,後壁區,2015,4.492699452054795,78.2701095890411,21.28994520547945,21.65750684931507,10.040000000000001,2.479534246575342,93.80906849315068,166.76000000000005,1258.0899999999997,7.153333333333333,32.79,0
67000050,臺南市,後壁區,2016,4.239616120218579,83.50745901639343,20.995409836065576,20.97366120218579,10.809999999999999,2.3818032786885244,93.75715846994537,272.2600000000001,1258.78,2.9800000000000004,31.34,31
67000050,臺南市,後壁區,2017,4.48226191780822,78.82317808219177,21.503479452054794,21.808383561643833,7.859999999999999,2.201917808219178,93.78306849315071,114.07000000000015,1283.3399999999997,8.563333333333333,31.840000000000003,0
67000050,臺南市,後壁區,2018,4.518268493150686,78.37567123287671,21.525397260273973,21.991479452054797,10.530000000000001,2.3134520547945203,93.71413698630138,139.13,1316.4,5.843333333333334,33.64666666666667,0
67000050,臺南市,後壁區,2019,4.362369589041095,79.58065753424655,21.690246575342467,21.9592602739726,7.059999999999999,2.3109315068493155,93.7374794520548,31.31000000000005,1268.7499999999998,10.409999999999998,32.14,0
67000050,臺南市,後壁區,2020,4.662927595628416,77.23071038251366,21.749562841530054,22.122786885245905,9.139999999999997,2.2730327868852465,93.81311475409835,96.83999999999997,1359.3799999999997,4.3533333333333335,32.47666666666667,0
67000050,臺南市,後壁區,2021,4.698947123287672,75.23772602739727,21.743835616438357,22.240630136986304,12.530000000000001,2.4081369863013697,93.75794520547946,160.08000000000013,1417.0799999999997,7.026666666666666,33.94,0
67000050,臺南市,後壁區,2022,4.496051506849315,75.3934794520548,22.067123287671233,22.539397260273976,9.430000000000003,2.3230684931506844,93.72123287671234,137.61,1512.6099999999997,6.906666666666666,33.99,0
67000050,臺南市,後壁區,2023,4.528795890410959,73.0497808219178,22.43994520547945,23.13621917808219,10.149999999999999,2.4242739726027396,93.76715068493151,48.98000000000006,1560.0599999999995,7.863333333333334,34.82333333333333,0
67000050,臺南市,後壁區,2024,4.427984426229509,75.73502732240438,22.349617486338797,22.840054644808742,10.740000000000002,2.4553825136612017,93.7579781420765,111.9100000000001,1594.0699999999997,7.55,34.48,0
67000050,臺南市,後壁區,2025,4.4936709580838325,78.86197260273971,21.503123287671233,21.697013698630137,10.3,2.2614246575342465,93.74682191780823,183.51000000000002,1352.6499999999999,7.283333333333332,31.80666666666666,0
67000060,臺南市,東山區,2013,4.261101095890411,77.53293150684931,21.000986301369863,21.325150684931508,9.570000000000002,2.316712328767123,93.72117808219177,183.52000000000004,1169.3799999999997,6.98,31.296666666666663,0
67000060,臺南市,東山區,2014,4.360468219178083,76.447698630137,21.0273698630137,21.520246575342465,11.790000000000001,2.340027397260274,93.76134246575343,275.52000000000004,1271.0099999999998,5.556666666666666,32.53333333333334,0
67000060,臺南市,東山區,2015,4.492699452054795,78.2701095890411,21.28994520547945,21.65750684931507,10.040000000000001,2.479534246575342,93.80906849315068,166.76000000000005,1258.0899999999997,7.153333333333333,32.79,0
67000060,臺南市,東山區,2016,4.239616120218579,83.50745901639343,20.995409836065576,20.97366120218579,10.809999999999999,2.3818032786885244,93.75715846994537,272.2600000000001,1258.78,2.9800000000000004,31.34,31
67000060,臺南市,東山區,2017,4.48226191780822,78.82317808219177,21.503479452054794,21.808383561643833,7.859999999999999,2.201917808219178,93.78306849315071,114.07000000000015,1283.3399999999997,8.563333333333333,31.840000000000003,0
67000060,臺南市,東山區,2018,4.518268493150686,78.37567123287671,21.525397260273973,21.991479452054797,10.530000000000001,2.3134520547945203,93.71413698630138,139.13,1316.4,5.843333333333334,33.64666666666667,0
67000060,臺南市,東山區,2019,4.362369589041095,79.58065753424655,21.690246575342467,21.9592602739726,7.059999999999999,2.3109315068493155,93.7374794520548,31.31000000000005,1268.7499999999998,10.409999999999998,32.14,0
67000060,臺南市,東山區,2020,4.662927595628416,77.23071038251366,21.749562841530054,22.122786885245905,9.139999999999997,2.2730327868852465,93.81311475409835,96.83999999999997,1359.3799999999997,4.3533333333333335,32.47666666666667,0
67000060,臺南市,東山區,2021,4.698947123287672,75.23772602739727,21.743835616438357,22.240630136986304,12.530000000000001,2.4081369863013697,93.75794520547946,160.08000000000013,1417.0799999999997,7.026666666666666,33.94,0
67000060,臺南市,東山區,2022,4.496051506849315,75.3934794520548,22.067123287671233,22.539397260273976,9.430000000000003,2.3230684931506844,93.72123287671234,137.61,1512.6099999999997,6.906666666666666,33.99,0
67000060,臺南市,東山區,2023,4.528795890410959,73.0497808219178,22.43994520547945,23.13621917808219,10.149999999999999,2.4242739726027396,93.76715068493151,48.98000000000006,1560.0599999999995,7.863333333333334,34.82333333333333,0
67000060,臺南市,東山區,2024,4.427984426229509,75.73502732240438,22.349617486338797,22.840054644808742,10.740000000000002,2.4553825136612017,93.7579781420765,111.9100000000001,1594.0699999999997,7.55,34.48,0
67000060,臺南市,東山區,2025,4.4936709580838325,78.86197260273971,21.503123287671233,21.697013698630137,10.3,2.2614246575342465,93.74682191780823,183.51000000000002,1352.6499999999999,7.283333333333332,31.80666666666666,0
67000070,臺南市,麻豆區,2013,4.261101095890411,79.81465753424658,24.738986301369863,25.721972602739726,7.380000000000003,4.869863013698629,101.23309589041097,0.0,2350.23,15.613333333333332,31.223333333333333,0
67000070,臺南市,麻豆區,2014,4.360468219178083,79.12695890410959,24.831041095890416,25.857068493150685,8.0,4.575534246575343,101.25967123287671,0.0,2383.8299999999995,14.94,32.303333333333335,0
67000070,臺南市,麻豆區,2015,4.492699452054795,80.78572602739727,25.0814794520548,25.94071232876712,8.209999999999997,4.802164383561644,101.29717808219178,0.0,2475.24,15.776666666666666,31.64333333333333,0
67000070,臺南市,麻豆區,2016,4.239616120218579,83.13628415300546,25.10661202185792,26.00822404371585,7.98,4.868360655737705,101.23819672131148,0.0,2491.22,13.233333333333334,31.506666666666664,0
67000070,臺南市,麻豆區,2017,4.48226191780822,80.65219178082192,25.25468493150685,26.20317808219178,7.350000000000001,4.609260273972603,101.27789041095892,0.0,2538.4599999999996,16.563333333333333,31.736666666666668,0
67000070,臺南市,麻豆區,2018,4.518268493150686,80.09139726027398,25.124356164383563,26.146219178082195,7.620000000000001,4.734164383561644,101.19764383561642,0.0,2490.89,14.700000000000001,32.089999999999996,0
67000070,臺南市,麻豆區,2019,4.362369589041095,81.41301369863015,25.504219178082195,26.39917808219178,6.399999999999999,4.703589041095891,101.20265753424655,0.0,2629.54,18.353333333333335,31.593333333333337,0
67000070,臺南市,麻豆區,2020,4.662927595628416,79.5060655737705,25.594972677595624,26.549043715846995,8.100000000000001,4.823114754098361,101.29510928961749,0.0,2669.9600000000005,14.773333333333333,32.12,0
67000070,臺南市,麻豆區,2021,4.698947123287672,79.27361643835617,25.36958904109589,26.371287671232878,8.11,4.761123287671233,101.23961643835617,0.0,2580.4,15.926666666666668,32.13,0
67000070,臺南市,麻豆區,2022,4.496051506849315,79.4843287671233,25.513205479452058,26.541424657534243,7.920000000000002,5.056246575342466,101.20350684931506,0.0,2632.8199999999997,15.756666666666666,32.39333333333334,0
67000070,臺南市,麻豆區,2023,4.528795890410959,79.30293150684932,25.589561643835623,26.504109589041096,8.059999999999999,4.869205479452055,101.2369589041096,0.0,2660.6899999999996,15.386666666666668,32.89666666666667,0
67000070,臺南市,麻豆區,2024,4.427984426229509,80.19877049180327,25.876038251366122,26.792404371584695,8.209999999999997,4.864043715846996,101.22609289617486,0.0,2772.83,15.579999999999998,33.38333333333333,0
67000070,臺南市,麻豆區,2025,4.4936709580838325,81.15838356164384,25.200986301369866,26.155205479452054,8.189999999999998,4.752904109589041,101.2353698630137,0.0,2518.8599999999997,15.483333333333334,31.713333333333328,0
67000080,臺南市,下營區,2013,4.261101095890411,79.81465753424658,24.738986301369863,25.721972602739726,7.380000000000003,4.869863013698629,101.23309589041097,0.0,2350.23,15.613333333333332,31.223333333333333,0
67000080,臺南市,下營區,2014,4.360468219178083,79.12695890410959,24.831041095890416,25.857068493150685,8.0,4.575534246575343,101.25967123287671,0.0,2383.8299999999995,14.94,32.303333333333335,0
67000080,臺南市,下營區,2015,4.492699452054795,80.78572602739727,25.0814794520548,25.94071232876712,8.209999999999997,4.802164383561644,101.29717808219178,0.0,2475.24,15.776666666666666,31.64333333333333,0
67000080,臺南市,下營區,2016,4.239616120218579,83.13628415300546,25.10661202185792,26.00822404371585,7.98,4.868360655737705,101.23819672131148,0.0,2491.22,13.233333333333334,31.506666666666664,0
67000080,臺南市,下營區,2017,4.48226191780822,80.65219178082192,25.25468493150685,26.20317808219178,7.350000000000001,4.609260273972603,101.27789041095892,0.0,2538.4599999999996,16.563333333333333,31.736666666666668,0
67000080,臺南市,下營區,2018,4.518268493150686,80.09139726027398,25.124356164383563,26.146219178082195,7.620000000000001,4.734164383561644,101.19764383561642,0.0,2490.89,14.700000000000001,32.089999999999996,0
67000080,臺南市,下營區,2019,4.362369589041095,81.41301369863015,25.504219178082195,26.39917808219178,6.399999999999999,4.703589041095891,101.20265753424655,0.0,2629.54,18.353333333333335,31.593333333333337,0
67000080,臺南市,下營區,2020,4.662927595628416,79.5060655737705,25.594972677595624,26.549043715846995,8.100000000000001,4.823114754098361,101.29510928961749,0.0,2669.9600000000005,14.773333333333333,32.12,0
67000080,臺南市,下營區,2021,4.698947123287672,79.27361643835617,25.36958904109589,26.371287671232878,8.11,4.761123287671233,101.23961643835617,0.0,2580.4,15.926666666666668,32.13,0
67000080,臺南市,下營區,2022,4.496051506849315,79.4843287671233,25.513205479452058,26.541424657534243,7.920000000000002,5.056246575342466,101.20350684931506,0.0,2632.8199999999997,15.756666666666666,32.39333333333334,0
67000080,臺南市,下營區,2023,4.528795890410959,79.30293150684932,25.589561643835623,26.504109589041096,8.059999999999999,4.869205479452055,101.2369589041096,0.0,2660.6899999999996,15.386666666666668,32.89666666666667,0
67000080,臺南市,下營區,2024,4.427984426229509,80.19877049180327,25.876038251366122,26.792404371584695,8.209999999999997,4.864043715846996,101.22609289617486,0.0,2772.83,15.579999999999998,33.38333333333333,0
67000080,臺南市,下營區,2025,4.4936709580838325,81.15838356164384,25.200986301369866,26.155205479452054,8.189999999999998,4.752904109589041,101.2353698630137,0.0,2518.8599999999997,15.483333333333334,31.713333333333328,0
67000090,臺南市,六甲區,2013,4.261101095890411,77.00191780821918,22.44906849315069,23.386246575342465,8.11,2.234,95.45865753424657,58.59000000000013,1572.9999999999998,9.229999999999999,31.993333333333336,0
67000090,臺南市,六甲區,2014,4.360468219178083,75.62843835616438,22.51624657534246,23.707917808219182,10.86,2.182109589041096,95.4964109589041,95.25000000000011,1634.18,8.963333333333333,33.013333333333335,0
67000090,臺南市,六甲區,2015,4.492699452054795,77.61441095890412,22.770246575342465,23.83309589041096,9.139999999999997,2.327561643835616,95.54660273972601,48.050000000000026,1679.69,9.666666666666666,33.67666666666667,0
67000090,臺南市,六甲區,2016,4.239616120218579,82.81467213114753,22.409945355191258,22.91571038251366,9.079999999999998,2.3801092896174865,95.49289617486339,71.8900000000001,1576.1299999999994,6.033333333333334,31.543333333333337,0
67000090,臺南市,六甲區,2017,4.48226191780822,78.63378082191781,22.83846575342466,23.69312328767123,7.109999999999999,2.0507397260273974,95.52219178082191,1.1199999999999761,1657.66,10.85,32.526666666666664,0
67000090,臺南市,六甲區,2018,4.518268493150686,77.36331506849314,23.012630136986303,24.178849315068494,10.670000000000002,2.1617260273972607,95.44745205479452,19.480000000000054,1739.5899999999997,8.656666666666666,35.153333333333336,0
67000090,臺南市,六甲區,2019,4.362369589041095,78.9982191780822,23.140383561643834,24.032438356164384,6.010000000000002,2.063260273972603,95.47161643835616,0.0,1766.7399999999996,12.94,32.1,0
67000090,臺南市,六甲區,2020,4.662927595628416,77.05483606557378,23.16486338797814,24.187377049180327,8.240000000000002,2.1056830601092895,95.5472950819672,0.0,1780.5399999999995,8.606666666666667,33.38666666666666,0
67000090,臺南市,六甲區,2021,4.698947123287672,74.73199999999999,23.244383561643833,24.45424657534247,12.280000000000001,2.2199178082191784,95.48873972602739,46.810000000000045,1851.5099999999998,10.073333333333332,35.449999999999996,0
67000090,臺南市,六甲區,2022,4.496051506849315,75.0147123287671,23.50958904109589,24.672931506849313,8.440000000000001,2.0816986301369864,95.45216438356162,0.0,1901.5,10.406666666666666,34.15,0
67000090,臺南市,六甲區,2023,4.528795890410959,73.25139726027396,23.845835616438354,25.25860273972603,9.25,2.2580821917808223,95.49610958904108,0.0,2024.23,10.783333333333333,36.083333333333336,0
67000090,臺南市,六甲區,2024,4.427984426229509,75.48464480874316,23.785409836065572,24.903087431693987,9.96,2.2965846994535526,95.48797814207651,0.0,2007.6599999999996,10.583333333333334,35.18666666666667,0
67000090,臺南市,六甲區,2025,4.4936709580838325,78.26090410958903,22.987671232876714,23.806958904109592,10.219999999999999,2.163534246575342,95.47753424657535,55.600000000000065,1766.6,10.01,33.516666666666666,0
67000100,臺南市,官田區,2013,4.261101095890411,77.00191780821918,22.44906849315069,23.386246575342465,8.11,2.234,95.45865753424657,58.59000000000013,1572.9999999999998,9.229999999999999,31.993333333333336,0
67000100,臺南市,官田區,2014,4.360468219178083,75.62843835616438,22.51624657534246,23.707917808219182,10.86,2.182109589041096,95.4964109589041,95.25000000000011,1634.18,8.963333333333333,33.013333333333335,0
67000100,臺南市,官田區,2015,4.492699452054795,77.61441095890412,22.770246575342465,23.83309589041096,9.139999999999997,2.327561643835616,95.54660273972601,48.050000000000026,1679.69,9.666666666666666,33.67666666666667,0
67000100,臺南市,官田區,2016,4.239616120218579,82.81467213114753,22.409945355191258,22.91571038251366,9.079999999999998,2.3801092896174865,95.49289617486339,71.8900000000001,1576.1299999999994,6.033333333333334,31.543333333333337,0
67000100,臺南市,官田區,2017,4.48226191780822,78.63378082191781,22.83846575342466,23.69312328767123,7.109999999999999,2.0507397260273974,95.52219178082191,1.1199999999999761,1657.66,10.85,32.526666666666664,0
67000100,臺南市,官田區,2018,4.518268493150686,77.36331506849314,23.012630136986303,24.178849315068494,10.670000000000002,2.1617260273972607,95.44745205479452,19.480000000000054,1739.5899999999997,8.656666666666666,35.153333333333336,0
67000100,臺南市,官田區,2019,4.362369589041095,78.9982191780822,23.140383561643834,24.032438356164384,6.010000000000002,2.063260273972603,95.47161643835616,0.0,1766.7399999999996,12.94,32.1,0
67000100,臺南市,官田區,2020,4.662927595628416,77.05483606557378,23.16486338797814,24.187377049180327,8.240000000000002,2.1056830601092895,95.5472950819672,0.0,1780.5399999999995,8.606666666666667,33.38666666666666,0
67000100,臺南市,官田區,2021,4.698947123287672,74.73199999999999,23.244383561643833,24.45424657534247,12.280000000000001,2.2199178082191784,95.48873972602739,46.810000000000045,1851.5099999999998,10.073333333333332,35.449999999999996,0
67000100,臺南市,官田區,2022,4.496051506849315,75.0147123287671,23.50958904109589,24.672931506849313,8.440000000000001,2.0816986301369864,95.45216438356162,0.0,1901.5,10.406666666666666,34.15,0
67000100,臺南市,官田區,2023,4.528795890410959,73.25139726027396,23.845835616438354,25.25860273972603,9.25,2.2580821917808223,95.49610958904108,0.0,2024.23,10.783333333333333,36.083333333333336,0
67000100,臺南市,官田區,2024,4.427984426229509,75.48464480874316,23.785409836065572,24.903087431693987,9.96,2.2965846994535526,95.48797814207651,0.0,2007.6599999999996,10.583333333333334,35.18666666666667,0
67000100,臺南市,官田區,2025,4.4936709580838325,78.26090410958903,22.987671232876714,23.806958904109592,10.219999999999999,2.163534246575342,95.47753424657535,55.600000000000065,1766.6,10.01,33.516666666666666,0
67000110,臺南市,大內區,2013,4.261101095890411,77.00191780821918,22.44906849315069,23.386246575342465,8.11,2.234,95.45865753424657,58.59000000000013,1572.9999999999998,9.229999999999999,31.993333333333336,0
67000110,臺南市,大內區,2014,4.360468219178083,75.62843835616438,22.51624657534246,23.707917808219182,10.86,2.182109589041096,95.4964109589041,95.25000000000011,1634.18,8.963333333333333,33.013333333333335,0
67000110,臺南市,大內區,2015,4.492699452054795,77.61441095890412,22.770246575342465,23.83309589041096,9.139999999999997,2.327561643835616,95.54660273972601,48.050000000000026,1679.69,9.666666666666666,33.67666666666667,0
67000110,臺南市,大內區,2016,4.239616120218579,82.81467213114753,22.409945355191258,22.91571038251366,9.079999999999998,2.3801092896174865,95.49289617486339,71.8900000000001,1576.1299999999994,6.033333333333334,31.543333333333337,0
67000110,臺南市,大內區,2017,4.48226191780822,78.63378082191781,22.83846575342466,23.69312328767123,7.109999999999999,2.0507397260273974,95.52219178082191,1.1199999999999761,1657.66,10.85,32.526666666666664,0
67000110,臺南市,大內區,2018,4.518268493150686,77.36331506849314,23.012630136986303,24.178849315068494,10.670000000000002,2.1617260273972607,95.44745205479452,19.480000000000054,1739.5899999999997,8.656666666666666,35.153333333333336,0
67000110,臺南市,大內區,2019,4.362369589041095,78.9982191780822,23.140383561643834,24.032438356164384,6.010000000000002,2.063260273972603,95.47161643835616,0.0,1766.7399999999996,12.94,32.1,0
67000110,臺南市,大內區,2020,4.662927595628416,77.05483606557378,23.16486338797814,24.187377049180327,8.240000000000002,2.1056830601092895,95.5472950819672,0.0,1780.5399999999995,8.606666666666667,33.38666666666666,0
67000110,臺南市,大內區,2021,4.698947123287672,74.73199999999999,23.244383561643833,24.45424657534247,12.280000000000001,2.2199178082191784,95.48873972602739,46.810000000000045,1851.5099999999998,10.073333333333332,35.449999999999996,0
67000110,臺南市,大內區,2022,4.496051506849315,75.0147123287671,23.50958904109589,24.672931506849313,8.440000000000001,2.0816986301369864,95.45216438356162,0.0,1901.5,10.406666666666666,34.15,0
67000110,臺南市,大內區,2023,4.528795890410959,73.25139726027396,23.845835616438354,25.25860273972603,9.25,2.2580821917808223,95.49610958904108,0.0,2024.23,10.783333333333333,36.083333333333336,0
67000110,臺南市,大內區,2024,4.427984426229509,75.48464480874316,23.785409836065572,24.903087431693987,9.96,2.2965846994535526,95.48797814207651,0.0,2007.6599999999996,10.583333333333334,35.18666666666667,0
67000110,臺南市,大內區,2025,4.4936709580838325,78.26090410958903,22.987671232876714,23.806958904109592,10.219999999999999,2.163534246575342,95.47753424657535,55.600000000000065,1766.6,10.01,33.516666666666666,0
67000120,臺南市,佳里區,2013,4.261101095890411,79.81465753424658,24.738986301369863,25.721972602739726,7.380000000000003,4.869863013698629,101.23309589041097,0.0,2350.23,15.613333333333332,31.223333333333333,0
67000120,臺南市,佳里區,2014,4.360468219178083,79.12695890410959,24.831041095890416,25.857068493150685,8.0,4.575534246575343,101.25967123287671,0.0,2383.8299999999995,14.94,32.303333333333335,0
67000120,臺南市,佳里區,2015,4.492699452054795,80.78572602739727,25.0814794520548,25.94071232876712,8.209999999999997,4.802164383561644,101.29717808219178,0.0,2475.24,15.776666666666666,31.64333333333333,0
67000120,臺南市,佳里區,2016,4.239616120218579,83.13628415300546,25.10661202185792,26.00822404371585,7.98,4.868360655737705,101.23819672131148,0.0,2491.22,13.233333333333334,31.506666666666664,0
67000120,臺南市,佳里區,2017,4.48226191780822,80.65219178082192,25.25468493150685,26.20317808219178,7.350000000000001,4.609260273972603,101.27789041095892,0.0,2538.4599999999996,16.563333333333333,31.736666666666668,0
67000120,臺南市,佳里區,2018,4.518268493150686,80.09139726027398,25.124356164383563,26.146219178082195,7.620000000000001,4.734164383561644,101.19764383561642,0.0,2490.89,14.700000000000001,32.089999999999996,0
67000120,臺南市,佳里區,2019,4.362369589041095,81.41301369863015,25.504219178082195,26.39917808219178,6.399999999999999,4.703589041095891,101.20265753424655,0.0,2629.54,18.353333333333335,31.593333333333337,0
67000120,臺南市,佳里區,2020,4.662927595628416,79.5060655737705,25.594972677595624,26.549043715846995,8.100000000000001,4.823114754098361,101.29510928961749,0.0,2669.9600000000005,14.773333333333333,32.12,0
67000120,臺南市,佳里區,2021,4.698947123287672,79.27361643835617,25.36958904109589,26.371287671232878,8.11,4.761123287671233,101.23961643835617,0.0,2580.4,15.926666666666668,32.13,0
67000120,臺南市,佳里區,2022,4.496051506849315,79.4843287671233,25.513205479452058,26.541424657534243,7.920000000000002,5.056246575342466,101.20350684931506,0.0,2632.8199999999997,15.756666666666666,32.39333333333334,0
67000120,臺南市,佳里區,2023,4.528795890410959,79.30293150684932,25.589561643835623,26.504109589041096,8.059999999999999,4.869205479452055,101.2369589041096,0.0,2660.6899999999996,15.386666666666668,32.89666666666667,0
67000120,臺南市,佳里區,2024,4.427984426229509,80.19877049180327,25.876038251366122,26.792404371584695,8.209999999999997,4.864043715846996,101.22609289617486,0.0,2772.83,15.579999999999998,33.38333333333333,0
67000120,臺南市,佳里區,2025,4.4936709580838325,81.15838356164384,25.200986301369866,26.155205479452054,8.189999999999998,4.752904109589041,101.2353698630137,0.0,2518.8599999999997,15.483333333333334,31.713333333333328,0
67000130,臺南市,學甲區,2013,4.261101095890411,81.2994794520548,24.033917808219172,24.79967123287671,9.350000000000001,5.57109589041096,101.27709589041096,10.850000000000044,2103.7299999999996,14.283333333333333,30.903333333333336,0
67000130,臺南市,學甲區,2014,4.360468219178083,80.76208219178082,24.161616438356162,24.9738904109589,9.630000000000003,5.241534246575342,101.2993698630137,1.2399999999999736,2140.7299999999996,14.016666666666666,31.25666666666667,0
67000130,臺南市,學甲區,2015,4.492699452054795,82.07071232876713,24.432438356164383,25.115561643835616,9.059999999999999,5.45172602739726,101.3311780821918,2.170000000000009,2240.5099999999998,14.549999999999999,31.156666666666666,0
67000130,臺南市,學甲區,2016,4.239616120218579,84.54622950819672,24.432213114754095,25.09349726775956,9.620000000000001,5.442732240437159,101.27896174863389,37.39,2281.7799999999997,12.036666666666667,31.186666666666667,0
67000130,臺南市,學甲區,2017,4.48226191780822,81.74147945205479,24.62257534246575,25.38331506849315,8.5,5.366054794520547,101.31775342465754,0.0,2307.74,15.506666666666666,31.036666666666665,0
67000130,臺南市,學甲區,2018,4.518268493150686,81.09517808219178,24.555671232876712,25.393178082191785,8.899999999999999,5.417972602739726,101.23487671232877,10.360000000000028,2293.6799999999994,13.796666666666667,31.36,0
67000130,臺南市,學甲區,2019,4.362369589041095,82.77279452054795,24.86635616438356,25.58578082191781,7.359999999999999,5.494904109589041,101.24008219178081,0.0,2396.7200000000003,17.486666666666668,30.706666666666667,0
67000130,臺南市,學甲區,2020,4.662927595628416,80.67513661202186,24.967759562841533,25.74836065573771,9.080000000000002,5.66139344262295,101.33254098360655,0.0,2440.3999999999996,13.536666666666667,31.69333333333333,0
67000130,臺南市,學甲區,2021,4.698947123287672,80.67778082191779,24.760219178082192,25.593890410958906,9.64,5.473780821917808,101.27624657534248,28.210000000000004,2386.1899999999996,14.633333333333335,32.18666666666667,0
67000130,臺南市,學甲區,2022,4.496051506849315,80.94123287671232,24.779698630136988,25.61975342465753,9.799999999999997,6.0501369863013705,101.2466301369863,4.480000000000004,2369.5699999999997,14.5,32.35,0
67000130,臺南市,學甲區,2023,4.528795890410959,80.32405479452055,24.94479452054794,25.68964383561644,9.969999999999999,5.561095890410959,101.27778082191783,0.0,2425.35,13.953333333333333,32.5,0
67000130,臺南市,學甲區,2024,4.427984426229509,81.18677595628417,25.25625683060109,26.016420765027323,9.36,5.628224043715848,101.26857923497266,0.0,2545.9899999999993,14.446666666666667,32.88,0
67000130,臺南市,學甲區,2025,4.4936709580838325,82.44660273972602,24.53528767123288,25.244684931506846,9.86,5.515945205479452,101.27605479452055,47.80000000000008,2323.6799999999994,14.573333333333332,30.97666666666667,0
67000140,臺南市,西港區,2013,4.261101095890411,79.81465753424658,24.738986301369863,25.721972602739726,7.380000000000003,4.869863013698629,101.23309589041097,0.0,2350.23,15.613333333333332,31.223333333333333,0
67000140,臺南市,西港區,2014,4.360468219178083,79.12695890410959,24.831041095890416,25.857068493150685,8.0,4.575534246575343,101.25967123287671,0.0,2383.8299999999995,14.94,32.303333333333335,0
67000140,臺南市,西港區,2015,4.492699452054795,80.78572602739727,25.0814794520548,25.94071232876712,8.209999999999997,4.802164383561644,101.29717808219178,0.0,2475.24,15.776666666666666,31.64333333333333,0
67000140,臺南市,西港區,2016,4.239616120218579,83.13628415300546,25.10661202185792,26.00822404371585,7.98,4.868360655737705,101.23819672131148,0.0,2491.22,13.233333333333334,31.506666666666664,0
67000140,臺南市,西港區,2017,4.48226191780822,80.65219178082192,25.25468493150685,26.20317808219178,7.350000000000001,4.609260273972603,101.27789041095892,0.0,2538.4599999999996,16.563333333333333,31.736666666666668,0
67000140,臺南市,西港區,2018,4.518268493150686,80.09139726027398,25.124356164383563,26.146219178082195,7.620000000000001,4.734164383561644,101.19764383561642,0.0,2490.89,14.700000000000001,32.089999999999996,0
67000140,臺南市,西港區,2019,4.362369589041095,81.41301369863015,25.504219178082195,26.39917808219178,6.399999999999999,4.703589041095891,101.20265753424655,0.0,2629.54,18.353333333333335,31.593333333333337,0
67000140,臺南市,西港區,2020,4.662927595628416,79.5060655737705,25.594972677595624,26.549043715846995,8.100000000000001,4.823114754098361,101.29510928961749,0.0,2669.9600000000005,14.773333333333333,32.12,0
67000140,臺南市,西港區,2021,4.698947123287672,79.27361643835617,25.36958904109589,26.371287671232878,8.11,4.761123287671233,101.23961643835617,0.0,2580.4,15.926666666666668,32.13,0
67000140,臺南市,西港區,2022,4.496051506849315,79.4843287671233,25.513205479452058,26.541424657534243,7.920000000000002,5.056246575342466,101.20350684931506,0.0,2632.8199999999997,15.756666666666666,32.39333333333334,0
67000140,臺南市,西港區,2023,4.528795890410959,79.30293150684932,25.589561643835623,26.504109589041096,8.059999999999999,4.869205479452055,101.2369589041096,0.0,2660.6899999999996,15.386666666666668,32.89666666666667,0
67000140,臺南市,西港區,2024,4.427984426229509,80.19877049180327,25.876038251366122,26.792404371584695,8.209999999999997,4.864043715846996,101.22609289617486,0.0,2772.83,15.579999999999998,33.38333333333333,0
67000140,臺南市,西港區,2025,4.4936709580838325,81.15838356164384,25.200986301369866,26.155205479452054,8.189999999999998,4.752904109589041,101.2353698630137,0.0,2518.8599999999997,15.483333333333334,31.713333333333328,0
67000150,臺南市,七股區,2013,4.261101095890411,79.81465753424658,24.738986301369863,25.721972602739726,7.380000000000003,4.869863013698629,101.23309589041097,0.0,2350.23,15.613333333333332,31.223333333333333,0
67000150,臺南市,七股區,2014,4.360468219178083,79.12695890410959,24.831041095890416,25.857068493150685,8.0,4.575534246575343,101.25967123287671,0.0,2383.8299999999995,14.94,32.303333333333335,0
67000150,臺南市,七股區,2015,4.492699452054795,80.78572602739727,25.0814794520548,25.94071232876712,8.209999999999997,4.802164383561644,101.29717808219178,0.0,2475.24,15.776666666666666,31.64333333333333,0
67000150,臺南市,七股區,2016,4.239616120218579,83.13628415300546,25.10661202185792,26.00822404371585,7.98,4.868360655737705,101.23819672131148,0.0,2491.22,13.233333333333334,31.506666666666664,0
67000150,臺南市,七股區,2017,4.48226191780822,80.65219178082192,25.25468493150685,26.20317808219178,7.350000000000001,4.609260273972603,101.27789041095892,0.0,2538.4599999999996,16.563333333333333,31.736666666666668,0
67000150,臺南市,七股區,2018,4.518268493150686,80.09139726027398,25.124356164383563,26.146219178082195,7.620000000000001,4.734164383561644,101.19764383561642,0.0,2490.89,14.700000000000001,32.089999999999996,0
67000150,臺南市,七股區,2019,4.362369589041095,81.41301369863015,25.504219178082195,26.39917808219178,6.399999999999999,4.703589041095891,101.20265753424655,0.0,2629.54,18.353333333333335,31.593333333333337,0
67000150,臺南市,七股區,2020,4.662927595628416,79.5060655737705,25.594972677595624,26.549043715846995,8.100000000000001,4.823114754098361,101.29510928961749,0.0,2669.9600000000005,14.773333333333333,32.12,0
67000150,臺南市,七股區,2021,4.698947123287672,79.27361643835617,25.36958904109589,26.371287671232878,8.11,4.761123287671233,101.23961643835617,0.0,2580.4,15.926666666666668,32.13,0
67000150,臺南市,七股區,2022,4.496051506849315,79.4843287671233,25.513205479452058,26.541424657534243,7.920000000000002,5.056246575342466,101.20350684931506,0.0,2632.8199999999997,15.756666666666666,32.39333333333334,0
67000150,臺南市,七股區,2023,4.528795890410959,79.30293150684932,25.589561643835623,26.504109589041096,8.059999999999999,4.869205479452055,101.2369589041096,0.0,2660.6899999999996,15.386666666666668,32.89666666666667,0
67000150,臺南市,七股區,2024,4.427984426229509,80.19877049180327,25.876038251366122,26.792404371584695,8.209999999999997,4.864043715846996,101.22609289617486,0.0,2772.83,15.579999999999998,33.38333333333333,0
67000150,臺南市,七股區,2025,4.4936709580838325,81.15838356164384,25.200986301369866,26.155205479452054,8.189999999999998,4.752904109589041,101.2353698630137,0.0,2518.8599999999997,15.483333333333334,31.713333333333328,0
67000160,臺南市,將軍區,2013,4.261101095890411,79.81465753424658,24.738986301369863,25.721972602739726,7.380000000000003,4.869863013698629,101.23309589041097,0.0,2350.23,15.613333333333332,31.223333333333333,0
67000160,臺南市,將軍區,2014,4.360468219178083,79.12695890410959,24.831041095890416,25.857068493150685,8.0,4.575534246575343,101.25967123287671,0.0,2383.8299999999995,14.94,32.303333333333335,0
67000160,臺南市,將軍區,2015,4.492699452054795,80.78572602739727,25.0814794520548,25.94071232876712,8.209999999999997,4.802164383561644,101.29717808219178,0.0,2475.24,15.776666666666666,31.64333333333333,0
67000160,臺南市,將軍區,2016,4.239616120218579,83.13628415300546,25.10661202185792,26.00822404371585,7.98,4.868360655737705,101.23819672131148,0.0,2491.22,13.233333333333334,31.506666666666664,0
67000160,臺南市,將軍區,2017,4.48226191780822,80.65219178082192,25.25468493150685,26.20317808219178,7.350000000000001,4.609260273972603,101.27789041095892,0.0,2538.4599999999996,16.563333333333333,31.736666666666668,0
67000160,臺南市,將軍區,2018,4.518268493150686,80.09139726027398,25.124356164383563,26.146219178082195,7.620000000000001,4.734164383561644,101.19764383561642,0.0,2490.89,14.700000000000001,32.089999999999996,0
67000160,臺南市,將軍區,2019,4.362369589041095,81.41301369863015,25.504219178082195,26.39917808219178,6.399999999999999,4.703589041095891,101.20265753424655,0.0,2629.54,18.353333333333335,31.593333333333337,0
67000160,臺南市,將軍區,2020,4.662927595628416,79.5060655737705,25.594972677595624,26.549043715846995,8.100000000000001,4.823114754098361,101.29510928961749,0.0,2669.9600000000005,14.773333333333333,32.12,0
67000160,臺南市,將軍區,2021,4.698947123287672,79.27361643835617,25.36958904109589,26.371287671232878,8.11,4.761123287671233,101.23961643835617,0.0,2580.4,15.926666666666668,32.13,0
67000160,臺南市,將軍區,2022,4.496051506849315,79.4843287671233,25.513205479452058,26.541424657534243,7.920000000000002,5.056246575342466,101.20350684931506,0.0,2632.8199999999997,15.756666666666666,32.39333333333334,0
67000160,臺南市,將軍區,2023,4.528795890410959,79.30293150684932,25.589561643835623,26.504109589041096,8.059999999999999,4.869205479452055,101.2369589041096,0.0,2660.6899999999996,15.386666666666668,32.89666666666667,0
67000160,臺南市,將軍區,2024,4.427984426229509,80.19877049180327,25.876038251366122,26.792404371584695,8.209999999999997,4.864043715846996,101.22609289617486,0.0,2772.83,15.579999999999998,33.38333333333333,0
67000160,臺南市,將軍區,2025,4.4936709580838325,81.15838356164384,25.200986301369866,26.155205479452054,8.189999999999998,4.752904109589041,101.2353698630137,0.0,2518.8599999999997,15.483333333333334,31.713333333333328,0
67000170,臺南市,北門區,2013,4.261101095890411,81.2994794520548,24.033917808219172,24.79967123287671,9.350000000000001,5.57109589041096,101.27709589041096,10.850000000000044,2103.7299999999996,14.283333333333333,30.903333333333336,0
67000170,臺南市,北門區,2014,4.360468219178083,80.76208219178082,24.161616438356162,24.9738904109589,9.630000000000003,5.241534246575342,101.2993698630137,1.2399999999999736,2140.7299999999996,14.016666666666666,31.25666666666667,0
67000170,臺南市,北門區,2015,4.492699452054795,82.07071232876713,24.432438356164383,25.115561643835616,9.059999999999999,5.45172602739726,101.3311780821918,2.170000000000009,2240.5099999999998,14.549999999999999,31.156666666666666,0
67000170,臺南市,北門區,2016,4.239616120218579,84.54622950819672,24.432213114754095,25.09349726775956,9.620000000000001,5.442732240437159,101.27896174863389,37.39,2281.7799999999997,12.036666666666667,31.186666666666667,0
67000170,臺南市,北門區,2017,4.48226191780822,81.74147945205479,24.62257534246575,25.38331506849315,8.5,5.366054794520547,101.31775342465754,0.0,2307.74,15.506666666666666,31.036666666666665,0
67000170,臺南市,北門區,2018,4.518268493150686,81.09517808219178,24.555671232876712,25.393178082191785,8.899999999999999,5.417972602739726,101.23487671232877,10.360000000000028,2293.6799999999994,13.796666666666667,31.36,0
67000170,臺南市,北門區,2019,4.362369589041095,82.77279452054795,24.86635616438356,25.58578082191781,7.359999999999999,5.494904109589041,101.24008219178081,0.0,2396.7200000000003,17.486666666666668,30.706666666666667,0
67000170,臺南市,北門區,2020,4.662927595628416,80.67513661202186,24.967759562841533,25.74836065573771,9.080000000000002,5.66139344262295,101.33254098360655,0.0,2440.3999999999996,13.536666666666667,31.69333333333333,0
67000170,臺南市,北門區,2021,4.698947123287672,80.67778082191779,24.760219178082192,25.593890410958906,9.64,5.473780821917808,101.27624657534248,28.210000000000004,2386.1899999999996,14.633333333333335,32.18666666666667,0
67000170,臺南市,北門區,2022,4.496051506849315,80.94123287671232,24.779698630136988,25.61975342465753,9.799999999999997,6.0501369863013705,101.2466301369863,4.480000000000004,2369.5699999999997,14.5,32.35,0
67000170,臺南市,北門區,2023,4.528795890410959,80.32405479452055,24.94479452054794,25.68964383561644,9.969999999999999,5.561095890410959,101.27778082191783,0.0,2425.35,13.953333333333333,32.5,0
67000170,臺南市,北門區,2024,4.427984426229509,81.18677595628417,25.25625683060109,26.016420765027323,9.36,5.628224043715848,101.26857923497266,0.0,2545.9899999999993,14.446666666666667,32.88,0
67000170,臺南市,北門區,2025,4.4936709580838325,82.44660273972602,24.53528767123288,25.244684931506846,9.86,5.515945205479452,101.27605479452055,47.80000000000008,2323.6799999999994,14.573333333333332,30.97666666666667,0
67000180,臺南市,新化區,2013,4.261101095890411,77.00191780821918,22.44906849315069,23.386246575342465,8.11,2.234,95.45865753424657,58.59000000000013,1572.9999999999998,9.229999999999999,31.993333333333336,0
67000180,臺南市,新化區,2014,4.360468219178083,75.62843835616438,22.51624657534246,23.707917808219182,10.86,2.182109589041096,95.4964109589041,95.25000000000011,1634.18,8.963333333333333,33.013333333333335,0
67000180,臺南市,新化區,2015,4.492699452054795,77.61441095890412,22.770246575342465,23.83309589041096,9.139999999999997,2.327561643835616,95.54660273972601,48.050000000000026,1679.69,9.666666666666666,33.67666666666667,0
67000180,臺南市,新化區,2016,4.239616120218579,82.81467213114753,22.409945355191258,22.91571038251366,9.079999999999998,2.3801092896174865,95.49289617486339,71.8900000000001,1576.1299999999994,6.033333333333334,31.543333333333337,0
67000180,臺南市,新化區,2017,4.48226191780822,78.63378082191781,22.83846575342466,23.69312328767123,7.109999999999999,2.0507397260273974,95.52219178082191,1.1199999999999761,1657.66,10.85,32.526666666666664,0
67000180,臺南市,新化區,2018,4.518268493150686,77.36331506849314,23.012630136986303,24.178849315068494,10.670000000000002,2.1617260273972607,95.44745205479452,19.480000000000054,1739.5899999999997,8.656666666666666,35.153333333333336,0
67000180,臺南市,新化區,2019,4.362369589041095,78.9982191780822,23.140383561643834,24.032438356164384,6.010000000000002,2.063260273972603,95.47161643835616,0.0,1766.7399999999996,12.94,32.1,0
67000180,臺南市,新化區,2020,4.662927595628416,77.05483606557378,23.16486338797814,24.187377049180327,8.240000000000002,2.1056830601092895,95.5472950819672,0.0,1780.5399999999995,8.606666666666667,33.38666666666666,0
67000180,臺南市,新化區,2021,4.698947123287672,74.73199999999999,23.244383561643833,24.45424657534247,12.280000000000001,2.2199178082191784,95.48873972602739,46.810000000000045,1851.5099999999998,10.073333333333332,35.449999999999996,0
67000180,臺南市,新化區,2022,4.496051506849315,75.0147123287671,23.50958904109589,24.672931506849313,8.440000000000001,2.0816986301369864,95.45216438356162,0.0,1901.5,10.406666666666666,34.15,0
67000180,臺南市,新化區,2023,4.528795890410959,73.25139726027396,23.845835616438354,25.25860273972603,9.25,2.2580821917808223,95.49610958904108,0.0,2024.23,10.783333333333333,36.083333333333336,0
67000180,臺南市,新化區,2024,4.427984426229509,75.48464480874316,23.785409836065572,24.903087431693987,9.96,2.2965846994535526,95.48797814207651,0.0,2007.6599999999996,10.583333333333334,35.18666666666667,0
67000180,臺南市,新化區,2025,4.4936709580838325,78.26090410958903,22.987671232876714,23.806958904109592,10.219999999999999,2.163534246575342,95.47753424657535,55.600000000000065,1766.6,10.01,33.516666666666666,0
67000190,臺南市,善化區,2013,4.261101095890411,79.81465753424658,24.738986301369863,25.721972602739726,7.380000000000003,4.869863013698629,101.23309589041097,0.0,2350.23,15.613333333333332,31.223333333333333,0
67000190,臺南市,善化區,2014,4.360468219178083,79.12695890410959,24.831041095890416,25.857068493150685,8.0,4.575534246575343,101.25967123287671,0.0,2383.8299999999995,14.94,32.303333333333335,0
67000190,臺南市,善化區,2015,4.492699452054795,80.78572602739727,25.0814794520548,25.94071232876712,8.209999999999997,4.802164383561644,101.29717808219178,0.0,2475.24,15.776666666666666,31.64333333333333,0
67000190,臺南市,善化區,2016,4.239616120218579,83.13628415300546,25.10661202185792,26.00822404371585,7.98,4.868360655737705,101.23819672131148,0.0,2491.22,13.233333333333334,31.506666666666664,0
67000190,臺南市,善化區,2017,4.48226191780822,80.65219178082192,25.25468493150685,26.20317808219178,7.350000000000001,4.609260273972603,101.27789041095892,0.0,2538.4599999999996,16.563333333333333,31.736666666666668,0
67000190,臺南市,善化區,2018,4.518268493150686,80.09139726027398,25.124356164383563,26.146219178082195,7.620000000000001,4.734164383561644,101.19764383561642,0.0,2490.89,14.700000000000001,32.089999999999996,0
67000190,臺南市,善化區,2019,4.362369589041095,81.41301369863015,25.504219178082195,26.39917808219178,6.399999999999999,4.703589041095891,101.20265753424655,0.0,2629.54,18.353333333333335,31.593333333333337,0
67000190,臺南市,善化區,2020,4.662927595628416,79.5060655737705,25.594972677595624,26.549043715846995,8.100000000000001,4.823114754098361,101.29510928961749,0.0,2669.9600000000005,14.773333333333333,32.12,0
67000190,臺南市,善化區,2021,4.698947123287672,79.27361643835617,25.36958904109589,26.371287671232878,8.11,4.761123287671233,101.23961643835617,0.0,2580.4,15.926666666666668,32.13,0
67000190,臺南市,善化區,2022,4.496051506849315,79.4843287671233,25.513205479452058,26.541424657534243,7.920000000000002,5.056246575342466,101.20350684931506,0.0,2632.8199999999997,15.756666666666666,32.39333333333334,0
67000190,臺南市,善化區,2023,4.528795890410959,79.30293150684932,25.589561643835623,26.504109589041096,8.059999999999999,4.869205479452055,101.2369589041096,0.0,2660.6899999999996,15.386666666666668,32.89666666666667,0
67000190,臺南市,善化區,2024,4.427984426229509,80.19877049180327,25.876038251366122,26.792404371584695,8.209999999999997,4.864043715846996,101.22609289617486,0.0,2772.83,15.579999999999998,33.38333333333333,0
67000190,臺南市,善化區,2025,4.4936709580838325,81.15838356164384,25.200986301369866,26.155205479452054,8.189999999999998,4.752904109589041,101.2353698630137,0.0,2518.8599999999997,15.483333333333334,31.713333333333328,0
67000200,臺南市,新市區,2013,4.261101095890411,79.81465753424658,24.738986301369863,25.721972602739726,7.380000000000003,4.869863013698629,101.23309589041097,0.0,2350.23,15.613333333333332,31.223333333333333,0
67000200,臺南市,新市區,2014,4.360468219178083,79.12695890410959,24.831041095890416,25.857068493150685,8.0,4.575534246575343,101.25967123287671,0.0,2383.8299999999995,14.94,32.303333333333335,0
67000200,臺南市,新市區,2015,4.492699452054795,80.78572602739727,25.0814794520548,25.94071232876712,8.209999999999997,4.802164383561644,101.29717808219178,0.0,2475.24,15.776666666666666,31.64333333333333,0
67000200,臺南市,新市區,2016,4.239616120218579,83.13628415300546,25.10661202185792,26.00822404371585,7.98,4.868360655737705,101.23819672131148,0.0,2491.22,13.233333333333334,31.506666666666664,0
67000200,臺南市,新市區,2017,4.48226191780822,80.65219178082192,25.25468493150685,26.20317808219178,7.350000000000001,4.609260273972603,101.27789041095892,0.0,2538.4599999999996,16.563333333333333,31.736666666666668,0
67000200,臺南市,新市區,2018,4.518268493150686,80.09139726027398,25.124356164383563,26.146219178082195,7.620000000000001,4.734164383561644,101.19764383561642,0.0,2490.89,14.700000000000001,32.089999999999996,0
67000200,臺南市,新市區,2019,4.362369589041095,81.41301369863015,25.504219178082195,26.39917808219178,6.399999999999999,4.703589041095891,101.20265753424655,0.0,2629.54,18.353333333333335,31.593333333333337,0
67000200,臺南市,新市區,2020,4.662927595628416,79.5060655737705,25.594972677595624,26.549043715846995,8.100000000000001,4.823114754098361,101.29510928961749,0.0,2669.9600000000005,14.773333333333333,32.12,0
67000200,臺南市,新市區,2021,4.698947123287672,79.27361643835617,25.36958904109589,26.371287671232878,8.11,4.761123287671233,101.23961643835617,0.0,2580.4,15.926666666666668,32.13,0
67000200,臺南市,新市區,2022,4.496051506849315,79.4843287671233,25.513205479452058,26.541424657534243,7.920000000000002,5.056246575342466,101.20350684931506,0.0,2632.8199999999997,15.756666666666666,32.39333333333334,0
67000200,臺南市,新市區,2023,4.528795890410959,79.30293150684932,25.589561643835623,26.504109589041096,8.059999999999999,4.869205479452055,101.2369589041096,0.0,2660.6899999999996,15.386666666666668,32.89666666666667,0
67000200,臺南市,新市區,2024,4.427984426229509,80.19877049180327,25.876038251366122,26.792404371584695,8.209999999999997,4.864043715846996,101.22609289617486,0.0,2772.83,15.579999999999998,33.38333333333333,0
67000200,臺南市,新市區,2025,4.4936709580838325,81.15838356164384,25.200986301369866,26.155205479452054,8.189999999999998,4.752904109589041,101.2353698630137,0.0,2518.8599999999997,15.483333333333334,31.713333333333328,0
67000210,臺南市,安定區,2013,4.261101095890411,79.81465753424658,24.738986301369863,25.721972602739726,7.380000000000003,4.869863013698629,101.23309589041097,0.0,2350.23,15.613333333333332,31.223333333333333,0
67000210,臺南市,安定區,2014,4.360468219178083,79.12695890410959,24.831041095890416,25.857068493150685,8.0,4.575534246575343,101.25967123287671,0.0,2383.8299999999995,14.94,32.303333333333335,0
67000210,臺南市,安定區,2015,4.492699452054795,80.78572602739727,25.0814794520548,25.94071232876712,8.209999999999997,4.802164383561644,101.29717808219178,0.0,2475.24,15.776666666666666,31.64333333333333,0
67000210,臺南市,安定區,2016,4.239616120218579,83.13628415300546,25.10661202185792,26.00822404371585,7.98,4.868360655737705,101.23819672131148,0.0,2491.22,13.233333333333334,31.506666666666664,0
67000210,臺南市,安定區,2017,4.48226191780822,80.65219178082192,25.25468493150685,26.20317808219178,7.350000000000001,4.609260273972603,101.27789041095892,0.0,2538.4599999999996,16.563333333333333,31.736666666666668,0
67000210,臺南市,安定區,2018,4.518268493150686,80.09139726027398,25.124356164383563,26.146219178082195,7.620000000000001,4.734164383561644,101.19764383561642,0.0,2490.89,14.700000000000001,32.089999999999996,0
67000210,臺南市,安定區,2019,4.362369589041095,81.41301369863015,25.504219178082195,26.39917808219178,6.399999999999999,4.703589041095891,101.20265753424655,0.0,2629.54,18.353333333333335,31.593333333333337,0
67000210,臺南市,安定區,2020,4.662927595628416,79.5060655737705,25.594972677595624,26.549043715846995,8.100000000000001,4.823114754098361,101.29510928961749,0.0,2669.9600000000005,14.773333333333333,32.12,0
67000210,臺南市,安定區,2021,4.698947123287672,79.27361643835617,25.36958904109589,26.371287671232878,8.11,4.761123287671233,101.23961643835617,0.0,2580.4,15.926666666666668,32.13,0
67000210,臺南市,安定區,2022,4.496051506849315,79.4843287671233,25.513205479452058,26.541424657534243,7.920000000000002,5.056246575342466,101.20350684931506,0.0,2632.8199999999997,15.756666666666666,32.39333333333334,0
67000210,臺南市,安定區,2023,4.528795890410959,79.30293150684932,25.589561643835623,26.504109589041096,8.059999999999999,4.869205479452055,101.2369589041096,0.0,2660.6899999999996,15.386666666666668,32.89666666666667,0
67000210,臺南市,安定區,2024,4.427984426229509,80.19877049180327,25.876038251366122,26.792404371584695,8.209999999999997,4.864043715846996,101.22609289617486,0.0,2772.83,15.579999999999998,33.38333333333333,0
67000210,臺南市,安定區,2025,4.4936709580838325,81.15838356164384,25.200986301369866,26.155205479452054,8.189999999999998,4.752904109589041,101.2353698630137,0.0,2518.8599999999997,15.483333333333334,31.713333333333328,0
67000220,臺南市,山上區,2013,4.261101095890411,77.00191780821918,22.44906849315069,23.386246575342465,8.11,2.234,95.45865753424657,58.59000000000013,1572.9999999999998,9.229999999999999,31.993333333333336,0
67000220,臺南市,山上區,2014,4.360468219178083,75.62843835616438,22.51624657534246,23.707917808219182,10.86,2.182109589041096,95.4964109589041,95.25000000000011,1634.18,8.963333333333333,33.013333333333335,0
67000220,臺南市,山上區,2015,4.492699452054795,77.61441095890412,22.770246575342465,23.83309589041096,9.139999999999997,2.327561643835616,95.54660273972601,48.050000000000026,1679.69,9.666666666666666,33.67666666666667,0
67000220,臺南市,山上區,2016,4.239616120218579,82.81467213114753,22.409945355191258,22.91571038251366,9.079999999999998,2.3801092896174865,95.49289617486339,71.8900000000001,1576.1299999999994,6.033333333333334,31.543333333333337,0
67000220,臺南市,山上區,2017,4.48226191780822,78.63378082191781,22.83846575342466,23.69312328767123,7.109999999999999,2.0507397260273974,95.52219178082191,1.1199999999999761,1657.66,10.85,32.526666666666664,0
67000220,臺南市,山上區,2018,4.518268493150686,77.36331506849314,23.012630136986303,24.178849315068494,10.670000000000002,2.1617260273972607,95.44745205479452,19.480000000000054,1739.5899999999997,8.656666666666666,35.153333333333336,0
67000220,臺南市,山上區,2019,4.362369589041095,78.9982191780822,23.140383561643834,24.032438356164384,6.010000000000002,2.063260273972603,95.47161643835616,0.0,1766.7399999999996,12.94,32.1,0
67000220,臺南市,山上區,2020,4.662927595628416,77.05483606557378,23.16486338797814,24.187377049180327,8.240000000000002,2.1056830601092895,95.5472950819672,0.0,1780.5399999999995,8.606666666666667,33.38666666666666,0
67000220,臺南市,山上區,2021,4.698947123287672,74.73199999999999,23.244383561643833,24.45424657534247,12.280000000000001,2.2199178082191784,95.48873972602739,46.810000000000045,1851.5099999999998,10.073333333333332,35.449999999999996,0
67000220,臺南市,山上區,2022,4.496051506849315,75.0147123287671,23.50958904109589,24.672931506849313,8.440000000000001,2.0816986301369864,95.45216438356162,0.0,1901.5,10.406666666666666,34.15,0
67000220,臺南市,山上區,2023,4.528795890410959,73.25139726027396,23.845835616438354,25.25860273972603,9.25,2.2580821917808223,95.49610958904108,0.0,2024.23,10.783333333333333,36.083333333333336,0
67000220,臺南市,山上區,2024,4.427984426229509,75.48464480874316,23.785409836065572,24.903087431693987,9.96,2.2965846994535526,95.48797814207651,0.0,2007.6599999999996,10.583333333333334,35.18666666666667,0
67000220,臺南市,山上區,2025,4.4936709580838325,78.26090410958903,22.987671232876714,23.806958904109592,10.219999999999999,2.163534246575342,95.47753424657535,55.600000000000065,1766.6,10.01,33.516666666666666,0
67000230,臺南市,玉井區,2013,4.261101095890411,77.00191780821918,22.44906849315069,23.386246575342465,8.11,2.234,95.45865753424657,58.59000000000013,1572.9999999999998,9.229999999999999,31.993333333333336,0
67000230,臺南市,玉井區,2014,4.360468219178083,75.62843835616438,22.51624657534246,23.707917808219182,10.86,2.182109589041096,95.4964109589041,95.25000000000011,1634.18,8.963333333333333,33.013333333333335,0
67000230,臺南市,玉井區,2015,4.492699452054795,77.61441095890412,22.770246575342465,23.83309589041096,9.139999999999997,2.327561643835616,95.54660273972601,48.050000000000026,1679.69,9.666666666666666,33.67666666666667,0
67000230,臺南市,玉井區,2016,4.239616120218579,82.81467213114753,22.409945355191258,22.91571038251366,9.079999999999998,2.3801092896174865,95.49289617486339,71.8900000000001,1576.1299999999994,6.033333333333334,31.543333333333337,0
67000230,臺南市,玉井區,2017,4.48226191780822,78.63378082191781,22.83846575342466,23.69312328767123,7.109999999999999,2.0507397260273974,95.52219178082191,1.1199999999999761,1657.66,10.85,32.526666666666664,0
67000230,臺南市,玉井區,2018,4.518268493150686,77.36331506849314,23.012630136986303,24.178849315068494,10.670000000000002,2.1617260273972607,95.44745205479452,19.480000000000054,1739.5899999999997,8.656666666666666,35.153333333333336,0
67000230,臺南市,玉井區,2019,4.362369589041095,78.9982191780822,23.140383561643834,24.032438356164384,6.010000000000002,2.063260273972603,95.47161643835616,0.0,1766.7399999999996,12.94,32.1,0
67000230,臺南市,玉井區,2020,4.662927595628416,77.05483606557378,23.16486338797814,24.187377049180327,8.240000000000002,2.1056830601092895,95.5472950819672,0.0,1780.5399999999995,8.606666666666667,33.38666666666666,0
67000230,臺南市,玉井區,2021,4.698947123287672,74.73199999999999,23.244383561643833,24.45424657534247,12.280000000000001,2.2199178082191784,95.48873972602739,46.810000000000045,1851.5099999999998,10.073333333333332,35.449999999999996,0
67000230,臺南市,玉井區,2022,4.496051506849315,75.0147123287671,23.50958904109589,24.672931506849313,8.440000000000001,2.0816986301369864,95.45216438356162,0.0,1901.5,10.406666666666666,34.15,0
67000230,臺南市,玉井區,2023,4.528795890410959,73.25139726027396,23.845835616438354,25.25860273972603,9.25,2.2580821917808223,95.49610958904108,0.0,2024.23,10.783333333333333,36.083333333333336,0
67000230,臺南市,玉井區,2024,4.427984426229509,75.48464480874316,23.785409836065572,24.903087431693987,9.96,2.2965846994535526,95.48797814207651,0.0,2007.6599999999996,10.583333333333334,35.18666666666667,0
67000230,臺南市,玉井區,2025,4.4936709580838325,78.26090410958903,22.987671232876714,23.806958904109592,10.219999999999999,2.163534246575342,95.47753424657535,55.600000000000065,1766.6,10.01,33.516666666666666,0
67000240,臺南市,楠西區,2013,4.261101095890411,77.00191780821918,22.44906849315069,23.386246575342465,8.11,2.234,95.45865753424657,58.59000000000013,1572.9999999999998,9.229999999999999,31.993333333333336,0
67000240,臺南市,楠西區,2014,4.360468219178083,75.62843835616438,22.51624657534246,23.707917808219182,10.86,2.182109589041096,95.4964109589041,95.25000000000011,1634.18,8.963333333333333,33.013333333333335,0
67000240,臺南市,楠西區,2015,4.492699452054795,77.61441095890412,22.770246575342465,23.83309589041096,9.139999999999997,2.327561643835616,95.54660273972601,48.050000000000026,1679.69,9.666666666666666,33.67666666666667,0
67000240,臺南市,楠西區,2016,4.239616120218579,82.81467213114753,22.409945355191258,22.91571038251366,9.079999999999998,2.3801092896174865,95.49289617486339,71.8900000000001,1576.1299999999994,6.033333333333334,31.543333333333337,0
67000240,臺南市,楠西區,2017,4.48226191780822,78.63378082191781,22.83846575342466,23.69312328767123,7.109999999999999,2.0507397260273974,95.52219178082191,1.1199999999999761,1657.66,10.85,32.526666666666664,0
67000240,臺南市,楠西區,2018,4.518268493150686,77.36331506849314,23.012630136986303,24.178849315068494,10.670000000000002,2.1617260273972607,95.44745205479452,19.480000000000054,1739.5899999999997,8.656666666666666,35.153333333333336,0
67000240,臺南市,楠西區,2019,4.362369589041095,78.9982191780822,23.140383561643834,24.032438356164384,6.010000000000002,2.063260273972603,95.47161643835616,0.0,1766.7399999999996,12.94,32.1,0
67000240,臺南市,楠西區,2020,4.662927595628416,77.05483606557378,23.16486338797814,24.187377049180327,8.240000000000002,2.1056830601092895,95.5472950819672,0.0,1780.5399999999995,8.606666666666667,33.38666666666666,0
67000240,臺南市,楠西區,2021,4.698947123287672,74.73199999999999,23.244383561643833,24.45424657534247,12.280000000000001,2.2199178082191784,95.48873972602739,46.810000000000045,1851.5099999999998,10.073333333333332,35.449999999999996,0
67000240,臺南市,楠西區,2022,4.496051506849315,75.0147123287671,23.50958904109589,24.672931506849313,8.440000000000001,2.0816986301369864,95.45216438356162,0.0,1901.5,10.406666666666666,34.15,0
67000240,臺南市,楠西區,2023,4.528795890410959,73.25139726027396,23.845835616438354,25.25860273972603,9.25,2.2580821917808223,95.49610958904108,0.0,2024.23,10.783333333333333,36.083333333333336,0
67000240,臺南市,楠西區,2024,4.427984426229509,75.48464480874316,23.785409836065572,24.903087431693987,9.96,2.2965846994535526,95.48797814207651,0.0,2007.6599999999996,10.583333333333334,35.18666666666667,0
67000240,臺南市,楠西區,2025,4.4936709580838325,78.26090410958903,22.987671232876714,23.806958904109592,10.219999999999999,2.163534246575342,95.47753424657535,55.600000000000065,1766.6,10.01,33.516666666666666,0
67000250,臺南市,南化區,2013,4.261101095890411,77.00191780821918,22.44906849315069,23.386246575342465,8.11,2.234,95.45865753424657,58.59000000000013,1572.9999999999998,9.229999999999999,31.993333333333336,0
67000250,臺南市,南化區,2014,4.360468219178083,75.62843835616438,22.51624657534246,23.707917808219182,10.86,2.182109589041096,95.4964109589041,95.25000000000011,1634.18,8.963333333333333,33.013333333333335,0
67000250,臺南市,南化區,2015,4.492699452054795,77.61441095890412,22.770246575342465,23.83309589041096,9.139999999999997,2.327561643835616,95.54660273972601,48.050000000000026,1679.69,9.666666666666666,33.67666666666667,0
67000250,臺南市,南化區,2016,4.239616120218579,82.81467213114753,22.409945355191258,22.91571038251366,9.079999999999998,2.3801092896174865,95.49289617486339,71.8900000000001,1576.1299999999994,6.033333333333334,31.543333333333337,0
67000250,臺南市,南化區,2017,4.48226191780822,78.63378082191781,22.83846575342466,23.69312328767123,7.109999999999999,2.0507397260273974,95.52219178082191,1.1199999999999761,1657.66,10.85,32.526666666666664,0
67000250,臺南市,南化區,2018,4.518268493150686,77.36331506849314,23.012630136986303,24.178849315068494,10.670000000000002,2.1617260273972607,95.44745205479452,19.480000000000054,1739.5899999999997,8.656666666666666,35.153333333333336,0
67000250,臺南市,南化區,2019,4.362369589041095,78.9982191780822,23.140383561643834,24.032438356164384,6.010000000000002,2.063260273972603,95.47161643835616,0.0,1766.7399999999996,12.94,32.1,0
67000250,臺南市,南化區,2020,4.662927595628416,77.05483606557378,23.16486338797814,24.187377049180327,8.240000000000002,2.1056830601092895,95.5472950819672,0.0,1780.5399999999995,8.606666666666667,33.38666666666666,0
67000250,臺南市,南化區,2021,4.698947123287672,74.73199999999999,23.244383561643833,24.45424657534247,12.280000000000001,2.2199178082191784,95.48873972602739,46.810000000000045,1851.5099999999998,10.073333333333332,35.449999999999996,0
67000250,臺南市,南化區,2022,4.496051506849315,75.0147123287671,23.50958904109589,24.672931506849313,8.440000000000001,2.0816986301369864,95.45216438356162,0.0,1901.5,10.406666666666666,34.15,0
67000250,臺南市,南化區,2023,4.528795890410959,73.25139726027396,23.845835616438354,25.25860273972603,9.25,2.2580821917808223,95.49610958904108,0.0,2024.23,10.783333333333333,36.083333333333336,0
67000250,臺南市,南化區,2024,4.427984426229509,75.48464480874316,23.785409836065572,24.903087431693987,9.96,2.2965846994535526,95.48797814207651,0.0,2007.6599999999996,10.583333333333334,35.18666666666667,0
67000250,臺南市,南化區,2025,4.4936709580838325,78.26090410958903,22.987671232876714,23.806958904109592,10.219999999999999,2.163534246575342,95.47753424657535,55.600000000000065,1766.6,10.01,33.516666666666666,0
67000260,臺南市,左鎮區,2013,4.261101095890411,77.00191780821918,22.44906849315069,23.386246575342465,8.11,2.234,95.45865753424657,58.59000000000013,1572.9999999999998,9.229999999999999,31.993333333333336,0
67000260,臺南市,左鎮區,2014,4.360468219178083,75.62843835616438,22.51624657534246,23.707917808219182,10.86,2.182109589041096,95.4964109589041,95.25000000000011,1634.18,8.963333333333333,33.013333333333335,0
67000260,臺南市,左鎮區,2015,4.492699452054795,77.61441095890412,22.770246575342465,23.83309589041096,9.139999999999997,2.327561643835616,95.54660273972601,48.050000000000026,1679.69,9.666666666666666,33.67666666666667,0
67000260,臺南市,左鎮區,2016,4.239616120218579,82.81467213114753,22.409945355191258,22.91571038251366,9.079999999999998,2.3801092896174865,95.49289617486339,71.8900000000001,1576.1299999999994,6.033333333333334,31.543333333333337,0
67000260,臺南市,左鎮區,2017,4.48226191780822,78.63378082191781,22.83846575342466,23.69312328767123,7.109999999999999,2.0507397260273974,95.52219178082191,1.1199999999999761,1657.66,10.85,32.526666666666664,0
67000260,臺南市,左鎮區,2018,4.518268493150686,77.36331506849314,23.012630136986303,24.178849315068494,10.670000000000002,2.1617260273972607,95.44745205479452,19.480000000000054,1739.5899999999997,8.656666666666666,35.153333333333336,0
67000260,臺南市,左鎮區,2019,4.362369589041095,78.9982191780822,23.140383561643834,24.032438356164384,6.010000000000002,2.063260273972603,95.47161643835616,0.0,1766.7399999999996,12.94,32.1,0
67000260,臺南市,左鎮區,2020,4.662927595628416,77.05483606557378,23.16486338797814,24.187377049180327,8.240000000000002,2.1056830601092895,95.5472950819672,0.0,1780.5399999999995,8.606666666666667,33.38666666666666,0
67000260,臺南市,左鎮區,2021,4.698947123287672,74.73199999999999,23.244383561643833,24.45424657534247,12.280000000000001,2.2199178082191784,95.48873972602739,46.810000000000045,1851.5099999999998,10.073333333333332,35.449999999999996,0
67000260,臺南市,左鎮區,2022,4.496051506849315,75.0147123287671,23.50958904109589,24.672931506849313,8.440000000000001,2.0816986301369864,95.45216438356162,0.0,1901.5,10.406666666666666,34.15,0
67000260,臺南市,左鎮區,2023,4.528795890410959,73.25139726027396,23.845835616438354,25.25860273972603,9.25,2.2580821917808223,95.49610958904108,0.0,2024.23,10.783333333333333,36.083333333333336,0
67000260,臺南市,左鎮區,2024,4.427984426229509,75.48464480874316,23.785409836065572,24.903087431693987,9.96,2.2965846994535526,95.48797814207651,0.0,2007.6599999999996,10.583333333333334,35.18666666666667,0
67000260,臺南市,左鎮區,2025,4.4936709580838325,78.26090410958903,22.987671232876714,23.806958904109592,10.219999999999999,2.163534246575342,95.47753424657535,55.600000000000065,1766.6,10.01,33.516666666666666,0
67000270,臺南市,仁德區,2013,4.506502191780822,79.81465753424658,24.738986301369863,25.721972602739726,7.380000000000003,4.869863013698629,101.23309589041097,0.0,2350.23,15.613333333333332,31.223333333333333,0
67000270,臺南市,仁德區,2014,4.60450602739726,79.12695890410959,24.831041095890416,25.857068493150685,8.0,4.575534246575343,101.25967123287671,0.0,2383.8299999999995,14.94,32.303333333333335,0
67000270,臺南市,仁德區,2015,4.826878630136986,80.78572602739727,25.0814794520548,25.94071232876712,8.209999999999997,4.802164383561644,101.29717808219178,0.0,2475.24,15.776666666666666,31.64333333333333,0
67000270,臺南市,仁德區,2016,4.549348087431693,83.13628415300546,25.10661202185792,26.00822404371585,7.98,4.868360655737705,101.23819672131148,0.0,2491.22,13.233333333333334,31.506666666666664,0
67000270,臺南市,仁德區,2017,4.766560547945205,80.65219178082192,25.25468493150685,26.20317808219178,7.350000000000001,4.609260273972603,101.27789041095892,0.0,2538.4599999999996,16.563333333333333,31.736666666666668,0
67000270,臺南市,仁德區,2018,4.710832054794521,80.09139726027398,25.124356164383563,26.146219178082195,7.620000000000001,4.734164383561644,101.19764383561642,0.0,2490.89,14.700000000000001,32.089999999999996,0
67000270,臺南市,仁德區,2019,4.581201369863014,81.41301369863015,25.504219178082195,26.39917808219178,6.399999999999999,4.703589041095891,101.20265753424655,0.0,2629.54,18.353333333333335,31.593333333333337,0
67000270,臺南市,仁德區,2020,4.872314207650273,79.5060655737705,25.594972677595624,26.549043715846995,8.100000000000001,4.823114754098361,101.29510928961749,0.0,2669.9600000000005,14.773333333333333,32.12,0
67000270,臺南市,仁德區,2021,4.837761095890412,79.27361643835617,25.36958904109589,26.371287671232878,8.11,4.761123287671233,101.23961643835617,0.0,2580.4,15.926666666666668,32.13,0
67000270,臺南市,仁德區,2022,4.783987123287671,79.4843287671233,25.513205479452058,26.541424657534243,7.920000000000002,5.056246575342466,101.20350684931506,0.0,2632.8199999999997,15.756666666666666,32.39333333333334,0
67000270,臺南市,仁德區,2023,4.72831890410959,79.30293150684932,25.589561643835623,26.504109589041096,8.059999999999999,4.869205479452055,101.2369589041096,0.0,2660.6899999999996,15.386666666666668,32.89666666666667,0
67000270,臺南市,仁德區,2024,4.696710109289618,80.19877049180327,25.876038251366122,26.792404371584695,8.209999999999997,4.864043715846996,101.22609289617486,0.0,2772.83,15.579999999999998,33.38333333333333,0
67000270,臺南市,仁德區,2025,4.7404302395209585,81.15838356164384,25.200986301369866,26.155205479452054,8.189999999999998,4.752904109589041,101.2353698630137,0.0,2518.8599999999997,15.483333333333334,31.713333333333328,0
67000280,臺南市,歸仁區,2013,4.506502191780822,79.81465753424658,24.738986301369863,25.721972602739726,7.380000000000003,4.869863013698629,101.23309589041097,0.0,2350.23,15.613333333333332,31.223333333333333,0
67000280,臺南市,歸仁區,2014,4.60450602739726,79.12695890410959,24.831041095890416,25.857068493150685,8.0,4.575534246575343,101.25967123287671,0.0,2383.8299999999995,14.94,32.303333333333335,0
67000280,臺南市,歸仁區,2015,4.826878630136986,80.78572602739727,25.0814794520548,25.94071232876712,8.209999999999997,4.802164383561644,101.29717808219178,0.0,2475.24,15.776666666666666,31.64333333333333,0
67000280,臺南市,歸仁區,2016,4.549348087431693,83.13628415300546,25.10661202185792,26.00822404371585,7.98,4.868360655737705,101.23819672131148,0.0,2491.22,13.233333333333334,31.506666666666664,0
67000280,臺南市,歸仁區,2017,4.766560547945205,80.65219178082192,25.25468493150685,26.20317808219178,7.350000000000001,4.609260273972603,101.27789041095892,0.0,2538.4599999999996,16.563333333333333,31.736666666666668,0
67000280,臺南市,歸仁區,2018,4.710832054794521,80.09139726027398,25.124356164383563,26.146219178082195,7.620000000000001,4.734164383561644,101.19764383561642,0.0,2490.89,14.700000000000001,32.089999999999996,0
67000280,臺南市,歸仁區,2019,4.581201369863014,81.41301369863015,25.504219178082195,26.39917808219178,6.399999999999999,4.703589041095891,101.20265753424655,0.0,2629.54,18.353333333333335,31.593333333333337,0
67000280,臺南市,歸仁區,2020,4.872314207650273,79.5060655737705,25.594972677595624,26.549043715846995,8.100000000000001,4.823114754098361,101.29510928961749,0.0,2669.9600000000005,14.773333333333333,32.12,0
67000280,臺南市,歸仁區,2021,4.837761095890412,79.27361643835617,25.36958904109589,26.371287671232878,8.11,4.761123287671233,101.23961643835617,0.0,2580.4,15.926666666666668,32.13,0
67000280,臺南市,歸仁區,2022,4.783987123287671,79.4843287671233,25.513205479452058,26.541424657534243,7.920000000000002,5.056246575342466,101.20350684931506,0.0,2632.8199999999997,15.756666666666666,32.39333333333334,0
67000280,臺南市,歸仁區,2023,4.72831890410959,79.30293150684932,25.589561643835623,26.504109589041096,8.059999999999999,4.869205479452055,101.2369589041096,0.0,2660.6899999999996,15.386666666666668,32.89666666666667,0
67000280,臺南市,歸仁區,2024,4.696710109289618,80.19877049180327,25.876038251366122,26.792404371584695,8.209999999999997,4.864043715846996,101.22609289617486,0.0,2772.83,15.579999999999998,33.38333333333333,0
67000280,臺南市,歸仁區,2025,4.7404302395209585,81.15838356164384,25.200986301369866,26.155205479452054,8.189999999999998,4.752904109589041,101.2353698630137,0.0,2518.8599999999997,15.483333333333334,31.713333333333328,0
67000290,臺南市,關廟區,2013,4.506502191780822,77.00191780821918,22.44906849315069,23.386246575342465,8.11,2.234,95.45865753424657,58.59000000000013,1572.9999999999998,9.229999999999999,31.993333333333336,0
67000290,臺南市,關廟區,2014,4.60450602739726,75.62843835616438,22.51624657534246,23.707917808219182,10.86,2.182109589041096,95.4964109589041,95.25000000000011,1634.18,8.963333333333333,33.013333333333335,0
67000290,臺南市,關廟區,2015,4.826878630136986,77.61441095890412,22.770246575342465,23.83309589041096,9.139999999999997,2.327561643835616,95.54660273972601,48.050000000000026,1679.69,9.666666666666666,33.67666666666667,0
67000290,臺南市,關廟區,2016,4.549348087431693,82.81467213114753,22.409945355191258,22.91571038251366,9.079999999999998,2.3801092896174865,95.49289617486339,71.8900000000001,1576.1299999999994,6.033333333333334,31.543333333333337,0
67000290,臺南市,關廟區,2017,4.766560547945205,78.63378082191781,22.83846575342466,23.69312328767123,7.109999999999999,2.0507397260273974,95.52219178082191,1.1199999999999761,1657.66,10.85,32.526666666666664,0
67000290,臺南市,關廟區,2018,4.710832054794521,77.36331506849314,23.012630136986303,24.178849315068494,10.670000000000002,2.1617260273972607,95.44745205479452,19.480000000000054,1739.5899999999997,8.656666666666666,35.153333333333336,0
67000290,臺南市,關廟區,2019,4.581201369863014,78.9982191780822,23.140383561643834,24.032438356164384,6.010000000000002,2.063260273972603,95.47161643835616,0.0,1766.7399999999996,12.94,32.1,0
67000290,臺南市,關廟區,2020,4.872314207650273,77.05483606557378,23.16486338797814,24.187377049180327,8.240000000000002,2.1056830601092895,95.5472950819672,0.0,1780.5399999999995,8.606666666666667,33.38666666666666,0
67000290,臺南市,關廟區,2021,4.837761095890412,74.73199999999999,23.244383561643833,24.45424657534247,12.280000000000001,2.2199178082191784,95.48873972602739,46.810000000000045,1851.5099999999998,10.073333333333332,35.449999999999996,0
67000290,臺南市,關廟區,2022,4.783987123287671,75.0147123287671,23.50958904109589,24.672931506849313,8.440000000000001,2.0816986301369864,95.45216438356162,0.0,1901.5,10.406666666666666,34.15,0
67000290,臺南市,關廟區,2023,4.72831890410959,73.25139726027396,23.845835616438354,25.25860273972603,9.25,2.2580821917808223,95.49610958904108,0.0,2024.23,10.783333333333333,36.083333333333336,0
67000290,臺南市,關廟區,2024,4.696710109289618,75.48464480874316,23.785409836065572,24.903087431693987,9.96,2.2965846994535526,95.48797814207651,0.0,2007.6599999999996,10.583333333333334,35.18666666666667,0
67000290,臺南市,關廟區,2025,4.7404302395209585,78.26090410958903,22.987671232876714,23.806958904109592,10.219999999999999,2.163534246575342,95.47753424657535,55.600000000000065,1766.6,10.01,33.516666666666666,0
67000300,臺南市,龍崎區,2013,4.506502191780822,77.00191780821918,22.44906849315069,23.386246575342465,8.11,2.234,95.45865753424657,58.59000000000013,1572.9999999999998,9.229999999999999,31.993333333333336,0
67000300,臺南市,龍崎區,2014,4.60450602739726,75.62843835616438,22.51624657534246,23.707917808219182,10.86,2.182109589041096,95.4964109589041,95.25000000000011,1634.18,8.963333333333333,33.013333333333335,0
67000300,臺南市,龍崎區,2015,4.826878630136986,77.61441095890412,22.770246575342465,23.83309589041096,9.139999999999997,2.327561643835616,95.54660273972601,48.050000000000026,1679.69,9.666666666666666,33.67666666666667,0
67000300,臺南市,龍崎區,2016,4.549348087431693,82.81467213114753,22.409945355191258,22.91571038251366,9.079999999999998,2.3801092896174865,95.49289617486339,71.8900000000001,1576.1299999999994,6.033333333333334,31.543333333333337,0
67000300,臺南市,龍崎區,2017,4.766560547945205,78.63378082191781,22.83846575342466,23.69312328767123,7.109999999999999,2.0507397260273974,95.52219178082191,1.1199999999999761,1657.66,10.85,32.526666666666664,0
67000300,臺南市,龍崎區,2018,4.710832054794521,77.36331506849314,23.012630136986303,24.178849315068494,10.670000000000002,2.1617260273972607,95.44745205479452,19.480000000000054,1739.5899999999997,8.656666666666666,35.153333333333336,0
67000300,臺南市,龍崎區,2019,4.581201369863014,78.9982191780822,23.140383561643834,24.032438356164384,6.010000000000002,2.063260273972603,95.47161643835616,0.0,1766.7399999999996,12.94,32.1,0
67000300,臺南市,龍崎區,2020,4.872314207650273,77.05483606557378,23.16486338797814,24.187377049180327,8.240000000000002,2.1056830601092895,95.5472950819672,0.0,1780.5399999999995,8.606666666666667,33.38666666666666,0
67000300,臺南市,龍崎區,2021,4.837761095890412,74.73199999999999,23.244383561643833,24.45424657534247,12.280000000000001,2.2199178082191784,95.48873972602739,46.810000000000045,1851.5099999999998,10.073333333333332,35.449999999999996,0
67000300,臺南市,龍崎區,2022,4.783987123287671,75.0147123287671,23.50958904109589,24.672931506849313,8.440000000000001,2.0816986301369864,95.45216438356162,0.0,1901.5,10.406666666666666,34.15,0
67000300,臺南市,龍崎區,2023,4.72831890410959,73.25139726027396,23.845835616438354,25.25860273972603,9.25,2.2580821917808223,95.49610958904108,0.0,2024.23,10.783333333333333,36.083333333333336,0
67000300,臺南市,龍崎區,2024,4.696710109289618,75.48464480874316,23.785409836065572,24.903087431693987,9.96,2.2965846994535526,95.48797814207651,0.0,2007.6599999999996,10.583333333333334,35.18666666666667,0
67000300,臺南市,龍崎區,2025,4.7404302395209585,78.26090410958903,22.987671232876714,23.806958904109592,10.219999999999999,2.163534246575342,95.47753424657535,55.600000000000065,1766.6,10.01,33.516666666666666,0
67000310,臺南市,永康區,2013,4.261101095890411,79.81465753424658,24.738986301369863,25.721972602739726,7.380000000000003,4.869863013698629,101.23309589041097,0.0,2350.23,15.613333333333332,31.223333333333333,0
67000310,臺南市,永康區,2014,4.360468219178083,79.12695890410959,24.831041095890416,25.857068493150685,8.0,4.575534246575343,101.25967123287671,0.0,2383.8299999999995,14.94,32.303333333333335,0
67000310,臺南市,永康區,2015,4.492699452054795,80.78572602739727,25.0814794520548,25.94071232876712,8.209999999999997,4.802164383561644,101.29717808219178,0.0,2475.24,15.776666666666666,31.64333333333333,0
67000310,臺南市,永康區,2016,4.239616120218579,83.13628415300546,25.10661202185792,26.00822404371585,7.98,4.868360655737705,101.23819672131148,0.0,2491.22,13.233333333333334,31.506666666666664,0
67000310,臺南市,永康區,2017,4.48226191780822,80.65219178082192,25.25468493150685,26.20317808219178,7.350000000000001,4.609260273972603,101.27789041095892,0.0,2538.4599999999996,16.563333333333333,31.736666666666668,0
67000310,臺南市,永康區,2018,4.518268493150686,80.09139726027398,25.124356164383563,26.146219178082195,7.620000000000001,4.734164383561644,101.19764383561642,0.0,2490.89,14.700000000000001,32.089999999999996,0
67000310,臺南市,永康區,2019,4.362369589041095,81.41301369863015,25.504219178082195,26.39917808219178,6.399999999999999,4.703589041095891,101.20265753424655,0.0,2629.54,18.353333333333335,31.593333333333337,0
67000310,臺南市,永康區,2020,4.662927595628416,79.5060655737705,25.594972677595624,26.549043715846995,8.100000000000001,4.823114754098361,101.29510928961749,0.0,2669.9600000000005,14.773333333333333,32.12,0
67000310,臺南市,永康區,2021,4.698947123287672,79.27361643835617,25.36958904109589,26.371287671232878,8.11,4.761123287671233,101.23961643835617,0.0,2580.4,15.926666666666668,32.13,0
67000310,臺南市,永康區,2022,4.496051506849315,79.4843287671233,25.513205479452058,26.541424657534243,7.920000000000002,5.056246575342466,101.20350684931506,0.0,2632.8199999999997,15.756666666666666,32.39333333333334,0
67000310,臺南市,永康區,2023,4.528795890410959,79.30293150684932,25.589561643835623,26.504109589041096,8.059999999999999,4.869205479452055,101.2369589041096,0.0,2660.6899999999996,15.386666666666668,32.89666666666667,0
67000310,臺南市,永康區,2024,4.427984426229509,80.19877049180327,25.876038251366122,26.792404371584695,8.209999999999997,4.864043715846996,101.22609289617486,0.0,2772.83,15.579999999999998,33.38333333333333,0
67000310,臺南市,永康區,2025,4.4936709580838325,81.15838356164384,25.200986301369866,26.155205479452054,8.189999999999998,4.752904109589041,101.2353698630137,0.0,2518.8599999999997,15.483333333333334,31.713333333333328,0
67000320,臺南市,東區,2013,4.506502191780822,79.81465753424658,24.738986301369863,25.721972602739726,7.380000000000003,4.869863013698629,101.23309589041097,0.0,2350.23,15.613333333333332,31.223333333333333,0
67000320,臺南市,東區,2014,4.60450602739726,79.12695890410959,24.831041095890416,25.857068493150685,8.0,4.575534246575343,101.25967123287671,0.0,2383.8299999999995,14.94,32.303333333333335,0
67000320,臺南市,東區,2015,4.826878630136986,80.78572602739727,25.0814794520548,25.94071232876712,8.209999999999997,4.802164383561644,101.29717808219178,0.0,2475.24,15.776666666666666,31.64333333333333,0
67000320,臺南市,東區,2016,4.549348087431693,83.13628415300546,25.10661202185792,26.00822404371585,7.98,4.868360655737705,101.23819672131148,0.0,2491.22,13.233333333333334,31.506666666666664,0
67000320,臺南市,東區,2017,4.766560547945205,80.65219178082192,25.25468493150685,26.20317808219178,7.350000000000001,4.609260273972603,101.27789041095892,0.0,2538.4599999999996,16.563333333333333,31.736666666666668,0
67000320,臺南市,東區,2018,4.710832054794521,80.09139726027398,25.124356164383563,26.146219178082195,7.620000000000001,4.734164383561644,101.19764383561642,0.0,2490.89,14.700000000000001,32.089999999999996,0
67000320,臺南市,東區,2019,4.581201369863014,81.41301369863015,25.504219178082195,26.39917808219178,6.399999999999999,4.703589041095891,101.20265753424655,0.0,2629.54,18.353333333333335,31.593333333333337,0
67000320,臺南市,東區,2020,4.872314207650273,79.5060655737705,25.594972677595624,26.549043715846995,8.100000000000001,4.823114754098361,101.29510928961749,0.0,2669.9600000000005,14.773333333333333,32.12,0
67000320,臺南市,東區,2021,4.837761095890412,79.27361643835617,25.36958904109589,26.371287671232878,8.11,4.761123287671233,101.23961643835617,0.0,2580.4,15.926666666666668,32.13,0
67000320,臺南市,東區,2022,4.783987123287671,79.4843287671233,25.513205479452058,26.541424657534243,7.920000000000002,5.056246575342466,101.20350684931506,0.0,2632.8199999999997,15.756666666666666,32.39333333333334,0
67000320,臺南市,東區,2023,4.72831890410959,79.30293150684932,25.589561643835623,26.504109589041096,8.059999999999999,4.869205479452055,101.2369589041096,0.0,2660.6899999999996,15.386666666666668,32.89666666666667,0
67000320,臺南市,東區,2024,4.696710109289618,80.19877049180327,25.876038251366122,26.792404371584695,8.209999999999997,4.864043715846996,101.22609289617486,0.0,2772.83,15.579999999999998,33.38333333333333,0
67000320,臺南市,東區,2025,4.7404302395209585,81.15838356164384,25.200986301369866,26.155205479452054,8.189999999999998,4.752904109589041,101.2353698630137,0.0,2518.8599999999997,15.483333333333334,31.713333333333328,0
67000330,臺南市,南區,2013,4.506502191780822,79.81465753424658,24.738986301369863,25.721972602739726,7.380000000000003,4.869863013698629,101.23309589041097,0.0,2350.23,15.613333333333332,31.223333333333333,0
67000330,臺南市,南區,2014,4.60450602739726,79.12695890410959,24.831041095890416,25.857068493150685,8.0,4.575534246575343,101.25967123287671,0.0,2383.8299999999995,14.94,32.303333333333335,0
67000330,臺南市,南區,2015,4.826878630136986,80.78572602739727,25.0814794520548,25.94071232876712,8.209999999999997,4.802164383561644,101.29717808219178,0.0,2475.24,15.776666666666666,31.64333333333333,0
67000330,臺南市,南區,2016,4.549348087431693,83.13628415300546,25.10661202185792,26.00822404371585,7.98,4.868360655737705,101.23819672131148,0.0,2491.22,13.233333333333334,31.506666666666664,0
67000330,臺南市,南區,2017,4.766560547945205,80.65219178082192,25.25468493150685,26.20317808219178,7.350000000000001,4.609260273972603,101.27789041095892,0.0,2538.4599999999996,16.563333333333333,31.736666666666668,0
67000330,臺南市,南區,2018,4.710832054794521,80.09139726027398,25.124356164383563,26.146219178082195,7.620000000000001,4.734164383561644,101.19764383561642,0.0,2490.89,14.700000000000001,32.089999999999996,0
67000330,臺南市,南區,2019,4.581201369863014,81.41301369863015,25.504219178082195,26.39917808219178,6.399999999999999,4.703589041095891,101.20265753424655,0.0,2629.54,18.353333333333335,31.593333333333337,0
67000330,臺南市,南區,2020,4.872314207650273,79.5060655737705,25.594972677595624,26.549043715846995,8.100000000000001,4.823114754098361,101.29510928961749,0.0,2669.9600000000005,14.773333333333333,32.12,0
67000330,臺南市,南區,2021,4.837761095890412,79.27361643835617,25.36958904109589,26.371287671232878,8.11,4.761123287671233,101.23961643835617,0.0,2580.4,15.926666666666668,32.13,0
67000330,臺南市,南區,2022,4.783987123287671,79.4843287671233,25.513205479452058,26.541424657534243,7.920000000000002,5.056246575342466,101.20350684931506,0.0,2632.8199999999997,15.756666666666666,32.39333333333334,0
67000330,臺南市,南區,2023,4.72831890410959,79.30293150684932,25.589561643835623,26.504109589041096,8.059999999999999,4.869205479452055,101.2369589041096,0.0,2660.6899999999996,15.386666666666668,32.89666666666667,0
67000330,臺南市,南區,2024,4.696710109289618,80.19877049180327,25.876038251366122,26.792404371584695,8.209999999999997,4.864043715846996,101.22609289617486,0.0,2772.83,15.579999999999998,33.38333333333333,0
67000330,臺南市,南區,2025,4.7404302395209585,81.15838356164384,25.200986301369866,26.155205479452054,8.189999999999998,4.752904109589041,101.2353698630137,0.0,2518.8599999999997,15.483333333333334,31.713333333333328,0
67000340,臺南市,北區,2013,4.261101095890411,79.81465753424658,24.738986301369863,25.721972602739726,7.380000000000003,4.869863013698629,101.23309589041097,0.0,2350.23,15.613333333333332,31.223333333333333,0
67000340,臺南市,北區,2014,4.360468219178083,79.12695890410959,24.831041095890416,25.857068493150685,8.0,4.575534246575343,101.25967123287671,0.0,2383.8299999999995,14.94,32.303333333333335,0
67000340,臺南市,北區,2015,4.492699452054795,80.78572602739727,25.0814794520548,25.94071232876712,8.209999999999997,4.802164383561644,101.29717808219178,0.0,2475.24,15.776666666666666,31.64333333333333,0
67000340,臺南市,北區,2016,4.239616120218579,83.13628415300546,25.10661202185792,26.00822404371585,7.98,4.868360655737705,101.23819672131148,0.0,2491.22,13.233333333333334,31.506666666666664,0
67000340,臺南市,北區,2017,4.48226191780822,80.65219178082192,25.25468493150685,26.20317808219178,7.350000000000001,4.609260273972603,101.27789041095892,0.0,2538.4599999999996,16.563333333333333,31.736666666666668,0
67000340,臺南市,北區,2018,4.518268493150686,80.09139726027398,25.124356164383563,26.146219178082195,7.620000000000001,4.734164383561644,101.19764383561642,0.0,2490.89,14.700000000000001,32.089999999999996,0
67000340,臺南市,北區,2019,4.362369589041095,81.41301369863015,25.504219178082195,26.39917808219178,6.399999999999999,4.703589041095891,101.20265753424655,0.0,2629.54,18.353333333333335,31.593333333333337,0
67000340,臺南市,北區,2020,4.662927595628416,79.5060655737705,25.594972677595624,26.549043715846995,8.100000000000001,4.823114754098361,101.29510928961749,0.0,2669.9600000000005,14.773333333333333,32.12,0
67000340,臺南市,北區,2021,4.698947123287672,79.27361643835617,25.36958904109589,26.371287671232878,8.11,4.761123287671233,101.23961643835617,0.0,2580.4,15.926666666666668,32.13,0
67000340,臺南市,北區,2022,4.496051506849315,79.4843287671233,25.513205479452058,26.541424657534243,7.920000000000002,5.056246575342466,101.20350684931506,0.0,2632.8199999999997,15.756666666666666,32.39333333333334,0
67000340,臺南市,北區,2023,4.528795890410959,79.30293150684932,25.589561643835623,26.504109589041096,8.059999999999999,4.869205479452055,101.2369589041096,0.0,2660.6899999999996,15.386666666666668,32.89666666666667,0
67000340,臺南市,北區,2024,4.427984426229509,80.19877049180327,25.876038251366122,26.792404371584695,8.209999999999997,4.864043715846996,101.22609289617486,0.0,2772.83,15.579999999999998,33.38333333333333,0
67000340,臺南市,北區,2025,4.4936709580838325,81.15838356164384,25.200986301369866,26.155205479452054,8.189999999999998,4.752904109589041,101.2353698630137,0.0,2518.8599999999997,15.483333333333334,31.713333333333328,0
67000350,臺南市,安南區,2013,4.261101095890411,79.81465753424658,24.738986301369863,25.721972602739726,7.380000000000003,4.869863013698629,101.23309589041097,0.0,2350.23,15.613333333333332,31.223333333333333,0
67000350,臺南市,安南區,2014,4.360468219178083,79.12695890410959,24.831041095890416,25.857068493150685,8.0,4.575534246575343,101.25967123287671,0.0,2383.8299999999995,14.94,32.303333333333335,0
67000350,臺南市,安南區,2015,4.492699452054795,80.78572602739727,25.0814794520548,25.94071232876712,8.209999999999997,4.802164383561644,101.29717808219178,0.0,2475.24,15.776666666666666,31.64333333333333,0
67000350,臺南市,安南區,2016,4.239616120218579,83.13628415300546,25.10661202185792,26.00822404371585,7.98,4.868360655737705,101.23819672131148,0.0,2491.22,13.233333333333334,31.506666666666664,0
67000350,臺南市,安南區,2017,4.48226191780822,80.65219178082192,25.25468493150685,26.20317808219178,7.350000000000001,4.609260273972603,101.27789041095892,0.0,2538.4599999999996,16.563333333333333,31.736666666666668,0
67000350,臺南市,安南區,2018,4.518268493150686,80.09139726027398,25.124356164383563,26.146219178082195,7.620000000000001,4.734164383561644,101.19764383561642,0.0,2490.89,14.700000000000001,32.089999999999996,0
67000350,臺南市,安南區,2019,4.362369589041095,81.41301369863015,25.504219178082195,26.39917808219178,6.399999999999999,4.703589041095891,101.20265753424655,0.0,2629.54,18.353333333333335,31.593333333333337,0
67000350,臺南市,安南區,2020,4.662927595628416,79.5060655737705,25.594972677595624,26.549043715846995,8.100000000000001,4.823114754098361,101.29510928961749,0.0,2669.9600000000005,14.773333333333333,32.12,0
67000350,臺南市,安南區,2021,4.698947123287672,79.27361643835617,25.36958904109589,26.371287671232878,8.11,4.761123287671233,101.23961643835617,0.0,2580.4,15.926666666666668,32.13,0
67000350,臺南市,安南區,2022,4.496051506849315,79.4843287671233,25.513205479452058,26.541424657534243,7.920000000000002,5.056246575342466,101.20350684931506,0.0,2632.8199999999997,15.756666666666666,32.39333333333334,0
67000350,臺南市,安南區,2023,4.528795890410959,79.30293150684932,25.589561643835623,26.504109589041096,8.059999999999999,4.869205479452055,101.2369589041096,0.0,2660.6899999999996,15.386666666666668,32.89666666666667,0
67000350,臺南市,安南區,2024,4.427984426229509,80.19877049180327,25.876038251366122,26.792404371584695,8.209999999999997,4.864043715846996,101.22609289617486,0.0,2772.83,15.579999999999998,33.38333333333333,0
67000350,臺南市,安南區,2025,4.4936709580838325,81.15838356164384,25.200986301369866,26.155205479452054,8.189999999999998,4.752904109589041,101.2353698630137,0.0,2518.8599999999997,15.483333333333334,31.713333333333328,0
67000360,臺南市,安平區,2013,4.506502191780822,79.81465753424658,24.738986301369863,25.721972602739726,7.380000000000003,4.869863013698629,101.23309589041097,0.0,2350.23,15.613333333333332,31.223333333333333,0
67000360,臺南市,安平區,2014,4.60450602739726,79.12695890410959,24.831041095890416,25.857068493150685,8.0,4.575534246575343,101.25967123287671,0.0,2383.8299999999995,14.94,32.303333333333335,0
67000360,臺南市,安平區,2015,4.826878630136986,80.78572602739727,25.0814794520548,25.94071232876712,8.209999999999997,4.802164383561644,101.29717808219178,0.0,2475.24,15.776666666666666,31.64333333333333,0
67000360,臺南市,安平區,2016,4.549348087431693,83.13628415300546,25.10661202185792,26.00822404371585,7.98,4.868360655737705,101.23819672131148,0.0,2491.22,13.233333333333334,31.506666666666664,0
67000360,臺南市,安平區,2017,4.766560547945205,80.65219178082192,25.25468493150685,26.20317808219178,7.350000000000001,4.609260273972603,101.27789041095892,0.0,2538.4599999999996,16.563333333333333,31.736666666666668,0
67000360,臺南市,安平區,2018,4.710832054794521,80.09139726027398,25.124356164383563,26.146219178082195,7.620000000000001,4.734164383561644,101.19764383561642,0.0,2490.89,14.700000000000001,32.089999999999996,0
67000360,臺南市,安平區,2019,4.581201369863014,81.41301369863015,25.504219178082195,26.39917808219178,6.399999999999999,4.703589041095891,101.20265753424655,0.0,2629.54,18.353333333333335,31.593333333333337,0
67000360,臺南市,安平區,2020,4.872314207650273,79.5060655737705,25.594972677595624,26.549043715846995,8.100000000000001,4.823114754098361,101.29510928961749,0.0,2669.9600000000005,14.773333333333333,32.12,0
67000360,臺南市,安平區,2021,4.837761095890412,79.27361643835617,25.36958904109589,26.371287671232878,8.11,4.761123287671233,101.23961643835617,0.0,2580.4,15.926666666666668,32.13,0
67000360,臺南市,安平區,2022,4.783987123287671,79.4843287671233,25.513205479452058,26.541424657534243,7.920000000000002,5.056246575342466,101.20350684931506,0.0,2632.8199999999997,15.756666666666666,32.39333333333334,0
67000360,臺南市,安平區,2023,4.72831890410959,79.30293150684932,25.589561643835623,26.504109589041096,8.059999999999999,4.869205479452055,101.2369589041096,0.0,2660.6899999999996,15.386666666666668,32.89666666666667,0
67000360,臺南市,安平區,2024,4.696710109289618,80.19877049180327,25.876038251366122,26.792404371584695,8.209999999999997,4.864043715846996,101.22609289617486,0.0,2772.83,15.579999999999998,33.38333333333333,0
67000360,臺南市,安平區,2025,4.7404302395209585,81.15838356164384,25.200986301369866,26.155205479452054,8.189999999999998,4.752904109589041,101.2353698630137,0.0,2518.8599999999997,15.483333333333334,31.713333333333328,0
67000370,臺南市,中西區,2013,4.506502191780822,79.81465753424658,24.738986301369863,25.721972602739726,7.380000000000003,4.869863013698629,101.23309589041097,0.0,2350.23,15.613333333333332,31.223333333333333,0
67000370,臺南市,中西區,2014,4.60450602739726,79.12695890410959,24.831041095890416,25.857068493150685,8.0,4.575534246575343,101.25967123287671,0.0,2383.8299999999995,14.94,32.303333333333335,0
67000370,臺南市,中西區,2015,4.826878630136986,80.78572602739727,25.0814794520548,25.94071232876712,8.209999999999997,4.802164383561644,101.29717808219178,0.0,2475.24,15.776666666666666,31.64333333333333,0
67000370,臺南市,中西區,2016,4.549348087431693,83.13628415300546,25.10661202185792,26.00822404371585,7.98,4.868360655737705,101.23819672131148,0.0,2491.22,13.233333333333334,31.506666666666664,0
67000370,臺南市,中西區,2017,4.766560547945205,80.65219178082192,25.25468493150685,26.20317808219178,7.350000000000001,4.609260273972603,101.27789041095892,0.0,2538.4599999999996,16.563333333333333,31.736666666666668,0
67000370,臺南市,中西區,2018,4.710832054794521,80.09139726027398,25.124356164383563,26.146219178082195,7.620000000000001,4.734164383561644,101.19764383561642,0.0,2490.89,14.700000000000001,32.089999999999996,0
67000370,臺南市,中西區,2019,4.581201369863014,81.41301369863015,25.504219178082195,26.39917808219178,6.399999999999999,4.703589041095891,101.20265753424655,0.0,2629.54,18.353333333333335,31.593333333333337,0
67000370,臺南市,中西區,2020,4.872314207650273,79.5060655737705,25.594972677595624,26.549043715846995,8.100000000000001,4.823114754098361,101.29510928961749,0.0,2669.9600000000005,14.773333333333333,32.12,0
67000370,臺南市,中西區,2021,4.837761095890412,79.27361643835617,25.36958904109589,26.371287671232878,8.11,4.761123287671233,101.23961643835617,0.0,2580.4,15.926666666666668,32.13,0
67000370,臺南市,中西區,2022,4.783987123287671,79.4843287671233,25.513205479452058,26.541424657534243,7.920000000000002,5.056246575342466,101.20350684931506,0.0,2632.8199999999997,15.756666666666666,32.39333333333334,0
67000370,臺南市,中西區,2023,4.72831890410959,79.30293150684932,25.589561643835623,26.504109589041096,8.059999999999999,4.869205479452055,101.2369589041096,0.0,2660.6899999999996,15.386666666666668,32.89666666666667,0
67000370,臺南市,中西區,2024,4.696710109289618,80.19877049180327,25.876038251366122,26.792404371584695,8.209999999999997,4.864043715846996,101.22609289617486,0.0,2772.83,15.579999999999998,33.38333333333333,0
67000370,臺南市,中西區,2025,4.7404302395209585,81.15838356164384,25.200986301369866,26.155205479452054,8.189999999999998,4.752904109589041,101.2353698630137,0.0,2518.8599999999997,15.483333333333334,31.713333333333328,0
68000010,桃園市,桃園區,2013,3.6402991780821923,84.34767123287672,21.20687671232877,21.507616438356163,12.930000000000001,4.877068493150685,98.75956164383561,327.97000000000014,1388.9799999999996,7.706666666666667,31.73333333333333,0
68000010,桃園市,桃園區,2014,3.770857808219178,83.20460273972603,21.357917808219177,21.70430136986301,13.760000000000002,4.534465753424658,98.77715068493151,400.63000000000005,1516.7699999999998,7.236666666666667,31.97,0
68000010,桃園市,桃園區,2015,3.6822969863013704,83.90687671232877,21.729616438356164,22.02797260273973,12.919999999999998,4.829424657534247,98.79912328767124,282.6600000000001,1534.4699999999998,7.9799999999999995,31.92,0
68000010,桃園市,桃園區,2016,3.6687904371584694,86.26136612021857,21.80743169398907,22.019672131147544,14.330000000000002,4.632950819672131,98.76065573770492,370.71000000000004,1654.4299999999996,5.3999999999999995,32.09,0
68000010,桃園市,桃園區,2017,3.775852054794521,84.56484931506851,21.783698630136985,22.102219178082194,12.780000000000001,4.831232876712329,98.81468493150685,312.3600000000002,1583.9099999999996,8.62,32.21,0
68000010,桃園市,桃園區,2018,3.990993150684931,84.44671232876713,21.743178082191783,22.111753424657536,13.31,4.726657534246576,98.72835616438354,269.60000000000014,1526.3599999999994,7.603333333333334,32.339999999999996,0
68000010,桃園市,桃園區,2019,3.712860821917808,85.27024657534247,21.939342465753427,22.227013698630135,11.34,4.971095890410959,98.73764383561644,162.19000000000005,1490.55,10.94,31.316666666666666,0
68000010,桃園市,桃園區,2020,3.7910860655737704,83.63368852459016,22.00185792349727,22.34811475409836,12.23,4.901584699453552,98.8343989071038,208.25000000000003,1563.1299999999999,6.47,32.519999999999996,0
68000010,桃園市,桃園區,2021,4.064644657534247,83.66668493150685,22.03630136986301,22.300684931506847,13.910000000000002,4.7984109589041095,98.76065753424659,262.1800000000001,1625.9299999999996,8.08,32.849999999999994,0
68000010,桃園市,桃園區,2022,3.5752767123287668,85.06613698630137,21.808657534246574,22.120438356164385,13.5,5.049287671232876,98.76928767123287,288.5400000000001,1569.1999999999996,8.393333333333333,33.58333333333333,0
68000010,桃園市,桃園區,2023,3.906078356164384,82.00008219178083,22.295999999999996,22.639753424657535,14.3,4.794657534246576,98.78309589041096,247.00000000000017,1705.5399999999997,7.16,34.19,0
68000010,桃園市,桃園區,2024,3.7497833333333337,83.49806010928963,22.484071038251365,22.851775956284154,13.04,4.646284153005465,98.7587431693989,249.25000000000003,1780.6199999999997,8.27,32.53333333333333,0
68000010,桃園市,桃園區,2025,4.213502994011975,84.13117808219178,22.112794520547947,22.304356164383563,13.240000000000002,4.747315068493151,98.75687671232878,302.6600000000001,1694.33,8.103333333333333,32.48666666666667,0
68000020,桃園市,中壢區,2013,3.7659084931506848,84.34767123287672,21.20687671232877,21.507616438356163,12.930000000000001,4.877068493150685,98.75956164383561,327.97000000000014,1388.9799999999996,7.706666666666667,31.73333333333333,0
68000020,桃園市,中壢區,2014,3.8430613698630145,83.20460273972603,21.357917808219177,21.70430136986301,13.760000000000002,4.534465753424658,98.77715068493151,400.63000000000005,1516.7699999999998,7.236666666666667,31.97,0
68000020,桃園市,中壢區,2015,3.919658082191781,83.90687671232877,21.729616438356164,22.02797260273973,12.919999999999998,4.829424657534247,98.79912328767124,282.6600000000001,1534.4699999999998,7.9799999999999995,31.92,0
68000020,桃園市,中壢區,2016,3.7904614754098365,86.26136612021857,21.80743169398907,22.019672131147544,14.330000000000002,4.632950819672131,98.76065573770492,370.71000000000004,1654.4299999999996,5.3999999999999995,32.09,0
68000020,桃園市,中壢區,2017,3.8297947945205473,84.56484931506851,21.783698630136985,22.102219178082194,12.780000000000001,4.831232876712329,98.81468493150685,312.3600000000002,1583.9099999999996,8.62,32.21,0
68000020,桃園市,中壢區,2018,3.9874175342465747,84.44671232876713,21.743178082191783,22.111753424657536,13.31,4.726657534246576,98.72835616438354,269.60000000000014,1526.3599999999994,7.603333333333334,32.339999999999996,0
68000020,桃園市,中壢區,2019,3.826375342465753,85.27024657534247,21.939342465753427,22.227013698630135,11.34,4.971095890410959,98.73764383561644,162.19000000000005,1490.55,10.94,31.316666666666666,0
68000020,桃園市,中壢區,2020,3.9260226775956277,83.63368852459016,22.00185792349727,22.34811475409836,12.23,4.901584699453552,98.8343989071038,208.25000000000003,1563.1299999999999,6.47,32.519999999999996,0
68000020,桃園市,中壢區,2021,4.163436986301369,83.66668493150685,22.03630136986301,22.300684931506847,13.910000000000002,4.7984109589041095,98.76065753424659,262.1800000000001,1625.9299999999996,8.08,32.849999999999994,0
68000020,桃園市,中壢區,2022,3.828847671232877,85.06613698630137,21.808657534246574,22.120438356164385,13.5,5.049287671232876,98.76928767123287,288.5400000000001,1569.1999999999996,8.393333333333333,33.58333333333333,0
68000020,桃園市,中壢區,2023,3.9763550684931515,82.00008219178083,22.295999999999996,22.639753424657535,14.3,4.794657534246576,98.78309589041096,247.00000000000017,1705.5399999999997,7.16,34.19,0
68000020,桃園市,中壢區,2024,3.833393169398907,83.49806010928963,22.484071038251365,22.851775956284154,13.04,4.646284153005465,98.7587431693989,249.25000000000003,1780.6199999999997,8.27,32.53333333333333,0
68000020,桃園市,中壢區,2025,4.008978143712575,84.13117808219178,22.112794520547947,22.304356164383563,13.240000000000002,4.747315068493151,98.75687671232878,302.6600000000001,1694.33,8.103333333333333,32.48666666666667,0
68000030,桃園市,大溪區,2013,3.7659084931506848,84.34767123287672,21.20687671232877,21.507616438356163,12.930000000000001,4.877068493150685,98.75956164383561,327.97000000000014,1388.9799999999996,7.706666666666667,31.73333333333333,0
68000030,桃園市,大溪區,2014,3.8430613698630145,83.20460273972603,21.357917808219177,21.70430136986301,13.760000000000002,4.534465753424658,98.77715068493151,400.63000000000005,1516.7699999999998,7.236666666666667,31.97,0
68000030,桃園市,大溪區,2015,3.919658082191781,83.90687671232877,21.729616438356164,22.02797260273973,12.919999999999998,4.829424657534247,98.79912328767124,282.6600000000001,1534.4699999999998,7.9799999999999995,31.92,0
68000030,桃園市,大溪區,2016,3.7904614754098365,86.26136612021857,21.80743169398907,22.019672131147544,14.330000000000002,4.632950819672131,98.76065573770492,370.71000000000004,1654.4299999999996,5.3999999999999995,32.09,0
68000030,桃園市,大溪區,2017,3.8297947945205473,84.56484931506851,21.783698630136985,22.102219178082194,12.780000000000001,4.831232876712329,98.81468493150685,312.3600000000002,1583.9099999999996,8.62,32.21,0
68000030,桃園市,大溪區,2018,3.9874175342465747,84.44671232876713,21.743178082191783,22.111753424657536,13.31,4.726657534246576,98.72835616438354,269.60000000000014,1526.3599999999994,7.603333333333334,32.339999999999996,0
68000030,桃園市,大溪區,2019,3.826375342465753,85.27024657534247,21.939342465753427,22.227013698630135,11.34,4.971095890410959,98.73764383561644,162.19000000000005,1490.55,10.94,31.316666666666666,0
68000030,桃園市,大溪區,2020,3.9260226775956277,83.63368852459016,22.00185792349727,22.34811475409836,12.23,4.901584699453552,98.8343989071038,208.25000000000003,1563.1299999999999,6.47,32.519999999999996,0
68000030,桃園市,大溪區,2021,4.163436986301369,83.66668493150685,22.03630136986301,22.300684931506847,13.910000000000002,4.7984109589041095,98.76065753424659,262.1800000000001,1625.9299999999996,8.08,32.849999999999994,0
68000030,桃園市,大溪區,2022,3.828847671232877,85.06613698630137,21.808657534246574,22.120438356164385,13.5,5.049287671232876,98.76928767123287,288.5400000000001,1569.1999999999996,8.393333333333333,33.58333333333333,0
68000030,桃園市,大溪區,2023,3.9763550684931515,82.00008219178083,22.295999999999996,22.639753424657535,14.3,4.794657534246576,98.78309589041096,247.00000000000017,1705.5399999999997,7.16,34.19,0
68000030,桃園市,大溪區,2024,3.833393169398907,83.49806010928963,22.484071038251365,22.851775956284154,13.04,4.646284153005465,98.7587431693989,249.25000000000003,1780.6199999999997,8.27,32.53333333333333,0
68000030,桃園市,大溪區,2025,4.008978143712575,84.13117808219178,22.112794520547947,22.304356164383563,13.240000000000002,4.747315068493151,98.75687671232878,302.6600000000001,1694.33,8.103333333333333,32.48666666666667,0
68000040,桃園市,楊梅區,2013,3.7659084931506848,84.34767123287672,21.20687671232877,21.507616438356163,12.930000000000001,4.877068493150685,98.75956164383561,327.97000000000014,1388.9799999999996,7.706666666666667,31.73333333333333,0
68000040,桃園市,楊梅區,2014,3.8430613698630145,83.20460273972603,21.357917808219177,21.70430136986301,13.760000000000002,4.534465753424658,98.77715068493151,400.63000000000005,1516.7699999999998,7.236666666666667,31.97,0
68000040,桃園市,楊梅區,2015,3.919658082191781,83.90687671232877,21.729616438356164,22.02797260273973,12.919999999999998,4.829424657534247,98.79912328767124,282.6600000000001,1534.4699999999998,7.9799999999999995,31.92,0
68000040,桃園市,楊梅區,2016,3.7904614754098365,86.26136612021857,21.80743169398907,22.019672131147544,14.330000000000002,4.632950819672131,98.76065573770492,370.71000000000004,1654.4299999999996,5.3999999999999995,32.09,0
68000040,桃園市,楊梅區,2017,3.8297947945205473,84.56484931506851,21.783698630136985,22.102219178082194,12.780000000000001,4.831232876712329,98.81468493150685,312.3600000000002,1583.9099999999996,8.62,32.21,0
68000040,桃園市,楊梅區,2018,3.9874175342465747,84.44671232876713,21.743178082191783,22.111753424657536,13.31,4.726657534246576,98.72835616438354,269.60000000000014,1526.3599999999994,7.603333333333334,32.339999999999996,0
68000040,桃園市,楊梅區,2019,3.826375342465753,85.27024657534247,21.939342465753427,22.227013698630135,11.34,4.971095890410959,98.73764383561644,162.19000000000005,1490.55,10.94,31.316666666666666,0
68000040,桃園市,楊梅區,2020,3.9260226775956277,83.63368852459016,22.00185792349727,22.34811475409836,12.23,4.901584699453552,98.8343989071038,208.25000000000003,1563.1299999999999,6.47,32.519999999999996,0
68000040,桃園市,楊梅區,2021,4.163436986301369,83.66668493150685,22.03630136986301,22.300684931506847,13.910000000000002,4.7984109589041095,98.76065753424659,262.1800000000001,1625.9299999999996,8.08,32.849999999999994,0
68000040,桃園市,楊梅區,2022,3.828847671232877,85.06613698630137,21.808657534246574,22.120438356164385,13.5,5.049287671232876,98.76928767123287,288.5400000000001,1569.1999999999996,8.393333333333333,33.58333333333333,0
68000040,桃園市,楊梅區,2023,3.9763550684931515,82.00008219178083,22.295999999999996,22.639753424657535,14.3,4.794657534246576,98.78309589041096,247.00000000000017,1705.5399999999997,7.16,34.19,0
68000040,桃園市,楊梅區,2024,3.833393169398907,83.49806010928963,22.484071038251365,22.851775956284154,13.04,4.646284153005465,98.7587431693989,249.25000000000003,1780.6199999999997,8.27,32.53333333333333,0
68000040,桃園市,楊梅區,2025,4.008978143712575,84.13117808219178,22.112794520547947,22.304356164383563,13.240000000000002,4.747315068493151,98.75687671232878,302.6600000000001,1694.33,8.103333333333333,32.48666666666667,0
68000050,桃園市,蘆竹區,2013,3.6402991780821923,84.34767123287672,21.20687671232877,21.507616438356163,12.930000000000001,4.877068493150685,98.75956164383561,327.97000000000014,1388.9799999999996,7.706666666666667,31.73333333333333,0
68000050,桃園市,蘆竹區,2014,3.770857808219178,83.20460273972603,21.357917808219177,21.70430136986301,13.760000000000002,4.534465753424658,98.77715068493151,400.63000000000005,1516.7699999999998,7.236666666666667,31.97,0
68000050,桃園市,蘆竹區,2015,3.6822969863013704,83.90687671232877,21.729616438356164,22.02797260273973,12.919999999999998,4.829424657534247,98.79912328767124,282.6600000000001,1534.4699999999998,7.9799999999999995,31.92,0
68000050,桃園市,蘆竹區,2016,3.6687904371584694,86.26136612021857,21.80743169398907,22.019672131147544,14.330000000000002,4.632950819672131,98.76065573770492,370.71000000000004,1654.4299999999996,5.3999999999999995,32.09,0
68000050,桃園市,蘆竹區,2017,3.775852054794521,84.56484931506851,21.783698630136985,22.102219178082194,12.780000000000001,4.831232876712329,98.81468493150685,312.3600000000002,1583.9099999999996,8.62,32.21,0
68000050,桃園市,蘆竹區,2018,3.990993150684931,84.44671232876713,21.743178082191783,22.111753424657536,13.31,4.726657534246576,98.72835616438354,269.60000000000014,1526.3599999999994,7.603333333333334,32.339999999999996,0
68000050,桃園市,蘆竹區,2019,3.712860821917808,85.27024657534247,21.939342465753427,22.227013698630135,11.34,4.971095890410959,98.73764383561644,162.19000000000005,1490.55,10.94,31.316666666666666,0
68000050,桃園市,蘆竹區,2020,3.7910860655737704,83.63368852459016,22.00185792349727,22.34811475409836,12.23,4.901584699453552,98.8343989071038,208.25000000000003,1563.1299999999999,6.47,32.519999999999996,0
68000050,桃園市,蘆竹區,2021,4.064644657534247,83.66668493150685,22.03630136986301,22.300684931506847,13.910000000000002,4.7984109589041095,98.76065753424659,262.1800000000001,1625.9299999999996,8.08,32.849999999999994,0
68000050,桃園市,蘆竹區,2022,3.5752767123287668,85.06613698630137,21.808657534246574,22.120438356164385,13.5,5.049287671232876,98.76928767123287,288.5400000000001,1569.1999999999996,8.393333333333333,33.58333333333333,0
68000050,桃園市,蘆竹區,2023,3.906078356164384,82.00008219178083,22.295999999999996,22.639753424657535,14.3,4.794657534246576,98.78309589041096,247.00000000000017,1705.5399999999997,7.16,34.19,0
68000050,桃園市,蘆竹區,2024,3.7497833333333337,83.49806010928963,22.484071038251365,22.851775956284154,13.04,4.646284153005465,98.7587431693989,249.25000000000003,1780.6199999999997,8.27,32.53333333333333,0
68000050,桃園市,蘆竹區,2025,4.213502994011975,84.13117808219178,22.112794520547947,22.304356164383563,13.240000000000002,4.747315068493151,98.75687671232878,302.6600000000001,1694.33,8.103333333333333,32.48666666666667,0
68000060,桃園市,大園區,2013,3.6402991780821923,84.34767123287672,21.20687671232877,21.507616438356163,12.930000000000001,4.877068493150685,98.75956164383561,327.97000000000014,1388.9799999999996,7.706666666666667,31.73333333333333,0
68000060,桃園市,大園區,2014,3.770857808219178,83.20460273972603,21.357917808219177,21.70430136986301,13.760000000000002,4.534465753424658,98.77715068493151,400.63000000000005,1516.7699999999998,7.236666666666667,31.97,0
68000060,桃園市,大園區,2015,3.6822969863013704,83.90687671232877,21.729616438356164,22.02797260273973,12.919999999999998,4.829424657534247,98.79912328767124,282.6600000000001,1534.4699999999998,7.9799999999999995,31.92,0
68000060,桃園市,大園區,2016,3.6687904371584694,86.26136612021857,21.80743169398907,22.019672131147544,14.330000000000002,4.632950819672131,98.76065573770492,370.71000000000004,1654.4299999999996,5.3999999999999995,32.09,0
68000060,桃園市,大園區,2017,3.775852054794521,84.56484931506851,21.783698630136985,22.102219178082194,12.780000000000001,4.831232876712329,98.81468493150685,312.3600000000002,1583.9099999999996,8.62,32.21,0
68000060,桃園市,大園區,2018,3.990993150684931,84.44671232876713,21.743178082191783,22.111753424657536,13.31,4.726657534246576,98.72835616438354,269.60000000000014,1526.3599999999994,7.603333333333334,32.339999999999996,0
68000060,桃園市,大園區,2019,3.712860821917808,85.27024657534247,21.939342465753427,22.227013698630135,11.34,4.971095890410959,98.73764383561644,162.19000000000005,1490.55,10.94,31.316666666666666,0
68000060,桃園市,大園區,2020,3.7910860655737704,83.63368852459016,22.00185792349727,22.34811475409836,12.23,4.901584699453552,98.8343989071038,208.25000000000003,1563.1299999999999,6.47,32.519999999999996,0
68000060,桃園市,大園區,2021,4.064644657534247,83.66668493150685,22.03630136986301,22.300684931506847,13.910000000000002,4.7984109589041095,98.76065753424659,262.1800000000001,1625.9299999999996,8.08,32.849999999999994,0
68000060,桃園市,大園區,2022,3.5752767123287668,85.06613698630137,21.808657534246574,22.120438356164385,13.5,5.049287671232876,98.76928767123287,288.5400000000001,1569.1999999999996,8.393333333333333,33.58333333333333,0
68000060,桃園市,大園區,2023,3.906078356164384,82.00008219178083,22.295999999999996,22.639753424657535,14.3,4.794657534246576,98.78309589041096,247.00000000000017,1705.5399999999997,7.16,34.19,0
68000060,桃園市,大園區,2024,3.7497833333333337,83.49806010928963,22.484071038251365,22.851775956284154,13.04,4.646284153005465,98.7587431693989,249.25000000000003,1780.6199999999997,8.27,32.53333333333333,0
68000060,桃園市,大園區,2025,4.213502994011975,84.13117808219178,22.112794520547947,22.304356164383563,13.240000000000002,4.747315068493151,98.75687671232878,302.6600000000001,1694.33,8.103333333333333,32.48666666666667,0
68000070,桃園市,龜山區,2013,3.6402991780821923,84.34767123287672,21.20687671232877,21.507616438356163,12.930000000000001,4.877068493150685,98.75956164383561,327.97000000000014,1388.9799999999996,7.706666666666667,31.73333333333333,0
68000070,桃園市,龜山區,2014,3.770857808219178,83.20460273972603,21.357917808219177,21.70430136986301,13.760000000000002,4.534465753424658,98.77715068493151,400.63000000000005,1516.7699999999998,7.236666666666667,31.97,0
68000070,桃園市,龜山區,2015,3.6822969863013704,83.90687671232877,21.729616438356164,22.02797260273973,12.919999999999998,4.829424657534247,98.79912328767124,282.6600000000001,1534.4699999999998,7.9799999999999995,31.92,0
68000070,桃園市,龜山區,2016,3.6687904371584694,86.26136612021857,21.80743169398907,22.019672131147544,14.330000000000002,4.632950819672131,98.76065573770492,370.71000000000004,1654.4299999999996,5.3999999999999995,32.09,0
68000070,桃園市,龜山區,2017,3.775852054794521,84.56484931506851,21.783698630136985,22.102219178082194,12.780000000000001,4.831232876712329,98.81468493150685,312.3600000000002,1583.9099999999996,8.62,32.21,0
68000070,桃園市,龜山區,2018,3.990993150684931,84.44671232876713,21.743178082191783,22.111753424657536,13.31,4.726657534246576,98.72835616438354,269.60000000000014,1526.3599999999994,7.603333333333334,32.339999999999996,0
68000070,桃園市,龜山區,2019,3.712860821917808,85.27024657534247,21.939342465753427,22.227013698630135,11.34,4.971095890410959,98.73764383561644,162.19000000000005,1490.55,10.94,31.316666666666666,0
68000070,桃園市,龜山區,2020,3.7910860655737704,83.63368852459016,22.00185792349727,22.34811475409836,12.23,4.901584699453552,98.8343989071038,208.25000000000003,1563.1299999999999,6.47,32.519999999999996,0
68000070,桃園市,龜山區,2021,4.064644657534247,83.66668493150685,22.03630136986301,22.300684931506847,13.910000000000002,4.7984109589041095,98.76065753424659,262.1800000000001,1625.9299999999996,8.08,32.849999999999994,0
68000070,桃園市,龜山區,2022,3.5752767123287668,85.06613698630137,21.808657534246574,22.120438356164385,13.5,5.049287671232876,98.76928767123287,288.5400000000001,1569.1999999999996,8.393333333333333,33.58333333333333,0
68000070,桃園市,龜山區,2023,3.906078356164384,82.00008219178083,22.295999999999996,22.639753424657535,14.3,4.794657534246576,98.78309589041096,247.00000000000017,1705.5399999999997,7.16,34.19,0
68000070,桃園市,龜山區,2024,3.7497833333333337,83.49806010928963,22.484071038251365,22.851775956284154,13.04,4.646284153005465,98.7587431693989,249.25000000000003,1780.6199999999997,8.27,32.53333333333333,0
68000070,桃園市,龜山區,2025,4.213502994011975,84.13117808219178,22.112794520547947,22.304356164383563,13.240000000000002,4.747315068493151,98.75687671232878,302.6600000000001,1694.33,8.103333333333333,32.48666666666667,0
68000080,桃園市,八德區,2013,3.7659084931506848,84.34767123287672,21.20687671232877,21.507616438356163,12.930000000000001,4.877068493150685,98.75956164383561,327.97000000000014,1388.9799999999996,7.706666666666667,31.73333333333333,0
68000080,桃園市,八德區,2014,3.8430613698630145,83.20460273972603,21.357917808219177,21.70430136986301,13.760000000000002,4.534465753424658,98.77715068493151,400.63000000000005,1516.7699999999998,7.236666666666667,31.97,0
68000080,桃園市,八德區,2015,3.919658082191781,83.90687671232877,21.729616438356164,22.02797260273973,12.919999999999998,4.829424657534247,98.79912328767124,282.6600000000001,1534.4699999999998,7.9799999999999995,31.92,0
68000080,桃園市,八德區,2016,3.7904614754098365,86.26136612021857,21.80743169398907,22.019672131147544,14.330000000000002,4.632950819672131,98.76065573770492,370.71000000000004,1654.4299999999996,5.3999999999999995,32.09,0
68000080,桃園市,八德區,2017,3.8297947945205473,84.56484931506851,21.783698630136985,22.102219178082194,12.780000000000001,4.831232876712329,98.81468493150685,312.3600000000002,1583.9099999999996,8.62,32.21,0
68000080,桃園市,八德區,2018,3.9874175342465747,84.44671232876713,21.743178082191783,22.111753424657536,13.31,4.726657534246576,98.72835616438354,269.60000000000014,1526.3599999999994,7.603333333333334,32.339999999999996,0
68000080,桃園市,八德區,2019,3.826375342465753,85.27024657534247,21.939342465753427,22.227013698630135,11.34,4.971095890410959,98.73764383561644,162.19000000000005,1490.55,10.94,31.316666666666666,0
68000080,桃園市,八德區,2020,3.9260226775956277,83.63368852459016,22.00185792349727,22.34811475409836,12.23,4.901584699453552,98.8343989071038,208.25000000000003,1563.1299999999999,6.47,32.519999999999996,0
68000080,桃園市,八德區,2021,4.163436986301369,83.66668493150685,22.03630136986301,22.300684931506847,13.910000000000002,4.7984109589041095,98.76065753424659,262.1800000000001,1625.9299999999996,8.08,32.849999999999994,0
68000080,桃園市,八德區,2022,3.828847671232877,85.06613698630137,21.808657534246574,22.120438356164385,13.5,5.049287671232876,98.76928767123287,288.5400000000001,1569.1999999999996,8.393333333333333,33.58333333333333,0
68000080,桃園市,八德區,2023,3.9763550684931515,82.00008219178083,22.295999999999996,22.639753424657535,14.3,4.794657534246576,98.78309589041096,247.00000000000017,1705.5399999999997,7.16,34.19,0
68000080,桃園市,八德區,2024,3.833393169398907,83.49806010928963,22.484071038251365,22.851775956284154,13.04,4.646284153005465,98.7587431693989,249.25000000000003,1780.6199999999997,8.27,32.53333333333333,0
68000080,桃園市,八德區,2025,4.008978143712575,84.13117808219178,22.112794520547947,22.304356164383563,13.240000000000002,4.747315068493151,98.75687671232878,302.6600000000001,1694.33,8.103333333333333,32.48666666666667,0
68000090,桃園市,龍潭區,2013,3.7659084931506848,84.34767123287672,21.20687671232877,21.507616438356163,12.930000000000001,4.877068493150685,98.75956164383561,327.97000000000014,1388.9799999999996,7.706666666666667,31.73333333333333,0
68000090,桃園市,龍潭區,2014,3.8430613698630145,83.20460273972603,21.357917808219177,21.70430136986301,13.760000000000002,4.534465753424658,98.77715068493151,400.63000000000005,1516.7699999999998,7.236666666666667,31.97,0
68000090,桃園市,龍潭區,2015,3.919658082191781,83.90687671232877,21.729616438356164,22.02797260273973,12.919999999999998,4.829424657534247,98.79912328767124,282.6600000000001,1534.4699999999998,7.9799999999999995,31.92,0
68000090,桃園市,龍潭區,2016,3.7904614754098365,86.26136612021857,21.80743169398907,22.019672131147544,14.330000000000002,4.632950819672131,98.76065573770492,370.71000000000004,1654.4299999999996,5.3999999999999995,32.09,0
68000090,桃園市,龍潭區,2017,3.8297947945205473,84.56484931506851,21.783698630136985,22.102219178082194,12.780000000000001,4.831232876712329,98.81468493150685,312.3600000000002,1583.9099999999996,8.62,32.21,0
68000090,桃園市,龍潭區,2018,3.9874175342465747,84.44671232876713,21.743178082191783,22.111753424657536,13.31,4.726657534246576,98.72835616438354,269.60000000000014,1526.3599999999994,7.603333333333334,32.339999999999996,0
68000090,桃園市,龍潭區,2019,3.826375342465753,85.27024657534247,21.939342465753427,22.227013698630135,11.34,4.971095890410959,98.73764383561644,162.19000000000005,1490.55,10.94,31.316666666666666,0
68000090,桃園市,龍潭區,2020,3.9260226775956277,83.63368852459016,22.00185792349727,22.34811475409836,12.23,4.901584699453552,98.8343989071038,208.25000000000003,1563.1299999999999,6.47,32.519999999999996,0
68000090,桃園市,龍潭區,2021,4.163436986301369,83.66668493150685,22.03630136986301,22.300684931506847,13.910000000000002,4.7984109589041095,98.76065753424659,262.1800000000001,1625.9299999999996,8.08,32.849999999999994,0
68000090,桃園市,龍潭區,2022,3.828847671232877,85.06613698630137,21.808657534246574,22.120438356164385,13.5,5.049287671232876,98.76928767123287,288.5400000000001,1569.1999999999996,8.393333333333333,33.58333333333333,0
68000090,桃園市,龍潭區,2023,3.9763550684931515,82.00008219178083,22.295999999999996,22.639753424657535,14.3,4.794657534246576,98.78309589041096,247.00000000000017,1705.5399999999997,7.16,34.19,0
68000090,桃園市,龍潭區,2024,3.833393169398907,83.49806010928963,22.484071038251365,22.851775956284154,13.04,4.646284153005465,98.7587431693989,249.25000000000003,1780.6199999999997,8.27,32.53333333333333,0
68000090,桃園市,龍潭區,2025,4.008978143712575,84.13117808219178,22.112794520547947,22.304356164383563,13.240000000000002,4.747315068493151,98.75687671232878,302.6600000000001,1694.33,8.103333333333333,32.48666666666667,0
68000100,桃園市,平鎮區,2013,3.7659084931506848,84.34767123287672,21.20687671232877,21.507616438356163,12.930000000000001,4.877068493150685,98.75956164383561,327.97000000000014,1388.9799999999996,7.706666666666667,31.73333333333333,0
68000100,桃園市,平鎮區,2014,3.8430613698630145,83.20460273972603,21.357917808219177,21.70430136986301,13.760000000000002,4.534465753424658,98.77715068493151,400.63000000000005,1516.7699999999998,7.236666666666667,31.97,0
68000100,桃園市,平鎮區,2015,3.919658082191781,83.90687671232877,21.729616438356164,22.02797260273973,12.919999999999998,4.829424657534247,98.79912328767124,282.6600000000001,1534.4699999999998,7.9799999999999995,31.92,0
68000100,桃園市,平鎮區,2016,3.7904614754098365,86.26136612021857,21.80743169398907,22.019672131147544,14.330000000000002,4.632950819672131,98.76065573770492,370.71000000000004,1654.4299999999996,5.3999999999999995,32.09,0
68000100,桃園市,平鎮區,2017,3.8297947945205473,84.56484931506851,21.783698630136985,22.102219178082194,12.780000000000001,4.831232876712329,98.81468493150685,312.3600000000002,1583.9099999999996,8.62,32.21,0
68000100,桃園市,平鎮區,2018,3.9874175342465747,84.44671232876713,21.743178082191783,22.111753424657536,13.31,4.726657534246576,98.72835616438354,269.60000000000014,1526.3599999999994,7.603333333333334,32.339999999999996,0
68000100,桃園市,平鎮區,2019,3.826375342465753,85.27024657534247,21.939342465753427,22.227013698630135,11.34,4.971095890410959,98.73764383561644,162.19000000000005,1490.55,10.94,31.316666666666666,0
68000100,桃園市,平鎮區,2020,3.9260226775956277,83.63368852459016,22.00185792349727,22.34811475409836,12.23,4.901584699453552,98.8343989071038,208.25000000000003,1563.1299999999999,6.47,32.519999999999996,0
68000100,桃園市,平鎮區,2021,4.163436986301369,83.66668493150685,22.03630136986301,22.300684931506847,13.910000000000002,4.7984109589041095,98.76065753424659,262.1800000000001,1625.9299999999996,8.08,32.849999999999994,0
68000100,桃園市,平鎮區,2022,3.828847671232877,85.06613698630137,21.808657534246574,22.120438356164385,13.5,5.049287671232876,98.76928767123287,288.5400000000001,1569.1999999999996,8.393333333333333,33.58333333333333,0
68000100,桃園市,平鎮區,2023,3.9763550684931515,82.00008219178083,22.295999999999996,22.639753424657535,14.3,4.794657534246576,98.78309589041096,247.00000000000017,1705.5399999999997,7.16,34.19,0
68000100,桃園市,平鎮區,2024,3.833393169398907,83.49806010928963,22.484071038251365,22.851775956284154,13.04,4.646284153005465,98.7587431693989,249.25000000000003,1780.6199999999997,8.27,32.53333333333333,0
68000100,桃園市,平鎮區,2025,4.008978143712575,84.13117808219178,22.112794520547947,22.304356164383563,13.240000000000002,4.747315068493151,98.75687671232878,302.6600000000001,1694.33,8.103333333333333,32.48666666666667,0
68000110,桃園市,新屋區,2013,3.7659084931506848,84.34767123287672,21.20687671232877,21.507616438356163,12.930000000000001,4.877068493150685,98.75956164383561,327.97000000000014,1388.9799999999996,7.706666666666667,31.73333333333333,0
68000110,桃園市,新屋區,2014,3.8430613698630145,83.20460273972603,21.357917808219177,21.70430136986301,13.760000000000002,4.534465753424658,98.77715068493151,400.63000000000005,1516.7699999999998,7.236666666666667,31.97,0
68000110,桃園市,新屋區,2015,3.919658082191781,83.90687671232877,21.729616438356164,22.02797260273973,12.919999999999998,4.829424657534247,98.79912328767124,282.6600000000001,1534.4699999999998,7.9799999999999995,31.92,0
68000110,桃園市,新屋區,2016,3.7904614754098365,86.26136612021857,21.80743169398907,22.019672131147544,14.330000000000002,4.632950819672131,98.76065573770492,370.71000000000004,1654.4299999999996,5.3999999999999995,32.09,0
68000110,桃園市,新屋區,2017,3.8297947945205473,84.56484931506851,21.783698630136985,22.102219178082194,12.780000000000001,4.831232876712329,98.81468493150685,312.3600000000002,1583.9099999999996,8.62,32.21,0
68000110,桃園市,新屋區,2018,3.9874175342465747,84.44671232876713,21.743178082191783,22.111753424657536,13.31,4.726657534246576,98.72835616438354,269.60000000000014,1526.3599999999994,7.603333333333334,32.339999999999996,0
68000110,桃園市,新屋區,2019,3.826375342465753,85.27024657534247,21.939342465753427,22.227013698630135,11.34,4.971095890410959,98.73764383561644,162.19000000000005,1490.55,10.94,31.316666666666666,0
68000110,桃園市,新屋區,2020,3.9260226775956277,83.63368852459016,22.00185792349727,22.34811475409836,12.23,4.901584699453552,98.8343989071038,208.25000000000003,1563.1299999999999,6.47,32.519999999999996,0
68000110,桃園市,新屋區,2021,4.163436986301369,83.66668493150685,22.03630136986301,22.300684931506847,13.910000000000002,4.7984109589041095,98.76065753424659,262.1800000000001,1625.9299999999996,8.08,32.849999999999994,0
68000110,桃園市,新屋區,2022,3.828847671232877,85.06613698630137,21.808657534246574,22.120438356164385,13.5,5.049287671232876,98.76928767123287,288.5400000000001,1569.1999999999996,8.393333333333333,33.58333333333333,0
68000110,桃園市,新屋區,2023,3.9763550684931515,82.00008219178083,22.295999999999996,22.639753424657535,14.3,4.794657534246576,98.78309589041096,247.00000000000017,1705.5399999999997,7.16,34.19,0
68000110,桃園市,新屋區,2024,3.833393169398907,83.49806010928963,22.484071038251365,22.851775956284154,13.04,4.646284153005465,98.7587431693989,249.25000000000003,1780.6199999999997,8.27,32.53333333333333,0
68000110,桃園市,新屋區,2025,4.008978143712575,84.13117808219178,22.112794520547947,22.304356164383563,13.240000000000002,4.747315068493151,98.75687671232878,302.6600000000001,1694.33,8.103333333333333,32.48666666666667,0
68000120,桃園市,觀音區,2013,3.6402991780821923,84.34767123287672,21.20687671232877,21.507616438356163,12.930000000000001,4.877068493150685,98.75956164383561,327.97000000000014,1388.9799999999996,7.706666666666667,31.73333333333333,0
68000120,桃園市,觀音區,2014,3.770857808219178,83.20460273972603,21.357917808219177,21.70430136986301,13.760000000000002,4.534465753424658,98.77715068493151,400.63000000000005,1516.7699999999998,7.236666666666667,31.97,0
68000120,桃園市,觀音區,2015,3.6822969863013704,83.90687671232877,21.729616438356164,22.02797260273973,12.919999999999998,4.829424657534247,98.79912328767124,282.6600000000001,1534.4699999999998,7.9799999999999995,31.92,0
68000120,桃園市,觀音區,2016,3.6687904371584694,86.26136612021857,21.80743169398907,22.019672131147544,14.330000000000002,4.632950819672131,98.76065573770492,370.71000000000004,1654.4299999999996,5.3999999999999995,32.09,0
68000120,桃園市,觀音區,2017,3.775852054794521,84.56484931506851,21.783698630136985,22.102219178082194,12.780000000000001,4.831232876712329,98.81468493150685,312.3600000000002,1583.9099999999996,8.62,32.21,0
68000120,桃園市,觀音區,2018,3.990993150684931,84.44671232876713,21.743178082191783,22.111753424657536,13.31,4.726657534246576,98.72835616438354,269.60000000000014,1526.3599999999994,7.603333333333334,32.339999999999996,0
68000120,桃園市,觀音區,2019,3.712860821917808,85.27024657534247,21.939342465753427,22.227013698630135,11.34,4.971095890410959,98.73764383561644,162.19000000000005,1490.55,10.94,31.316666666666666,0
68000120,桃園市,觀音區,2020,3.7910860655737704,83.63368852459016,22.00185792349727,22.34811475409836,12.23,4.901584699453552,98.8343989071038,208.25000000000003,1563.1299999999999,6.47,32.519999999999996,0
68000120,桃園市,觀音區,2021,4.064644657534247,83.66668493150685,22.03630136986301,22.300684931506847,13.910000000000002,4.7984109589041095,98.76065753424659,262.1800000000001,1625.9299999999996,8.08,32.849999999999994,0
68000120,桃園市,觀音區,2022,3.5752767123287668,85.06613698630137,21.808657534246574,22.120438356164385,13.5,5.049287671232876,98.76928767123287,288.5400000000001,1569.1999999999996,8.393333333333333,33.58333333333333,0
68000120,桃園市,觀音區,2023,3.906078356164384,82.00008219178083,22.295999999999996,22.639753424657535,14.3,4.794657534246576,98.78309589041096,247.00000000000017,1705.5399999999997,7.16,34.19,0
68000120,桃園市,觀音區,2024,3.7497833333333337,83.49806010928963,22.484071038251365,22.851775956284154,13.04,4.646284153005465,98.7587431693989,249.25000000000003,1780.6199999999997,8.27,32.53333333333333,0
68000120,桃園市,觀音區,2025,4.213502994011975,84.13117808219178,22.112794520547947,22.304356164383563,13.240000000000002,4.747315068493151,98.75687671232878,302.6600000000001,1694.33,8.103333333333333,32.48666666666667,0
68000130,桃園市,復興區,2013,3.7659084931506848,86.35071232876713,16.470767123287672,16.761150684931508,12.4,2.7011780821917806,88.06879452054794,1072.63,404.9599999999999,0.5866666666666667,28.363333333333333,123
68000130,桃園市,復興區,2014,3.8430613698630145,85.34698630136988,16.590328767123285,16.963835616438356,13.99,2.5443561643835615,88.08934246575343,1117.2100000000005,493.17999999999984,-0.32999999999999996,28.286666666666665,90
68000130,桃園市,復興區,2015,3.919658082191781,85.27531506849314,17.12131506849315,17.389890410958905,13.02,2.6618082191780825,88.12317808219179,872.5500000000002,442.3299999999998,1.11,28.149999999999995,90
68000130,桃園市,復興區,2016,3.7904614754098365,88.16560109289617,17.10549180327869,17.258879781420767,13.479999999999999,2.5906284153005465,88.09349726775956,985.0200000000001,547.8299999999999,-2.3233333333333333,27.713333333333335,91
68000130,桃園市,復興區,2017,3.8297947945205473,87.12564383561643,16.999561643835616,17.288602739726024,11.69,2.6567123287671235,88.13487671232876,963.19,488.52999999999975,2.106666666666667,28.02333333333333,28
68000130,桃園市,復興區,2018,3.9874175342465747,86.05509589041095,17.127041095890412,17.492520547945208,12.629999999999999,2.5004657534246575,88.05887671232877,937.2000000000003,509.0699999999998,0.2933333333333333,29.27,59
68000130,桃園市,復興區,2019,3.826375342465753,86.74367123287674,17.36504109589041,17.610794520547948,10.06,2.756109589041096,88.08306849315068,738.0300000000002,396.76999999999987,4.64,27.733333333333334,0
68000130,桃園市,復興區,2020,3.9260226775956277,85.24887978142077,17.264535519125683,17.609562841530053,11.040000000000001,2.665464480874317,88.1620218579235,874.7900000000002,495.8099999999999,-1.3933333333333333,28.55333333333333,121
68000130,桃園市,復興區,2021,4.163436986301369,84.38808219178084,17.352438356164384,17.71120547945205,13.819999999999999,2.5944109589041098,88.1017808219178,915.39,569.5299999999999,0.9466666666666667,29.536666666666665,59
68000130,桃園市,復興區,2022,3.828847671232877,86.57210958904109,17.11838356164383,17.431890410958903,12.89,2.7712054794520546,88.09279452054795,868.5700000000004,437.2800000000001,1.24,29.21666666666667,31
68000130,桃園市,復興區,2023,3.9763550684931515,83.14972602739726,17.718301369863013,18.17427397260274,13.14,2.677369863013699,88.12654794520547,817.5500000000001,605.2299999999999,0.04666666666666656,29.900000000000002,62
68000130,桃園市,復興區,2024,3.833393169398907,84.0292349726776,18.039207650273227,18.45505464480874,13.109999999999998,2.5988797814207647,88.1107650273224,781.96,686.5099999999999,1.8966666666666665,29.53,31
68000130,桃園市,復興區,2025,4.008978143712575,86.51753424657534,17.185479452054793,17.3647397260274,12.85,2.6324931506849314,88.10819178082191,969.1800000000001,562.3799999999999,1.3033333333333335,27.820000000000004,59
